rank,title,archetype,demand_index_pct,n_sites,sites,first_release_year,cg_plays,poki_votes,poki_pop_rank,cg_hot_rank,y8_plays,r4399_total_rank,r4399_month_rank,r7k_hot_rank,cm_votes,kong_plays,share_cg_plays,share_cg_hot,share_poki_votes,share_poki_pop,share_y8_plays,share_r4399_total,share_r4399_month,share_r7k_hot,share_cm_votes,share_kong_plays,alt_titles,url,key
1,Subway Surfers,endless_runner,3.1368,1,poki,2019,,21439453,3,,,,,,,,0.0,0.0,20.2613,6.4015,0.0,0.0,0.0,0.0,0.0,0.0,,https://poki.com/en/g/subway-surfers,subwaysurfers
2,All Out,other,2.9463,1,crazygames,2026,899206,,,1,,,,,,,0.0119,25.0314,0.0,0.0,0.0,0.0,0.0,0.0,0.0,0.0,,https://www.crazygames.com/game/all-out-nju,allout
3,Minefun Io,sandbox_voxel,2.397,2,miniplay;poki,2024,,1237589,1,,,,,,,,0.0,0.0,1.1696,19.2046,0.0,0.0,0.0,0.0,0.0,0.0,MineFun.io,https://poki.com/en/g/minefun-io,minefun
4,造梦西游online,mmo_pet_social,2.2228,1,4399,2021,,,,,,10,1,,,,0.0,0.0,0.0,0.0,0.0,1.7357,17.1582,0.0,0.0,0.0,,https://www.4399.com/flash/zmhj.htm,造梦西游
5,原神,mmo_pet_social,2.0622,1,4399,2020,,,,,,1,100,,,,0.0,0.0,0.0,0.0,0.0,17.3567,0.1716,0.0,0.0,0.0,,https://news.4399.com/yssy/,原神
6,Claw Master,other,1.4729,1,crazygames,2026,330911,,,2,,,,,,,0.0044,12.5157,0.0,0.0,0.0,0.0,0.0,0.0,0.0,0.0,,https://www.crazygames.com/game/claw-master,clawmaster
7,Master Chess,classic_board_card,1.4421,4,crazygames;playgama;poki;y8,2018,8323191,1957750,2,,18283860,,,,,,0.1103,0.0,1.8502,9.6023,0.695,0.0,0.0,0.0,0.0,0.0,,https://www.crazygames.com/game/master-chess,masterchess
8,生死狙击,mmo_pet_social,1.3634,2,4399;7k7k,2022,,,,,,2,6,183,,,0.0,0.0,0.0,0.0,0.0,8.6784,2.8597,0.1024,0.0,0.0,7k7k生死狙击(移动) / 生死狙击2,https://ssjj.4399.com/,生死狙击
9,Murder,other,1.1451,2,poki;y8,2019,,9099151,38,,16540037,,,,,,0.0,0.0,8.5991,0.5054,0.6287,0.0,0.0,0.0,0.0,0.0,MURDER,https://poki.com/en/g/murder,murder
10,Stickman Hook,stickman_swing,1.1303,1,poki,2018,,7908154,9,,,,,,,,0.0,0.0,7.4736,2.1338,0.0,0.0,0.0,0.0,0.0,0.0,,https://poki.com/en/g/stickman-hook,stickmanhook
11,7k7k触动(touch),mmo_pet_social,1.1023,1,7k7k,,,,,,,,,1,,,0.0,0.0,0.0,0.0,0.0,0.0,0.0,18.7398,0.0,0.0,,http://g.7k7k.com/games/touch/,触动
12,Run,precision_platformer,1.0726,1,coolmathgames,,,,,,,,,,10180520,,0.0,0.0,0.0,0.0,0.0,0.0,0.0,0.0,18.2338,0.0,Run 2 / Run 3,https://www.coolmathgames.com/0-run-3,run
13,皮卡堂过家家,mmo_pet_social,1.0645,1,4399,2025,,,,,,37,2,,,,0.0,0.0,0.0,0.0,0.0,0.4691,8.5791,0.0,0.0,0.0,,https://my.4399.com/yxpkt/,皮卡堂过家家
14,Bubble Shooter,classic_board_card,0.9929,4,agame;crazygames;kizi;playgama,2018,7255687,,,3,,,,,,,0.0961,8.3438,0.0,0.0,0.0,0.0,0.0,0.0,0.0,0.0,Bubble Shooter Classic / Bubble Shooter: Candy Wheel / Bubble Shooter: Tap & Pop,https://www.crazygames.com/game/bubble-shooter-classic,bubbleshooter
15,4399三国杀,mmo_pet_social,0.8822,2,4399;7k7k,2023,,,,,,13,4,5,,,0.0,0.0,0.0,0.0,0.0,1.3351,4.2895,3.748,0.0,0.0,7k7k三国杀,https://my.4399.com/yxsgs/,三国杀
16,美食大战老鼠,mmo_pet_social,0.8653,2,4399;7k7k,2025,,,,,,16,3,17,,,0.0,0.0,0.0,0.0,0.0,1.0848,5.7194,1.1023,0.0,0.0,,https://my.4399.com/yxmsdzls/,美食大战老鼠
17,Bit Heroes,mmo_pet_social,0.8595,1,kongregate,,,,,,,,,,,23600000,0.0,0.0,0.0,0.0,0.0,0.0,0.0,0.0,0.0,14.6116,,https://www.kongregate.com/en/games/Juppiomenz/bit-heroes,bitheroes
18,卡布西游,mmo_pet_social,0.8248,1,4399,2010,,,,,,3,14,,,,0.0,0.0,0.0,0.0,0.0,5.7856,1.2256,0.0,0.0,0.0,,https://www.4399.com/flash/48399.htm,卡布西游
19,Basketball Stars,head_sports,0.8148,4,crazygames;playgama;poki;twoplayergames,2019,50271136,2559078,5,,,,,,,,0.666,0.0,2.4185,3.8409,0.0,0.0,0.0,0.0,0.0,0.0,Basketball Stars 2026,https://www.crazygames.com/game/basketball-stars-2019,basketballstars
20,Bloxd.io,sandbox_voxel,0.7445,2,crazygames;miniplay,2021,477625212,,,,,,,,,,6.3279,0.0,0.0,0.0,0.0,0.0,0.0,0.0,0.0,0.0,,https://www.crazygames.com/game/bloxdhop-io,bloxd
21,Cornerlet,other,0.7365,1,crazygames,2026,174814,,,4,,,,,,,0.0023,6.2578,0.0,0.0,0.0,0.0,0.0,0.0,0.0,0.0,,https://www.crazygames.com/game/cornerlet,cornerlet
22,Retro Bowl,other,0.6991,2,kongregate;poki,2020,,1225415,8,,,,,,,7700000,0.0,0.0,1.1581,2.4006,0.0,0.0,0.0,0.0,0.0,4.7674,,https://poki.com/en/g/retro-bowl,retrobowl
23,洛克王国,mmo_pet_social,0.6968,1,4399,2010,,,,,,5,7,,,,0.0,0.0,0.0,0.0,0.0,3.4713,2.4512,0.0,0.0,0.0,,https://www.4399.com/flash/32979.htm,洛克王国
24,Slope,endless_runner,0.6943,1,y8,,,,,,155268330,,,,,,0.0,0.0,0.0,0.0,5.9019,0.0,0.0,0.0,0.0,0.0,Slope Multiplayer,https://www.y8.com/games/slope,slope
25,Moto X3M,bike_trials,0.6563,5,agame;crazygames;kizi;playgama;y8,2018,84738980,,,,117222639,,,,,,1.1227,0.0,0.0,0.0,4.4557,0.0,0.0,0.0,0.0,0.0,Moto X3M 1 / Moto X3M 2 / Moto X3M 5: Pool Party / Moto X3M 6: Spooky Land / Moto X3M: Bike Racing / Moto X3m 2 / Moto X3m 3,https://www.crazygames.com/game/moto-x3m,motox3m
26,Level Devil,troll_platformer,0.6521,2,miniplay;poki,2023,,4171962,12,,,,,,,,0.0,0.0,3.9427,1.6004,0.0,0.0,0.0,0.0,0.0,0.0,Level Devil 2,https://poki.com/en/g/level-devil,leveldevil
27,Monkey Mart,time_mgmt_cooking,0.6498,1,poki,2022,,3812232,10,,,,,,,,0.0,0.0,3.6027,1.9205,0.0,0.0,0.0,0.0,0.0,0.0,,https://poki.com/en/g/monkey-mart,monkeymart
28,Tag,tag_arena,0.6258,2,coolmathgames;poki,2023,,366704,4,,,,,,191996,,0.0,0.0,0.3466,4.8012,0.0,0.0,0.0,0.0,0.3439,0.0,Tag Game,https://poki.com/en/g/tag,tag
29,植物大战僵尸,tower_defense,0.6161,2,4399;7k7k,2009,,,,,,7,10,9,,,0.0,0.0,0.0,0.0,0.0,2.4795,1.7158,2.0822,0.0,0.0,植物大战僵尸2 / 植物大战僵尸变态版 / 植物大战僵尸无敌版,https://www.4399.com/flash/18012.htm,植物大战僵尸
30,Slice Master,fruit_slice,0.602,3,coolmathgames;crazygames;poki,2024,75701700,808557,45,,,,,,3264330,,1.0029,0.0,0.7641,0.4268,0.0,0.0,0.0,0.0,5.8466,0.0,,https://www.crazygames.com/game/slice-master,slicemaster
31,4399奥拉星,mmo_pet_social,0.5946,1,4399,2010,,,,,,4,24,,,,0.0,0.0,0.0,0.0,0.0,4.3392,0.7149,0.0,0.0,0.0,,https://www.4399.com/flash/35538.htm,奥拉星
32,Ant Miners,other,0.589,1,crazygames,2026,8722,,,5,,,,,,,0.0001,5.0063,0.0,0.0,0.0,0.0,0.0,0.0,0.0,0.0,,https://www.crazygames.com/game/ant-miners,antminers
33,死神VS火影3.3,stickman_brawler,0.5516,2,4399;7k7k,2019,,,,,,15,5,94,,,0.0,0.0,0.0,0.0,0.0,1.1571,3.4316,0.1994,0.0,0.0,死神VS火影2.6 / 死神VS火影3.01 / 死神VS火影3.2,https://www.4399.com/flash/205551.htm,死神vs火影
34,7k7k皮卡堂沙发,mmo_pet_social,0.5512,1,7k7k,,,,,,,,,2,,,0.0,0.0,0.0,0.0,0.0,0.0,0.0,9.3699,0.0,0.0,,http://news.7k7k.com/pkt/,皮卡堂沙发
35,果蔬连连看,classic_board_card,0.5493,2,4399;7k7k,2009,,,,,,27,19,3,,,0.0,0.0,0.0,0.0,0.0,0.6428,0.9031,6.2466,0.0,0.0,果蔬连连看H5,https://www.4399.com/flash/12669.htm,果蔬连连看
36,Drive Mad,bike_trials,0.5462,1,poki,2022,,3896688,20,,,,,,,,0.0,0.0,3.6826,0.9602,0.0,0.0,0.0,0.0,0.0,0.0,,https://poki.com/en/g/drive-mad,drivemad
37,Bartender: The Right Mix,time_mgmt_cooking,0.5436,1,y8,,,,,,121556880,,,,,,0.0,0.0,0.0,0.0,4.6205,0.0,0.0,0.0,0.0,0.0,,https://www.y8.com/games/bartender_the_right_mix,bartender
38,宠物连连看2.5版,classic_board_card,0.5294,2,4399;7k7k,2004,,,,,,9,17,6,,,0.0,0.0,0.0,0.0,0.0,1.9285,1.0093,3.1233,0.0,0.0,宠物连连看 / 宠物连连看2.5 / 宠物连连看2.6 / 宠物连连看3.0版 / 宠物连连看3.1 / 宠物连连看3.1H5 / 宠物连连看3.1无敌版 / 宠物连连看3.1无敌版H5 / 宠物连连看经典版2,https://www.4399.com/flash/1382.htm,宠物连连看
39,Papa's Freezeria,time_mgmt_cooking,0.5154,4,coolmathgames;crazygames;miniplay;y8,,5255353,,,,57251466,,,,2384059,,0.0696,0.0,0.0,0.0,2.1762,0.0,0.0,0.0,4.27,0.0,,https://www.crazygames.com/game/papas-freezeria,papasfreezeria
40,Ricochet Room,other,0.4908,1,crazygames,2026,13905,,,6,,,,,,,0.0002,4.1719,0.0,0.0,0.0,0.0,0.0,0.0,0.0,0.0,,https://www.crazygames.com/game/ricochet-room-cjg,ricochetroom
41,Dolphin Olympics 2,launch_distance,0.4771,1,kongregate,,,,,,,,,,,13100000,0.0,0.0,0.0,0.0,0.0,0.0,0.0,0.0,0.0,8.1107,,https://www.kongregate.com/en/games/arawkins/dolphin-olympics-2,dolphinolympics
42,Penalty Shooters 2,penalty_freekick,0.4538,3,agame;crazygames;poki,2018,16388991,3623183,89,,,,,,,,0.2171,0.0,3.4241,0.2158,0.0,0.0,0.0,0.0,0.0,0.0,Penalty Shooters 2: Football Game / Penalty Shooters 3,https://www.crazygames.com/game/penalty-shooters-2,penaltyshooters
43,Cryzen Io,io_arena_shooter,0.4478,1,poki,2024,,640769,6,,,,,,,,0.0,0.0,0.6056,3.2008,0.0,0.0,0.0,0.0,0.0,0.0,,https://poki.com/en/g/cryzen-io,cryzen
44,Trimps,idle_clicker,0.4225,1,kongregate,,,,,,,,,,,11600000,0.0,0.0,0.0,0.0,0.0,0.0,0.0,0.0,0.0,7.182,,https://www.kongregate.com/en/games/GreenSatellite/trimps,trimps
45,Find Me: Lost Objects,classic_board_card,0.422,1,crazygames,2024,841297,,,7,,,,,,,0.0111,3.5759,0.0,0.0,0.0,0.0,0.0,0.0,0.0,0.0,,https://www.crazygames.com/game/find-me-lost-objects,findme
46,赛尔号,mmo_pet_social,0.4076,1,4399,2009,,,,,,6,30,,,,0.0,0.0,0.0,0.0,0.0,2.8928,0.5719,0.0,0.0,0.0,,https://www.4399.com/flash/seer.htm,赛尔号
47,爆枪突击,run_gun_coop,0.3982,1,4399,2014,,,,,,14,8,,,,0.0,0.0,0.0,0.0,0.0,1.2398,2.1448,0.0,0.0,0.0,,https://www.4399.com/flash/130396.htm,爆枪突击
48,Temple Run 2,endless_runner,0.3981,1,poki,2020,,2880178,29,,,,,,,,0.0,0.0,2.7219,0.6622,0.0,0.0,0.0,0.0,0.0,0.0,,https://poki.com/en/g/temple-run-2,templerun
49,Tiny Fishing,fishing_timing,0.3931,2,coolmathgames;crazygames,2020,7023315,,,,,,,,3627492,,0.093,0.0,0.0,0.0,0.0,0.0,0.0,0.0,6.497,0.0,,https://www.crazygames.com/game/tiny-fishing,tinyfishing
50,奥比岛,mmo_pet_social,0.3814,1,4399,2009,,,,,,8,16,,,,0.0,0.0,0.0,0.0,0.0,2.1696,1.0724,0.0,0.0,0.0,,https://www.4399.com/flash/10379.htm,奥比岛
51,Box Head - 2Play,run_gun_coop,0.3794,1,y8,,,,,,84840762,,,,,,0.0,0.0,0.0,0.0,3.2249,0.0,0.0,0.0,0.0,0.0,,https://www.y8.com/games/box_head_2play,boxhead
52,Fill The Fridge,other,0.3755,1,crazygames,2024,4772419,,,8,,,,,,,0.0632,3.1289,0.0,0.0,0.0,0.0,0.0,0.0,0.0,0.0,,https://www.crazygames.com/game/fill-the-fridge,fillthefridge
53,Fireboy and Watergirl Forest Temple,coop_duo_puzzle,0.3754,1,y8,,,,,,83953142,,,,,,0.0,0.0,0.0,0.0,3.1911,0.0,0.0,0.0,0.0,0.0,,https://www.y8.com/games/fireboy_and_watergirl_forest_temple,fireboyandwatergirlforesttemple
54,Space Waves,rhythm_auto_runner,0.3726,1,crazygames,2024,239039594,,,,,,,,,,3.1669,0.0,0.0,0.0,0.0,0.0,0.0,0.0,0.0,0.0,,https://www.crazygames.com/game/space-waves,spacewaves
55,Brain Test Tricky Puzzles,classic_board_card,0.3667,1,poki,2020,,2663086,32,,,,,,,,0.0,0.0,2.5167,0.6001,0.0,0.0,0.0,0.0,0.0,0.0,,https://poki.com/en/g/brain-test-tricky-puzzles,braintesttrickypuzzles
56,Drift Boss,car_stunt_drift,0.3558,2,coolmathgames;poki,2024,,39665,7,,,,,,271716,,0.0,0.0,0.0375,2.7435,0.0,0.0,0.0,0.0,0.4867,0.0,,https://poki.com/en/g/drift-boss,driftboss
57,Rush Team Free FPS Multiplayers,io_arena_shooter,0.3496,1,kongregate,,,,,,,,,,,9600000,0.0,0.0,0.0,0.0,0.0,0.0,0.0,0.0,0.0,5.9437,,https://www.kongregate.com/en/games/rokawar/rush-team-free-fps-multiplayers,rushteamfpsmultiplayers
58,Playing with Fire 2,bomberman,0.3485,1,y8,,,,,,77923180,,,,,,0.0,0.0,0.0,0.0,2.9619,0.0,0.0,0.0,0.0,0.0,,https://www.y8.com/games/playing_with_fire_2,playingwithfire
59,Whack Your Ex,ragdoll_gore_course,0.3306,1,y8,,,,,,73939891,,,,,,0.0,0.0,0.0,0.0,2.8105,0.0,0.0,0.0,0.0,0.0,,https://www.y8.com/games/whack_your_ex,whackyourex
60,Catapult King,physics_destruction,0.3274,1,crazygames,2026,100618,,,9,,,,,,,0.0013,2.7813,0.0,0.0,0.0,0.0,0.0,0.0,0.0,0.0,,https://www.crazygames.com/game/catapult-king-2-0-71,catapultking
61,Vortellas Dress Up,dress_up_makeover,0.313,1,poki,2024,,1251931,13,,,,,,,,0.0,0.0,1.1831,1.4773,0.0,0.0,0.0,0.0,0.0,0.0,,https://poki.com/en/g/vortellas-dress-up,vortellasdressup
62,Superfighters,stickman_brawler,0.3074,3,miniplay;twoplayergames;y8,,,,,,68749160,,,,,,0.0,0.0,0.0,0.0,2.6132,0.0,0.0,0.0,0.0,0.0,Super Fighters,https://www.y8.com/games/superfighters,superfighters
63,4399火线精英,mmo_pet_social,0.2978,1,4399,2025,,,,,,11,18,,,,0.0,0.0,0.0,0.0,0.0,1.5779,0.9532,0.0,0.0,0.0,,https://news.4399.com/hxjy/,火线精英
64,Evolve,other,0.2952,1,crazygames,2020,488251,,,10,,,,,,,0.0065,2.5031,0.0,0.0,0.0,0.0,0.0,0.0,0.0,0.0,,https://www.crazygames.com/game/evolve,evolve
65,Reactor idle,idle_clicker,0.2914,1,kongregate,,,,,,,,,,,8000000,0.0,0.0,0.0,0.0,0.0,0.0,0.0,0.0,0.0,4.9531,,https://www.kongregate.com/en/games/Baldurans/reactor-idle,reactoridle
66,Cursed Treasure,tower_defense,0.2911,2,crazygames;kongregate,2019,6185133,,,,,,,,,7728700,0.0819,0.0,0.0,0.0,0.0,0.0,0.0,0.0,0.0,4.7851,Cursed Treasure 1.5 / Cursed Treasure 2 / Cursed Treasure 2 Remastered / Cursed Treasure: Level Pack!,https://www.crazygames.com/game/cursed-treasure-2,cursedtreasure
67,Blocky Blast Puzzle,merge_drop,0.2895,1,poki,2024,,756748,11,,,,,,,,0.0,0.0,0.7152,1.7459,0.0,0.0,0.0,0.0,0.0,0.0,,https://poki.com/en/g/blocky-blast-puzzle,blockyblastpuzzle
68,4399三国快打,mmo_pet_social,0.2883,1,4399,2025,,,,,,17,12,,,,0.0,0.0,0.0,0.0,0.0,1.021,1.4298,0.0,0.0,0.0,,https://my.4399.com/yxsgkd/,三国快打
69,全民坦克大战,mmo_pet_social,0.2756,1,7k7k,,,,,,,,,4,,,0.0,0.0,0.0,0.0,0.0,0.0,0.0,4.6849,0.0,0.0,,http://tklm.7k7k.com/,全民坦克大战
70,Chess,classic_board_card,0.2691,2,coolmathgames;crazygames,2024,23801397,,,,,,,,2201943,,0.3153,0.0,0.0,0.0,0.0,0.0,0.0,0.0,3.9438,0.0,Chess Free / Chess Online Multiplayer,https://www.crazygames.com/game/chess-free,chess
71,Final Drop,other,0.2688,1,crazygames,2026,693796,,,11,,,,,,,0.0092,2.2756,0.0,0.0,0.0,0.0,0.0,0.0,0.0,0.0,,https://www.crazygames.com/game/final-drop,finaldrop
72,Plazma Burst - Forward to the Past,run_gun_coop,0.2684,1,y8,,,,,,60010123,,,,,,0.0,0.0,0.0,0.0,2.281,0.0,0.0,0.0,0.0,0.0,,https://www.y8.com/games/plazma_burst,plazmaburst
73,Ragdoll Archers,physics_random_duel,0.2629,1,crazygames,2023,168664648,,,,,,,,,,2.2346,0.0,0.0,0.0,0.0,0.0,0.0,0.0,0.0,0.0,,https://www.crazygames.com/game/ragdoll-archers,ragdollarchers
74,造梦无双,mmo_pet_social,0.2628,1,4399,2023,,,,,,53,9,,,,0.0,0.0,0.0,0.0,0.0,0.3275,1.9065,0.0,0.0,0.0,,https://www.4399.com/flash/210650.htm,造梦无双
75,Flyordie Io,io_eat_grow,0.2589,1,poki,2019,,1938207,52,,,,,,,,0.0,0.0,1.8317,0.3693,0.0,0.0,0.0,0.0,0.0,0.0,,https://poki.com/en/g/flyordie-io,flyordie
76,My Perfect Hotel,time_mgmt_cooking,0.2474,1,poki,2024,,1818425,50,,,,,,,,0.0,0.0,1.7185,0.3841,0.0,0.0,0.0,0.0,0.0,0.0,,https://poki.com/en/g/my-perfect-hotel,myperfecthotel
77,Pool Bubbles,classic_board_card,0.2465,1,crazygames,2022,714879,,,12,,,,,,,0.0095,2.0859,0.0,0.0,0.0,0.0,0.0,0.0,0.0,0.0,,https://www.crazygames.com/game/pool-bubbles,poolbubbles
78,Red Ball 4,precision_platformer,0.245,2,coolmathgames;poki,2023,,1242034,25,,,,,,156712,,0.0,0.0,1.1738,0.7682,0.0,0.0,0.0,0.0,0.2807,0.0,,https://poki.com/en/g/red-ball-4,redball
79,Vectaria Io,sandbox_voxel,0.2446,1,poki,2023,,1544083,31,,,,,,,,0.0,0.0,1.4592,0.6195,0.0,0.0,0.0,0.0,0.0,0.0,,https://poki.com/en/g/vectaria-io,vectaria
80,Stunt Bike Extreme,bike_trials,0.2396,1,poki,2024,,1785986,55,,,,,,,,0.0,0.0,1.6878,0.3492,0.0,0.0,0.0,0.0,0.0,0.0,,https://poki.com/en/g/stunt-bike-extreme,stuntbikeextreme
81,Gunblood,other,0.2337,2,crazygames;y8,2020,4170971,,,,50796371,,,,,,0.0553,0.0,0.0,0.0,1.9308,0.0,0.0,0.0,0.0,0.0,,https://www.crazygames.com/game/gunblood,gunblood
82,Turbo Moto Racer,bike_trials,0.2334,1,y8,,,,,,52194151,,,,,,0.0,0.0,0.0,0.0,1.9839,0.0,0.0,0.0,0.0,0.0,,https://www.y8.com/games/turbo_moto_racer,turbomotoracer
83,Duck Life,train_and_race,0.2305,4,coolmathgames;crazygames;kizi;kongregate,2020,1619942,,,,,,,,1334315,2400000,0.0215,0.0,0.0,0.0,0.0,0.0,0.0,0.0,2.3898,1.4859,Duck Life 2: World Champion / Duck Life 3: Evolution / Duck Life 4 / Duck Life: Adventure (Demo) / Duck Life: Battle (Demo) / Duck Life: Space / DuckLife3: Evol,https://www.crazygames.com/game/duck-life-adventure-demo,ducklife
84,Lumen,other,0.2267,1,crazygames,2026,91617,,,13,,,,,,,0.0012,1.9255,0.0,0.0,0.0,0.0,0.0,0.0,0.0,0.0,,https://www.crazygames.com/game/lumen-vne,lumen
85,全民斗地主,classic_board_card,0.225,2,4399;7k7k,2013,,,,,,52,20,13,,,0.0,0.0,0.0,0.0,0.0,0.3338,0.8579,1.4415,0.0,0.0,,https://www.4399.com/flash/117945.htm,全民斗地主
86,The Perfect Tower,tower_defense,0.2185,1,kongregate,,,,,,,,,,,6000000,0.0,0.0,0.0,0.0,0.0,0.0,0.0,0.0,0.0,3.7148,,https://www.kongregate.com/en/games/XmmmX99/the-perfect-tower,theperfecttower
87,Fireboy and Watergirl 5 Elements,coop_duo_puzzle,0.2184,1,y8,,,,,,48831659,,,,,,0.0,0.0,0.0,0.0,1.8561,0.0,0.0,0.0,0.0,0.0,,https://www.y8.com/games/fireboy_and_watergirl_5_elements,fireboyandwatergirl5elements
88,Twisted Tangle,classic_board_card,0.2126,1,crazygames,2025,1463614,,,14,,,,,,,0.0194,1.788,0.0,0.0,0.0,0.0,0.0,0.0,0.0,0.0,,https://www.crazygames.com/game/twisted-tangle-nmt,twistedtangle
89,Hole Io,io_eat_grow,0.2118,3,kizi;poki;y8,2026,,182191,17,,13111888,,,,,,0.0,0.0,0.1722,1.1297,0.4984,0.0,0.0,0.0,0.0,0.0,Hole io WebGL / Hole.io,https://poki.com/en/g/hole-io,hole
90,Penalty Kick,penalty_freekick,0.2106,1,coolmathgames,,,,,,,,,,1998684,,0.0,0.0,0.0,0.0,0.0,0.0,0.0,0.0,3.5797,0.0,,https://www.coolmathgames.com/0-penalty-kick-online,penaltykick
91,Load Up And Kill,other,0.2094,1,y8,,,,,,46832574,,,,,,0.0,0.0,0.0,0.0,1.7801,0.0,0.0,0.0,0.0,0.0,,https://www.y8.com/games/load_up_and_kill,loadupandkill
92,Dragon Fist 3 - Age of the Warrior,stickman_brawler,0.2089,2,twoplayergames;y8,,,,,,46719953,,,,,,0.0,0.0,0.0,0.0,1.7759,0.0,0.0,0.0,0.0,0.0,Dragon Fist 3,https://www.y8.com/games/dragon_fist_3_age_of_the_warrior,dragonfist
93,Mr Racer Car Racing,car_stunt_drift,0.2079,1,poki,2024,,1386298,42,,,,,,,,0.0,0.0,1.3101,0.4573,0.0,0.0,0.0,0.0,0.0,0.0,,https://poki.com/en/g/mr-racer-car-racing,mrracercarracing
94,Stick Figure Badminton,racket_duel,0.2056,1,y8,,,,,,45982924,,,,,,0.0,0.0,0.0,0.0,1.7478,0.0,0.0,0.0,0.0,0.0,,https://www.y8.com/games/stick_figure_badminton,stickfigurebadminton
95,Touch触动,mmo_pet_social,0.2041,1,4399,2021,,,,,,99,11,,,,0.0,0.0,0.0,0.0,0.0,0.1753,1.5598,0.0,0.0,0.0,,https://my.4399.com/yxtouch/,touch触动
96,Ball Fall 3D,endless_runner,0.2021,1,y8,,,,,,45187707,,,,,,0.0,0.0,0.0,0.0,1.7176,0.0,0.0,0.0,0.0,0.0,Ball Fall 3D 2,https://www.y8.com/games/ball_fall_3d,ballfall3d
97,Cooking Mama,time_mgmt_cooking,0.2007,2,miniplay;y8,,,,,,44883803,,,,,,0.0,0.0,0.0,0.0,1.7061,0.0,0.0,0.0,0.0,0.0,(Twisted) Cooking Mama,https://www.y8.com/games/twisted_cooking_mama,cookingmama
98,Avatar Fortress Fight 2,artillery_turn,0.2004,1,y8,,,,,,44823386,,,,,,0.0,0.0,0.0,0.0,1.7038,0.0,0.0,0.0,0.0,0.0,,https://www.y8.com/games/avatar_fortress_fight_2,avatarfortressfight
99,8 Ball Pool,pool_billiards,0.2002,4,agame;coolmathgames;crazygames;y8,,19257158,,,,17057113,,,,891223,,0.2551,0.0,0.0,0.0,0.6484,0.0,0.0,0.0,1.5962,0.0,,https://www.crazygames.com/game/8-ball-pool-wyr,8ballpool
100,Bouncemasters,launch_distance,0.1993,2,crazygames;miniplay,2026,1888002,,,15,,,,,,,0.025,1.6688,0.0,0.0,0.0,0.0,0.0,0.0,0.0,0.0,BounceMasters,https://www.crazygames.com/game/bouncemasters,bouncemasters
101,Steal A Brainrot,rbx_reverse,0.1975,2,miniplay;poki,2025,,421235,15,,,,,,,,0.0,0.0,0.3981,1.2803,0.0,0.0,0.0,0.0,0.0,0.0,Steal a Brainrot Online,https://poki.com/en/g/steal-a-brainrot,stealabrainrot
102,Rainbow Obby,rbx_reverse,0.1972,1,poki,2023,,1553089,92,,,,,,,,0.0,0.0,1.4677,0.2087,0.0,0.0,0.0,0.0,0.0,0.0,,https://poki.com/en/g/rainbow-obby,rainbowobby
103,Stickman Dragon Fight,stickman_brawler,0.1967,1,poki,2023,,1563474,99,,,,,,,,0.0,0.0,1.4776,0.194,0.0,0.0,0.0,0.0,0.0,0.0,,https://poki.com/en/g/stickman-dragon-fight,stickmandragonfight
104,Happy Wheels,ragdoll_gore_course,0.1966,2,crazygames;y8,2022,3835445,,,,42634831,,,,,,0.0508,0.0,0.0,0.0,1.6206,0.0,0.0,0.0,0.0,0.0,,https://www.crazygames.com/game/happy-wheels,happywheels
105,Burrito Bison,launch_distance,0.1913,2,coolmathgames;kongregate,,,,,,,,,,87344,5000000,0.0,0.0,0.0,0.0,0.0,0.0,0.0,0.0,0.1564,3.0957,Burrito Bison: Launcha Libre,https://www.coolmathgames.com/0-burrito-bison,burritobison
106,Hide And Paint,hide_seek_prop,0.1902,1,poki,2026,,259627,14,,,,,,,,0.0,0.0,0.2454,1.3718,0.0,0.0,0.0,0.0,0.0,0.0,,https://poki.com/en/g/hide-and-paint,hideandpaint
107,The King's League: Odyssey,other,0.1894,1,kongregate,,,,,,,,,,,5200000,0.0,0.0,0.0,0.0,0.0,0.0,0.0,0.0,0.0,3.2195,,https://www.kongregate.com/en/games/kurechii/the-kings-league-odyssey,thekingsleague
108,Crush the Castle 2,physics_destruction,0.1869,2,kongregate;y8,,,,,,14918164,,,,,3300000,0.0,0.0,0.0,0.0,0.567,0.0,0.0,0.0,0.0,2.0432,Crush The Castle 2,https://www.y8.com/games/crush_the_castle_2,crushthecastle
109,Four Colors,classic_board_card,0.1864,2,crazygames;y8,2019,78392668,,,,14355232,,,,,,1.0386,0.0,0.0,0.0,0.5457,0.0,0.0,0.0,0.0,0.0,,https://www.crazygames.com/game/uno-online,fourcolors
110,Yukon: Family Adventure,other,0.1848,1,crazygames,2025,479067,,,16,,,,,,,0.0063,1.5645,0.0,0.0,0.0,0.0,0.0,0.0,0.0,0.0,,https://www.crazygames.com/game/yukon-family-adventure,yukon
111,Vex 3,precision_platformer,0.1843,3,coolmathgames;kizi;y8,,,,,,37831631,,,,143609,,0.0,0.0,0.0,0.0,1.438,0.0,0.0,0.0,0.2572,0.0,Vex 10 / Vex 4 / Vex 7,https://www.y8.com/games/vex_3,vex
112,闪翼双星无敌版,coop_duo_puzzle,0.184,2,4399;7k7k,2011,,,,,,34,85,11,,,0.0,0.0,0.0,0.0,0.0,0.5105,0.2019,1.7036,0.0,0.0,闪翼双星,https://www.4399.com/flash/70215.htm,闪翼双星
113,Soccer Skills Champions League,penalty_freekick,0.1821,1,poki,2021,,1389982,82,,,,,,,,0.0,0.0,1.3136,0.2342,0.0,0.0,0.0,0.0,0.0,0.0,,https://poki.com/en/g/soccer-skills-champions-league,soccerskillschampionsleague
114,森林冰火人中文版,coop_duo_puzzle,0.1807,2,4399;7k7k,2009,,,,,,36,40,15,,,0.0,0.0,0.0,0.0,0.0,0.4821,0.429,1.2493,0.0,0.0,森林冰火人 / 森林冰火人3 / 森林冰火人3中文版 / 森林冰火人4无敌版 / 森林冰火人无敌版,https://www.4399.com/flash/20660.htm,森林冰火人
115,Scary Teacher 3D,other,0.1801,1,poki,2025,,1377624,84,,,,,,,,0.0,0.0,1.3019,0.2286,0.0,0.0,0.0,0.0,0.0,0.0,,https://poki.com/en/g/scary-teacher-3d,scaryteacher3d
116,火柴人打羽毛球2,racket_duel,0.1794,2,4399;7k7k,2012,,,,,,21,38,38,,,0.0,0.0,0.0,0.0,0.0,0.8265,0.4515,0.4932,0.0,0.0,火柴人打羽毛球3 / 火柴人打羽毛球3H5,https://www.4399.com/flash/90302.htm,火柴人打羽毛球
117,Racing Limits,car_stunt_drift,0.1793,1,crazygames,2023,115025659,,,,,,,,,,1.5239,0.0,0.0,0.0,0.0,0.0,0.0,0.0,0.0,0.0,,https://www.crazygames.com/game/racing-limits,racinglimits
118,Swords and Sandals 2,other,0.1788,2,crazygames;y8,,5139550,,,,38197679,,,,,,0.0681,0.0,0.0,0.0,1.4519,0.0,0.0,0.0,0.0,0.0,,https://www.crazygames.com/game/swords-and-sandals-2,swordsandsandals
119,Multitask,other,0.1785,1,kongregate,,,,,,,,,,,4900000,0.0,0.0,0.0,0.0,0.0,0.0,0.0,0.0,0.0,3.0338,,https://www.kongregate.com/en/games/IcyLime/multitask,multitask
120,天空之舞,mmo_pet_social,0.1755,1,4399,2017,,,,,,101,13,,,,0.0,0.0,0.0,0.0,0.0,0.1718,1.3199,0.0,0.0,0.0,,https://my.4399.com/yxxtkzw/,天空之舞
121,Obby: Mini-Games,rbx_reverse,0.1742,2,crazygames;playgama,2026,17315381,,,20,,,,,,,0.2294,1.2516,0.0,0.0,0.0,0.0,0.0,0.0,0.0,0.0,Obby - Jump for Animals / Obby: +1 Click Wall Breaker / Obby: +1 Digging Power per Click / Obby: +1 Laser to Break Walls / Obby: +1 Pickaxe Swing Escape / Obby:,https://www.crazygames.com/game/obby-phonk-escape-1-speed,obby
122,冰娃与火娃5,coop_duo_puzzle,0.1736,2,4399;7k7k,2019,,,,,,110,15,54,,,0.0,0.0,0.0,0.0,0.0,0.1578,1.1439,0.347,0.0,0.0,冰娃与火娃 / 冰娃与火娃4 / 冰娃与火娃6,https://www.4399.com/flash/203658.htm,冰娃与火娃
123,Human Dominoes,other,0.1733,1,crazygames,2026,21833,,,17,,,,,,,0.0003,1.4724,0.0,0.0,0.0,0.0,0.0,0.0,0.0,0.0,,https://www.crazygames.com/game/human-dominoes,humandominoes
124,Shell Shockers,io_arena_shooter,0.1733,1,crazygames,2017,111160074,,,,,,,,,,1.4727,0.0,0.0,0.0,0.0,0.0,0.0,0.0,0.0,0.0,,https://www.crazygames.com/game/shellshockersio,shellshockers
125,Snake Vs Worms,io_eat_grow,0.1708,1,poki,2022,,784025,27,,,,,,,,0.0,0.0,0.7409,0.7113,0.0,0.0,0.0,0.0,0.0,0.0,,https://poki.com/en/g/snake-vs-worms,snakevsworms
126,EvoWars.io,io_eat_grow,0.1669,1,crazygames,2018,107067820,,,,,,,,,,1.4185,0.0,0.0,0.0,0.0,0.0,0.0,0.0,0.0,0.0,,https://www.crazygames.com/game/evowarsio,evowars
127,二战前线2无敌版,run_gun_coop,0.1656,2,4399;7k7k,2009,,,,,,33,58,16,,,0.0,0.0,0.0,0.0,0.0,0.526,0.2958,1.1712,0.0,0.0,二战前线2完整版 / 二战前线3无敌版,https://www.4399.com/flash/21674.htm,二战前线
128,大鱼吃小鱼双人版,io_eat_grow,0.1641,2,4399;7k7k,2012,,,,,,23,31,108,,,0.0,0.0,0.0,0.0,0.0,0.7546,0.5535,0.1735,0.0,0.0,三人大鱼吃小鱼 / 大鱼吃小鱼2012,https://www.4399.com/flash/93398.htm,大鱼吃小鱼
129,Table Rush,other,0.1637,1,crazygames,2026,61266,,,18,,,,,,,0.0008,1.3906,0.0,0.0,0.0,0.0,0.0,0.0,0.0,0.0,,https://www.crazygames.com/game/table-rush,tablerush
130,西普大陆,mmo_pet_social,0.1627,1,4399,2011,,,,,,18,41,,,,0.0,0.0,0.0,0.0,0.0,0.9643,0.4185,0.0,0.0,0.0,,https://xp.4399.com/,西普大陆
131,Smash Karts,kart_battle,0.16,1,crazygames,2020,102624729,,,,,,,,,,1.3596,0.0,0.0,0.0,0.0,0.0,0.0,0.0,0.0,0.0,,https://www.crazygames.com/game/smash-karts,smashkarts
132,森林冰火人2中文无敌版,coop_duo_puzzle,0.1575,1,7k7k,,,,,,,,,7,,,0.0,0.0,0.0,0.0,0.0,0.0,0.0,2.6771,0.0,0.0,,https://www.7k7k.com/flash/77954.htm,森林冰火人2中文
133,Moto X3M Winter,bike_trials,0.1564,1,coolmathgames,,,,,,,,,,1484285,,0.0,0.0,0.0,0.0,0.0,0.0,0.0,0.0,2.6584,0.0,,https://www.coolmathgames.com/0-moto-x3m-winter,motox3mwinter
134,Hills Of Steel,artillery_turn,0.1563,1,poki,2023,,1102905,67,,,,,,,,0.0,0.0,1.0423,0.2866,0.0,0.0,0.0,0.0,0.0,0.0,,https://poki.com/en/g/hills-of-steel,hillsofsteel
135,Dress Up 3D,dress_up_makeover,0.1556,2,crazygames;playgama,2026,383079,,,19,,,,,,,0.0051,1.3174,0.0,0.0,0.0,0.0,0.0,0.0,0.0,0.0,,https://www.crazygames.com/game/dress-up-3d,dressup3d
136,Ragdoll Hit,physics_random_duel,0.1545,1,poki,2024,,607976,26,,,,,,,,0.0,0.0,0.5746,0.7386,0.0,0.0,0.0,0.0,0.0,0.0,,https://poki.com/en/g/ragdoll-hit,ragdollhit
137,Q版泡泡堂,bomberman,0.154,2,4399;7k7k,2008,,,,,,24,88,24,,,0.0,0.0,0.0,0.0,0.0,0.7232,0.195,0.7808,0.0,0.0,Q版泡泡堂2 / Q版泡泡堂2中文版 / Q版泡泡堂3 / Q版泡泡堂3升级版 / Q版泡泡堂4 / Q版泡泡堂4变态版 / Q版泡泡堂5 / Q版泡泡堂5无敌版 / Q版泡泡堂6 / Q版泡泡堂7 / Q版泡泡堂中文版,https://www.4399.com/flash/3881.htm,q泡泡堂
138,Awesome Tanks,tank_maze_duel,0.1532,1,coolmathgames,,,,,,,,,,1453785,,0.0,0.0,0.0,0.0,0.0,0.0,0.0,0.0,2.6038,0.0,Awesome Tanks 2,https://www.coolmathgames.com/0-awesome-tanks-2,awesometanks
139,Skytrip,endless_runner,0.1515,1,y8,,,,,,33868467,,,,,,0.0,0.0,0.0,0.0,1.2874,0.0,0.0,0.0,0.0,0.0,,https://www.y8.com/games/skytrip,skytrip
140,3D双人极速飙车,car_stunt_drift,0.1513,2,4399;7k7k,2010,,,,,,47,126,12,,,0.0,0.0,0.0,0.0,0.0,0.3693,0.1362,1.5616,0.0,0.0,3D极速飙车,https://www.4399.com/flash/74213.htm,3d极速飙车
141,Earn To Die,upgrade_drive_zombies,0.1507,2,crazygames;y8,2026,989854,,,,33356139,,,,,,0.0131,0.0,0.0,0.0,1.2679,0.0,0.0,0.0,0.0,0.0,Earn to Die: Zombie Ride,https://www.crazygames.com/game/earn-to-die-new-ride,earntodie
142,Slime Keyboard Escape,rbx_reverse,0.1502,1,poki,2026,,81147,16,,,,,,,,0.0,0.0,0.0767,1.2003,0.0,0.0,0.0,0.0,0.0,0.0,,https://poki.com/en/g/slime-keyboard-escape,slimekeyboardescape
143,Italian Brainrot Clicker Game,rbx_reverse,0.1498,1,crazygames,2025,23453631,,,26,,,,,,,0.3107,0.9627,0.0,0.0,0.0,0.0,0.0,0.0,0.0,0.0,,https://www.crazygames.com/game/italian-brainrot-clicker-usp,italianbrainrotclicker
144,Factory idle,idle_clicker,0.1493,1,kongregate,,,,,,,,,,,4099999,0.0,0.0,0.0,0.0,0.0,0.0,0.0,0.0,0.0,2.5385,,https://www.kongregate.com/en/games/Baldurans/factory-idle,factoryidle
145,Moto X3M Pool Party,bike_trials,0.1457,1,coolmathgames,,,,,,,,,,1382904,,0.0,0.0,0.0,0.0,0.0,0.0,0.0,0.0,2.4768,0.0,,https://www.coolmathgames.com/0-moto-x3m-pool-party,motox3mpoolparty
146,Parkour Block 2,precision_platformer,0.1448,1,y8,,,,,,32377343,,,,,,0.0,0.0,0.0,0.0,1.2307,0.0,0.0,0.0,0.0,0.0,Parkour Block 5,https://www.y8.com/games/parkour_block_2,parkourblock
147,Mutilate a Doll 2,ragdoll_gore_course,0.1446,1,y8,,,,,,32337308,,,,,,0.0,0.0,0.0,0.0,1.2292,0.0,0.0,0.0,0.0,0.0,,https://www.y8.com/games/mutilate-a-doll_2,mutilateadoll
148,Repuls Io,io_arena_shooter,0.1434,1,poki,2020,,967454,63,,,,,,,,0.0,0.0,0.9143,0.3048,0.0,0.0,0.0,0.0,0.0,0.0,,https://poki.com/en/g/repuls-io,repuls
149,Count Control Legends,endless_runner,0.1433,1,poki,2025,,767898,39,,,,,,,,0.0,0.0,0.7257,0.4924,0.0,0.0,0.0,0.0,0.0,0.0,,https://poki.com/en/g/count-control-legends,countcontrollegends
150,Cozy Kitchen,other,0.1405,1,crazygames,2026,144024,,,21,,,,,,,0.0019,1.192,0.0,0.0,0.0,0.0,0.0,0.0,0.0,0.0,,https://www.crazygames.com/game/cozy-kitchen,cozykitchen
151,4399迷你世界,mmo_pet_social,0.1387,2,4399;7k7k,2020,,,,,,26,37,196,,,0.0,0.0,0.0,0.0,0.0,0.6676,0.4637,0.0956,0.0,0.0,7k7k迷你世界,https://news.4399.com/mnsj/,迷你世界
152,Anycolor,merge_drop,0.1385,1,poki,2022,,773529,43,,,,,,,,0.0,0.0,0.731,0.4466,0.0,0.0,0.0,0.0,0.0,0.0,,https://poki.com/en/g/anycolor,anycolor
153,Wonderputt,mini_golf,0.1384,1,kongregate,,,,,,,,,,,3800000,0.0,0.0,0.0,0.0,0.0,0.0,0.0,0.0,0.0,2.3527,,https://www.kongregate.com/en/games/dampgnat/wonderputt,wonderputt
154,Friday Night Funkin,rhythm_music,0.1384,4,crazygames;itch.io;miniplay;y8,2021,48359212,,,,14090120,,,,,,0.6407,0.0,0.0,0.0,0.5356,0.0,0.0,0.0,0.0,0.0,Friday Night Funkin' / Friday Night Funkin': Crossed Out / Friday Night Funkin': Sonic the Hedgehog / Friday Night Funkin': The Tricky Mod,https://www.crazygames.com/game/friday-night-funkin,fridaynightfunkin
155,冒险王之神兵传奇幸运无敌版,mmo_pet_social,0.1378,1,7k7k,,,,,,,,,8,,,0.0,0.0,0.0,0.0,0.0,0.0,0.0,2.3425,0.0,0.0,,https://www.7k7k.com/flash/98413.htm,冒险王之神兵传奇幸运
156,Karate Fighter,stickman_brawler,0.1365,1,poki,2024,,1026948,101,,,,,,,,0.0,0.0,0.9705,0.1901,0.0,0.0,0.0,0.0,0.0,0.0,,https://poki.com/en/g/karate-fighter,karatefighter
157,BuildNow GG,io_arena_shooter,0.1356,1,crazygames,2021,86982075,,,,,,,,,,1.1524,0.0,0.0,0.0,0.0,0.0,0.0,0.0,0.0,0.0,,https://www.crazygames.com/game/buildnow-gg,buildnowgg
158,Russian Car Driver ZIL 130,car_stunt_drift,0.135,1,crazygames,2018,11055616,,,25,,,,,,,0.1465,1.0013,0.0,0.0,0.0,0.0,0.0,0.0,0.0,0.0,,https://www.crazygames.com/game/russian-car-driver-zil-130,russiancardriverzil
159,Plonky,helix_stack_tap,0.1348,1,poki,2025,,779673,47,,,,,,,,0.0,0.0,0.7368,0.4086,0.0,0.0,0.0,0.0,0.0,0.0,,https://poki.com/en/g/plonky,plonky
160,西游大战僵尸2,tower_defense,0.134,1,4399,2012,,,,,,19,76,,,,0.0,0.0,0.0,0.0,0.0,0.9135,0.2258,0.0,0.0,0.0,,https://www.4399.com/flash/100897.htm,西游大战僵尸
161,Unpacking Room - Dream Decor,other,0.1339,1,crazygames,2026,42467,,,22,,,,,,,0.0006,1.1378,0.0,0.0,0.0,0.0,0.0,0.0,0.0,0.0,,https://www.crazygames.com/game/unpacking-room---dream-decor,unpackingroom
162,龙斗士,mmo_pet_social,0.1322,1,4399,2011,,,,,,20,67,,,,0.0,0.0,0.0,0.0,0.0,0.8678,0.2561,0.0,0.0,0.0,,https://lds.4399.com/,龙斗士
163,Snapstyle Dress Up,dress_up_makeover,0.1314,1,poki,2025,,958497,91,,,,,,,,0.0,0.0,0.9058,0.211,0.0,0.0,0.0,0.0,0.0,0.0,,https://poki.com/en/g/snapstyle-dress-up,snapstyledressup
164,Titan Soul: Action RPG,other,0.1283,1,crazygames,2025,175718,,,23,,,,,,,0.0023,1.0883,0.0,0.0,0.0,0.0,0.0,0.0,0.0,0.0,,https://www.crazygames.com/game/titan-soul-action-rpg-offline,titansoul
165,Aquaparkio,endless_runner,0.1282,1,poki,2026,,23972,18,,,,,,,,0.0,0.0,0.0227,1.0669,0.0,0.0,0.0,0.0,0.0,0.0,,https://poki.com/en/g/aquaparkio,aquaparkio
166,There Is No Game,troll_platformer,0.1269,2,coolmathgames;kongregate,,,,,,,,,,720178,1400000,0.0,0.0,0.0,0.0,0.0,0.0,0.0,0.0,1.2899,0.8668,There is no game,https://www.coolmathgames.com/0-there-is-no-game,thereisno
167,Planet Destruction,physics_destruction,0.1263,1,poki,2025,,410614,28,,,,,,,,0.0,0.0,0.3881,0.6859,0.0,0.0,0.0,0.0,0.0,0.0,,https://poki.com/en/g/planet-destruction,planetdestruction
168,Splotch!,other,0.1256,1,crazygames,2025,1885297,,,24,,,,,,,0.025,1.043,0.0,0.0,0.0,0.0,0.0,0.0,0.0,0.0,,https://www.crazygames.com/game/splotch,splotch
169,勇者之刃,run_gun_coop,0.1233,1,4399,2012,,,,,,38,29,,,,0.0,0.0,0.0,0.0,0.0,0.4568,0.5917,0.0,0.0,0.0,,https://www.4399.com/flash/80727.htm,勇者之刃
170,4399弹弹堂,mmo_pet_social,0.1227,2,4399;7k7k,2025,,,,,,22,90,147,,,0.0,0.0,0.0,0.0,0.0,0.7889,0.1906,0.1275,0.0,0.0,7k7k弹弹堂3 / 弹弹堂2怀旧版,https://www.4399.com/flash/12439.htm,弹弹堂
171,Hide Online,hide_seek_prop,0.1216,1,y8,,,,,,27191026,,,,,,0.0,0.0,0.0,0.0,1.0335,0.0,0.0,0.0,0.0,0.0,,https://www.y8.com/games/hide_online,hide
172,Happy Snakes,io_eat_grow,0.1212,1,y8,,,,,,27110513,,,,,,0.0,0.0,0.0,0.0,1.0305,0.0,0.0,0.0,0.0,0.0,,https://www.y8.com/games/happy_snakes,happysnakes
173,Beauty Salon,dress_up_makeover,0.1201,1,poki,2025,,584663,41,,,,,,,,0.0,0.0,0.5525,0.4684,0.0,0.0,0.0,0.0,0.0,0.0,,https://poki.com/en/g/beauty-salon,beautysalon
174,No Fault Cup 2026,penalty_freekick,0.1196,1,poki,2026,,5765,19,,,,,,,,0.0,0.0,0.0054,1.0108,0.0,0.0,0.0,0.0,0.0,0.0,,https://poki.com/en/g/no-fault-cup-2026,nofaultcup
175,Perfect Piano,rhythm_music,0.1173,1,y8,,,,,,26231928,,,,,,0.0,0.0,0.0,0.0,0.9971,0.0,0.0,0.0,0.0,0.0,,https://www.y8.com/games/perfect_piano,perfectpiano
176,Nails Diy Manicure Master,dress_up_makeover,0.117,1,poki,2024,,714010,60,,,,,,,,0.0,0.0,0.6748,0.3201,0.0,0.0,0.0,0.0,0.0,0.0,,https://poki.com/en/g/nails-diy-manicure-master,nailsdiymanicuremaster
177,坦克动荡2,tank_maze_duel,0.1166,2,4399;7k7k,2014,,,,,,40,44,56,,,0.0,0.0,0.0,0.0,0.0,0.4339,0.39,0.3346,0.0,0.0,坦克动荡 / 坦克动荡3 / 坦克动荡加强版,https://www.4399.com/flash/137953.htm,坦克动荡
178,疯狂小人战斗,stickman_brawler,0.1166,2,4399;7k7k,2007,,,,,,30,86,44,,,0.0,0.0,0.0,0.0,0.0,0.5786,0.1995,0.4259,0.0,0.0,疯狂小人战斗H5,https://www.4399.com/flash/6232.htm,疯狂小人战斗
179,powerline.io,io_eat_grow,0.1166,1,coolmathgames,,,,,,,,,,1106641,,0.0,0.0,0.0,0.0,0.0,0.0,0.0,0.0,1.982,0.0,,https://www.coolmathgames.com/0-powerline-io,powerline
180,Paper.io 2,io_territory,0.116,2,crazygames;kizi,2019,74451792,,,,,,,,,,0.9864,0.0,0.0,0.0,0.0,0.0,0.0,0.0,0.0,0.0,PAPER.IO 2,https://www.crazygames.com/game/paper-io-2,paper
181,Khan Kluay - Kids War,run_gun_coop,0.1141,1,y8,,,,,,25518955,,,,,,0.0,0.0,0.0,0.0,0.97,0.0,0.0,0.0,0.0,0.0,,https://www.y8.com/games/khan_kluay_kids_war,khankluay
182,Age Of War,tower_defense,0.112,2,crazygames;y8,2018,5044772,,,,23297059,,,,,,0.0668,0.0,0.0,0.0,0.8855,0.0,0.0,0.0,0.0,0.0,Age of War,https://www.crazygames.com/game/age-of-war,ageofwar
183,OvO,precision_platformer,0.1118,2,coolmathgames;crazygames,2022,4532809,,,,,,,,994029,,0.0601,0.0,0.0,0.0,0.0,0.0,0.0,0.0,1.7803,0.0,OvO Game / OvO.io,https://www.crazygames.com/game/ovo-online,ovo
184,Neon Challenge Legends,precision_platformer,0.1117,1,poki,2026,,621222,53,,,,,,,,0.0,0.0,0.5871,0.3624,0.0,0.0,0.0,0.0,0.0,0.0,,https://poki.com/en/g/neon-challenge-legends,neonchallengelegends
185,欢乐麻将,classic_board_card,0.1102,1,7k7k,,,,,,,,,10,,,0.0,0.0,0.0,0.0,0.0,0.0,0.0,1.874,0.0,0.0,,http://h5.7k7k.com/mb/mb2/dacd19513fa3809310a6affd20a960d6.html?gid=03415083be28dc69132f7f48acfb0d1e&tid=94615&qs=1,欢乐麻将
186,Blast Buddies,bomberman,0.1097,1,poki,2026,,102970,23,,,,,,,,0.0,0.0,0.0973,0.835,0.0,0.0,0.0,0.0,0.0,0.0,,https://poki.com/en/g/blast-buddies,blastbuddies
187,Paperio 2,io_territory,0.1096,1,poki,2026,,62026,22,,,,,,,,0.0,0.0,0.0586,0.8729,0.0,0.0,0.0,0.0,0.0,0.0,,https://poki.com/en/g/paperio-2,paperio
188,Hunters and Props,hide_seek_prop,0.1093,1,kongregate,,,,,,,,,,,3000000,0.0,0.0,0.0,0.0,0.0,0.0,0.0,0.0,0.0,1.8574,,https://www.kongregate.com/en/games/Dimofan/hunters-and-props,huntersandprops
189,Coral Isle 2: Tropical Stories,other,0.1091,1,crazygames,2026,3186,,,27,,,,,,,0.0,0.9271,0.0,0.0,0.0,0.0,0.0,0.0,0.0,0.0,,https://www.crazygames.com/game/coral-isle-2-tropical-stories,coralisle
190,Knife Merge,merge_drop,0.1085,1,poki,2026,,8049,21,,,,,,,,0.0,0.0,0.0076,0.9145,0.0,0.0,0.0,0.0,0.0,0.0,,https://poki.com/en/g/knife-merge,knifemerge
191,Hexanaut.io,io_territory,0.1067,2,coolmathgames;crazygames,2022,5232568,,,,,,,,935679,,0.0693,0.0,0.0,0.0,0.0,0.0,0.0,0.0,1.6758,0.0,,https://www.crazygames.com/game/hexanaut-io,hexanaut
192,Snake,io_eat_grow,0.1063,7,coolmathgames;crazygames;kizi;miniplay;pacogames;playgama;twoplayergames,2022,16289749,,,,,,,,767979,,0.2158,0.0,0.0,0.0,0.0,0.0,0.0,0.0,1.3755,0.0,Snake 2048 / Snake 2048.io / Snake 2077: Glitch War / Snake Game / Snake Lite / Snake.io,https://www.crazygames.com/game/snake-io,snake
193,Solipskier,launch_distance,0.1056,1,kongregate,,,,,,,,,,,2900000,0.0,0.0,0.0,0.0,0.0,0.0,0.0,0.0,0.0,1.7955,,https://www.kongregate.com/en/games/Mikengreg/solipskier,solipskier
194,Dear Travellers,other,0.1052,1,crazygames,2026,37378,,,28,,,,,,,0.0005,0.894,0.0,0.0,0.0,0.0,0.0,0.0,0.0,0.0,,https://www.crazygames.com/game/dear-travellers---airline-chaos,deartravellers
195,Traffic Rider,car_stunt_drift,0.1045,1,crazygames,2025,67051918,,,,,,,,,,0.8883,0.0,0.0,0.0,0.0,0.0,0.0,0.0,0.0,0.0,,https://www.crazygames.com/game/traffic-rider-vvq,trafficrider
196,Moto X3M Spooky Land,bike_trials,0.1045,2,coolmathgames;playgama,,,,,,,,,,991671,,0.0,0.0,0.0,0.0,0.0,0.0,0.0,0.0,1.7761,0.0,,https://www.coolmathgames.com/0-moto-x3m-spooky-land,motox3mspookyland
197,Papa's Scooperia,time_mgmt_cooking,0.1037,1,coolmathgames,,,,,,,,,,984279,,0.0,0.0,0.0,0.0,0.0,0.0,0.0,0.0,1.7629,0.0,,https://www.coolmathgames.com/0-papas-scooperia,papasscooperia
198,Moto Racing Club,car_stunt_drift,0.1033,1,crazygames,2024,3266629,,,30,,,,,,,0.0433,0.8344,0.0,0.0,0.0,0.0,0.0,0.0,0.0,0.0,,https://www.crazygames.com/game/moto-racing-club,motoracingclub
199,Veck.io,io_arena_shooter,0.1025,2,crazygames;miniplay,2025,65782281,,,,,,,,,,0.8715,0.0,0.0,0.0,0.0,0.0,0.0,0.0,0.0,0.0,,https://www.crazygames.com/game/veck-io,veck
200,Fashion x Fashion,dress_up_makeover,0.1016,1,crazygames,2026,13467,,,29,,,,,,,0.0002,0.8632,0.0,0.0,0.0,0.0,0.0,0.0,0.0,0.0,,https://www.crazygames.com/game/fashion-x-fashion-cwu,fashionxfashion
201,Count Masters: Stickman Games,endless_runner,0.1015,1,crazygames,2025,65102542,,,,,,,,,,0.8625,0.0,0.0,0.0,0.0,0.0,0.0,0.0,0.0,0.0,,https://www.crazygames.com/game/count-masters-stickman-games,countmasters
202,勇者之路精灵物语速升版,run_gun_coop,0.1012,1,4399,2011,,,,,,32,54,,,,0.0,0.0,0.0,0.0,0.0,0.5424,0.3177,0.0,0.0,0.0,,https://www.4399.com/flash/47931.htm,勇者之路精灵物语
203,Disaster Arena,other,0.1001,1,poki,2024,,391938,40,,,,,,,,0.0,0.0,0.3704,0.4801,0.0,0.0,0.0,0.0,0.0,0.0,,https://poki.com/en/g/disaster-arena,disasterarena
204,Pool Live Pro,pool_billiards,0.0998,1,y8,,,,,,22314867,,,,,,0.0,0.0,0.0,0.0,0.8482,0.0,0.0,0.0,0.0,0.0,,https://www.y8.com/games/pool_live_pro,poollivepro
205,8 Ball Billiards Classic,pool_billiards,0.0996,1,crazygames,2018,63887351,,,,,,,,,,0.8464,0.0,0.0,0.0,0.0,0.0,0.0,0.0,0.0,0.0,,https://www.crazygames.com/game/8-ball-billiards-classic,8ballbilliards
206,汽车标志连连看,classic_board_card,0.0994,2,4399;7k7k,2007,,,,,,181,75,18,,,0.0,0.0,0.0,0.0,0.0,0.0959,0.2288,1.0411,0.0,0.0,,https://www.4399.com/flash/4782.htm,汽车标志连连看
207,Ping Pong Go,racket_duel,0.0987,1,poki,2024,,426317,44,,,,,,,,0.0,0.0,0.4029,0.4365,0.0,0.0,0.0,0.0,0.0,0.0,,https://poki.com/en/g/ping-pong-go,pingponggo
208,The Farmer,fishing_timing,0.0984,1,y8,,,,,,21993181,,,,,,0.0,0.0,0.0,0.0,0.836,0.0,0.0,0.0,0.0,0.0,,https://www.y8.com/games/the_farmer,thefarmer
209,Bullet Bros,io_arena_shooter,0.0983,1,poki,2024,,623960,78,,,,,,,,0.0,0.0,0.5897,0.2462,0.0,0.0,0.0,0.0,0.0,0.0,,https://poki.com/en/g/bullet-bros,bulletbros
210,Creeper World 3: Abraxis,tower_defense,0.0983,1,kongregate,,,,,,,,,,,2700000,0.0,0.0,0.0,0.0,0.0,0.0,0.0,0.0,0.0,1.6717,,https://www.kongregate.com/en/games/whiteboardwar/creeper-world-3-abraxis,creeperworld
211,Bullet Force,io_arena_shooter,0.0979,2,crazygames;pacogames,2016,62810895,,,,,,,,,,0.8322,0.0,0.0,0.0,0.0,0.0,0.0,0.0,0.0,0.0,Bullet Force Multiplayer,https://www.crazygames.com/game/bullet-force-multiplayer,bulletforce
212,Thief Puzzle,classic_board_card,0.0972,2,crazygames;lagged,2024,62372309,,,,,,,,,,0.8263,0.0,0.0,0.0,0.0,0.0,0.0,0.0,0.0,0.0,,https://www.crazygames.com/game/thief-puzzle,thiefpuzzle
213,黄金矿工双人版,gold_miner_claw,0.0971,2,4399;7k7k,2008,,,,,,41,74,55,,,0.0,0.0,0.0,0.0,0.0,0.4233,0.2319,0.3407,0.0,0.0,黄金矿工中文版 / 黄金矿工单人版 / 黄金矿工单人版H5 / 黄金矿工双人无敌版 / 黄金矿工双人版H5,https://www.4399.com/flash/3883.htm,黄金矿工
214,奥奇传说,mmo_pet_social,0.0961,1,4399,2010,,,,,,,21,,,,0.0,0.0,0.0,0.0,0.0,0.0,0.8171,0.0,0.0,0.0,,https://news.4399.com/aoqi/,奥奇传说
215,Little Farm World,other,0.0952,1,poki,2026,,9701,24,,,,,,,,0.0,0.0,0.0092,0.8002,0.0,0.0,0.0,0.0,0.0,0.0,,https://poki.com/en/g/little-farm-world,littlefarmworld
216,Music Catch,rhythm_music,0.0947,1,kongregate,,,,,,,,,,,2600000,0.0,0.0,0.0,0.0,0.0,0.0,0.0,0.0,0.0,1.6098,,https://www.kongregate.com/en/games/Reflexive/music-catch,musiccatch
217,Epic Combo!,other,0.0947,1,kongregate,,,,,,,,,,,2600000,0.0,0.0,0.0,0.0,0.0,0.0,0.0,0.0,0.0,1.6098,,https://www.kongregate.com/en/games/ArmorGames/epic-combo,epiccombo
218,方块世界吃鸡,io_arena_shooter,0.0946,1,4399,2018,,,,,,61,33,,,,0.0,0.0,0.0,0.0,0.0,0.2845,0.5199,0.0,0.0,0.0,,https://www.4399.com/flash/202604.htm,方块世界吃鸡
219,Sprint League,precision_platformer,0.0946,1,poki,2024,,543189,66,,,,,,,,0.0,0.0,0.5133,0.291,0.0,0.0,0.0,0.0,0.0,0.0,,https://poki.com/en/g/sprint-league,sprintleague
220,PC Breakdown,physics_destruction,0.094,1,y8,,,,,,21020030,,,,,,0.0,0.0,0.0,0.0,0.799,0.0,0.0,0.0,0.0,0.0,,https://www.y8.com/games/pc_breakdown,pcbreakdown
221,Kindergarten,other,0.0927,1,y8,,,,,,20738526,,,,,,0.0,0.0,0.0,0.0,0.7883,0.0,0.0,0.0,0.0,0.0,,https://www.y8.com/games/kindergarten,kindergarten
222,神将世界,mmo_pet_social,0.0918,1,4399,2020,,,,,,,22,,,,0.0,0.0,0.0,0.0,0.0,0.0,0.7799,0.0,0.0,0.0,,https://sjsj.4399.com/,神将世界
223,Diva Hair Salon,dress_up_makeover,0.0916,1,poki,2025,,208321,33,,,,,,,,0.0,0.0,0.1969,0.582,0.0,0.0,0.0,0.0,0.0,0.0,,https://poki.com/en/g/diva-hair-salon,divahairsalon
224,Idle Breakout,idle_clicker,0.0914,2,coolmathgames;crazygames,2019,1470062,,,,,,,,845424,,0.0195,0.0,0.0,0.0,0.0,0.0,0.0,0.0,1.5142,0.0,,https://www.crazygames.com/game/idle-breakout,idlebreakout
225,小花仙,mmo_pet_social,0.0911,1,4399,2010,,,,,,31,80,,,,0.0,0.0,0.0,0.0,0.0,0.5599,0.2145,0.0,0.0,0.0,,https://www.4399.com/flash/27924.htm,小花仙
226,ChatChat,other,0.091,1,kongregate,,,,,,,,,,,2500000,0.0,0.0,0.0,0.0,0.0,0.0,0.0,0.0,0.0,1.5478,,https://www.kongregate.com/en/games/TerryCavanagh_B/chatchat,chatchat
227,Rail In The Air,bike_trials,0.0905,1,poki,2026,,249503,36,,,,,,,,0.0,0.0,0.2358,0.5335,0.0,0.0,0.0,0.0,0.0,0.0,,https://poki.com/en/g/rail-in-the-air,railintheair
228,Office Lover Kiss,other,0.0901,1,y8,,,,,,20141992,,,,,,0.0,0.0,0.0,0.0,0.7656,0.0,0.0,0.0,0.0,0.0,,https://www.y8.com/games/office_lover_kiss,officeloverkiss
229,Table Tennis- World Tour,racket_duel,0.0894,1,y8,,,,,,20000289,,,,,,0.0,0.0,0.0,0.0,0.7602,0.0,0.0,0.0,0.0,0.0,,https://www.y8.com/games/table_tennis-_world_tour,tabletennis
230,Kill Time in your Office,physics_destruction,0.0883,1,y8,,,,,,19756758,,,,,,0.0,0.0,0.0,0.0,0.751,0.0,0.0,0.0,0.0,0.0,,https://www.y8.com/games/kill_time_in_office,killtimeinyouroffice
231,Aquapark.io,endless_runner,0.0883,2,crazygames;y8,2025,6108707,,,,17616887,,,,,,0.0809,0.0,0.0,0.0,0.6696,0.0,0.0,0.0,0.0,0.0,AquaPark io,https://www.crazygames.com/game/aquapark-io-yky,aquapark
232,Incremancer,idle_clicker,0.0874,1,kongregate,,,,,,,,,,,2400000,0.0,0.0,0.0,0.0,0.0,0.0,0.0,0.0,0.0,1.4859,,https://www.kongregate.com/en/games/JamesG466/incremancer,incremancer
233,Papa's Pizzeria,time_mgmt_cooking,0.0861,3,coolmathgames;crazygames;miniplay,2014,6698530,,,,,,,,718270,,0.0887,0.0,0.0,0.0,0.0,0.0,0.0,0.0,1.2865,0.0,,https://www.crazygames.com/game/papas-pizzeria,papaspizzeria
234,Clicker Heroes,idle_clicker,0.0861,2,coolmathgames;crazygames,2014,2992878,,,,,,,,772506,,0.0397,0.0,0.0,0.0,0.0,0.0,0.0,0.0,1.3836,0.0,,https://www.crazygames.com/game/clicker-heroes,clickerheroes
235,Hangman,classic_board_card,0.0857,3,coolmathgames;twoplayergames;y8,,,,,,540333,,,,790874,,0.0,0.0,0.0,0.0,0.0205,0.0,0.0,0.0,1.4165,0.0,,https://www.y8.com/games/hangman_game,hangman
236,Talking Tom Gold Run,endless_runner,0.0855,1,poki,2026,,550811,93,,,,,,,,0.0,0.0,0.5205,0.2065,0.0,0.0,0.0,0.0,0.0,0.0,,https://poki.com/en/g/talking-tom-gold-run,talkingtomgoldrun
237,Papa’s Donuteria,time_mgmt_cooking,0.0852,1,y8,,,,,,19050884,,,,,,0.0,0.0,0.0,0.0,0.7241,0.0,0.0,0.0,0.0,0.0,,https://www.y8.com/games/papa_s_donuteria,papasdonuteria
238,花花连连看,classic_board_card,0.0849,2,4399;7k7k,2007,,,,,,77,64,41,,,0.0,0.0,0.0,0.0,0.0,0.2254,0.2681,0.4571,0.0,0.0,,https://www.4399.com/flash/4781.htm,花花连连看
239,拳王wing1.85无敌版,stickman_brawler,0.0839,1,4399,2012,,,,,,35,79,,,,0.0,0.0,0.0,0.0,0.0,0.4959,0.2172,0.0,0.0,0.0,拳王Wing1.85 / 拳王wing1.4 / 拳王wing1.91,https://www.4399.com/flash/110116.htm,拳王wing
240,Cubes 2048.io,io_eat_grow,0.0839,1,crazygames,2022,53804351,,,,,,,,,,0.7128,0.0,0.0,0.0,0.0,0.0,0.0,0.0,0.0,0.0,,https://www.crazygames.com/game/cubes-2048-io,cubes
241,Skincraft,sandbox_voxel,0.0838,1,kongregate,,,,,,,,,,,2300000,0.0,0.0,0.0,0.0,0.0,0.0,0.0,0.0,0.0,1.424,,https://www.kongregate.com/en/games/theswain/skincraft,skincraft
242,Handless-Millionaire,ragdoll_gore_course,0.0837,1,y8,,,,,,18716669,,,,,,0.0,0.0,0.0,0.0,0.7114,0.0,0.0,0.0,0.0,0.0,,https://www.y8.com/games/handless-millionaire,handlessmillionaire
243,蝴蝶连连看,classic_board_card,0.0835,2,4399;7k7k,2011,,,,,,70,48,90,,,0.0,0.0,0.0,0.0,0.0,0.248,0.3575,0.2082,0.0,0.0,,https://www.4399.com/flash/57474.htm,蝴蝶连连看
244,Longcat,classic_board_card,0.0828,1,poki,2024,,446008,68,,,,,,,,0.0,0.0,0.4215,0.2824,0.0,0.0,0.0,0.0,0.0,0.0,,https://poki.com/en/g/longcat,longcat
245,双人旋转赛车,car_stunt_drift,0.0823,2,4399;7k7k,2009,,,,,,39,156,65,,,0.0,0.0,0.0,0.0,0.0,0.445,0.11,0.2883,0.0,0.0,双人旋转赛车H5 / 双人旋转赛车选关版,https://www.4399.com/flash/10305.htm,旋转赛车
246,Stickman Battle,stickman_brawler,0.0814,1,poki,2025,,404675,62,,,,,,,,0.0,0.0,0.3824,0.3098,0.0,0.0,0.0,0.0,0.0,0.0,,https://poki.com/en/g/stickman-battle,stickmanbattle
247,Copter Royale,io_arena_shooter,0.0814,1,coolmathgames,,,,,,,,,,772702,,0.0,0.0,0.0,0.0,0.0,0.0,0.0,0.0,1.3839,0.0,,https://www.coolmathgames.com/0-copter-royale,copterroyale
248,Defly.io Online,io_territory,0.081,1,coolmathgames,,,,,,,,,,769274,,0.0,0.0,0.0,0.0,0.0,0.0,0.0,0.0,1.3778,0.0,,https://www.coolmathgames.com/0-defly-io,defly
249,全民枪神:边境王者,mmo_pet_social,0.0807,1,4399,2020,,,,,,,25,,,,0.0,0.0,0.0,0.0,0.0,0.0,0.6863,0.0,0.0,0.0,,https://www.4399.com/flash/212767.htm,全民枪神边境王者
250,Learn to Fly,launch_distance,0.0806,1,coolmathgames,,,,,,,,,,764741,,0.0,0.0,0.0,0.0,0.0,0.0,0.0,0.0,1.3697,0.0,Learn to Fly 2 / Learn to Fly 3,https://www.coolmathgames.com/0-learn-to-fly-2,learntofly
251,Gravitee Wars Online,artillery_turn,0.0801,1,kongregate,,,,,,,,,,,2200000,0.0,0.0,0.0,0.0,0.0,0.0,0.0,0.0,0.0,1.3621,,https://www.kongregate.com/en/games/FunkyPear/gravitee-wars-online,graviteewars
252,Among Us,horror_escape,0.0801,2,miniplay;y8,,,,,,17901660,,,,,,0.0,0.0,0.0,0.0,0.6805,0.0,0.0,0.0,0.0,0.0,Among Us Online,https://www.y8.com/games/among_us_single_player,amongus
253,Car Circle,car_stunt_drift,0.08,1,poki,2026,,122239,34,,,,,,,,0.0,0.0,0.1155,0.5648,0.0,0.0,0.0,0.0,0.0,0.0,,https://poki.com/en/g/car-circle,carcircle
254,Kakato Otoshi,stickman_brawler,0.08,1,y8,,,,,,17888946,,,,,,0.0,0.0,0.0,0.0,0.68,0.0,0.0,0.0,0.0,0.0,,https://www.y8.com/games/kakato_otoshi,kakatootoshi
255,Gold Miner,gold_miner_claw,0.0792,1,y8,,,,,,17718253,,,,,,0.0,0.0,0.0,0.0,0.6735,0.0,0.0,0.0,0.0,0.0,,https://www.y8.com/games/gold_miner,goldminer
256,Rally Racer Dirt,car_stunt_drift,0.0791,1,crazygames,2023,50719758,,,,,,,,,,0.672,0.0,0.0,0.0,0.0,0.0,0.0,0.0,0.0,0.0,,https://www.crazygames.com/game/rally-racer-dirt,rallyracerdirt
257,传奇三国,mmo_pet_social,0.0787,1,7k7k,,,,,,,,,14,,,0.0,0.0,0.0,0.0,0.0,0.0,0.0,1.3386,0.0,0.0,,https://www.7k7k.com/swf/209640.htm,传奇三国
258,Hazmob FPS,io_arena_shooter,0.0785,2,crazygames;playgama,2024,50340086,,,,,,,,,,0.6669,0.0,0.0,0.0,0.0,0.0,0.0,0.0,0.0,0.0,,https://www.crazygames.com/game/hazmob-fps-online-shooter,hazmobfps
259,双人自行车对战,bike_trials,0.0778,2,4399;7k7k,2012,,,,,,97,304,22,,,0.0,0.0,0.0,0.0,0.0,0.1789,0.0564,0.8518,0.0,0.0,,https://www.4399.com/flash/82182.htm,自行车对战
260,Suika,merge_drop,0.0774,2,coolmathgames;lagged,,,,,,,,,,735062,,0.0,0.0,0.0,0.0,0.0,0.0,0.0,0.0,1.3165,0.0,Suika Game: Watermelon,https://www.coolmathgames.com/0-suika-watermelon-game,suika
261,Bubble Storm,classic_board_card,0.0772,1,poki,2025,,17077,30,,,,,,,,0.0,0.0,0.0161,0.6402,0.0,0.0,0.0,0.0,0.0,0.0,,https://poki.com/en/g/bubble-storm,bubblestorm
262,Color Tunnel,rhythm_auto_runner,0.0771,1,y8,,,,,,17237616,,,,,,0.0,0.0,0.0,0.0,0.6552,0.0,0.0,0.0,0.0,0.0,,https://www.y8.com/games/color_tunnel,colortunnel
263,Achievement Unlocked 2,troll_platformer,0.0765,1,kongregate,,,,,,,,,,,2100000,0.0,0.0,0.0,0.0,0.0,0.0,0.0,0.0,0.0,1.3002,,https://www.kongregate.com/en/games/ArmorGames/achievement-unlocked-2,achievementunlocked
264,Guns Guns Guns,io_arena_shooter,0.0763,1,poki,2026,,105568,35,,,,,,,,0.0,0.0,0.0998,0.5487,0.0,0.0,0.0,0.0,0.0,0.0,,https://poki.com/en/g/guns-guns-guns,gunsgunsguns
265,King Of Fighters Wing 1.9,stickman_brawler,0.076,1,y8,,,,,,16988149,,,,,,0.0,0.0,0.0,0.0,0.6457,0.0,0.0,0.0,0.0,0.0,,https://www.y8.com/games/king_of_fighters_wing_1_8,kingoffighterswing
266,石头连连看,classic_board_card,0.0759,1,4399,2009,,,,,,55,52,,,,0.0,0.0,0.0,0.0,0.0,0.3156,0.33,0.0,0.0,0.0,石头连连看H5,https://www.4399.com/flash/10393.htm,石头连连看
267,Traffic Jam 3D,parking_traffic_puzzle,0.0757,2,kizi;y8,,,,,,16919207,,,,,,0.0,0.0,0.0,0.0,0.6431,0.0,0.0,0.0,0.0,0.0,,https://www.y8.com/games/traffic_jam_3d,trafficjam3d
268,小鳄鱼爱洗澡中文版,classic_board_card,0.0756,1,4399,2012,,,,,,48,61,,,,0.0,0.0,0.0,0.0,0.0,0.3616,0.2813,0.0,0.0,0.0,小鳄鱼爱洗澡H5,https://www.4399.com/flash/93551.htm,小鳄鱼爱洗澡
269,真死神VS火影绊,stickman_brawler,0.0748,1,4399,2022,,,,,,,27,,,,0.0,0.0,0.0,0.0,0.0,0.0,0.6355,0.0,0.0,0.0,,https://www.4399.com/flash/230326.htm,真死神vs火影绊
270,Blacktop Police Chase,car_stunt_drift,0.0744,1,poki,2025,,306209,56,,,,,,,,0.0,0.0,0.2894,0.3429,0.0,0.0,0.0,0.0,0.0,0.0,,https://poki.com/en/g/blacktop-police-chase,blacktoppolicechase
271,双人碰碰车3D1.2,kart_battle,0.0742,1,4399,2017,,,,,,49,62,,,,0.0,0.0,0.0,0.0,0.0,0.3542,0.2767,0.0,0.0,0.0,双人碰碰车3D,https://www.4399.com/flash/187228.htm,碰碰车3d
272,Tank Stars,artillery_turn,0.0742,3,crazygames;playgama;poki,2026,4104792,400291,97,,,,,,,,0.0544,0.0,0.3783,0.198,0.0,0.0,0.0,0.0,0.0,0.0,,https://www.crazygames.com/game/tank-stars-online,tankstars
273,Whack Your PC,ragdoll_gore_course,0.074,1,y8,,,,,,16556579,,,,,,0.0,0.0,0.0,0.0,0.6293,0.0,0.0,0.0,0.0,0.0,,https://www.y8.com/games/whack_your_pc,whackyourpc
274,五子连珠,classic_board_card,0.0735,2,4399;7k7k,2004,,,,,,65,55,204,,,0.0,0.0,0.0,0.0,0.0,0.267,0.312,0.0919,0.0,0.0,,https://www.4399.com/flash/853.htm,五子连珠
275,Ray Part 1,run_gun_coop,0.0732,1,y8,,,,,,16360244,,,,,,0.0,0.0,0.0,0.0,0.6219,0.0,0.0,0.0,0.0,0.0,,https://www.y8.com/games/ray_part_1,raypart
276,Jelly Truck,bike_trials,0.0731,1,coolmathgames,,,,,,,,,,693427,,0.0,0.0,0.0,0.0,0.0,0.0,0.0,0.0,1.242,0.0,,https://www.coolmathgames.com/0-jelly-truck,jellytruck
277,只有一道门2.1,troll_platformer,0.0721,1,4399,2025,,,,,,,28,,,,0.0,0.0,0.0,0.0,0.0,0.0,0.6128,0.0,0.0,0.0,只有一道门 / 只有一道门2,https://www.4399.com/flash/243372.htm,只有一道门
278,Sky Riders,endless_runner,0.0719,1,crazygames,2023,46123001,,,,,,,,,,0.6111,0.0,0.0,0.0,0.0,0.0,0.0,0.0,0.0,0.0,,https://www.crazygames.com/game/sky-riders-buk,skyriders
279,Aground,sandbox_voxel,0.0709,2,crazygames;kongregate,2017,1094483,,,,,,,,,1900000,0.0145,0.0,0.0,0.0,0.0,0.0,0.0,0.0,0.0,1.1764,,https://www.crazygames.com/game/aground,aground
280,Piece of Cake: Merge & Bake,time_mgmt_cooking,0.07,3,agame;crazygames;playgama,2024,44926592,,,,,,,,,,0.5952,0.0,0.0,0.0,0.0,0.0,0.0,0.0,0.0,0.0,Piece of Cake: Merge and Bake,https://www.crazygames.com/game/piece-of-cake-merge-and-bake,pieceofcake
281,Whack Your Boss,ragdoll_gore_course,0.0691,1,y8,,,,,,15456059,,,,,,0.0,0.0,0.0,0.0,0.5875,0.0,0.0,0.0,0.0,0.0,,https://www.y8.com/games/whack_your_boss,whackyourboss
282,PolyTrack,car_stunt_drift,0.0689,2,crazygames;itch.io,2024,44194795,,,,,,,,,,0.5855,0.0,0.0,0.0,0.0,0.0,0.0,0.0,0.0,0.0,,https://www.crazygames.com/game/polytrack,polytrack
283,Time Shooter,io_arena_shooter,0.0687,2,crazygames;y8,2022,37374840,,,,2334246,,,,,,0.4952,0.0,0.0,0.0,0.0887,0.0,0.0,0.0,0.0,0.0,Time Shooter 2 / Time Shooter 3: SWAT,https://www.crazygames.com/game/time-shooter-2,timeshooter
284,Raft Wars,artillery_turn,0.0684,1,coolmathgames,,,,,,,,,,648861,,0.0,0.0,0.0,0.0,0.0,0.0,0.0,0.0,1.1621,0.0,Raft Wars 2,https://www.coolmathgames.com/0-raft-wars,raftwars
285,Soccer Real,penalty_freekick,0.0682,1,poki,2026,,199059,49,,,,,,,,0.0,0.0,0.1881,0.3919,0.0,0.0,0.0,0.0,0.0,0.0,,https://poki.com/en/g/soccer-real,soccerreal
286,Hill Climb Racing Lite,bike_trials,0.0682,1,poki,2025,,335199,73,,,,,,,,0.0,0.0,0.3168,0.2631,0.0,0.0,0.0,0.0,0.0,0.0,,https://poki.com/en/g/hill-climb-racing-lite,hillclimbracing
287,Mahjongg Solitaire,classic_board_card,0.0672,1,crazygames,2019,43139984,,,,,,,,,,0.5715,0.0,0.0,0.0,0.0,0.0,0.0,0.0,0.0,0.0,,https://www.crazygames.com/game/mahjongg-solitaire,mahjonggsolitaire
288,Miniblox,sandbox_voxel,0.0663,1,crazygames,2024,42554018,,,,,,,,,,0.5638,0.0,0.0,0.0,0.0,0.0,0.0,0.0,0.0,0.0,,https://www.crazygames.com/game/miniblox,miniblox
289,Hexellent,io_territory,0.0663,1,poki,2025,,46782,37,,,,,,,,0.0,0.0,0.0442,0.519,0.0,0.0,0.0,0.0,0.0,0.0,,https://poki.com/en/g/hexellent,hexellent
290,Bob the Robber,stealth_heist,0.0659,3,agame;coolmathgames;kizi,,,,,,,,,,625744,,0.0,0.0,0.0,0.0,0.0,0.0,0.0,0.0,1.1207,0.0,Bob The Robber / Bob The Robber 1 / Bob The Robber 4 / Bob the Robber 2 / Bob the Robber 3,https://www.coolmathgames.com/0-bob-the-robber,bobtherobber
291,Short Life,ragdoll_gore_course,0.0656,2,pacogames;y8,,,,,,14659679,,,,,,0.0,0.0,0.0,0.0,0.5572,0.0,0.0,0.0,0.0,0.0,Short Life 2,https://www.y8.com/games/short_life,shortlife
292,Balloon in a Wasteland,other,0.0656,1,kongregate,,,,,,,,,,,1800000,0.0,0.0,0.0,0.0,0.0,0.0,0.0,0.0,0.0,1.1144,,https://www.kongregate.com/en/games/ArmorGames/balloon-in-a-wasteland,ballooninawasteland
293,Epic Battle Fantasy 3 Walkthrough,run_gun_coop,0.0656,1,kongregate,,,,,,,,,,,1800000,0.0,0.0,0.0,0.0,0.0,0.0,0.0,0.0,0.0,1.1144,,https://www.kongregate.com/en/games/kupo707/epic-battle-fantasy-3-walkthrough,epicbattlefantasy3walkthrough
294,快刀切水果3,fruit_slice,0.0653,1,4399,2011,,,,,,42,121,,,,0.0,0.0,0.0,0.0,0.0,0.4133,0.1418,0.0,0.0,0.0,快刀切水果3H5,https://www.4399.com/flash/73386.htm,快刀切水果
295,翔云蜘蛛纸牌,classic_board_card,0.0652,1,4399,2013,,,,,,223,36,,,,0.0,0.0,0.0,0.0,0.0,0.0778,0.4766,0.0,0.0,0.0,,https://www.4399.com/flash/125838.htm,翔云蜘蛛纸牌
296,连连看3.1原版,classic_board_card,0.0652,2,4399;7k7k,2012,,,,,,174,78,40,,,0.0,0.0,0.0,0.0,0.0,0.0998,0.22,0.4685,0.0,0.0,连连看3.1原版H5 / 连连看原版,https://www.4399.com/flash/92102.htm,连连看原
297,中国象棋,classic_board_card,0.0651,2,4399;7k7k,2010,,,,,,62,77,186,,,0.0,0.0,0.0,0.0,0.0,0.2799,0.2228,0.1008,0.0,0.0,中国象棋2.0 / 中国象棋H5版 / 中国象棋加强版,https://www.4399.com/flash/36944.htm,中国象棋
298,Jacksmith,other,0.0648,2,coolmathgames;crazygames,2021,1349094,,,,,,,,594989,,0.0179,0.0,0.0,0.0,0.0,0.0,0.0,0.0,1.0657,0.0,,https://www.crazygames.com/game/jacksmith,jacksmith
299,World Cup Kicks,penalty_freekick,0.0647,1,y8,,,,,,14477267,,,,,,0.0,0.0,0.0,0.0,0.5503,0.0,0.0,0.0,0.0,0.0,,https://www.y8.com/games/world_cup_kicks,worldcupkicks
300,4399三国群英传,mmo_pet_social,0.0647,2,4399;7k7k,2025,,,,,,,34,206,,,0.0,0.0,0.0,0.0,0.0,0.0,0.5047,0.091,0.0,0.0,7k7k三国群英传,https://my.4399.com/yxsgqyz/,三国群英传
301,王子公主回家记,coop_duo_puzzle,0.064,1,4399,2011,,,,,,46,103,,,,0.0,0.0,0.0,0.0,0.0,0.3773,0.1666,0.0,0.0,0.0,王子公主回家记无敌版,https://www.4399.com/flash/60369.htm,王子公主回家记
302,三国小镇,run_gun_coop,0.0634,1,4399,2011,,,,,,43,127,,,,0.0,0.0,0.0,0.0,0.0,0.4036,0.1351,0.0,0.0,0.0,三国小镇2怀旧版,https://www.4399.com/flash/72550.htm,三国小镇
303,Basket Random,physics_random_duel,0.0632,3,crazygames;playgama;twoplayergames,2020,40548179,,,,,,,,,,0.5372,0.0,0.0,0.0,0.0,0.0,0.0,0.0,0.0,0.0,,https://www.crazygames.com/game/basket-random,basketrandom
304,双人决斗,stickman_brawler,0.0631,1,4399,2024,,,,,,,32,,,,0.0,0.0,0.0,0.0,0.0,0.0,0.5362,0.0,0.0,0.0,,https://www.4399.com/flash/240156.htm,决斗
305,Crazy Roll 3D,endless_runner,0.0629,1,crazygames,2019,40382614,,,,,,,,,,0.535,0.0,0.0,0.0,0.0,0.0,0.0,0.0,0.0,0.0,,https://www.crazygames.com/game/crazy-roll-3d,crazyroll3d
306,Impossible Bike Stunt 3D,bike_trials,0.0629,1,y8,,,,,,14063736,,,,,,0.0,0.0,0.0,0.0,0.5346,0.0,0.0,0.0,0.0,0.0,,https://www.y8.com/games/impossible_bike_stunt_3d,impossiblebikestunt3d
307,Grow Island,other,0.0625,1,y8,,,,,,13977752,,,,,,0.0,0.0,0.0,0.0,0.5313,0.0,0.0,0.0,0.0,0.0,,https://www.y8.com/games/grow_island,growisland
308,Tap-Tap Shots,head_sports,0.0625,1,crazygames,2019,40085741,,,,,,,,,,0.5311,0.0,0.0,0.0,0.0,0.0,0.0,0.0,0.0,0.0,,https://www.crazygames.com/game/tap-tap-shots,taptapshots
309,Accelerator,launch_distance,0.0619,1,kongregate,,,,,,,,,,,1700000,0.0,0.0,0.0,0.0,0.0,0.0,0.0,0.0,0.0,1.0525,,https://www.kongregate.com/en/games/TenebrousP/accelerator,accelerator
310,Parking Fury,parking_traffic_puzzle,0.0617,2,coolmathgames;y8,,,,,,6928435,,,,291532,,0.0,0.0,0.0,0.0,0.2634,0.0,0.0,0.0,0.5221,0.0,,https://www.y8.com/games/parking_fury,parkingfury
311,乐高游戏嘉年华3,run_gun_coop,0.0613,2,4399;7k7k,2013,,,,,,93,,28,,,0.0,0.0,0.0,0.0,0.0,0.1866,0.0,0.6693,0.0,0.0,乐高游戏嘉年华 / 乐高游戏嘉年华2 / 新版乐高游戏嘉年华2,https://www.4399.com/flash/117252.htm,乐高游戏嘉年华
312,Madalin Stunt Cars 2,car_stunt_drift,0.0613,2,crazygames;pacogames,2017,39342540,,,,,,,,,,0.5212,0.0,0.0,0.0,0.0,0.0,0.0,0.0,0.0,0.0,,https://www.crazygames.com/game/madalin-stunt-cars-2,madalinstuntcars
313,Geometry Jump,rhythm_auto_runner,0.0609,1,y8,,,,,,13610564,,,,,,0.0,0.0,0.0,0.0,0.5173,0.0,0.0,0.0,0.0,0.0,,https://www.y8.com/games/geometry_jump_,geometryjump
314,Monkey Tag Io,io_eat_grow,0.0608,1,poki,2026,,105074,46,,,,,,,,0.0,0.0,0.0993,0.4175,0.0,0.0,0.0,0.0,0.0,0.0,,https://poki.com/en/g/monkey-tag-io,monkeytag
315,Derby Crash,kart_battle,0.0607,2,crazygames;pacogames,2020,38938041,,,,,,,,,,0.5159,0.0,0.0,0.0,0.0,0.0,0.0,0.0,0.0,0.0,Derby Crash 2 / Derby Crash 3 / Derby Crash 4 / Derby Crash 5,https://www.crazygames.com/game/derby-crash-4,derbycrash
316,Magic Battleground,stickman_brawler,0.0605,1,poki,2026,,276732,76,,,,,,,,0.0,0.0,0.2615,0.2527,0.0,0.0,0.0,0.0,0.0,0.0,,https://poki.com/en/g/magic-battleground,magicbattleground
317,Gulper.io,io_eat_grow,0.0605,1,crazygames,2019,38807394,,,,,,,,,,0.5141,0.0,0.0,0.0,0.0,0.0,0.0,0.0,0.0,0.0,,https://www.crazygames.com/game/gulper-io,gulper
318,Decor Life,dress_up_makeover,0.0603,1,poki,2026,,208971,61,,,,,,,,0.0,0.0,0.1975,0.3148,0.0,0.0,0.0,0.0,0.0,0.0,,https://poki.com/en/g/decor-life,decorlife
319,皇帝成长计划2,idle_clicker,0.0593,1,4399,2018,,,,,,165,43,,,,0.0,0.0,0.0,0.0,0.0,0.1052,0.399,0.0,0.0,0.0,,https://www.4399.com/flash/198637.htm,皇帝成长计划
320,Color Artist,draw_guess_party,0.0593,1,poki,2025,,279248,80,,,,,,,,0.0,0.0,0.2639,0.2401,0.0,0.0,0.0,0.0,0.0,0.0,,https://poki.com/en/g/color-artist,colorartist
321,Kick the Buddy,ragdoll_gore_course,0.0588,2,crazygames;poki,2026,2667009,140893,58,,,,,,,,0.0353,0.0,0.1332,0.3311,0.0,0.0,0.0,0.0,0.0,0.0,Kick The Buddy,https://www.crazygames.com/game/kick-the-buddy-yxa,kickthebuddy
322,Hobo,run_gun_coop,0.0585,2,crazygames;y8,,2620727,,,,12170097,,,,,,0.0347,0.0,0.0,0.0,0.4626,0.0,0.0,0.0,0.0,0.0,,https://www.crazygames.com/game/hobo,hobo
323,WorldGuessr Free GeoGuessr,classic_board_card,0.0584,1,crazygames,2024,37496950,,,,,,,,,,0.4968,0.0,0.0,0.0,0.0,0.0,0.0,0.0,0.0,0.0,,https://www.crazygames.com/game/worldguessr,worldguessrgeoguessr
324,Papa's Burgeria,time_mgmt_cooking,0.0582,1,coolmathgames,,,,,,,,,,552484,,0.0,0.0,0.0,0.0,0.0,0.0,0.0,0.0,0.9895,0.0,,https://www.coolmathgames.com/0-papas-burgeria,papasburgeria
325,Stickman Clash,stickman_brawler,0.0582,1,crazygames,2024,37333160,,,,,,,,,,0.4946,0.0,0.0,0.0,0.0,0.0,0.0,0.0,0.0,0.0,,https://www.crazygames.com/game/stickman-clash,stickmanclash
326,7k7k完美漂移,car_stunt_drift,0.058,1,7k7k,,,,,,,,,19,,,0.0,0.0,0.0,0.0,0.0,0.0,0.0,0.9863,0.0,0.0,,http://news.7k7k.com/wmpy/,完美漂移
327,Russian Extreme Offroad,car_stunt_drift,0.0579,1,y8,,,,,,12938945,,,,,,0.0,0.0,0.0,0.0,0.4918,0.0,0.0,0.0,0.0,0.0,,https://www.y8.com/games/russian_extreme_offroad,russianextremeoffroad
328,Farm Frenzy 2,time_mgmt_cooking,0.0578,1,y8,,,,,,12932455,,,,,,0.0,0.0,0.0,0.0,0.4916,0.0,0.0,0.0,0.0,0.0,,https://www.y8.com/games/farm_frenzy_2,farmfrenzy
329,青蛙祖玛,classic_board_card,0.0578,2,4399;7k7k,2009,,,,,,69,142,79,,,0.0,0.0,0.0,0.0,0.0,0.2515,0.1208,0.2372,0.0,0.0,,https://www.4399.com/flash/17403.htm,青蛙祖玛
330,超级台球大师,pool_billiards,0.0577,1,4399,2023,,,,,,,35,,,,0.0,0.0,0.0,0.0,0.0,0.0,0.4902,0.0,0.0,0.0,,https://www.4399.com/flash/231801.htm,超级台球大师
331,Bloxorz,classic_board_card,0.0576,2,coolmathgames;y8,,,,,,786258,,,,513584,,0.0,0.0,0.0,0.0,0.0299,0.0,0.0,0.0,0.9199,0.0,Bloxorz 2,https://www.y8.com/games/bloxorz_2,bloxorz
332,Words of Wonders,classic_board_card,0.0574,1,crazygames,2023,36841119,,,,,,,,,,0.4881,0.0,0.0,0.0,0.0,0.0,0.0,0.0,0.0,0.0,,https://www.crazygames.com/game/words-of-wonders,wordsofwonders
333,彩8对战,pool_billiards,0.0571,2,4399;7k7k,2010,,,,,,71,209,59,,,0.0,0.0,0.0,0.0,0.0,0.2445,0.0821,0.3176,0.0,0.0,,https://www.4399.com/flash/27237.htm,彩8对战
334,Fashion Legends,dress_up_makeover,0.0571,1,poki,2026,,282509,88,,,,,,,,0.0,0.0,0.267,0.2182,0.0,0.0,0.0,0.0,0.0,0.0,,https://poki.com/en/g/fashion-legends,fashionlegends
335,Squid Game Online,rbx_reverse,0.057,2,crazygames;y8,2021,26315938,,,,3572138,,,,,,0.3487,0.0,0.0,0.0,0.1358,0.0,0.0,0.0,0.0,0.0,Squid: Challenge Honeycomb,https://www.crazygames.com/game/squid-game-online,squid
336,Phone Case Diy,dress_up_makeover,0.0568,1,poki,2026,,198016,65,,,,,,,,0.0,0.0,0.1871,0.2955,0.0,0.0,0.0,0.0,0.0,0.0,,https://poki.com/en/g/phone-case-diy,phonecasediy
337,IQ Ball,classic_board_card,0.0568,1,coolmathgames,,,,,,,,,,538860,,0.0,0.0,0.0,0.0,0.0,0.0,0.0,0.0,0.9651,0.0,,https://www.coolmathgames.com/0-iq-ball,iqball
338,SkillWarz,io_arena_shooter,0.0557,1,crazygames,2024,35707432,,,,,,,,,,0.4731,0.0,0.0,0.0,0.0,0.0,0.0,0.0,0.0,0.0,,https://www.crazygames.com/game/skillwarz,skillwarz
339,World's Hardest Game,precision_platformer,0.0556,2,coolmathgames;crazygames,,8489461,,,,,,,,402060,,0.1125,0.0,0.0,0.0,0.0,0.0,0.0,0.0,0.7201,0.0,World's Hardest Game 2,https://www.crazygames.com/game/worlds-hardest-game,worldshardest
340,Gun Mayhem,stickman_brawler,0.0555,3,crazygames;twoplayergames;y8,,3104849,,,,11322358,,,,,,0.0411,0.0,0.0,0.0,0.4304,0.0,0.0,0.0,0.0,0.0,Gun Mayhem 2 / Gun Mayhem 3 / Gun Mayhem Redux,https://www.crazygames.com/game/gun-mayhem-2,gunmayhem
341,沙滩球大挑战,racket_duel,0.0551,1,7k7k,,,,,,,,,20,,,0.0,0.0,0.0,0.0,0.0,0.0,0.0,0.937,0.0,0.0,,https://www.7k7k.com/flash/199520.htm,沙滩球大挑战
342,Bartender The Wedding,time_mgmt_cooking,0.0546,1,y8,,,,,,12204964,,,,,,0.0,0.0,0.0,0.0,0.4639,0.0,0.0,0.0,0.0,0.0,,https://www.y8.com/games/bartender_the_wedding,bartenderthewedding
343,四人打麻将,classic_board_card,0.0543,1,4399,2013,,,,,,126,53,,,,0.0,0.0,0.0,0.0,0.0,0.1378,0.3237,0.0,0.0,0.0,,https://www.4399.com/flash/110975.htm,四人打麻将
344,MX Offroad Master,bike_trials,0.0541,3,crazygames;pacogames;twoplayergames,2023,34718684,,,,,,,,,,0.46,0.0,0.0,0.0,0.0,0.0,0.0,0.0,0.0,0.0,MX OffRoad Master,https://www.crazygames.com/game/mx-offroad-master,mxoffroadmaster
345,疯狂过山车2,bike_trials,0.0537,2,4399;7k7k,2011,,,,,,130,,29,,,0.0,0.0,0.0,0.0,0.0,0.1335,0.0,0.6462,0.0,0.0,,https://www.4399.com/flash/62002.htm,疯狂过山车
346,Geometry Arrow,rhythm_auto_runner,0.0536,2,playgama;y8,,,,,,11992790,,,,,,0.0,0.0,0.0,0.0,0.4559,0.0,0.0,0.0,0.0,0.0,Geometry Arrow 2,https://www.y8.com/games/geometry_arrow,geometryarrow
347,Worms.Zone,io_eat_grow,0.0534,1,crazygames,2018,34237303,,,,,,,,,,0.4536,0.0,0.0,0.0,0.0,0.0,0.0,0.0,0.0,0.0,,https://www.crazygames.com/game/worms-zone,wormszone
348,拖拉机,classic_board_card,0.0534,2,4399;7k7k,2009,,,,,,164,123,45,,,0.0,0.0,0.0,0.0,0.0,0.1058,0.1395,0.4164,0.0,0.0,,https://www.4399.com/flash/10236.htm,拖拉机
349,逃跑吧！少年,mmo_pet_social,0.0533,2,4399;7k7k,2018,,,,,,100,97,91,,,0.0,0.0,0.0,0.0,0.0,0.1736,0.1769,0.2059,0.0,0.0,7k7k逃跑吧少年,https://news.4399.com/taopao/,逃跑吧少年
350,双刃战士无敌版,coop_duo_puzzle,0.0533,2,4399;7k7k,2011,,,,,,68,286,68,,,0.0,0.0,0.0,0.0,0.0,0.2552,0.06,0.2756,0.0,0.0,双刃战士,https://www.4399.com/flash/68901.htm,双刃战士
351,Dumb Ways to Die,minigame_collection,0.0533,1,y8,,,,,,11918143,,,,,,0.0,0.0,0.0,0.0,0.453,0.0,0.0,0.0,0.0,0.0,,https://www.y8.com/games/dumb_ways_to_die_original,dumbwaystodie
352,Drift Hunters,car_stunt_drift,0.0531,1,crazygames,2017,34080913,,,,,,,,,,0.4515,0.0,0.0,0.0,0.0,0.0,0.0,0.0,0.0,0.0,,https://www.crazygames.com/game/drift-hunters,drifthunters
353,Soccer Legends 2026,head_sports,0.0531,1,crazygames,2021,34072268,,,,,,,,,,0.4514,0.0,0.0,0.0,0.0,0.0,0.0,0.0,0.0,0.0,,https://www.crazygames.com/game/soccer-legends-2021,soccerlegends
354,Paper Minecraft,sandbox_voxel,0.0528,2,crazygames;pacogames,2017,33898296,,,,,,,,,,0.4491,0.0,0.0,0.0,0.0,0.0,0.0,0.0,0.0,0.0,,https://www.crazygames.com/game/paper-minecraft,paperminecraft
355,森林冰火人4水晶庙无敌版,coop_duo_puzzle,0.0525,1,7k7k,,,,,,,,,21,,,0.0,0.0,0.0,0.0,0.0,0.0,0.0,0.8924,0.0,0.0,森林冰火人4水晶庙,https://www.7k7k.com/flash/109612.htm,森林冰火人4水晶庙
356,3D坦克,tank_maze_duel,0.0525,1,4399,2025,,,,,,169,50,,,,0.0,0.0,0.0,0.0,0.0,0.1027,0.3432,0.0,0.0,0.0,,https://my.4399.com/yxtk/,3d坦克
357,热血篮球赛,head_sports,0.0521,1,4399,2016,,,,,,249,46,,,,0.0,0.0,0.0,0.0,0.0,0.0697,0.373,0.0,0.0,0.0,热血篮球赛2020,https://www.4399.com/flash/177469.htm,热血篮球赛
358,Candy Jump,precision_platformer,0.0519,1,coolmathgames,,,,,,,,,,492512,,0.0,0.0,0.0,0.0,0.0,0.0,0.0,0.0,0.8821,0.0,,https://www.coolmathgames.com/0-candy-jump,candyjump
359,Holey.io Battle Royale,io_eat_grow,0.0514,1,crazygames,2023,33000046,,,,,,,,,,0.4372,0.0,0.0,0.0,0.0,0.0,0.0,0.0,0.0,0.0,,https://www.crazygames.com/game/holey-io-battle-royale,holeybattleroyale
360,Amazing Strange Rope Police,stickman_swing,0.0508,1,crazygames,2018,32611571,,,,,,,,,,0.4321,0.0,0.0,0.0,0.0,0.0,0.0,0.0,0.0,0.0,,https://www.crazygames.com/game/amazing-strange-rope-police-vice-spider,amazingstrangeropepolice
361,西游战记3,run_gun_coop,0.05,1,4399,2013,,,,,,56,149,,,,0.0,0.0,0.0,0.0,0.0,0.3099,0.1152,0.0,0.0,0.0,,https://www.4399.com/flash/123456.htm,西游战记
362,粘液实验室2,coop_duo_puzzle,0.0497,1,4399,2013,,,,,,50,227,,,,0.0,0.0,0.0,0.0,0.0,0.3471,0.0756,0.0,0.0,0.0,粘液实验室3,https://www.4399.com/flash/117227.htm,粘液实验室
363,Nsr Street Car Racing,car_stunt_drift,0.0496,1,poki,2026,,22508,48,,,,,,,,0.0,0.0,0.0213,0.4001,0.0,0.0,0.0,0.0,0.0,0.0,,https://poki.com/en/g/nsr-street-car-racing,nsrstreetcarracing
364,Stickman Crazy Box,precision_platformer,0.0493,1,poki,2023,,244333,102,,,,,,,,0.0,0.0,0.2309,0.1883,0.0,0.0,0.0,0.0,0.0,0.0,,https://poki.com/en/g/stickman-crazy-box,stickmancrazybox
365,Bartender The Celeb Mix,time_mgmt_cooking,0.0492,1,y8,,,,,,11012856,,,,,,0.0,0.0,0.0,0.0,0.4186,0.0,0.0,0.0,0.0,0.0,,https://www.y8.com/games/bartender_the_celeb_mix,bartenderthecelebmix
366,Retro Ping Pong,racket_duel,0.0489,1,coolmathgames,,,,,,,,,,464453,,0.0,0.0,0.0,0.0,0.0,0.0,0.0,0.0,0.8319,0.0,,https://www.coolmathgames.com/0-retro-ping-pong,retropingpong
367,Table Tennis World Tour,racket_duel,0.0487,1,crazygames,2017,31234129,,,,,,,,,,0.4138,0.0,0.0,0.0,0.0,0.0,0.0,0.0,0.0,0.0,,https://www.crazygames.com/game/table-tennis-world-tour,tabletennisworldtour
368,Hobo 2 — Prison Brawl,run_gun_coop,0.0484,1,y8,,,,,,10827855,,,,,,0.0,0.0,0.0,0.0,0.4116,0.0,0.0,0.0,0.0,0.0,,https://www.y8.com/games/hobo_prison_brawl,hobo2prisonbrawl
369,Fortzone Battle Royale,io_arena_shooter,0.048,1,crazygames,2025,30789073,,,,,,,,,,0.4079,0.0,0.0,0.0,0.0,0.0,0.0,0.0,0.0,0.0,,https://www.crazygames.com/game/fortzone-battle-royale-xkd,fortzonebattleroyale
370,Tear Blocks Down,physics_destruction,0.048,1,poki,2025,,192408,85,,,,,,,,0.0,0.0,0.1818,0.2259,0.0,0.0,0.0,0.0,0.0,0.0,,https://poki.com/en/g/tear-blocks-down,tearblocksdown
371,天天军棋,classic_board_card,0.0479,1,7k7k,,,,,,,,,23,,,0.0,0.0,0.0,0.0,0.0,0.0,0.0,0.8148,0.0,0.0,,https://www.7k7k.com/flash/106217.htm,天天军棋
372,Trollface Quest TrollTube,troll_platformer,0.0479,1,y8,,,,,,10704437,,,,,,0.0,0.0,0.0,0.0,0.4069,0.0,0.0,0.0,0.0,0.0,,https://www.y8.com/games/trollface_quest_trolltube,trollfacequesttrolltube
373,Fleeing the Complex,run_gun_coop,0.0477,2,crazygames;y8,2015,9300953,,,,7431798,,,,,,0.1232,0.0,0.0,0.0,0.2825,0.0,0.0,0.0,0.0,0.0,,https://www.crazygames.com/game/fleeing-the-complex,fleeingthecomplex
374,Super Star Car,car_stunt_drift,0.0476,1,crazygames,2021,30548483,,,,,,,,,,0.4047,0.0,0.0,0.0,0.0,0.0,0.0,0.0,0.0,0.0,,https://www.crazygames.com/game/super-star-car,superstarcar
375,Swords & Souls,classic_board_card,0.0475,2,crazygames;y8,2015,1874653,,,,9964151,,,,,,0.0248,0.0,0.0,0.0,0.3787,0.0,0.0,0.0,0.0,0.0,Swords & Souls: A Soul Adventure,https://www.crazygames.com/game/swords-souls,swordssouls
376,Cardinal Quest 2,run_gun_coop,0.0473,1,kongregate,,,,,,,,,,,1300000,0.0,0.0,0.0,0.0,0.0,0.0,0.0,0.0,0.0,0.8049,,https://www.kongregate.com/en/games/randomnine/cardinal-quest-2,cardinalquest
377,街篮高手,head_sports,0.0473,2,4399;7k7k,2019,,,,,,,93,43,,,0.0,0.0,0.0,0.0,0.0,0.0,0.1845,0.4358,0.0,0.0,7k7k街篮高手,https://www.4399.com/flash/209443.htm,街篮高手
378,You Monster,io_eat_grow,0.0467,1,poki,2026,,137628,72,,,,,,,,0.0,0.0,0.1301,0.2667,0.0,0.0,0.0,0.0,0.0,0.0,,https://poki.com/en/g/you-monster,youmonster
379,4399功夫派,mmo_pet_social,0.0464,1,4399,2015,,,,,,44,,,,,0.0,0.0,0.0,0.0,0.0,0.3945,0.0,0.0,0.0,0.0,,https://news.4399.com/gongfupai/,功夫派
380,Deadly Descent,bike_trials,0.0464,2,crazygames;playgama,2025,29762852,,,,,,,,,,0.3943,0.0,0.0,0.0,0.0,0.0,0.0,0.0,0.0,0.0,,https://www.crazygames.com/game/deadly-descent-bzs,deadlydescent
381,屁王兄弟无敌版,coop_duo_puzzle,0.0461,2,4399;7k7k,2011,,,,,,67,220,171,,,0.0,0.0,0.0,0.0,0.0,0.2591,0.078,0.1096,0.0,0.0,屁王兄弟2 / 屁王兄弟中文版,https://www.4399.com/flash/56667.htm,屁王兄弟
382,冰火熊猫大冒险,coop_duo_puzzle,0.0459,2,4399;7k7k,2010,,,,,,127,,37,,,0.0,0.0,0.0,0.0,0.0,0.1367,0.0,0.5065,0.0,0.0,冰火熊猫大冒险2无敌版,https://www.4399.com/flash/43139.htm,冰火熊猫大冒险
383,Family Sort,merge_drop,0.0455,1,poki,2026,,10907,51,,,,,,,,0.0,0.0,0.0103,0.3766,0.0,0.0,0.0,0.0,0.0,0.0,,https://poki.com/en/g/family-sort,familysort
384,混乱大枪战新版中文版,io_arena_shooter,0.0451,2,4399;7k7k,2015,,,,,,88,92,,,,0.0,0.0,0.0,0.0,0.0,0.1972,0.1865,0.0,0.0,0.0,混乱大枪战 / 混乱大枪战(联机) / 混乱大枪战2中文版 / 混乱大枪战新版,https://www.4399.com/flash/151915.htm,混乱大枪战
385,Murder Mafia,horror_escape,0.045,1,y8,,,,,,10073678,,,,,,0.0,0.0,0.0,0.0,0.3829,0.0,0.0,0.0,0.0,0.0,,https://www.y8.com/games/murder_mafia,murdermafia
386,双人逃亡躲猫猫,coop_duo_puzzle,0.0449,1,4399,2026,,,,,,,45,,,,0.0,0.0,0.0,0.0,0.0,0.0,0.3813,0.0,0.0,0.0,,https://www.4399.com/flash/259389.htm,逃亡躲猫猫
387,Night City Racing,car_stunt_drift,0.0447,2,crazygames;twoplayergames,2023,28676350,,,,,,,,,,0.3799,0.0,0.0,0.0,0.0,0.0,0.0,0.0,0.0,0.0,,https://www.crazygames.com/game/night-city-racing,nightcityracing
388,Drag Racer V2,car_stunt_drift,0.0446,2,crazygames;y8,2021,652773,,,,9747545,,,,,,0.0086,0.0,0.0,0.0,0.3705,0.0,0.0,0.0,0.0,0.0,Drag Racer v3,https://www.crazygames.com/game/drag-racer-v2,dragracerv
389,Crazy Flips 3D,launch_distance,0.0442,1,crazygames,2021,28328954,,,,,,,,,,0.3753,0.0,0.0,0.0,0.0,0.0,0.0,0.0,0.0,0.0,,https://www.crazygames.com/game/crazy-flips-3d,crazyflips3d
390,Epic Battle Fantasy 4 Walkthrough,run_gun_coop,0.0437,1,kongregate,,,,,,,,,,,1200000,0.0,0.0,0.0,0.0,0.0,0.0,0.0,0.0,0.0,0.743,,https://www.kongregate.com/en/games/kupo707/epic-battle-fantasy-4-walkthrough,epicbattlefantasy4walkthrough
391,Planet Smash Destruction,physics_destruction,0.0436,1,crazygames,2024,27975992,,,,,,,,,,0.3706,0.0,0.0,0.0,0.0,0.0,0.0,0.0,0.0,0.0,,https://www.crazygames.com/game/solar-smash,planetsmashdestruction
392,突击对决无敌版,run_gun_coop,0.0435,1,4399,2010,,,,,,57,264,,,,0.0,0.0,0.0,0.0,0.0,0.3045,0.065,0.0,0.0,0.0,,https://www.4399.com/flash/42760.htm,突击对决
393,Stabfish 2,io_eat_grow,0.0434,1,crazygames,2021,27864246,,,,,,,,,,0.3692,0.0,0.0,0.0,0.0,0.0,0.0,0.0,0.0,0.0,Stabfish.io,https://www.crazygames.com/game/stabfish2-io-multiplayer,stabfish
394,TRACE,classic_board_card,0.0434,3,coolmathgames;crazygames;itch.io,2022,359550,,,,,,,,406438,,0.0048,0.0,0.0,0.0,0.0,0.0,0.0,0.0,0.7279,0.0,Trace,https://www.crazygames.com/game/trace,trace
395,Amy Autopsy,ragdoll_gore_course,0.0434,1,y8,,,,,,9696976,,,,,,0.0,0.0,0.0,0.0,0.3686,0.0,0.0,0.0,0.0,0.0,,https://www.y8.com/games/amy_autopsy,amyautopsy
396,Forward Assault Remix,io_arena_shooter,0.0433,1,crazygames,2019,27809556,,,,,,,,,,0.3684,0.0,0.0,0.0,0.0,0.0,0.0,0.0,0.0,0.0,,https://www.crazygames.com/game/forward-assault,forwardassaultremix
397,Teleport Master,classic_board_card,0.043,1,poki,2026,,10469,54,,,,,,,,0.0,0.0,0.0099,0.3556,0.0,0.0,0.0,0.0,0.0,0.0,,https://poki.com/en/g/teleport-master,teleportmaster
398,造梦大乱斗,mmo_pet_social,0.0429,1,4399,2023,,,,,,,47,,,,0.0,0.0,0.0,0.0,0.0,0.0,0.3651,0.0,0.0,0.0,,https://www.4399.com/flash/227465.htm,造梦大乱斗
399,高楼爆破3无敌版,physics_destruction,0.0427,1,4399,2011,,,,,,58,269,,,,0.0,0.0,0.0,0.0,0.0,0.2993,0.0638,0.0,0.0,0.0,高楼爆破3无敌版H5 / 高楼爆破无敌版,https://www.4399.com/flash/79068.htm,高楼爆破
400,Kour.io,io_arena_shooter,0.0427,1,crazygames,2024,27372483,,,,,,,,,,0.3626,0.0,0.0,0.0,0.0,0.0,0.0,0.0,0.0,0.0,,https://www.crazygames.com/game/kour-io,kour
401,Going Up Rooftop,troll_platformer,0.0426,1,poki,2026,,88828,69,,,,,,,,0.0,0.0,0.0839,0.2783,0.0,0.0,0.0,0.0,0.0,0.0,,https://poki.com/en/g/going-up-rooftop,goinguprooftop
402,Farm Merge Valley,merge_drop,0.0425,2,agame;crazygames,2023,27297019,,,,,,,,,,0.3616,0.0,0.0,0.0,0.0,0.0,0.0,0.0,0.0,0.0,,https://www.crazygames.com/game/farm-merge-valley,farmmergevalley
403,Soccer Skills 2 World Cup,penalty_freekick,0.0424,1,poki,2026,,155679,90,,,,,,,,0.0,0.0,0.1471,0.2134,0.0,0.0,0.0,0.0,0.0,0.0,,https://poki.com/en/g/soccer-skills-2-world-cup,soccerskills2worldcup
404,Ludo King,classic_board_card,0.0423,1,crazygames,2017,27169513,,,,,,,,,,0.36,0.0,0.0,0.0,0.0,0.0,0.0,0.0,0.0,0.0,,https://www.crazygames.com/game/ludo-king,ludoking
405,Johnny Upgrade,launch_distance,0.0418,1,coolmathgames,,,,,,,,,,397098,,0.0,0.0,0.0,0.0,0.0,0.0,0.0,0.0,0.7112,0.0,,https://www.coolmathgames.com/0-johnny-upgrade,johnnyupgrade
406,奥维斗地主,classic_board_card,0.0418,1,4399,2009,,,,,,87,110,,,,0.0,0.0,0.0,0.0,0.0,0.1995,0.156,0.0,0.0,0.0,,https://www.4399.com/flash/10235.htm,奥维斗地主
407,Ragdoll Chaos,physics_random_duel,0.0417,1,poki,2026,,30909,59,,,,,,,,0.0,0.0,0.0292,0.3255,0.0,0.0,0.0,0.0,0.0,0.0,,https://poki.com/en/g/ragdoll-chaos,ragdollchaos
408,茶叶蛋大冒险,coop_duo_puzzle,0.0412,1,4399,2022,,,,,,,49,,,,0.0,0.0,0.0,0.0,0.0,0.0,0.3502,0.0,0.0,0.0,,https://www.4399.com/flash/226200.htm,茶叶蛋大冒险
409,Carnado Stunt Car,car_stunt_drift,0.0411,1,poki,2025,,125200,83,,,,,,,,0.0,0.0,0.1183,0.2314,0.0,0.0,0.0,0.0,0.0,0.0,,https://poki.com/en/g/carnado-stunt-car,carnadostuntcar
410,Harvest Loop,other,0.041,1,poki,2026,,12297,57,,,,,,,,0.0,0.0,0.0116,0.3369,0.0,0.0,0.0,0.0,0.0,0.0,,https://poki.com/en/g/harvest-loop,harvestloop
411,救世英雄无敌版,run_gun_coop,0.0408,1,7k7k,,,,,,,,,27,,,0.0,0.0,0.0,0.0,0.0,0.0,0.0,0.6941,0.0,0.0,,https://www.7k7k.com/flash/93931.htm,救世英雄
412,Helix Jump,helix_stack_tap,0.0408,2,crazygames;lagged,2018,26182756,,,,,,,,,,0.3469,0.0,0.0,0.0,0.0,0.0,0.0,0.0,0.0,0.0,,https://www.crazygames.com/game/helix-jump,helixjump
413,老爹汉堡店,time_mgmt_cooking,0.0406,2,4399;7k7k,2010,,,,,,91,246,111,,,0.0,0.0,0.0,0.0,0.0,0.1907,0.0697,0.1688,0.0,0.0,老爹汉堡店H5 / 老爹汉堡店中文版,https://www.4399.com/flash/43728.htm,老爹汉堡店
414,战火英雄2中文无敌版,run_gun_coop,0.0402,1,4399,2013,,,,,,63,258,,,,0.0,0.0,0.0,0.0,0.0,0.2755,0.0665,0.0,0.0,0.0,,https://www.4399.com/flash/113859.htm,战火英雄2中文
415,"Gragyriss, Captor of Princesses",other,0.0401,1,kongregate,,,,,,,,,,,1100000,0.0,0.0,0.0,0.0,0.0,0.0,0.0,0.0,0.0,0.6811,,https://www.kongregate.com/en/games/snowroadgames/gragyriss-captor-of-princesses,gragyrisscaptorofprincesses
416,Doodle Road,bike_trials,0.04,1,crazygames,2024,25673597,,,,,,,,,,0.3401,0.0,0.0,0.0,0.0,0.0,0.0,0.0,0.0,0.0,,https://www.crazygames.com/game/doodle-road,doodleroad
417,Robo Cleaner Simulator,time_mgmt_cooking,0.04,1,poki,2026,,42216,64,,,,,,,,0.0,0.0,0.0399,0.3001,0.0,0.0,0.0,0.0,0.0,0.0,,https://poki.com/en/g/robo-cleaner-simulator,robocleanersimulator
418,游乐斗地主,classic_board_card,0.0399,1,4399,2020,,,,,,129,84,,,,0.0,0.0,0.0,0.0,0.0,0.1345,0.2043,0.0,0.0,0.0,,https://www.4399.com/flash/213993.htm,游乐斗地主
419,Free Kick Classic,penalty_freekick,0.0398,2,crazygames;miniplay,2018,25540481,,,,,,,,,,0.3384,0.0,0.0,0.0,0.0,0.0,0.0,0.0,0.0,0.0,Free Kick Classic (3D Free Kick),https://www.crazygames.com/game/free-kick-classic,kick
420,Fragen,troll_platformer,0.0398,2,crazygames;playgama,2025,25512310,,,,,,,,,,0.338,0.0,0.0,0.0,0.0,0.0,0.0,0.0,0.0,0.0,FRAGEN,https://www.crazygames.com/game/fragen,fragen
421,Elastic Man,ragdoll_gore_course,0.0395,2,lagged;y8,,,,,,8829440,,,,,,0.0,0.0,0.0,0.0,0.3356,0.0,0.0,0.0,0.0,0.0,,https://www.y8.com/games/elastic_man,elasticman
422,火柴人格斗进化v1.2,stickman_brawler,0.039,1,4399,2019,,,,,,187,72,,,,0.0,0.0,0.0,0.0,0.0,0.0928,0.2383,0.0,0.0,0.0,火柴人格斗进化2,https://www.4399.com/flash/206114.htm,火柴人格斗进化
423,Capybara Clicker,idle_clicker,0.0389,1,crazygames,2022,24932960,,,,,,,,,,0.3303,0.0,0.0,0.0,0.0,0.0,0.0,0.0,0.0,0.0,Capybara Clicker 2,https://www.crazygames.com/game/capybara-clicker,capybaraclicker
424,60 Second Burger Run,precision_platformer,0.0384,1,coolmathgames,,,,,,,,,,364640,,0.0,0.0,0.0,0.0,0.0,0.0,0.0,0.0,0.6531,0.0,,https://www.coolmathgames.com/0-60-second-burger-run,60secondburgerrun
425,Kirka.io,io_arena_shooter,0.0381,1,crazygames,2021,24448554,,,,,,,,,,0.3239,0.0,0.0,0.0,0.0,0.0,0.0,0.0,0.0,0.0,,https://www.crazygames.com/game/kirka-io,kirka
426,Basket and Ball,head_sports,0.0378,1,coolmathgames,,,,,,,,,,359205,,0.0,0.0,0.0,0.0,0.0,0.0,0.0,0.0,0.6434,0.0,,https://www.coolmathgames.com/0-basket-and-ball,basketandball
427,MR RACER - Car Racing,car_stunt_drift,0.0377,2,crazygames;playgama,2023,24157301,,,,,,,,,,0.3201,0.0,0.0,0.0,0.0,0.0,0.0,0.0,0.0,0.0,Mr. Racer - Car Racing,https://www.crazygames.com/game/mr-racer---car-racing,mrracer
428,战火英雄无敌版,run_gun_coop,0.0375,1,4399,2012,,,,,,73,211,,,,0.0,0.0,0.0,0.0,0.0,0.2378,0.0813,0.0,0.0,0.0,,https://www.4399.com/flash/90742.htm,战火英雄
429,Capitalist Bus Driver,car_stunt_drift,0.0374,1,poki,2025,,132729,100,,,,,,,,0.0,0.0,0.1254,0.192,0.0,0.0,0.0,0.0,0.0,0.0,,https://poki.com/en/g/capitalist-bus-driver,capitalistbusdriver
430,Checkers,classic_board_card,0.0372,1,coolmathgames,,,,,,,,,,352972,,0.0,0.0,0.0,0.0,0.0,0.0,0.0,0.0,0.6322,0.0,,https://www.coolmathgames.com/0-checkers,checkers
431,Real City Bikes,car_stunt_drift,0.0372,1,poki,2026,,118059,94,,,,,,,,0.0,0.0,0.1116,0.2043,0.0,0.0,0.0,0.0,0.0,0.0,,https://poki.com/en/g/real-city-bikes,realcitybikes
432,合金前线突击队中文版,run_gun_coop,0.0367,1,7k7k,,,,,,,,,30,,,0.0,0.0,0.0,0.0,0.0,0.0,0.0,0.6247,0.0,0.0,合金前线突击队 / 合金前线突击队无敌版,https://www.7k7k.com/flash/53361.htm,合金前线突击队
433,The Skull Kid,run_gun_coop,0.0364,1,y8,,,,,,8137708,,,,,,0.0,0.0,0.0,0.0,0.3093,0.0,0.0,0.0,0.0,0.0,,https://www.y8.com/games/the_skull_kid,theskullkid
434,8 Ball Pool Billiards Multiplayer,pool_billiards,0.0363,1,crazygames,2024,23273239,,,,,,,,,,0.3083,0.0,0.0,0.0,0.0,0.0,0.0,0.0,0.0,0.0,,https://www.crazygames.com/game/8-ball-pool-billiards-multiplayer,8ballpoolbilliards
435,Mergest Kingdom,merge_drop,0.036,1,crazygames,2021,23112890,,,,,,,,,,0.3062,0.0,0.0,0.0,0.0,0.0,0.0,0.0,0.0,0.0,,https://www.crazygames.com/game/mergest-kingdom,mergestkingdom
436,勇者之路双人速升版,run_gun_coop,0.0354,1,4399,2010,,,,,,85,177,,,,0.0,0.0,0.0,0.0,0.0,0.2042,0.0969,0.0,0.0,0.0,勇者之路 / 勇者之路双人版,https://www.4399.com/flash/45046.htm,勇者之路
437,Big Tower Tiny Square,troll_platformer,0.0353,1,coolmathgames,,,,,,,,,,335258,,0.0,0.0,0.0,0.0,0.0,0.0,0.0,0.0,0.6005,0.0,,https://www.coolmathgames.com/0-big-tower-tiny-square,bigtowertinysquare
438,杂交植物大战僵尸,tower_defense,0.0351,2,4399;7k7k,2025,,,,,,,70,177,,,0.0,0.0,0.0,0.0,0.0,0.0,0.2451,0.1059,0.0,0.0,,https://www.4399.com/flash/249857.htm,杂交植物大战僵尸
439,Super Bike The Champion,bike_trials,0.0349,1,crazygames,2020,22422588,,,,,,,,,,0.2971,0.0,0.0,0.0,0.0,0.0,0.0,0.0,0.0,0.0,,https://www.crazygames.com/game/super-bike-the-champion,superbikethechampion
440,火柴人吃豆豆,io_eat_grow,0.0348,2,4399;7k7k,2015,,,,,,133,206,114,,,0.0,0.0,0.0,0.0,0.0,0.1305,0.0833,0.1644,0.0,0.0,火柴人吃豆豆2,https://www.4399.com/flash/163404.htm,火柴人吃豆豆
441,美少女斗地主,classic_board_card,0.0344,1,7k7k,,,,,,,,,32,,,0.0,0.0,0.0,0.0,0.0,0.0,0.0,0.5856,0.0,0.0,,https://www.7k7k.com/flash/24120.htm,美少女斗地主
442,天天斗地主（真人版）,classic_board_card,0.0342,1,4399,2025,,,,,,,59,,,,0.0,0.0,0.0,0.0,0.0,0.0,0.2908,0.0,0.0,0.0,,https://www.4399.com/flash/209757.htm,天天斗地主
443,Super Dress,dress_up_makeover,0.0342,1,poki,2026,,43705,77,,,,,,,,0.0,0.0,0.0413,0.2494,0.0,0.0,0.0,0.0,0.0,0.0,,https://poki.com/en/g/super-dress,superdress
444,Sandbox City,sandbox_voxel,0.0342,2,crazygames;playgama,2021,21928922,,,,,,,,,,0.2905,0.0,0.0,0.0,0.0,0.0,0.0,0.0,0.0,0.0,,https://www.crazygames.com/game/sandbox-city---cars-zombies-ragdolls,sandboxcity
445,Tower Swap,merge_drop,0.0341,1,crazygames,2021,21850755,,,,,,,,,,0.2895,0.0,0.0,0.0,0.0,0.0,0.0,0.0,0.0,0.0,,https://www.crazygames.com/game/tower-swap,towerswap
446,Mad Stick,stickman_brawler,0.034,2,crazygames;poki,2024,3002045,6827,79,,,,,,,,0.0398,0.0,0.0065,0.2431,0.0,0.0,0.0,0.0,0.0,0.0,,https://www.crazygames.com/game/mad-stick,madstick
447,冰火人亚马逊大冒险,coop_duo_puzzle,0.034,1,4399,2017,,,,,,95,161,,,,0.0,0.0,0.0,0.0,0.0,0.1827,0.1066,0.0,0.0,0.0,,https://www.4399.com/flash/184213.htm,冰火人亚马逊大冒险
448,One Line,merge_drop,0.0338,1,crazygames,2022,21709619,,,,,,,,,,0.2876,0.0,0.0,0.0,0.0,0.0,0.0,0.0,0.0,0.0,,https://www.crazygames.com/game/oneline,oneline
449,Catch A Pet,other,0.0335,1,poki,2026,,11070,70,,,,,,,,0.0,0.0,0.0105,0.2744,0.0,0.0,0.0,0.0,0.0,0.0,,https://poki.com/en/g/catch-a-pet,catchapet
450,4399打豆豆,classic_board_card,0.0334,1,4399,2011,,,,,,83,229,,,,0.0,0.0,0.0,0.0,0.0,0.2091,0.0749,0.0,0.0,0.0,,https://www.4399.com/flash/54423.htm,打豆豆
451,Shenzhen Mahjong,classic_board_card,0.0334,1,poki,2025,,49425,81,,,,,,,,0.0,0.0,0.0467,0.2371,0.0,0.0,0.0,0.0,0.0,0.0,,https://poki.com/en/g/shenzhen-mahjong,shenzhenmahjong
452,Party Time,stickman_brawler,0.0332,1,poki,2025,,85091,95,,,,,,,,0.0,0.0,0.0804,0.2022,0.0,0.0,0.0,0.0,0.0,0.0,,https://poki.com/en/g/party-time,partytime
453,Poxel.io,io_arena_shooter,0.0332,1,crazygames,2025,21309599,,,,,,,,,,0.2823,0.0,0.0,0.0,0.0,0.0,0.0,0.0,0.0,0.0,,https://www.crazygames.com/game/poxel-io,poxel
454,School Cleaning,time_mgmt_cooking,0.033,1,poki,2026,,63574,87,,,,,,,,0.0,0.0,0.0601,0.2207,0.0,0.0,0.0,0.0,0.0,0.0,,https://poki.com/en/g/school-cleaning,schoolcleaning
455,军棋,classic_board_card,0.033,1,4399,2013,,,,,,117,130,,,,0.0,0.0,0.0,0.0,0.0,0.1483,0.132,0.0,0.0,0.0,,https://www.4399.com/flash/107884.htm,军棋
456,Animator vs Animation Game: SE,precision_platformer,0.0328,1,y8,,,,,,7345263,,,,,,0.0,0.0,0.0,0.0,0.2792,0.0,0.0,0.0,0.0,0.0,,https://www.y8.com/games/animator_v_animation_game_se,animatorvsanimation
457,StarBlast,other,0.0328,1,crazygames,2017,21073719,,,,,,,,,,0.2792,0.0,0.0,0.0,0.0,0.0,0.0,0.0,0.0,0.0,,https://www.crazygames.com/game/starblastio,starblast
458,Voxiom.io,io_arena_shooter,0.0327,1,crazygames,2020,20983787,,,,,,,,,,0.278,0.0,0.0,0.0,0.0,0.0,0.0,0.0,0.0,0.0,,https://www.crazygames.com/game/voxiom-io,voxiom
459,Goods Master,time_mgmt_cooking,0.0327,1,poki,2026,,7593,71,,,,,,,,0.0,0.0,0.0072,0.2705,0.0,0.0,0.0,0.0,0.0,0.0,,https://poki.com/en/g/goods-master,goodsmaster
460,Growden.io,io_eat_grow,0.0326,1,crazygames,2025,20900289,,,,,,,,,,0.2769,0.0,0.0,0.0,0.0,0.0,0.0,0.0,0.0,0.0,,https://www.crazygames.com/game/grow-a-garden---growden-io,growden
461,RocketGoal.io,other,0.0324,1,crazygames,2026,20817994,,,,,,,,,,0.2758,0.0,0.0,0.0,0.0,0.0,0.0,0.0,0.0,0.0,,https://www.crazygames.com/game/rocketgoal-io,rocketgoal
462,Chicken Scream,helix_stack_tap,0.0323,1,crazygames,2024,20728473,,,,,,,,,,0.2746,0.0,0.0,0.0,0.0,0.0,0.0,0.0,0.0,0.0,,https://www.crazygames.com/game/chicken-scream,chickenscream
463,Petnest Io,io_eat_grow,0.0323,1,poki,2026,,15620,74,,,,,,,,0.0,0.0,0.0148,0.2595,0.0,0.0,0.0,0.0,0.0,0.0,,https://poki.com/en/g/petnest-io,petnest
464,消灭星星豪华版,merge_drop,0.0322,1,4399,2012,,,,,,86,238,,,,0.0,0.0,0.0,0.0,0.0,0.2018,0.0721,0.0,0.0,0.0,消灭星星3电脑版 / 消灭星星中文版,https://www.4399.com/flash/136516.htm,消灭星星
465,Golf Orbit,launch_distance,0.0321,2,crazygames;playgama,2024,20583998,,,,,,,,,,0.2727,0.0,0.0,0.0,0.0,0.0,0.0,0.0,0.0,0.0,,https://www.crazygames.com/game/golf-orbit,golforbit
466,魔性兔子人,coop_duo_puzzle,0.032,1,4399,2025,,,,,,,63,,,,0.0,0.0,0.0,0.0,0.0,0.0,0.2724,0.0,0.0,0.0,,https://www.4399.com/flash/249426.htm,魔性兔子人
467,CubeRealm.io,sandbox_voxel,0.0319,1,crazygames,2024,20476932,,,,,,,,,,0.2713,0.0,0.0,0.0,0.0,0.0,0.0,0.0,0.0,0.0,,https://www.crazygames.com/game/cuberealm-io,cuberealm
468,三国杀一将成名,mmo_pet_social,0.0315,1,7k7k,,,,,,,,,35,,,0.0,0.0,0.0,0.0,0.0,0.0,0.0,0.5354,0.0,0.0,,http://h5.7k7k.com/mb/mb2/87524fd6bca9ad66955da9a542d42f80.html?gid=960982bec2f555de44ea43ca8a7ef418&tid=94955&qs=1,三国杀一将成名
469,Color Match,merge_drop,0.0315,1,crazygames,2024,20178460,,,,,,,,,,0.2673,0.0,0.0,0.0,0.0,0.0,0.0,0.0,0.0,0.0,,https://www.crazygames.com/game/color-match-amg,colormatch
470,Madalin Cars Multiplayer,car_stunt_drift,0.0313,1,crazygames,2018,20051233,,,,,,,,,,0.2657,0.0,0.0,0.0,0.0,0.0,0.0,0.0,0.0,0.0,,https://www.crazygames.com/game/madalin-cars-multiplayer,madalincars
471,Pixel Warfare,io_arena_shooter,0.0312,2,crazygames;pacogames,2014,20042126,,,,,,,,,,0.2655,0.0,0.0,0.0,0.0,0.0,0.0,0.0,0.0,0.0,Pixel Warfare 4 WebGL / Pixel Warfare 5,https://www.crazygames.com/game/pixel-warfare,pixelwarfare
472,World Of Screw,merge_drop,0.0311,1,poki,2025,,43140,86,,,,,,,,0.0,0.0,0.0408,0.2233,0.0,0.0,0.0,0.0,0.0,0.0,,https://poki.com/en/g/world-of-screw,worldofscrew
473,GrindCraft,sandbox_voxel,0.031,2,coolmathgames;crazygames,2016,6340905,,,,,,,,200357,,0.084,0.0,0.0,0.0,0.0,0.0,0.0,0.0,0.3588,0.0,Grindcraft,https://www.crazygames.com/game/grindcraft,grindcraft
474,游戏明星大乱斗5.0,stickman_brawler,0.031,1,4399,2014,,,,,,96,208,,,,0.0,0.0,0.0,0.0,0.0,0.1808,0.0825,0.0,0.0,0.0,游戏明星大乱斗4.3,https://www.4399.com/flash/143365.htm,游戏明星大乱斗
475,EvoWorld.io (FlyOrDie.io),io_eat_grow,0.031,1,crazygames,2018,19871061,,,,,,,,,,0.2633,0.0,0.0,0.0,0.0,0.0,0.0,0.0,0.0,0.0,,https://www.crazygames.com/game/flyordieio,evoworld
476,炫酷旋转忍者2,precision_platformer,0.0309,1,4399,2012,,,,,,66,,,,,0.0,0.0,0.0,0.0,0.0,0.263,0.0,0.0,0.0,0.0,,https://www.4399.com/flash/100030.htm,炫酷旋转忍者
477,Little Steps Big Troubles,coop_duo_puzzle,0.0306,1,poki,2026,,4579,75,,,,,,,,0.0,0.0,0.0043,0.2561,0.0,0.0,0.0,0.0,0.0,0.0,,https://poki.com/en/g/little-steps-big-troubles,littlestepsbigtroubles
478,我的世界,mmo_pet_social,0.0306,1,4399,2022,,,,,,,66,,,,0.0,0.0,0.0,0.0,0.0,0.0,0.26,0.0,0.0,0.0,,https://news.4399.com/wdshijie/,我的世界
479,极限越野6,bike_trials,0.0306,2,4399;7k7k,2013,,,,,,82,,194,,,0.0,0.0,0.0,0.0,0.0,0.2117,0.0,0.0966,0.0,0.0,极限越野 / 极限越野5,https://www.4399.com/flash/127192.htm,极限越野
480,Romance Academy — Heartbeat of Love,other,0.0306,1,y8,,,,,,6838747,,,,,,0.0,0.0,0.0,0.0,0.2599,0.0,0.0,0.0,0.0,0.0,,https://www.y8.com/games/school_flirting_game,romanceacademyheartbeatoflove
481,MiniGiants.io,io_eat_grow,0.0306,1,crazygames,2018,19617829,,,,,,,,,,0.2599,0.0,0.0,0.0,0.0,0.0,0.0,0.0,0.0,0.0,,https://www.crazygames.com/game/minigiants-io,minigiants
482,Designville: Merge & Design,merge_drop,0.0306,1,crazygames,2024,19603545,,,,,,,,,,0.2597,0.0,0.0,0.0,0.0,0.0,0.0,0.0,0.0,0.0,,https://www.crazygames.com/game/designville-merge-design,designville
483,皇家守卫军2无敌版,tower_defense,0.0305,2,4399;7k7k,2026,,,,,,,96,116,,,0.0,0.0,0.0,0.0,0.0,0.0,0.1787,0.1615,0.0,0.0,皇家守卫军1.13无敌版 / 皇家守卫军1.1中文版,https://www.4399.com/flash/259548.htm,皇家守卫军
484,Curve Ball 3D: Curve and Score,penalty_freekick,0.0303,1,coolmathgames,,,,,,,,,,287980,,0.0,0.0,0.0,0.0,0.0,0.0,0.0,0.0,0.5158,0.0,,https://www.coolmathgames.com/0-curve-ball-3d,curveball3d
485,Mini Golf Club,mini_golf,0.0301,1,crazygames,2021,19297470,,,,,,,,,,0.2557,0.0,0.0,0.0,0.0,0.0,0.0,0.0,0.0,0.0,,https://www.crazygames.com/game/mini-golf-club,minigolfclub
486,Amogus io,horror_escape,0.03,1,y8,,,,,,6719305,,,,,,0.0,0.0,0.0,0.0,0.2554,0.0,0.0,0.0,0.0,0.0,,https://www.y8.com/games/amogus_io,amogus
487,我要当国王,other,0.0297,2,4399;7k7k,2014,,,,,,168,188,161,,,0.0,0.0,0.0,0.0,0.0,0.1033,0.0913,0.1164,0.0,0.0,我要当国王3,https://www.4399.com/flash/147120.htm,我要当国王
488,Dino Simulator,io_eat_grow,0.0297,1,poki,2026,,55643,96,,,,,,,,0.0,0.0,0.0526,0.2,0.0,0.0,0.0,0.0,0.0,0.0,,https://poki.com/en/g/dino-simulator,dinosimulator
489,皇城突袭1.13无敌版,tower_defense,0.0297,1,4399,2010,,,,,,90,288,,,,0.0,0.0,0.0,0.0,0.0,0.1929,0.0596,0.0,0.0,0.0,,https://www.4399.com/flash/112689.htm,皇城突袭
490,Apple Shooter,io_arena_shooter,0.0293,3,agame;crazygames;y8,2024,2187552,,,,5799837,,,,,,0.029,0.0,0.0,0.0,0.2205,0.0,0.0,0.0,0.0,0.0,,https://www.crazygames.com/game/apple-shooter,appleshooter
491,Crazy Office: Slap and Smash!,physics_destruction,0.0293,1,crazygames,2025,18782252,,,,,,,,,,0.2488,0.0,0.0,0.0,0.0,0.0,0.0,0.0,0.0,0.0,,https://www.crazygames.com/game/crazy-office-slap-and-smash,crazyoffice
492,冰娃火娃天降灾难,coop_duo_puzzle,0.0293,1,4399,2026,,,,,,,69,,,,0.0,0.0,0.0,0.0,0.0,0.0,0.2487,0.0,0.0,0.0,,https://www.4399.com/flash/260541.htm,冰娃火娃天降灾难
493,Block Blaster,merge_drop,0.0292,1,crazygames,2024,18742197,,,,,,,,,,0.2483,0.0,0.0,0.0,0.0,0.0,0.0,0.0,0.0,0.0,,https://www.crazygames.com/game/block-puzzle-master,blockblaster
494,Stickman Destruction 3 Heroes,ragdoll_gore_course,0.0287,1,crazygames,2021,18441632,,,,,,,,,,0.2443,0.0,0.0,0.0,0.0,0.0,0.0,0.0,0.0,0.0,,https://www.crazygames.com/game/stickman-destruction-3-heroes,stickmandestruction3heroes
495,Cookie Clicker,time_mgmt_cooking,0.0287,1,coolmathgames,,,,,,,,,,272565,,0.0,0.0,0.0,0.0,0.0,0.0,0.0,0.0,0.4882,0.0,,https://www.coolmathgames.com/0-cookie-clicker,cookieclicker
496,急速变色龙,other,0.0286,1,4399,2017,,,,,,196,111,,,,0.0,0.0,0.0,0.0,0.0,0.0886,0.1546,0.0,0.0,0.0,,https://www.4399.com/flash/188739.htm,急速变色龙
497,躺平模拟器,idle_clicker,0.0284,1,4399,2022,,,,,,,71,,,,0.0,0.0,0.0,0.0,0.0,0.0,0.2417,0.0,0.0,0.0,,https://www.4399.com/flash/226028.htm,躺平模拟器
498,Skydom,other,0.0284,2,agame;crazygames,2020,18225034,,,,,,,,,,0.2415,0.0,0.0,0.0,0.0,0.0,0.0,0.0,0.0,0.0,Skydom: Reforged,https://www.crazygames.com/game/skydom,skydom
499,Burnout Drift,car_stunt_drift,0.0284,2,crazygames;y8,2017,1037118,,,,5988820,,,,,,0.0137,0.0,0.0,0.0,0.2276,0.0,0.0,0.0,0.0,0.0,Burnout Drift 2: Hilltop,https://www.crazygames.com/game/burnout-drift-hilltop,burnoutdrift
500,逃命的火鸡,endless_runner,0.0284,1,4399,2010,,,,,,72,,,,,0.0,0.0,0.0,0.0,0.0,0.2411,0.0,0.0,0.0,0.0,,https://www.4399.com/flash/43689.htm,逃命的火鸡
501,7k7k剑侠传奇,mmo_pet_social,0.0283,1,7k7k,,,,,,,,,39,,,0.0,0.0,0.0,0.0,0.0,0.0,0.0,0.4805,0.0,0.0,,https://www.7k7k.com/swf/200435.htm,剑侠传奇
502,Perfect Shape,classic_board_card,0.0277,1,poki,2026,,41936,98,,,,,,,,0.0,0.0,0.0396,0.196,0.0,0.0,0.0,0.0,0.0,0.0,,https://poki.com/en/g/perfect-shape,perfectshape
503,斗地主经典版,classic_board_card,0.0277,1,4399,2019,,,,,,,73,,,,0.0,0.0,0.0,0.0,0.0,0.0,0.235,0.0,0.0,0.0,,https://www.4399.com/flash/207556.htm,斗地主
504,超级马里奥水上摩托,bike_trials,0.0276,1,4399,2011,,,,,,74,,,,,0.0,0.0,0.0,0.0,0.0,0.2346,0.0,0.0,0.0,0.0,,https://www.4399.com/flash/56259.htm,超级马里奥水上摩托
505,Merge & Construct,merge_drop,0.0276,1,crazygames,2023,17683650,,,,,,,,,,0.2343,0.0,0.0,0.0,0.0,0.0,0.0,0.0,0.0,0.0,,https://www.crazygames.com/game/merge-construct,mergeconstruct
506,森林冰火人双人迷宫,coop_duo_puzzle,0.0274,2,4399;7k7k,2011,,,,,,98,,168,,,0.0,0.0,0.0,0.0,0.0,0.1771,0.0,0.1115,0.0,0.0,,https://www.4399.com/flash/63033.htm,森林冰火人迷宫
507,世界射箭锦标赛,other,0.0273,1,4399,2018,,,,,,204,117,,,,0.0,0.0,0.0,0.0,0.0,0.0851,0.1467,0.0,0.0,0.0,,https://www.4399.com/flash/196181.htm,世界射箭锦标赛
508,制作美味蛋糕,time_mgmt_cooking,0.0272,1,4399,2009,,,,,,75,,,,,0.0,0.0,0.0,0.0,0.0,0.2314,0.0,0.0,0.0,0.0,,https://www.4399.com/flash/19063.htm,制作美味蛋糕
509,Dinosaur,endless_runner,0.0271,2,coolmathgames;kizi,,,,,,,,,,257445,,0.0,0.0,0.0,0.0,0.0,0.0,0.0,0.0,0.4611,0.0,Dinosaur Game,https://www.coolmathgames.com/0-dinosaur-game,dinosaur
510,奶油鸡食谱,time_mgmt_cooking,0.0269,1,4399,2008,,,,,,76,,,,,0.0,0.0,0.0,0.0,0.0,0.2284,0.0,0.0,0.0,0.0,,https://www.4399.com/flash/39952.htm,奶油鸡食谱
511,Age of Rivals,other,0.0268,1,kongregate,,,,,,,,,,,736200,0.0,0.0,0.0,0.0,0.0,0.0,0.0,0.0,0.0,0.4558,,https://www.kongregate.com/en/games/RobotoGames/age-of-rivals,ageofrivals
512,Rescue Six,io_arena_shooter,0.0266,1,y8,,,,,,5952182,,,,,,0.0,0.0,0.0,0.0,0.2262,0.0,0.0,0.0,0.0,0.0,,https://www.y8.com/games/rescue_six,rescuesix
513,Eggy Car,bike_trials,0.0265,3,coolmathgames;crazygames;playgama,2022,1002576,,,,,,,,236752,,0.0133,0.0,0.0,0.0,0.0,0.0,0.0,0.0,0.424,0.0,,https://www.crazygames.com/game/eggy-car,eggycar
514,Kongregate Avatar Creator CONTEST,other,0.0264,1,kongregate,,,,,,,,,,,724400,0.0,0.0,0.0,0.0,0.0,0.0,0.0,0.0,0.0,0.4485,,https://www.kongregate.com/en/games/Lionga/kongregate-avatar-creator-contest,kongregateavatarcreatorcontest
515,Soccer Random,physics_random_duel,0.0263,3,crazygames;playgama;twoplayergames,2020,16887903,,,,,,,,,,0.2237,0.0,0.0,0.0,0.0,0.0,0.0,0.0,0.0,0.0,,https://www.crazygames.com/game/soccer-random,soccerrandom
516,小婴儿逃出系列3,classic_board_card,0.0263,2,4399;7k7k,2011,,,,,,161,,81,,,0.0,0.0,0.0,0.0,0.0,0.1078,0.0,0.2314,0.0,0.0,小婴儿逃出系列2,https://www.4399.com/flash/71760.htm,小婴儿逃出系列
517,冒险王之精灵物语无敌速升版,other,0.0262,1,7k7k,,,,,,,,,42,,,0.0,0.0,0.0,0.0,0.0,0.0,0.0,0.4462,0.0,0.0,,https://www.7k7k.com/flash/98228.htm,冒险王之精灵物语无敌
518,钢铁蜘蛛侠,stickman_swing,0.0262,1,4399,2012,,,,,,78,,,,,0.0,0.0,0.0,0.0,0.0,0.2225,0.0,0.0,0.0,0.0,,https://www.4399.com/flash/87425.htm,钢铁蜘蛛侠
519,99 Nights: Forest Escape (bloxd.io),rbx_reverse,0.0261,1,crazygames,2025,16721579,,,,,,,,,,0.2215,0.0,0.0,0.0,0.0,0.0,0.0,0.0,0.0,0.0,,https://www.crazygames.com/game/99-nights-bloxd-io,99nights
520,Billiards,pool_billiards,0.026,2,coolmathgames;crazygames,2021,2791291,,,,,,,,205814,,0.037,0.0,0.0,0.0,0.0,0.0,0.0,0.0,0.3686,0.0,,https://www.crazygames.com/game/billiards,billiards
521,Truck Driver Crazy Road 2,car_stunt_drift,0.0259,1,y8,,,,,,5796433,,,,,,0.0,0.0,0.0,0.0,0.2203,0.0,0.0,0.0,0.0,0.0,,https://www.y8.com/games/truck_driver_crazy_road_2,truckdrivercrazyroad
522,二战前线3无敌选关版,run_gun_coop,0.0258,1,4399,2012,,,,,,79,,,,,0.0,0.0,0.0,0.0,0.0,0.2197,0.0,0.0,0.0,0.0,,https://www.4399.com/flash/83914.htm,二战前线3无敌
523,Obby World: Squid Escape,rbx_reverse,0.0258,1,crazygames,2025,16562086,,,,,,,,,,0.2194,0.0,0.0,0.0,0.0,0.0,0.0,0.0,0.0,0.0,,https://www.crazygames.com/game/obby-world-squid-escape,obbyworld
524,Stone Grass: Mowing Simulator,idle_clicker,0.0257,1,crazygames,2025,16504932,,,,,,,,,,0.2187,0.0,0.0,0.0,0.0,0.0,0.0,0.0,0.0,0.0,,https://www.crazygames.com/game/stone-grass-mowing-simulator,stonegrass
525,Highway Racer,car_stunt_drift,0.0257,1,crazygames,2018,16464940,,,,,,,,,,0.2181,0.0,0.0,0.0,0.0,0.0,0.0,0.0,0.0,0.0,Highway Racer 2,https://www.crazygames.com/game/highway-racer,highwayracer
526,MH大鱼吃小鱼三人版,io_eat_grow,0.0257,1,4399,2014,,,,,,111,278,,,,0.0,0.0,0.0,0.0,0.0,0.1564,0.0617,0.0,0.0,0.0,,https://www.4399.com/flash/145905.htm,mh大鱼吃小鱼
527,Ships 3D,car_stunt_drift,0.0256,1,crazygames,2022,16448951,,,,,,,,,,0.2179,0.0,0.0,0.0,0.0,0.0,0.0,0.0,0.0,0.0,,https://www.crazygames.com/game/ships-3d,ships3d
528,4399水果连连看,classic_board_card,0.0256,2,4399;7k7k,2010,,,,,,280,170,172,,,0.0,0.0,0.0,0.0,0.0,0.062,0.1009,0.109,0.0,0.0,7k7k水果连连看,https://www.4399.com/flash/34726.htm,水果连连看
529,大家来玩中国象棋,classic_board_card,0.0254,2,4399;7k7k,2011,,,,,,,166,83,,,0.0,0.0,0.0,0.0,0.0,0.0,0.1034,0.2258,0.0,0.0,,https://www.4399.com/flash/48747.htm,大家来玩中国象棋
530,Crazy Eights,classic_board_card,0.0253,1,coolmathgames,,,,,,,,,,239782,,0.0,0.0,0.0,0.0,0.0,0.0,0.0,0.0,0.4295,0.0,,https://www.coolmathgames.com/0-crazy-eights,crazyeights
531,英雄大作战V0.7终极无敌版,stickman_brawler,0.0252,2,4399;7k7k,2013,,,,,,81,,,,,0.0,0.0,0.0,0.0,0.0,0.2143,0.0,0.0,0.0,0.0,,https://www.4399.com/flash/113387.htm,英雄大作战终极
532,Idle Dice,idle_clicker,0.0252,2,coolmathgames;crazygames,2018,3079435,,,,,,,,193407,,0.0408,0.0,0.0,0.0,0.0,0.0,0.0,0.0,0.3464,0.0,,https://www.crazygames.com/game/idle-dice,idledice
533,神奇小妖怪中文版,precision_platformer,0.0251,2,4399;7k7k,2010,,,,,,171,,84,,,0.0,0.0,0.0,0.0,0.0,0.1015,0.0,0.2231,0.0,0.0,神奇小妖怪,https://www.4399.com/flash/43826.htm,神奇小妖怪
534,DuckPark.io,io_eat_grow,0.025,1,crazygames,2020,16060935,,,,,,,,,,0.2128,0.0,0.0,0.0,0.0,0.0,0.0,0.0,0.0,0.0,,https://www.crazygames.com/game/duckpark-io,duckpark
535,超级火柴战士,run_gun_coop,0.0249,1,4399,2024,,,,,,,81,,,,0.0,0.0,0.0,0.0,0.0,0.0,0.2118,0.0,0.0,0.0,,https://www.4399.com/flash/244011.htm,超级火柴战士
536,老爹寿司店中文版,time_mgmt_cooking,0.0249,1,4399,2017,,,,,,263,118,,,,0.0,0.0,0.0,0.0,0.0,0.066,0.1454,0.0,0.0,0.0,,https://www.4399.com/flash/187040.htm,老爹寿司店
537,Downtown 1930s Mafia,other,0.0248,1,crazygames,2019,15891707,,,,,,,,,,0.2105,0.0,0.0,0.0,0.0,0.0,0.0,0.0,0.0,0.0,,https://www.crazygames.com/game/downtown-1930s-mafia,downtown1930smafia
538,Meeland.io,io_eat_grow,0.0246,1,crazygames,2025,15759703,,,,,,,,,,0.2088,0.0,0.0,0.0,0.0,0.0,0.0,0.0,0.0,0.0,,https://www.crazygames.com/game/meeland-io,meeland
539,Blockade3D,io_arena_shooter,0.0245,1,kongregate,,,,,,,,,,,673200,0.0,0.0,0.0,0.0,0.0,0.0,0.0,0.0,0.0,0.4168,,https://www.kongregate.com/en/games/blockadeboss/blockade3d,blockade3d
540,Mr. Dude,other,0.0245,1,crazygames,2025,15721064,,,,,,,,,,0.2083,0.0,0.0,0.0,0.0,0.0,0.0,0.0,0.0,0.0,Mr. Dude: King of the Hill,https://www.crazygames.com/game/mr-dude-online-multiverse-challenge,mrdude
541,Punch Boxing Championship,stickman_brawler,0.0244,1,y8,,,,,,5452431,,,,,,0.0,0.0,0.0,0.0,0.2073,0.0,0.0,0.0,0.0,0.0,,https://www.y8.com/games/punch_boxing_championship,punchboxingchampionship
542,机器人攻城战无敌版,physics_destruction,0.0243,2,4399;7k7k,2012,,,,,,84,,,,,0.0,0.0,0.0,0.0,0.0,0.2066,0.0,0.0,0.0,0.0,机器人攻城战,https://www.4399.com/flash/100942.htm,机器人攻城战
543,Back to Granny's House,horror_escape,0.0243,1,y8,,,,,,5431298,,,,,,0.0,0.0,0.0,0.0,0.2064,0.0,0.0,0.0,0.0,0.0,Back to Granny's House 2,https://www.y8.com/games/back_to_granny_s_house_2,backtogrannyshouse
544,House of Hazards,physics_random_duel,0.0242,2,crazygames;twoplayergames,2020,15541859,,,,,,,,,,0.2059,0.0,0.0,0.0,0.0,0.0,0.0,0.0,0.0,0.0,,https://www.crazygames.com/game/house-of-hazards,houseofhazards
545,Dig out of Prison,stealth_heist,0.0242,1,crazygames,2025,15504817,,,,,,,,,,0.2054,0.0,0.0,0.0,0.0,0.0,0.0,0.0,0.0,0.0,,https://www.crazygames.com/game/dig-out-of-prison,digoutofprison
546,Ultimate Douchebag Workout,other,0.0242,1,y8,,,,,,5402115,,,,,,0.0,0.0,0.0,0.0,0.2053,0.0,0.0,0.0,0.0,0.0,,https://www.y8.com/games/ultimate_douchebag_workout,ultimatedouchebagworkout
547,Piles of Mahjong,classic_board_card,0.0241,1,crazygames,2024,15459780,,,,,,,,,,0.2048,0.0,0.0,0.0,0.0,0.0,0.0,0.0,0.0,0.0,,https://www.crazygames.com/game/piles-of-mahjong-jhb,pilesofmahjong
548,Sniper Shot: Bullet Time,io_arena_shooter,0.024,1,crazygames,2022,15390024,,,,,,,,,,0.2039,0.0,0.0,0.0,0.0,0.0,0.0,0.0,0.0,0.0,,https://www.crazygames.com/game/sniper-shot-bullet-time,snipershot
549,Getaway Shootout,physics_random_duel,0.0239,2,crazygames;twoplayergames,2018,15359806,,,,,,,,,,0.2035,0.0,0.0,0.0,0.0,0.0,0.0,0.0,0.0,0.0,,https://www.crazygames.com/game/getaway-shootout,getawayshootout
550,MARDEK RPG Walkthrough,run_gun_coop,0.0239,1,kongregate,,,,,,,,,,,654900,0.0,0.0,0.0,0.0,0.0,0.0,0.0,0.0,0.0,0.4055,,https://www.kongregate.com/en/games/Pseudolonewolf/mardek-rpg-walkthrough,mardekrpgwalkthrough
551,Winter Clash 3D,io_arena_shooter,0.0238,1,crazygames,2019,15276376,,,,,,,,,,0.2024,0.0,0.0,0.0,0.0,0.0,0.0,0.0,0.0,0.0,,https://www.crazygames.com/game/winter-clash-3d,winterclash3d
552,Uno,classic_board_card,0.0238,1,y8,,,,,,5320928,,,,,,0.0,0.0,0.0,0.0,0.2023,0.0,0.0,0.0,0.0,0.0,,https://www.y8.com/games/uno,uno
553,城邦争霸中文无敌版,tower_defense,0.0237,1,4399,2012,,,,,,128,261,,,,0.0,0.0,0.0,0.0,0.0,0.1356,0.0657,0.0,0.0,0.0,,https://www.4399.com/flash/97801.htm,城邦争霸中文
554,猫里奥,troll_platformer,0.0237,1,4399,2011,,,,,,286,122,,,,0.0,0.0,0.0,0.0,0.0,0.0607,0.1406,0.0,0.0,0.0,猫里奥H5,https://www.4399.com/flash/58508.htm,猫里奥
555,Lemonade Stand,time_mgmt_cooking,0.0236,1,coolmathgames,,,,,,,,,,224478,,0.0,0.0,0.0,0.0,0.0,0.0,0.0,0.0,0.402,0.0,,https://www.coolmathgames.com/0-lemonade-stand,lemonadestand
556,4399百战沙城,other,0.0236,2,4399;7k7k,2025,,,,,,,112,197,,,0.0,0.0,0.0,0.0,0.0,0.0,0.1532,0.0951,0.0,0.0,7k7k百战沙城,https://my.4399.com/yxbzsc/,百战沙城
557,Flappy Bird,helix_stack_tap,0.0235,1,y8,,,,,,5255853,,,,,,0.0,0.0,0.0,0.0,0.1998,0.0,0.0,0.0,0.0,0.0,Flappy Bird Flash,https://www.y8.com/games/flappy_bird_flash,flappybird
558,养了个羊,merge_drop,0.0235,1,7k7k,,,,,,,,,47,,,0.0,0.0,0.0,0.0,0.0,0.0,0.0,0.3987,0.0,0.0,,https://www.7k7k.com/flash/205652.htm,养了个羊
559,植物大战僵尸无敌战略版2,tower_defense,0.0234,1,4399,2012,,,,,,151,204,,,,0.0,0.0,0.0,0.0,0.0,0.1149,0.0841,0.0,0.0,0.0,,https://www.4399.com/flash/85646.htm,植物大战僵尸无敌
560,妖尾VS海贼王2.0,stickman_brawler,0.0234,1,4399,2018,,,,,,157,194,,,,0.0,0.0,0.0,0.0,0.0,0.1106,0.0884,0.0,0.0,0.0,,https://www.4399.com/flash/198660.htm,妖尾vs海贼王
561,War the Knights,tower_defense,0.0231,1,crazygames,2025,14826008,,,,,,,,,,0.1964,0.0,0.0,0.0,0.0,0.0,0.0,0.0,0.0,0.0,,https://www.crazygames.com/game/war-the-knights,wartheknights
562,士兵突袭增强无敌版,other,0.023,1,7k7k,,,,,,,,,48,,,0.0,0.0,0.0,0.0,0.0,0.0,0.0,0.3904,0.0,0.0,,https://www.7k7k.com/flash/112377.htm,士兵突袭增强
563,BodyCamera Shooter,io_arena_shooter,0.0229,1,crazygames,2024,14661576,,,,,,,,,,0.1942,0.0,0.0,0.0,0.0,0.0,0.0,0.0,0.0,0.0,,https://www.crazygames.com/game/bodycamera-shooter,bodycamerashooter
564,搞怪碰碰球,physics_random_duel,0.0228,2,4399;7k7k,2012,,,,,,,116,205,,,0.0,0.0,0.0,0.0,0.0,0.0,0.1479,0.0914,0.0,0.0,,https://www.4399.com/flash/104723.htm,搞怪碰碰球
565,Stack Colors!,helix_stack_tap,0.0227,1,y8,,,,,,5070725,,,,,,0.0,0.0,0.0,0.0,0.1927,0.0,0.0,0.0,0.0,0.0,,https://www.y8.com/games/stack_colors_,stackcolors
566,Idle Startup Tycoon,idle_clicker,0.0227,2,coolmathgames;crazygames,2021,1153886,,,,,,,,198071,,0.0153,0.0,0.0,0.0,0.0,0.0,0.0,0.0,0.3548,0.0,,https://www.crazygames.com/game/idle-startup-tycoon,idlestartuptycoon
567,宇宙机器人酷跑3,endless_runner,0.0227,1,4399,2016,,,,,,135,268,,,,0.0,0.0,0.0,0.0,0.0,0.1286,0.064,0.0,0.0,0.0,,https://www.4399.com/flash/182561.htm,宇宙机器人酷跑
568,Sift Heads World Act 1,run_gun_coop,0.0226,1,kongregate,,,,,,,,,,,620100,0.0,0.0,0.0,0.0,0.0,0.0,0.0,0.0,0.0,0.3839,,https://www.kongregate.com/en/games/WebCypher/sift-heads-world-act-1,siftheadsworldact
569,王子与公主私奔无敌版,coop_duo_puzzle,0.0225,1,7k7k,,,,,,,,,49,,,0.0,0.0,0.0,0.0,0.0,0.0,0.0,0.3824,0.0,0.0,王子与公主私奔,https://www.7k7k.com/flash/97384.htm,王子与公主私奔
570,Word Wipe,classic_board_card,0.0225,2,agame;crazygames,2019,14412041,,,,,,,,,,0.1909,0.0,0.0,0.0,0.0,0.0,0.0,0.0,0.0,0.0,,https://www.crazygames.com/game/word-wipe,wordwipe
571,极品台球3,pool_billiards,0.0223,1,4399,2012,,,,,,285,133,,,,0.0,0.0,0.0,0.0,0.0,0.0609,0.129,0.0,0.0,0.0,,https://www.4399.com/flash/97605.htm,极品台球
572,Handulum+,stickman_swing,0.0223,1,coolmathgames,,,,,,,,,,211480,,0.0,0.0,0.0,0.0,0.0,0.0,0.0,0.0,0.3788,0.0,,https://www.coolmathgames.com/0-handulum,handulum
573,Wheelie Bike,bike_trials,0.0223,1,y8,,,,,,4977544,,,,,,0.0,0.0,0.0,0.0,0.1892,0.0,0.0,0.0,0.0,0.0,,https://www.y8.com/games/wheelie_bike,wheeliebike
574,双箭头2无敌版,run_gun_coop,0.0222,1,4399,2011,,,,,,92,,,,,0.0,0.0,0.0,0.0,0.0,0.1887,0.0,0.0,0.0,0.0,,https://www.4399.com/flash/66373.htm,双箭头
575,拖拉机扑克牌,classic_board_card,0.0222,1,4399,2012,,,,,,,91,,,,0.0,0.0,0.0,0.0,0.0,0.0,0.1886,0.0,0.0,0.0,,https://www.4399.com/flash/104170.htm,拖拉机扑克牌
576,蛇蛇大作战电脑版,io_eat_grow,0.022,1,7k7k,,,,,,,,,50,,,0.0,0.0,0.0,0.0,0.0,0.0,0.0,0.3748,0.0,0.0,,https://www.7k7k.com/flash/173212.htm,蛇蛇大作战
577,挖地小子无敌版,gold_miner_claw,0.022,2,4399;7k7k,2010,,,,,,124,,200,,,0.0,0.0,0.0,0.0,0.0,0.14,0.0,0.0937,0.0,0.0,挖地小子,https://www.4399.com/flash/44667.htm,挖地小子
578,特种任务,other,0.0219,2,4399;7k7k,2006,,,,,,183,,103,,,0.0,0.0,0.0,0.0,0.0,0.0948,0.0,0.1819,0.0,0.0,,https://www.4399.com/flash/2472.htm,特种任务
579,BasketBros,physics_random_duel,0.0217,1,crazygames,2020,13938142,,,,,,,,,,0.1847,0.0,0.0,0.0,0.0,0.0,0.0,0.0,0.0,0.0,,https://www.crazygames.com/game/basketbros,basketbros
580,Madness: Sherrif’s Compound,run_gun_coop,0.0217,1,y8,,,,,,4848652,,,,,,0.0,0.0,0.0,0.0,0.1843,0.0,0.0,0.0,0.0,0.0,,https://www.y8.com/games/madness_sherrif_s_compound,madness
581,荒岛枪训复活战,run_gun_coop,0.0216,1,4399,2018,,,,,,201,176,,,,0.0,0.0,0.0,0.0,0.0,0.0864,0.0975,0.0,0.0,0.0,,https://www.4399.com/flash/201312.htm,荒岛枪训复活战
582,Sniper Mission,io_arena_shooter,0.0216,1,crazygames,2023,13868244,,,,,,,,,,0.1837,0.0,0.0,0.0,0.0,0.0,0.0,0.0,0.0,0.0,,https://www.crazygames.com/game/sniper-mission-blj,snipermission
583,水果忍者,fruit_slice,0.0216,1,7k7k,,,,,,,,,51,,,0.0,0.0,0.0,0.0,0.0,0.0,0.0,0.3674,0.0,0.0,,https://www.7k7k.com/flash/79733.htm,水果忍者
584,Moto X3M 4 Winter,bike_trials,0.0216,1,crazygames,2018,13832000,,,,,,,,,,0.1833,0.0,0.0,0.0,0.0,0.0,0.0,0.0,0.0,0.0,,https://www.crazygames.com/game/moto-x3m-4,motox3m4winter
585,Escape Road,other,0.0215,1,crazygames,2026,13782250,,,,,,,,,,0.1826,0.0,0.0,0.0,0.0,0.0,0.0,0.0,0.0,0.0,Escape Road 2 / Escape Road 3,https://www.crazygames.com/game/escape-road-3,escaperoad
586,疯狂的鸽子双人完整版,physics_random_duel,0.0215,1,4399,2026,,,,,,,94,,,,0.0,0.0,0.0,0.0,0.0,0.0,0.1825,0.0,0.0,0.0,,https://www.4399.com/flash/258923.htm,疯狂的鸽子
587,Planet Clicker,idle_clicker,0.0214,1,crazygames,2022,13699175,,,,,,,,,,0.1815,0.0,0.0,0.0,0.0,0.0,0.0,0.0,0.0,0.0,Planet Clicker 2,https://www.crazygames.com/game/planet-clicker-2,planetclicker
588,幻想纹章4.7,stickman_brawler,0.0212,1,4399,2026,,,,,,,95,,,,0.0,0.0,0.0,0.0,0.0,0.0,0.1806,0.0,0.0,0.0,幻想纹章4.6,https://www.4399.com/flash/258701.htm,幻想纹章
589,Drive Quest,bike_trials,0.0211,1,crazygames,2025,13560989,,,,,,,,,,0.1797,0.0,0.0,0.0,0.0,0.0,0.0,0.0,0.0,0.0,,https://www.crazygames.com/game/drive-quest---car-game,drivequest
590,BattleDudes.io,io_arena_shooter,0.0209,1,crazygames,2020,13392412,,,,,,,,,,0.1774,0.0,0.0,0.0,0.0,0.0,0.0,0.0,0.0,0.0,,https://www.crazygames.com/game/battledudes-io,battledudes
591,仙剑奇侠传,other,0.0208,1,7k7k,,,,,,,,,53,,,0.0,0.0,0.0,0.0,0.0,0.0,0.0,0.3536,0.0,0.0,,https://www.7k7k.com/swf/210058.htm,仙剑奇侠传
592,Puppet Fighter 2 Player,physics_random_duel,0.0207,1,crazygames,2022,13285103,,,,,,,,,,0.176,0.0,0.0,0.0,0.0,0.0,0.0,0.0,0.0,0.0,,https://www.crazygames.com/game/puppet-fighter-2-player,puppetfighter2player
593,Escape Tsunami for Brainrots,rbx_reverse,0.0206,2,crazygames;playgama,2026,13209972,,,,,,,,,,0.175,0.0,0.0,0.0,0.0,0.0,0.0,0.0,0.0,0.0,Escape Tsunami for Brainrots!,https://www.crazygames.com/game/escape-tsunami-for-brainrots-wfe,escapetsunamiforbrainrots
594,斗罗大陆,other,0.0206,1,4399,2019,,,,,,211,185,,,,0.0,0.0,0.0,0.0,0.0,0.0823,0.0927,0.0,0.0,0.0,,https://www.4399.com/flash/203569.htm,斗罗大陆
595,Haunted School,horror_escape,0.0206,1,crazygames,2022,13187267,,,,,,,,,,0.1747,0.0,0.0,0.0,0.0,0.0,0.0,0.0,0.0,0.0,Haunted School 2,https://www.crazygames.com/game/haunted-school---horror-game,hauntedschool
596,Stickman Kombat 2D,stickman_brawler,0.0204,3,crazygames;twoplayergames;y8,2025,12797927,,,,109682,,,,,,0.1696,0.0,0.0,0.0,0.0042,0.0,0.0,0.0,0.0,0.0,,https://www.crazygames.com/game/stickman-kombat-2d,stickmankombat2d
597,Screw Out: Bolts and Nuts,merge_drop,0.0204,1,crazygames,2025,13065392,,,,,,,,,,0.1731,0.0,0.0,0.0,0.0,0.0,0.0,0.0,0.0,0.0,,https://www.crazygames.com/game/screw-out-bolts-and-nuts,screwout
598,Air Fighter,car_stunt_drift,0.0203,1,y8,,,,,,4544532,,,,,,0.0,0.0,0.0,0.0,0.1727,0.0,0.0,0.0,0.0,0.0,,https://www.y8.com/games/air_fighter,airfighter
599,Paper Knight Quest,other,0.0203,1,kongregate,,,,,,,,,,,557700,0.0,0.0,0.0,0.0,0.0,0.0,0.0,0.0,0.0,0.3453,,https://www.kongregate.com/en/games/ferx_zero/paper-knight-quest,paperknightquest
600,变形金刚战记,run_gun_coop,0.0201,1,4399,2015,,,,,,162,271,,,,0.0,0.0,0.0,0.0,0.0,0.1071,0.0633,0.0,0.0,0.0,,https://www.4399.com/flash/163478.htm,变形金刚战记
601,封神太子2,mmo_pet_social,0.02,1,4399,2012,,,,,,102,,,,,0.0,0.0,0.0,0.0,0.0,0.1702,0.0,0.0,0.0,0.0,,https://www.4399.com/flash/91800.htm,封神太子
602,麻将消除高手,classic_board_card,0.02,1,4399,2014,,,,,,,101,,,,0.0,0.0,0.0,0.0,0.0,0.0,0.1699,0.0,0.0,0.0,,https://www.4399.com/flash/146052.htm,麻将消除高手
603,Tic Tac Toe,classic_board_card,0.0199,2,crazygames;y8,,12151909,,,,212536,,,,,,0.161,0.0,0.0,0.0,0.0081,0.0,0.0,0.0,0.0,0.0,Tic Tac Toe Online,https://www.crazygames.com/game/tic-tac-toe,tictactoe
604,Openfront,io_territory,0.0199,1,crazygames,2026,12761055,,,,,,,,,,0.1691,0.0,0.0,0.0,0.0,0.0,0.0,0.0,0.0,0.0,,https://www.crazygames.com/game/openfront-gsw,openfront
605,Kuja,other,0.0199,2,crazygames;kongregate,2014,483060,,,,,,,,,524500,0.0064,0.0,0.0,0.0,0.0,0.0,0.0,0.0,0.0,0.3247,,https://www.crazygames.com/game/kuja,kuja
606,新斗兽棋,classic_board_card,0.0198,1,4399,2019,,,,,,103,,,,,0.0,0.0,0.0,0.0,0.0,0.1685,0.0,0.0,0.0,0.0,,https://www.4399.com/flash/205050.htm,新斗兽棋
607,枪战特工,io_arena_shooter,0.0198,1,4399,2026,,,,,,,102,,,,0.0,0.0,0.0,0.0,0.0,0.0,0.1682,0.0,0.0,0.0,,https://www.4399.com/flash/258103.htm,枪战特工
608,Darts,classic_board_card,0.0197,1,coolmathgames,,,,,,,,,,187160,,0.0,0.0,0.0,0.0,0.0,0.0,0.0,0.0,0.3352,0.0,,https://www.coolmathgames.com/0-darts,darts
609,泡泡堂卡丁车,kart_battle,0.0196,1,4399,2013,,,,,,104,,,,,0.0,0.0,0.0,0.0,0.0,0.1669,0.0,0.0,0.0,0.0,,https://www.4399.com/flash/124679.htm,泡泡堂卡丁车
610,狂野飙客3,other,0.0195,1,4399,2016,,,,,,269,169,,,,0.0,0.0,0.0,0.0,0.0,0.0645,0.1015,0.0,0.0,0.0,狂野飙客2 / 狂野飙客7,https://www.4399.com/flash/179012.htm,狂野飙客
611,拯救恐龙,other,0.0194,1,4399,2011,,,,,,105,,,,,0.0,0.0,0.0,0.0,0.0,0.1653,0.0,0.0,0.0,0.0,,https://www.4399.com/flash/47919.htm,拯救恐龙
612,火柴人战争遗产2,tower_defense,0.0194,1,4399,2021,,,,,,,104,,,,0.0,0.0,0.0,0.0,0.0,0.0,0.165,0.0,0.0,0.0,,https://www.4399.com/flash/220929.htm,火柴人战争遗产
613,冰淇凌坏蛋,coop_duo_puzzle,0.0193,1,7k7k,,,,,,,,,57,,,0.0,0.0,0.0,0.0,0.0,0.0,0.0,0.3288,0.0,0.0,冰淇凌坏蛋无敌版,https://www.7k7k.com/flash/52049.htm,冰淇凌坏蛋
614,Escape Game: Room With a Lamp,classic_board_card,0.0193,2,crazygames;kongregate,2023,127159,,,,,,,,,525100,0.0017,0.0,0.0,0.0,0.0,0.0,0.0,0.0,0.0,0.3251,Escape Game - Computer Office Escape,https://www.crazygames.com/game/escape-game-room-with-a-lamp,escape
615,Getting Over It,troll_platformer,0.0193,1,crazygames,2021,12367721,,,,,,,,,,0.1639,0.0,0.0,0.0,0.0,0.0,0.0,0.0,0.0,0.0,,https://www.crazygames.com/game/getting-over-it,gettingoverit
616,快乐美发师3,dress_up_makeover,0.0193,1,4399,2012,,,,,,106,,,,,0.0,0.0,0.0,0.0,0.0,0.1637,0.0,0.0,0.0,0.0,,https://www.4399.com/flash/96275.htm,快乐美发师
617,飞机障碍挑战,endless_runner,0.0192,1,4399,2025,,,,,,,105,,,,0.0,0.0,0.0,0.0,0.0,0.0,0.1634,0.0,0.0,0.0,,https://www.4399.com/flash/247621.htm,飞机障碍挑战
618,超级米拉奇战记,tower_defense,0.0191,1,4399,2011,,,,,,107,,,,,0.0,0.0,0.0,0.0,0.0,0.1622,0.0,0.0,0.0,0.0,,https://www.4399.com/flash/48390.htm,超级米拉奇战记
619,我的煎饼摊,time_mgmt_cooking,0.019,1,4399,2022,,,,,,,106,,,,0.0,0.0,0.0,0.0,0.0,0.0,0.1619,0.0,0.0,0.0,,https://www.4399.com/flash/227446.htm,我的煎饼摊
620,权力的游戏 凛冬将至,other,0.019,1,7k7k,,,,,,,,,58,,,0.0,0.0,0.0,0.0,0.0,0.0,0.0,0.3231,0.0,0.0,,http://web.7k7k.com/games/W02304/,权力的游戏凛冬将至
621,Basketball Legends 2020,head_sports,0.019,1,crazygames,2020,12178832,,,,,,,,,,0.1614,0.0,0.0,0.0,0.0,0.0,0.0,0.0,0.0,0.0,,https://www.crazygames.com/game/basketball-legends-2020,basketballlegends
622,勇闯地下城2.8无敌版,run_gun_coop,0.0189,1,4399,2010,,,,,,108,,,,,0.0,0.0,0.0,0.0,0.0,0.1607,0.0,0.0,0.0,0.0,,https://www.4399.com/flash/99976.htm,勇闯地下城
623,Stick Epic Fighter,stickman_brawler,0.0186,1,crazygames,2024,11954983,,,,,,,,,,0.1584,0.0,0.0,0.0,0.0,0.0,0.0,0.0,0.0,0.0,,https://www.crazygames.com/game/stick-epic-fighter,stickepicfighter
624,Escape From Prison Multiplayer,stealth_heist,0.0186,1,crazygames,2024,11953070,,,,,,,,,,0.1584,0.0,0.0,0.0,0.0,0.0,0.0,0.0,0.0,0.0,,https://www.crazygames.com/game/escape-from-prison-multiplayer,escapefromprison
625,Fireboy and Watergirl in the Ice Temple,coop_duo_puzzle,0.0186,1,y8,,,,,,4164513,,,,,,0.0,0.0,0.0,0.0,0.1583,0.0,0.0,0.0,0.0,0.0,,https://www.y8.com/games/fireboy_and_watergirl_in_the_ice_temple,fireboyandwatergirlintheicetemple
626,3D麻将对对碰,classic_board_card,0.0185,1,4399,2018,,,,,,,109,,,,0.0,0.0,0.0,0.0,0.0,0.0,0.1574,0.0,0.0,0.0,,https://www.4399.com/flash/202675.htm,3d麻将对对碰
627,推理学院,other,0.0184,1,7k7k,,,,,,,,,60,,,0.0,0.0,0.0,0.0,0.0,0.0,0.0,0.3123,0.0,0.0,,https://www.7k7k.com/swf/208181.htm,推理学院
628,CG FC 26,penalty_freekick,0.0184,1,crazygames,2024,11775763,,,,,,,,,,0.156,0.0,0.0,0.0,0.0,0.0,0.0,0.0,0.0,0.0,,https://www.crazygames.com/game/cg-fc-24,cgfc
629,Funny Shooter 2,io_arena_shooter,0.0183,1,crazygames,2022,11730018,,,,,,,,,,0.1554,0.0,0.0,0.0,0.0,0.0,0.0,0.0,0.0,0.0,Funny Shooter - Destroy All,https://www.crazygames.com/game/funny-shooter-2,funnyshooter
630,Gold Miner Vegas,gold_miner_claw,0.0183,1,y8,,,,,,4087050,,,,,,0.0,0.0,0.0,0.0,0.1554,0.0,0.0,0.0,0.0,0.0,,https://www.y8.com/games/gold_miner_vegas,goldminervegas
631,小怪物探险,coop_duo_puzzle,0.0182,1,4399,2010,,,,,,112,,,,,0.0,0.0,0.0,0.0,0.0,0.155,0.0,0.0,0.0,0.0,小怪物探险2 / 小怪物探险3,https://www.4399.com/flash/34736.htm,小怪物探险
632,Bubble Blast,classic_board_card,0.0181,2,crazygames;playgama,2023,11596884,,,,,,,,,,0.1536,0.0,0.0,0.0,0.0,0.0,0.0,0.0,0.0,0.0,,https://www.crazygames.com/game/bubble-blast-pwd,bubbleblast
633,专业钢琴演奏,rhythm_music,0.0181,1,7k7k,,,,,,,,,61,,,0.0,0.0,0.0,0.0,0.0,0.0,0.0,0.3072,0.0,0.0,,https://www.7k7k.com/flash/120590.htm,专业钢琴演奏
634,My Parking Lot,parking_traffic_puzzle,0.018,1,y8,,,,,,4023820,,,,,,0.0,0.0,0.0,0.0,0.1529,0.0,0.0,0.0,0.0,0.0,,https://www.y8.com/games/my_parking_lot,myparkinglot
635,河马饲养员,classic_board_card,0.0179,1,4399,2011,,,,,,114,,,,,0.0,0.0,0.0,0.0,0.0,0.1523,0.0,0.0,0.0,0.0,,https://www.4399.com/flash/68259.htm,河马饲养员
636,火柴人影vs神死斗,other,0.0179,1,4399,2021,,,,,,,113,,,,0.0,0.0,0.0,0.0,0.0,0.0,0.1518,0.0,0.0,0.0,,https://www.4399.com/flash/218281.htm,火柴人影vs神死斗
637,开心斗地主,classic_board_card,0.0178,2,4399;7k7k,2010,,,,,,283,,104,,,0.0,0.0,0.0,0.0,0.0,0.0613,0.0,0.1802,0.0,0.0,,https://www.4399.com/flash/36990.htm,开心斗地主
638,女孩的时尚派对,dress_up_makeover,0.0178,1,7k7k,,,,,,,,,62,,,0.0,0.0,0.0,0.0,0.0,0.0,0.0,0.3023,0.0,0.0,,https://www.7k7k.com/flash/98442.htm,女孩的时尚派对
639,火线风暴,run_gun_coop,0.0178,1,4399,2013,,,,,,115,,,,,0.0,0.0,0.0,0.0,0.0,0.1509,0.0,0.0,0.0,0.0,,https://www.4399.com/flash/129252.htm,火线风暴
640,火柴人生存挑战2,other,0.0177,1,4399,2018,,,,,,,114,,,,0.0,0.0,0.0,0.0,0.0,0.0,0.1505,0.0,0.0,0.0,火柴人生存挑战,https://www.4399.com/flash/199564.htm,火柴人生存挑战
641,2048,merge_drop,0.0176,1,coolmathgames,,,,,,,,,,167249,,0.0,0.0,0.0,0.0,0.0,0.0,0.0,0.0,0.2996,0.0,,https://www.coolmathgames.com/0-2048,2048
642,米拉奇战记,tower_defense,0.0176,1,4399,2010,,,,,,116,,,,,0.0,0.0,0.0,0.0,0.0,0.1496,0.0,0.0,0.0,0.0,,https://www.4399.com/flash/40566.htm,米拉奇战记
643,火柴人逃亡日记,other,0.0176,1,4399,2021,,,,,,,115,,,,0.0,0.0,0.0,0.0,0.0,0.0,0.1492,0.0,0.0,0.0,,https://www.4399.com/flash/220014.htm,火柴人逃亡日记
644,TenTrix,merge_drop,0.0175,1,crazygames,2018,11239208,,,,,,,,,,0.1489,0.0,0.0,0.0,0.0,0.0,0.0,0.0,0.0,0.0,,https://www.crazygames.com/game/tentrix,tentrix
645,小鸭历险记,precision_platformer,0.0175,1,7k7k,,,,,,,,,63,,,0.0,0.0,0.0,0.0,0.0,0.0,0.0,0.2975,0.0,0.0,,https://www.7k7k.com/flash/114602.htm,小鸭历险记
646,猎人的生存日记加强中文版,other,0.0175,1,4399,2017,,,,,,217,250,,,,0.0,0.0,0.0,0.0,0.0,0.08,0.0686,0.0,0.0,0.0,,https://www.4399.com/flash/189096.htm,猎人的生存日记加强
647,TileMan.io,io_territory,0.0172,1,crazygames,2018,11053180,,,,,,,,,,0.1464,0.0,0.0,0.0,0.0,0.0,0.0,0.0,0.0,0.0,,https://www.crazygames.com/game/tileman-io,tileman
648,Perry the Perv,other,0.0172,1,y8,,,,,,3843903,,,,,,0.0,0.0,0.0,0.0,0.1461,0.0,0.0,0.0,0.0,0.0,,https://www.y8.com/games/perry_the_perv,perrytheperv
649,Assault Bots,io_arena_shooter,0.0172,1,crazygames,2020,11011651,,,,,,,,,,0.1459,0.0,0.0,0.0,0.0,0.0,0.0,0.0,0.0,0.0,,https://www.crazygames.com/game/bot-machines,assaultbots
650,城邦争霸1.1.2,tower_defense,0.0172,1,4399,2012,,,,,,119,,,,,0.0,0.0,0.0,0.0,0.0,0.1459,0.0,0.0,0.0,0.0,,https://www.4399.com/flash/102670.htm,城邦争霸
651,Cut the Rope,classic_board_card,0.0171,2,coolmathgames;crazygames,2024,6574874,,,,,,,,65338,,0.0871,0.0,0.0,0.0,0.0,0.0,0.0,0.0,0.117,0.0,,https://www.crazygames.com/game/cut-the-rope-ebx,cuttherope
652,吃鸡枪王战场,io_arena_shooter,0.017,1,4399,2023,,,,,,,119,,,,0.0,0.0,0.0,0.0,0.0,0.0,0.1442,0.0,0.0,0.0,,https://www.4399.com/flash/233253.htm,吃鸡枪王战场
653,Save The Doge 2,classic_board_card,0.017,2,lagged;y8,,,,,,3792678,,,,,,0.0,0.0,0.0,0.0,0.1442,0.0,0.0,0.0,0.0,0.0,Save the Doge 2,https://www.y8.com/games/save_the_doge_2,savethedoge
654,火柴人神器之战2,stickman_brawler,0.0169,2,4399;7k7k,2019,,,,,,279,,115,,,0.0,0.0,0.0,0.0,0.0,0.0622,0.0,0.163,0.0,0.0,,https://www.4399.com/flash/207016.htm,火柴人神器之战
655,真人快打,stickman_brawler,0.0169,1,4399,2004,,,,,,121,,,,,0.0,0.0,0.0,0.0,0.0,0.1434,0.0,0.0,0.0,0.0,,https://www.4399.com/flash/1378.htm,真人快打
656,Tropical Merge,merge_drop,0.0168,1,crazygames,2021,10799052,,,,,,,,,,0.1431,0.0,0.0,0.0,0.0,0.0,0.0,0.0,0.0,0.0,,https://www.crazygames.com/game/tropical-merge,tropicalmerge
657,阿sue煮鸡蛋面,dress_up_makeover,0.0168,1,4399,2008,,,,,,200,306,,,,0.0,0.0,0.0,0.0,0.0,0.0868,0.0561,0.0,0.0,0.0,,https://www.4399.com/flash/9714.htm,阿sue煮鸡蛋面
658,Sniper vs Sniper,io_arena_shooter,0.0168,1,y8,,,,,,3758288,,,,,,0.0,0.0,0.0,0.0,0.1429,0.0,0.0,0.0,0.0,0.0,,https://www.y8.com/games/sniper_vs_sniper,snipervssniper
659,Wrestle Bros,physics_random_duel,0.0168,2,crazygames;twoplayergames,2023,10777478,,,,,,,,,,0.1428,0.0,0.0,0.0,0.0,0.0,0.0,0.0,0.0,0.0,,https://www.crazygames.com/game/wrestle-bros,wrestlebros
660,西游灭妖传,run_gun_coop,0.0167,1,4399,2016,,,,,,122,,,,,0.0,0.0,0.0,0.0,0.0,0.1423,0.0,0.0,0.0,0.0,,https://www.4399.com/flash/172188.htm,西游灭妖传
661,皇家守卫军1.1中文无敌版,tower_defense,0.0167,1,7k7k,,,,,,,,,66,,,0.0,0.0,0.0,0.0,0.0,0.0,0.0,0.2839,0.0,0.0,皇家守卫军1.081中文无敌版,https://www.7k7k.com/flash/99147.htm,皇家守卫军中文
662,大嘴怪冒险无敌版,precision_platformer,0.0166,1,4399,2011,,,,,,123,,,,,0.0,0.0,0.0,0.0,0.0,0.1411,0.0,0.0,0.0,0.0,,https://www.4399.com/flash/74394.htm,大嘴怪冒险
663,麻将移移看,classic_board_card,0.0165,2,4399;7k7k,2011,,,,,,,214,155,,,0.0,0.0,0.0,0.0,0.0,0.0,0.0802,0.1209,0.0,0.0,,https://www.4399.com/flash/69109.htm,麻将移移看
664,小球进洞,other,0.0165,2,4399;7k7k,2010,,,,,,250,,132,,,0.0,0.0,0.0,0.0,0.0,0.0694,0.0,0.142,0.0,0.0,小球进洞4,https://www.4399.com/flash/21223.htm,小球进洞
665,Tuk Tuk Auto Rickshaw,car_stunt_drift,0.0165,1,y8,,,,,,3682157,,,,,,0.0,0.0,0.0,0.0,0.14,0.0,0.0,0.0,0.0,0.0,,https://www.y8.com/games/tuk_tuk_auto_rickshaw,tuktukautorickshaw
666,XoXo Blast,other,0.0165,1,y8,,,,,,3679989,,,,,,0.0,0.0,0.0,0.0,0.1399,0.0,0.0,0.0,0.0,0.0,,https://www.y8.com/games/xoxo_blast,xoxoblast
667,Escaping the Prison,run_gun_coop,0.0164,1,crazygames,,10525982,,,,,,,,,,0.1395,0.0,0.0,0.0,0.0,0.0,0.0,0.0,0.0,0.0,,https://www.crazygames.com/game/escaping-the-prison,escapingtheprison
668,海盗军团抢宝藏,other,0.0163,1,4399,2010,,,,,,125,,,,,0.0,0.0,0.0,0.0,0.0,0.1389,0.0,0.0,0.0,0.0,,https://www.4399.com/flash/18173.htm,海盗军团抢宝藏
669,Arrow Challenge,artillery_turn,0.0163,1,y8,,,,,,3648971,,,,,,0.0,0.0,0.0,0.0,0.1387,0.0,0.0,0.0,0.0,0.0,,https://www.y8.com/games/arrow_challenge_,arrowchallenge
670,TrackRacing Online TRO,car_stunt_drift,0.0162,1,kongregate,,,,,,,,,,,445500,0.0,0.0,0.0,0.0,0.0,0.0,0.0,0.0,0.0,0.2758,,https://www.kongregate.com/en/games/SoulKey/trackracing-online-tro,trackracingtro
671,王者精英5V5,other,0.0161,1,4399,2021,,,,,,,125,,,,0.0,0.0,0.0,0.0,0.0,0.0,0.1373,0.0,0.0,0.0,,https://www.4399.com/flash/222151.htm,王者精英5v
672,Bloons Tower Defense,tower_defense,0.0161,1,crazygames,2021,10323729,,,,,,,,,,0.1368,0.0,0.0,0.0,0.0,0.0,0.0,0.0,0.0,0.0,Bloons Tower Defense 2 / Bloons Tower Defense 3 / Bloons Tower Defense 4,https://www.crazygames.com/game/bloons-tower-defense-3,bloonstowerdefense
673,Three Goblets,other,0.016,1,kongregate,,,,,,,,,,,438300,0.0,0.0,0.0,0.0,0.0,0.0,0.0,0.0,0.0,0.2714,,https://www.kongregate.com/en/games/adventale/three-goblets,threegoblets
674,我的同事不是人,other,0.0158,1,4399,2026,,,,,,,128,,,,0.0,0.0,0.0,0.0,0.0,0.0,0.134,0.0,0.0,0.0,,https://www.4399.com/flash/260451.htm,我的同事不是人
675,Arkadium's Bubble Shooter,io_arena_shooter,0.0158,1,crazygames,2022,10105970,,,,,,,,,,0.1339,0.0,0.0,0.0,0.0,0.0,0.0,0.0,0.0,0.0,,https://www.crazygames.com/game/arkadium-s-bubble-shooter,arkadiumsbubbleshooter
676,冰火双星回家,coop_duo_puzzle,0.0157,1,7k7k,,,,,,,,,70,,,0.0,0.0,0.0,0.0,0.0,0.0,0.0,0.2677,0.0,0.0,,https://www.7k7k.com/flash/102378.htm,冰火双星回家
677,FrontWars.io,io_territory,0.0157,1,crazygames,2025,10070455,,,,,,,,,,0.1334,0.0,0.0,0.0,0.0,0.0,0.0,0.0,0.0,0.0,,https://www.crazygames.com/game/frontwars-io,frontwars
678,Ragdoll Throw Challenge,ragdoll_gore_course,0.0157,1,crazygames,2024,10062015,,,,,,,,,,0.1333,0.0,0.0,0.0,0.0,0.0,0.0,0.0,0.0,0.0,,https://www.crazygames.com/game/ragdoll-throw-challenge,ragdollthrowchallenge
679,空间站大战机器人,other,0.0156,1,4399,2025,,,,,,,129,,,,0.0,0.0,0.0,0.0,0.0,0.0,0.133,0.0,0.0,0.0,,https://www.4399.com/flash/249699.htm,空间站大战机器人
680,Racing in City,car_stunt_drift,0.0156,1,crazygames,2023,10007221,,,,,,,,,,0.1326,0.0,0.0,0.0,0.0,0.0,0.0,0.0,0.0,0.0,,https://www.crazygames.com/game/racing-in-city,racingincity
681,装载卡车5,bike_trials,0.0156,1,4399,2016,,,,,,131,,,,,0.0,0.0,0.0,0.0,0.0,0.1325,0.0,0.0,0.0,0.0,装载卡车4,https://www.4399.com/flash/171900.htm,装载卡车
682,Ninja Hands,other,0.0156,1,crazygames,2022,9979590,,,,,,,,,,0.1322,0.0,0.0,0.0,0.0,0.0,0.0,0.0,0.0,0.0,Ninja Hands 2,https://www.crazygames.com/game/ninja-hands,ninjahands
683,BlockBuster Puzzle,merge_drop,0.0155,1,crazygames,2024,9934676,,,,,,,,,,0.1316,0.0,0.0,0.0,0.0,0.0,0.0,0.0,0.0,0.0,,https://www.crazygames.com/game/blockbuster-puzzle,blockbusterpuzzle
684,Agar.io,io_eat_grow,0.0155,1,crazygames,2015,9927479,,,,,,,,,,0.1315,0.0,0.0,0.0,0.0,0.0,0.0,0.0,0.0,0.0,,https://www.crazygames.com/game/agario,agar
685,萌少年酷跑电脑版,endless_runner,0.0155,1,4399,2014,,,,,,132,,,,,0.0,0.0,0.0,0.0,0.0,0.1315,0.0,0.0,0.0,0.0,萌少年酷跑三人版,https://www.4399.com/flash/136667.htm,萌少年酷跑
686,Super Crime Steel War Hero,other,0.0155,1,crazygames,2018,9914172,,,,,,,,,,0.1313,0.0,0.0,0.0,0.0,0.0,0.0,0.0,0.0,0.0,,https://www.crazygames.com/game/super-crime-steel-war-hero,supercrimesteelwarhero
687,上吧茶叶蛋,other,0.0154,1,4399,2025,,,,,,,131,,,,0.0,0.0,0.0,0.0,0.0,0.0,0.131,0.0,0.0,0.0,,https://www.4399.com/flash/252344.htm,上吧茶叶蛋
688,Demolition Derby 3,kart_battle,0.0153,1,crazygames,2024,9829782,,,,,,,,,,0.1302,0.0,0.0,0.0,0.0,0.0,0.0,0.0,0.0,0.0,Demolition Derby 2,https://www.crazygames.com/game/demolition-derby-3,demolitionderby
689,蜗牛寻新房子2修改版,classic_board_card,0.0153,1,7k7k,,,,,,,,,72,,,0.0,0.0,0.0,0.0,0.0,0.0,0.0,0.2603,0.0,0.0,蜗牛寻新房子3,https://www.7k7k.com/flash/78022.htm,蜗牛寻新房子
690,奥雅之光,other,0.0153,1,4399,2010,,,,,,,132,,,,0.0,0.0,0.0,0.0,0.0,0.0,0.13,0.0,0.0,0.0,,https://news.4399.com/aoyazhiguang/,奥雅之光
691,阿Sue做蛋糕,time_mgmt_cooking,0.0152,2,4399;7k7k,2006,,,,,,240,,165,,,0.0,0.0,0.0,0.0,0.0,0.0723,0.0,0.1136,0.0,0.0,,https://www.4399.com/flash/2878.htm,阿sue做蛋糕
692,Cannon Basketball,head_sports,0.0151,1,coolmathgames,,,,,,,,,,143710,,0.0,0.0,0.0,0.0,0.0,0.0,0.0,0.0,0.2574,0.0,,https://www.coolmathgames.com/0-cannon-basketball,cannonbasketball
693,War Brokers,other,0.0151,1,crazygames,2019,9697892,,,,,,,,,,0.1285,0.0,0.0,0.0,0.0,0.0,0.0,0.0,0.0,0.0,,https://www.crazygames.com/game/war-brokers-io,warbrokers
694,Open House,other,0.0151,1,crazygames,2025,9676479,,,,,,,,,,0.1282,0.0,0.0,0.0,0.0,0.0,0.0,0.0,0.0,0.0,,https://www.crazygames.com/game/open-house,openhouse
695,双人野外躲猫猫,hide_seek_prop,0.0151,1,4399,2025,,,,,,,134,,,,0.0,0.0,0.0,0.0,0.0,0.0,0.128,0.0,0.0,0.0,,https://www.4399.com/flash/251895.htm,野外躲猫猫
696,整蛊火柴人2,ragdoll_gore_course,0.015,1,4399,2014,,,,,,136,,,,,0.0,0.0,0.0,0.0,0.0,0.1276,0.0,0.0,0.0,0.0,,https://www.4399.com/flash/134354.htm,整蛊火柴人
697,Unmatched Ego,other,0.015,1,crazygames,2026,9612166,,,,,,,,,,0.1273,0.0,0.0,0.0,0.0,0.0,0.0,0.0,0.0,0.0,Unmatched Ego 2,https://www.crazygames.com/game/unmatched-ego-2,unmatchedego
698,人生重开模拟器,other,0.015,1,4399,2021,,,,,,,135,,,,0.0,0.0,0.0,0.0,0.0,0.0,0.1271,0.0,0.0,0.0,,https://www.4399.com/flash/222735.htm,人生重开模拟器
699,坦克大战之风云再起,tank_maze_duel,0.0149,1,4399,2019,,,,,,137,,,,,0.0,0.0,0.0,0.0,0.0,0.1267,0.0,0.0,0.0,0.0,,https://news.4399.com/tanke/,坦克大战之风云再起
700,维京传奇,mmo_pet_social,0.0149,1,7k7k,,,,,,,,,74,,,0.0,0.0,0.0,0.0,0.0,0.0,0.0,0.2532,0.0,0.0,,http://web.7k7k.com/games/W02366/pt/pt-W02366gw.html,维京传奇
701,Build and Crush,physics_destruction,0.0149,1,crazygames,2019,9551798,,,,,,,,,,0.1265,0.0,0.0,0.0,0.0,0.0,0.0,0.0,0.0,0.0,,https://www.crazygames.com/game/build-and-crush,buildandcrush
702,Horror Tale,horror_escape,0.0149,1,crazygames,2023,9546072,,,,,,,,,,0.1265,0.0,0.0,0.0,0.0,0.0,0.0,0.0,0.0,0.0,Horror Tale 2: Samantha / Horror Tale 3: The Witch,https://www.crazygames.com/game/horror-tale-kidnapper,horrortale
703,经典台球挑战赛,pool_billiards,0.0148,1,4399,2018,,,,,,,136,,,,0.0,0.0,0.0,0.0,0.0,0.0,0.1262,0.0,0.0,0.0,,https://www.4399.com/flash/196986.htm,经典台球挑战赛
704,骇客大战外星人,run_gun_coop,0.0148,1,4399,2012,,,,,,138,,,,,0.0,0.0,0.0,0.0,0.0,0.1258,0.0,0.0,0.0,0.0,,https://www.4399.com/flash/98781.htm,骇客大战外星人
705,Rolling Balls Sea Race,endless_runner,0.0148,1,crazygames,2024,9470149,,,,,,,,,,0.1255,0.0,0.0,0.0,0.0,0.0,0.0,0.0,0.0,0.0,,https://www.crazygames.com/game/roling-balls-sea-race,rollingballssearace
706,暗影格斗双人版,stickman_brawler,0.0147,1,4399,2025,,,,,,,137,,,,0.0,0.0,0.0,0.0,0.0,0.0,0.1252,0.0,0.0,0.0,,https://www.4399.com/flash/248819.htm,暗影格斗
707,SpiderDoll,ragdoll_gore_course,0.0147,1,crazygames,2021,9444742,,,,,,,,,,0.1251,0.0,0.0,0.0,0.0,0.0,0.0,0.0,0.0,0.0,,https://www.crazygames.com/game/spiderdoll,spiderdoll
708,帮鸟儿解冻3,classic_board_card,0.0147,1,4399,2014,,,,,,139,,,,,0.0,0.0,0.0,0.0,0.0,0.1249,0.0,0.0,0.0,0.0,,https://www.4399.com/flash/131178.htm,帮鸟儿解冻
709,Super MX - Last Season,other,0.0146,1,crazygames,2020,9365894,,,,,,,,,,0.1241,0.0,0.0,0.0,0.0,0.0,0.0,0.0,0.0,0.0,Super MX - The Champion,https://www.crazygames.com/game/super-mx-last-season,supermx
710,Coffee Shop Game,time_mgmt_cooking,0.0146,1,coolmathgames,,,,,,,,,,138490,,0.0,0.0,0.0,0.0,0.0,0.0,0.0,0.0,0.248,0.0,,https://www.coolmathgames.com/0-coffee-shop,coffeeshop
711,国王的勇士5,run_gun_coop,0.0146,1,4399,2015,,,,,,140,,,,,0.0,0.0,0.0,0.0,0.0,0.124,0.0,0.0,0.0,0.0,,https://www.4399.com/flash/160855.htm,国王的勇士
712,Infiltrating the Airship,other,0.0145,1,crazygames,2013,9330577,,,,,,,,,,0.1236,0.0,0.0,0.0,0.0,0.0,0.0,0.0,0.0,0.0,,https://www.crazygames.com/game/infiltrating-the-airship,infiltratingtheairship
713,Punchers,other,0.0145,1,crazygames,2020,9320567,,,,,,,,,,0.1235,0.0,0.0,0.0,0.0,0.0,0.0,0.0,0.0,0.0,,https://www.crazygames.com/game/punchers,punchers
714,橡皮糖探险,other,0.0145,1,7k7k,,,,,,,,,76,,,0.0,0.0,0.0,0.0,0.0,0.0,0.0,0.2466,0.0,0.0,橡皮糖探险3,https://www.7k7k.com/flash/40313.htm,橡皮糖探险
715,坏蛋冰淇淋2无敌版,coop_duo_puzzle,0.0145,1,4399,2012,,,,,,141,,,,,0.0,0.0,0.0,0.0,0.0,0.1231,0.0,0.0,0.0,0.0,,https://www.4399.com/flash/106933.htm,坏蛋冰淇淋
716,大富翁,classic_board_card,0.0143,1,4399,2019,,,,,,,141,,,,0.0,0.0,0.0,0.0,0.0,0.0,0.1217,0.0,0.0,0.0,,https://www.4399.com/flash/207818.htm,大富翁
717,飞行棋,classic_board_card,0.0143,1,7k7k,,,,,,,,,77,,,0.0,0.0,0.0,0.0,0.0,0.0,0.0,0.2434,0.0,0.0,,https://www.7k7k.com/flash/155664.htm,飞行棋
718,Bank Robbery,stealth_heist,0.0143,1,crazygames,2023,9176081,,,,,,,,,,0.1216,0.0,0.0,0.0,0.0,0.0,0.0,0.0,0.0,0.0,Bank Robbery 2 / Bank Robbery 3,https://www.crazygames.com/game/bank-robbery-3,bankrobbery
719,The Journey Home,other,0.0143,1,kongregate,,,,,,,,,,,392000,0.0,0.0,0.0,0.0,0.0,0.0,0.0,0.0,0.0,0.2427,,https://www.kongregate.com/en/games/Raius_/the-journey-home,thejourneyhome
720,经典90坦克大战,tank_maze_duel,0.0142,2,4399;7k7k,2007,,,,,,144,,,,,0.0,0.0,0.0,0.0,0.0,0.1205,0.0,0.0,0.0,0.0,,https://www.4399.com/flash/4963.htm,经典90坦克大战
721,Tennis Masters,racket_duel,0.0141,3,agame;crazygames;twoplayergames,2020,9075547,,,,,,,,,,0.1202,0.0,0.0,0.0,0.0,0.0,0.0,0.0,0.0,0.0,Tennis Masters 2026,https://www.crazygames.com/game/tennis-masters,tennismasters
722,Drift Escape,car_stunt_drift,0.0141,1,crazygames,2023,9041113,,,,,,,,,,0.1198,0.0,0.0,0.0,0.0,0.0,0.0,0.0,0.0,0.0,,https://www.crazygames.com/game/drift-escape,driftescape
723,荒岛枪训,run_gun_coop,0.0141,1,4399,2018,,,,,,145,,,,,0.0,0.0,0.0,0.0,0.0,0.1197,0.0,0.0,0.0,0.0,,https://www.4399.com/flash/196945.htm,荒岛枪训
724,Fairyland Merge & Magic,merge_drop,0.014,1,crazygames,2022,8995903,,,,,,,,,,0.1192,0.0,0.0,0.0,0.0,0.0,0.0,0.0,0.0,0.0,,https://www.crazygames.com/game/fairyland-merge-and-magic,fairylandmergemagic
725,山坡越野挑战,other,0.014,1,4399,2026,,,,,,,144,,,,0.0,0.0,0.0,0.0,0.0,0.0,0.1192,0.0,0.0,0.0,,https://www.4399.com/flash/256850.htm,山坡越野挑战
726,Subway Clash Remastered,other,0.0139,1,crazygames,2019,8946879,,,,,,,,,,0.1185,0.0,0.0,0.0,0.0,0.0,0.0,0.0,0.0,0.0,,https://www.crazygames.com/game/subway-clash-remastered,subwayclash
727,狂扁外星人,other,0.0139,1,4399,2025,,,,,,,145,,,,0.0,0.0,0.0,0.0,0.0,0.0,0.1183,0.0,0.0,0.0,,https://www.4399.com/flash/254626.htm,狂扁外星人
728,Epic Sword Battle! Fight in Arena,classic_board_card,0.0139,1,crazygames,2025,8915593,,,,,,,,,,0.1181,0.0,0.0,0.0,0.0,0.0,0.0,0.0,0.0,0.0,,https://www.crazygames.com/game/epic-sword-battle-fight-in-arena,epicswordbattlefightinarena
729,机甲小子,run_gun_coop,0.0139,1,4399,2013,,,,,,147,,,,,0.0,0.0,0.0,0.0,0.0,0.1181,0.0,0.0,0.0,0.0,,https://www.4399.com/flash/115225.htm,机甲小子
730,Leek Factory Tycoon,idle_clicker,0.0138,1,crazygames,2023,8873220,,,,,,,,,,0.1176,0.0,0.0,0.0,0.0,0.0,0.0,0.0,0.0,0.0,,https://www.crazygames.com/game/leek-factory-tycoon,leekfactorytycoon
731,我就要吃鸡,io_arena_shooter,0.0138,1,4399,2020,,,,,,,146,,,,0.0,0.0,0.0,0.0,0.0,0.0,0.1175,0.0,0.0,0.0,,https://www.4399.com/flash/212136.htm,我就要吃鸡
732,钻头车挖宝石,gold_miner_claw,0.0138,1,4399,2011,,,,,,148,,,,,0.0,0.0,0.0,0.0,0.0,0.1173,0.0,0.0,0.0,0.0,,https://www.4399.com/flash/64592.htm,钻头车挖宝石
733,合金前线完美版,run_gun_coop,0.0138,1,7k7k,,,,,,,,,80,,,0.0,0.0,0.0,0.0,0.0,0.0,0.0,0.2342,0.0,0.0,,https://www.7k7k.com/flash/18021.htm,合金前线完美
734,音速无影,other,0.0137,1,4399,2023,,,,,,,147,,,,0.0,0.0,0.0,0.0,0.0,0.0,0.1167,0.0,0.0,0.0,,https://www.4399.com/flash/188993.htm,音速无影
735,极速飞车3,car_stunt_drift,0.0137,1,4399,2012,,,,,,149,,,,,0.0,0.0,0.0,0.0,0.0,0.1165,0.0,0.0,0.0,0.0,,https://www.4399.com/flash/97554.htm,极速飞车
736,Bank Heist,stealth_heist,0.0137,2,crazygames;playgama,2024,8786183,,,,,,,,,,0.1164,0.0,0.0,0.0,0.0,0.0,0.0,0.0,0.0,0.0,Bank Heist: Judgment Day,https://www.crazygames.com/game/bank-heist,bankheist
737,亚当找夏娃3,classic_board_card,0.0136,1,4399,2014,,,,,,150,,,,,0.0,0.0,0.0,0.0,0.0,0.1157,0.0,0.0,0.0,0.0,亚当找夏娃中文版,https://www.4399.com/flash/147327.htm,亚当找夏娃
738,Prop Busters,hide_seek_prop,0.0135,1,y8,,,,,,3016917,,,,,,0.0,0.0,0.0,0.0,0.1147,0.0,0.0,0.0,0.0,0.0,,https://www.y8.com/games/prop_busters,propbusters
739,麻将连连看2,classic_board_card,0.0135,1,4399,2009,,,,,,,150,,,,0.0,0.0,0.0,0.0,0.0,0.0,0.1144,0.0,0.0,0.0,麻将连连看,https://www.4399.com/flash/10453.htm,麻将连连看
740,Get the Watermelon,merge_drop,0.0134,1,y8,,,,,,3007465,,,,,,0.0,0.0,0.0,0.0,0.1143,0.0,0.0,0.0,0.0,0.0,,https://www.y8.com/games/get_the_watermelon,getthewatermelon
741,奥维五子棋,classic_board_card,0.0134,1,4399,2007,,,,,,152,,,,,0.0,0.0,0.0,0.0,0.0,0.1142,0.0,0.0,0.0,0.0,,https://www.4399.com/flash/4406.htm,奥维五子棋
742,求生100天,other,0.0134,1,4399,2021,,,,,,,151,,,,0.0,0.0,0.0,0.0,0.0,0.0,0.1136,0.0,0.0,0.0,,https://www.4399.com/flash/223865.htm,求生100天
743,孤城神箭,artillery_turn,0.0133,1,4399,2013,,,,,,153,,,,,0.0,0.0,0.0,0.0,0.0,0.1134,0.0,0.0,0.0,0.0,,https://www.4399.com/flash/117462.htm,孤城神箭
744,UnpuzzleX,classic_board_card,0.0133,1,kongregate,,,,,,,,,,,364800,0.0,0.0,0.0,0.0,0.0,0.0,0.0,0.0,0.0,0.2259,,https://www.kongregate.com/en/games/KekGames/unpuzzlex,unpuzzlex
745,二战前线2中文无敌版,run_gun_coop,0.0133,1,4399,2010,,,,,,154,,,,,0.0,0.0,0.0,0.0,0.0,0.1127,0.0,0.0,0.0,0.0,,https://www.4399.com/flash/28869.htm,二战前线2中文
746,Crusher Clicker,idle_clicker,0.0132,1,crazygames,2024,8491727,,,,,,,,,,0.1125,0.0,0.0,0.0,0.0,0.0,0.0,0.0,0.0,0.0,,https://www.crazygames.com/game/crusher-clicker,crusherclicker
747,霉豆腐摆摊,idle_clicker,0.0132,1,4399,2026,,,,,,,153,,,,0.0,0.0,0.0,0.0,0.0,0.0,0.1121,0.0,0.0,0.0,,https://www.4399.com/flash/259309.htm,霉豆腐摆摊
748,Wood Block Journey,classic_board_card,0.013,1,crazygames,2023,8339132,,,,,,,,,,0.1105,0.0,0.0,0.0,0.0,0.0,0.0,0.0,0.0,0.0,,https://www.crazygames.com/game/wood-block-journey,woodblockjourney
749,大炮色彩毛绒球,artillery_turn,0.0129,1,4399,2010,,,,,,158,,,,,0.0,0.0,0.0,0.0,0.0,0.1099,0.0,0.0,0.0,0.0,,https://www.4399.com/flash/46144.htm,大炮色彩毛绒球
750,超级植物僵尸大战,other,0.0129,1,4399,2025,,,,,,,157,,,,0.0,0.0,0.0,0.0,0.0,0.0,0.1093,0.0,0.0,0.0,,https://www.4399.com/flash/249442.htm,超级植物僵尸大战
751,超强小小兵,other,0.0128,1,4399,2026,,,,,,,158,,,,0.0,0.0,0.0,0.0,0.0,0.0,0.1086,0.0,0.0,0.0,,https://www.4399.com/flash/259749.htm,超强小小兵
752,Horde Killer: You vs 100,other,0.0128,1,crazygames,2022,8196654,,,,,,,,,,0.1086,0.0,0.0,0.0,0.0,0.0,0.0,0.0,0.0,0.0,,https://www.crazygames.com/game/horde-killer-you-vs-100,hordekiller
753,狼牙特种部队2,run_gun_coop,0.0128,1,4399,2014,,,,,,160,,,,,0.0,0.0,0.0,0.0,0.0,0.1085,0.0,0.0,0.0,0.0,,https://www.4399.com/flash/131185.htm,狼牙特种部队
754,Crazy Grand Prix,other,0.0127,1,crazygames,2022,8169836,,,,,,,,,,0.1082,0.0,0.0,0.0,0.0,0.0,0.0,0.0,0.0,0.0,,https://www.crazygames.com/game/crazy-grand-prix,crazygrandprix
755,奥特曼格斗之热血英雄,stickman_brawler,0.0127,1,4399,2025,,,,,,,159,,,,0.0,0.0,0.0,0.0,0.0,0.0,0.1079,0.0,0.0,0.0,,https://www.4399.com/flash/248912.htm,奥特曼格斗之热血英雄
756,烤彩虹甜甜圈中文版,time_mgmt_cooking,0.0127,1,7k7k,,,,,,,,,87,,,0.0,0.0,0.0,0.0,0.0,0.0,0.0,0.2154,0.0,0.0,,https://www.7k7k.com/flash/139778.htm,烤彩虹甜甜圈
757,B,other,0.0127,1,coolmathgames,,,,,,,,,,120131,,0.0,0.0,0.0,0.0,0.0,0.0,0.0,0.0,0.2152,0.0,,https://www.coolmathgames.com/0-b-cubed,b
758,BrutalMania.io (Brutal Mania),other,0.0127,1,crazygames,2018,8119555,,,,,,,,,,0.1076,0.0,0.0,0.0,0.0,0.0,0.0,0.0,0.0,0.0,,https://www.crazygames.com/game/brutalmania-io,brutalmania
759,Schoolboy Escape: Runaway,other,0.0126,1,crazygames,2025,8096705,,,,,,,,,,0.1073,0.0,0.0,0.0,0.0,0.0,0.0,0.0,0.0,0.0,Schoolboy Escape 2,https://www.crazygames.com/game/schoolboy-escape-runaway,schoolboyescape
760,Diep.io,tank_maze_duel,0.0126,1,crazygames,2016,8093649,,,,,,,,,,0.1072,0.0,0.0,0.0,0.0,0.0,0.0,0.0,0.0,0.0,,https://www.crazygames.com/game/diepio,diep
761,合成大西瓜,merge_drop,0.0125,1,7k7k,,,,,,,,,88,,,0.0,0.0,0.0,0.0,0.0,0.0,0.0,0.213,0.0,0.0,,https://www.7k7k.com/flash/200830.htm,合成大西瓜
762,Ramp Car VS Police: CHASE,other,0.0125,1,crazygames,2026,8006104,,,,,,,,,,0.1061,0.0,0.0,0.0,0.0,0.0,0.0,0.0,0.0,0.0,,https://www.crazygames.com/game/ramp-car-vs-police-chase-psm,rampcarvspolice
763,蜘蛛纸牌,classic_board_card,0.0125,1,4399,2010,,,,,,,162,,,,0.0,0.0,0.0,0.0,0.0,0.0,0.1059,0.0,0.0,0.0,,https://www.4399.com/flash/26972.htm,蜘蛛纸牌
764,Stickman Rebirth,other,0.0124,1,crazygames,2025,7973041,,,,,,,,,,0.1056,0.0,0.0,0.0,0.0,0.0,0.0,0.0,0.0,0.0,,https://www.crazygames.com/game/stickman-rebirth,stickmanrebirth
765,一梦九霄,other,0.0124,1,7k7k,,,,,,,,,89,,,0.0,0.0,0.0,0.0,0.0,0.0,0.0,0.2106,0.0,0.0,,https://h5.7k7k.com/mb/mb2/75088515b33f1cabaf910f9c66e1e1e7.html?gid=d34e01969d7ca1f4ac111b4a53acfbaa&tid=96025&qs=1,一梦九霄
766,欢乐三国杀,mmo_pet_social,0.0124,1,4399,2023,,,,,,,163,,,,0.0,0.0,0.0,0.0,0.0,0.0,0.1053,0.0,0.0,0.0,,https://www.4399.com/flash/230973.htm,欢乐三国杀
767,Prison Escape,stealth_heist,0.0123,1,crazygames,2026,7897801,,,,,,,,,,0.1046,0.0,0.0,0.0,0.0,0.0,0.0,0.0,0.0,0.0,Prison Escape 2 / Prison Escape.io,https://www.crazygames.com/game/prison-escape-2,prisonescape
768,4399村长征战团,other,0.0123,1,4399,2022,,,,,,,164,,,,0.0,0.0,0.0,0.0,0.0,0.0,0.1046,0.0,0.0,0.0,,https://www.4399.com/flash/159974.htm,村长征战团
769,飞天忍者猫,precision_platformer,0.0123,1,4399,2008,,,,,,166,,,,,0.0,0.0,0.0,0.0,0.0,0.1046,0.0,0.0,0.0,0.0,,https://www.4399.com/flash/8068.htm,飞天忍者猫
770,地铁摸金行动,other,0.0122,1,4399,2025,,,,,,,165,,,,0.0,0.0,0.0,0.0,0.0,0.0,0.104,0.0,0.0,0.0,,https://www.4399.com/flash/254746.htm,地铁摸金行动
771,战争进化史2无敌版,tower_defense,0.0122,2,4399;7k7k,2010,,,,,,167,,,,,0.0,0.0,0.0,0.0,0.0,0.1039,0.0,0.0,0.0,0.0,战争进化史,https://www.4399.com/flash/31836.htm,战争进化史
772,Volley Random,physics_random_duel,0.0122,2,crazygames;twoplayergames,2021,7841192,,,,,,,,,,0.1039,0.0,0.0,0.0,0.0,0.0,0.0,0.0,0.0,0.0,,https://www.crazygames.com/game/volley-random,volleyrandom
773,Candy Clicker 2,idle_clicker,0.0121,1,crazygames,2021,7790066,,,,,,,,,,0.1032,0.0,0.0,0.0,0.0,0.0,0.0,0.0,0.0,0.0,,https://www.crazygames.com/game/candy-clicker-2,candyclicker
774,4399太空杀,other,0.0121,1,4399,2024,,,,,,,167,,,,0.0,0.0,0.0,0.0,0.0,0.0,0.1027,0.0,0.0,0.0,,https://news.4399.com/taikong,太空杀
775,傲视神魔传,other,0.012,1,7k7k,,,,,,,,,92,,,0.0,0.0,0.0,0.0,0.0,0.0,0.0,0.2037,0.0,0.0,,http://h5.7k7k.com/mb/mb2/92af0ed36e9d23fdbceeee6eebe82bee.html?gid=f955bc2fbaf42ae3f4942d8f9f0bdad3&tid=95931&qs=1,傲视神魔传
776,小火车过隧道无敌版,car_stunt_drift,0.0119,1,4399,2008,,,,,,172,,,,,0.0,0.0,0.0,0.0,0.0,0.1009,0.0,0.0,0.0,0.0,,https://www.4399.com/flash/37529.htm,小火车过隧道
777,Bad Cat - Granny's Return,horror_escape,0.0119,1,crazygames,2025,7610341,,,,,,,,,,0.1008,0.0,0.0,0.0,0.0,0.0,0.0,0.0,0.0,0.0,,https://www.crazygames.com/game/bad-cat---granny-s-return,badcat
778,Arm Fight,other,0.0118,1,y8,,,,,,2646823,,,,,,0.0,0.0,0.0,0.0,0.1006,0.0,0.0,0.0,0.0,0.0,,https://www.y8.com/games/arm_fight,armfight
779,Creepy Granny Scream: Scary Freddy,horror_escape,0.0118,1,crazygames,2018,7585689,,,,,,,,,,0.1005,0.0,0.0,0.0,0.0,0.0,0.0,0.0,0.0,0.0,,https://www.crazygames.com/game/creepy-granny-scream-scary-freddy,creepygrannyscream
780,病毒大逃杀,other,0.0118,1,4399,2026,,,,,,,171,,,,0.0,0.0,0.0,0.0,0.0,0.0,0.1003,0.0,0.0,0.0,,https://www.4399.com/flash/260116.htm,病毒大逃杀
781,酷小孩回家4,other,0.0118,1,4399,2015,,,,,,173,,,,,0.0,0.0,0.0,0.0,0.0,0.1003,0.0,0.0,0.0,0.0,,https://www.4399.com/flash/156918.htm,酷小孩回家
782,老爹饼干圣代店,time_mgmt_cooking,0.0117,1,4399,2021,,,,,,,172,,,,0.0,0.0,0.0,0.0,0.0,0.0,0.0998,0.0,0.0,0.0,,https://www.4399.com/flash/217629.htm,老爹饼干圣代店
783,唤醒嗜睡的小人,other,0.0117,1,4399,2011,,,,,,175,,,,,0.0,0.0,0.0,0.0,0.0,0.0992,0.0,0.0,0.0,0.0,,https://www.4399.com/flash/50350.htm,唤醒嗜睡的小人
784,五彩泡泡龙,classic_board_card,0.0117,1,4399,2013,,,,,,,173,,,,0.0,0.0,0.0,0.0,0.0,0.0,0.0992,0.0,0.0,0.0,,https://www.4399.com/flash/114876.htm,五彩泡泡龙
785,Boxing Random,physics_random_duel,0.0117,2,crazygames;twoplayergames,2021,7475213,,,,,,,,,,0.099,0.0,0.0,0.0,0.0,0.0,0.0,0.0,0.0,0.0,,https://www.crazygames.com/game/boxing-random,boxingrandom
786,勇闯冰火岛,coop_duo_puzzle,0.0116,1,7k7k,,,,,,,,,95,,,0.0,0.0,0.0,0.0,0.0,0.0,0.0,0.1973,0.0,0.0,,https://www.7k7k.com/flash/43138.htm,勇闯冰火岛
787,霸气的蠕虫,io_eat_grow,0.0116,1,4399,2011,,,,,,176,,,,,0.0,0.0,0.0,0.0,0.0,0.0986,0.0,0.0,0.0,0.0,,https://www.4399.com/flash/58722.htm,霸气的蠕虫
788,天空之城冒险H5,other,0.0116,1,4399,2020,,,,,,,174,,,,0.0,0.0,0.0,0.0,0.0,0.0,0.0986,0.0,0.0,0.0,,https://www.4399.com/flash/212227.htm,天空之城冒险
789,Block Champ,classic_board_card,0.0116,2,agame;crazygames,2020,7419442,,,,,,,,,,0.0983,0.0,0.0,0.0,0.0,0.0,0.0,0.0,0.0,0.0,,https://www.crazygames.com/game/block-champ,blockchamp
790,恐龙快打双人选关版,other,0.0115,1,4399,2011,,,,,,177,,,,,0.0,0.0,0.0,0.0,0.0,0.0981,0.0,0.0,0.0,0.0,,https://www.4399.com/flash/71258.htm,恐龙快打
791,WarCall.io,other,0.0115,1,crazygames,2020,7360386,,,,,,,,,,0.0975,0.0,0.0,0.0,0.0,0.0,0.0,0.0,0.0,0.0,,https://www.crazygames.com/game/warcall-io,warcall
792,4399涂鸦画板,other,0.0115,1,4399,2021,,,,,,178,,,,,0.0,0.0,0.0,0.0,0.0,0.0975,0.0,0.0,0.0,0.0,,https://zuopin.4399.com/tuya/,涂鸦画板
793,Escape From Pizzeria,other,0.0115,1,crazygames,2025,7351848,,,,,,,,,,0.0974,0.0,0.0,0.0,0.0,0.0,0.0,0.0,0.0,0.0,,https://www.crazygames.com/game/escape-from-pizzeria,escapefrompizzeria
794,Basketball Superstars,other,0.0114,1,crazygames,2025,7337429,,,,,,,,,,0.0972,0.0,0.0,0.0,0.0,0.0,0.0,0.0,0.0,0.0,,https://www.crazygames.com/game/basketball-superstars,basketballsuperstars
795,4399画板,other,0.0114,1,4399,2010,,,,,,179,,,,,0.0,0.0,0.0,0.0,0.0,0.097,0.0,0.0,0.0,0.0,4399画板2,https://www.4399.com/flash/46972.htm,画板
796,Idle Mining Empire,idle_clicker,0.0114,1,crazygames,2021,7286017,,,,,,,,,,0.0965,0.0,0.0,0.0,0.0,0.0,0.0,0.0,0.0,0.0,,https://www.crazygames.com/game/idle-mining-empire,idleminingempire
797,3D超级漂移2,other,0.0113,1,4399,2013,,,,,,180,,,,,0.0,0.0,0.0,0.0,0.0,0.0964,0.0,0.0,0.0,0.0,,https://www.4399.com/flash/121768.htm,3d超级漂移
798,Football Kicks,other,0.0113,1,y8,,,,,,2531507,,,,,,0.0,0.0,0.0,0.0,0.0962,0.0,0.0,0.0,0.0,0.0,,https://www.y8.com/games/football_kicks_,footballkicks
799,Survev.io,other,0.0113,1,crazygames,2024,7243465,,,,,,,,,,0.096,0.0,0.0,0.0,0.0,0.0,0.0,0.0,0.0,0.0,,https://www.crazygames.com/game/survev,survev
800,双人猛鬼出击,horror_escape,0.0113,1,4399,2026,,,,,,,179,,,,0.0,0.0,0.0,0.0,0.0,0.0,0.0959,0.0,0.0,0.0,,https://www.4399.com/flash/259380.htm,猛鬼出击
801,Noob Miner: Escape From Prison,stealth_heist,0.0113,1,crazygames,2022,7224520,,,,,,,,,,0.0957,0.0,0.0,0.0,0.0,0.0,0.0,0.0,0.0,0.0,Noob Miner 2: Escape From Prison,https://www.crazygames.com/game/noob-miner-escape-from-prison,noobminer
802,Hexa Sort,merge_drop,0.0112,1,crazygames,2024,7210818,,,,,,,,,,0.0955,0.0,0.0,0.0,0.0,0.0,0.0,0.0,0.0,0.0,,https://www.crazygames.com/game/hexa-sort,hexasort
803,Smarty Bubbles,classic_board_card,0.0112,2,crazygames;pacogames,2016,7200313,,,,,,,,,,0.0954,0.0,0.0,0.0,0.0,0.0,0.0,0.0,0.0,0.0,,https://www.crazygames.com/game/smarty-bubbles,smartybubbles
804,变形金刚赛车,car_stunt_drift,0.0112,1,4399,2011,,,,,,182,,,,,0.0,0.0,0.0,0.0,0.0,0.0954,0.0,0.0,0.0,0.0,,https://www.4399.com/flash/89377.htm,变形金刚赛车
805,都是人情世故,other,0.0112,1,4399,2024,,,,,,,180,,,,0.0,0.0,0.0,0.0,0.0,0.0,0.0953,0.0,0.0,0.0,,https://www.4399.com/flash/240805.htm,都是人情世故
806,越野山地自行车,car_stunt_drift,0.0112,1,4399,2021,,,,,,,181,,,,0.0,0.0,0.0,0.0,0.0,0.0,0.0948,0.0,0.0,0.0,,https://www.4399.com/flash/219298.htm,越野山地自行车
807,Gun Strike Runner,endless_runner,0.0111,1,crazygames,2024,7127268,,,,,,,,,,0.0944,0.0,0.0,0.0,0.0,0.0,0.0,0.0,0.0,0.0,,https://www.crazygames.com/game/gun-strike-runner,gunstrikerunner
808,乐高积木岛,run_gun_coop,0.0111,1,4399,2012,,,,,,184,,,,,0.0,0.0,0.0,0.0,0.0,0.0943,0.0,0.0,0.0,0.0,,https://www.4399.com/flash/91190.htm,乐高积木岛
809,Stickman Epic,stickman_brawler,0.0111,1,crazygames,2023,7099648,,,,,,,,,,0.0941,0.0,0.0,0.0,0.0,0.0,0.0,0.0,0.0,0.0,,https://www.crazygames.com/game/stickman-epic,stickmanepic
810,Command Strike FPS,io_arena_shooter,0.011,1,crazygames,2025,7080905,,,,,,,,,,0.0938,0.0,0.0,0.0,0.0,0.0,0.0,0.0,0.0,0.0,,https://www.crazygames.com/game/command-strike-fps-iqh,commandstrikefps
811,中国象棋残局h5,classic_board_card,0.011,1,4399,2023,,,,,,,183,,,,0.0,0.0,0.0,0.0,0.0,0.0,0.0938,0.0,0.0,0.0,,https://www.4399.com/flash/232130.htm,中国象棋残局
812,Word Search,classic_board_card,0.011,1,y8,,,,,,2459445,,,,,,0.0,0.0,0.0,0.0,0.0935,0.0,0.0,0.0,0.0,0.0,,https://www.y8.com/games/word_search_crosswords,wordsearch
813,愤怒的小鸟太空版HD,physics_destruction,0.011,1,4399,2012,,,,,,186,,,,,0.0,0.0,0.0,0.0,0.0,0.0933,0.0,0.0,0.0,0.0,,https://www.4399.com/flash/96689.htm,愤怒的小鸟太空hd
814,卡车模拟驾驶,car_stunt_drift,0.011,1,4399,2023,,,,,,,184,,,,0.0,0.0,0.0,0.0,0.0,0.0,0.0933,0.0,0.0,0.0,,https://www.4399.com/flash/238383.htm,卡车模拟驾驶
815,Carnival Mania Collection,other,0.0109,1,y8,,,,,,2444452,,,,,,0.0,0.0,0.0,0.0,0.0929,0.0,0.0,0.0,0.0,0.0,,https://www.y8.com/games/carnival_mania_collection,carnivalmaniacollection
816,Learn to Fly Idle,launch_distance,0.0109,1,coolmathgames,,,,,,,,,,103599,,0.0,0.0,0.0,0.0,0.0,0.0,0.0,0.0,0.1856,0.0,,https://www.coolmathgames.com/0-learn-to-fly-idle,learntoflyidle
817,名枪之巴雷特,io_arena_shooter,0.0109,1,7k7k,,,,,,,,,101,,,0.0,0.0,0.0,0.0,0.0,0.0,0.0,0.1855,0.0,0.0,,https://www.7k7k.com/flash/86683.htm,名枪之巴雷特
818,山地自行车3D版,car_stunt_drift,0.0109,1,4399,2009,,,,,,188,,,,,0.0,0.0,0.0,0.0,0.0,0.0923,0.0,0.0,0.0,0.0,,https://www.4399.com/flash/11487.htm,山地自行车3d
819,传奇枪王,mmo_pet_social,0.0109,1,4399,2023,,,,,,,186,,,,0.0,0.0,0.0,0.0,0.0,0.0,0.0922,0.0,0.0,0.0,,https://www.4399.com/flash/234152.htm,传奇枪王
820,Medieval Cop,other,0.0108,1,kongregate,,,,,,,,,,,297000,0.0,0.0,0.0,0.0,0.0,0.0,0.0,0.0,0.0,0.1839,Medieval Cop - The Princess and The Grump,https://www.kongregate.com/en/games/VasantJ/medieval-cop-the-princess-and-the-grump,medievalcop
821,醉游三国经典版,other,0.0108,1,4399,2014,,,,,,,187,,,,0.0,0.0,0.0,0.0,0.0,0.0,0.0918,0.0,0.0,0.0,,https://www.4399.com/flash/132028.htm,醉游三国
822,Stickman Project,other,0.0108,1,crazygames,2025,6917197,,,,,,,,,,0.0916,0.0,0.0,0.0,0.0,0.0,0.0,0.0,0.0,0.0,,https://www.crazygames.com/game/stickman-project-bnw,stickmanproject
823,炮兵突击,other,0.0107,1,4399,2012,,,,,,190,,,,,0.0,0.0,0.0,0.0,0.0,0.0914,0.0,0.0,0.0,0.0,,https://www.4399.com/flash/103266.htm,炮兵突击
824,Wrong Way,other,0.0107,1,crazygames,2019,6887756,,,,,,,,,,0.0913,0.0,0.0,0.0,0.0,0.0,0.0,0.0,0.0,0.0,,https://www.crazygames.com/game/wrongway,wrongway
825,Five Nights at Freddy's,horror_escape,0.0107,2,miniplay;y8,,,,,,2393930,,,,,,0.0,0.0,0.0,0.0,0.091,0.0,0.0,0.0,0.0,0.0,Five nights at Freddy's 2 / Five nights at Freddy's 4,https://www.y8.com/games/five_nights_at_freddy_s_html5,fivenightsatfreddys
826,巫婆造女孩中文版,other,0.0107,1,4399,2011,,,,,,191,,,,,0.0,0.0,0.0,0.0,0.0,0.0909,0.0,0.0,0.0,0.0,,https://www.4399.com/flash/51548.htm,巫婆造女孩
827,Archery World Tour,artillery_turn,0.0107,1,crazygames,2018,6854376,,,,,,,,,,0.0908,0.0,0.0,0.0,0.0,0.0,0.0,0.0,0.0,0.0,,https://www.crazygames.com/game/archery-world-tour,archeryworldtour
828,火柴人借力攀登,troll_platformer,0.0107,1,4399,2026,,,,,,,189,,,,0.0,0.0,0.0,0.0,0.0,0.0,0.0908,0.0,0.0,0.0,,https://www.4399.com/flash/258391.htm,火柴人借力攀登
829,冰火人冒险,coop_duo_puzzle,0.0106,1,4399,2010,,,,,,192,,,,,0.0,0.0,0.0,0.0,0.0,0.0904,0.0,0.0,0.0,0.0,冰火人冒险双人无敌版,https://www.4399.com/flash/31307.htm,冰火人冒险
830,Cyber Cars Punk Racing,car_stunt_drift,0.0106,1,crazygames,2020,6821155,,,,,,,,,,0.0904,0.0,0.0,0.0,0.0,0.0,0.0,0.0,0.0,0.0,Cyber Cars Punk Racing 2,https://www.crazygames.com/game/cyber-cars-punk-racing,cybercarspunkracing
831,豪杰成长计划,idle_clicker,0.0106,1,4399,2021,,,,,,,190,,,,0.0,0.0,0.0,0.0,0.0,0.0,0.0903,0.0,0.0,0.0,,https://www.4399.com/flash/214699.htm,豪杰成长计划
832,Rooftop Snipers,physics_random_duel,0.0106,2,crazygames;twoplayergames,2017,6803331,,,,,,,,,,0.0901,0.0,0.0,0.0,0.0,0.0,0.0,0.0,0.0,0.0,,https://www.crazygames.com/game/rooftop-snipers,rooftopsnipers
833,Driving School Simulator,other,0.0106,1,crazygames,2026,6788688,,,,,,,,,,0.0899,0.0,0.0,0.0,0.0,0.0,0.0,0.0,0.0,0.0,,https://www.crazygames.com/game/driving-school-simulator,drivingschoolsimulator
834,消你妹,classic_board_card,0.0106,1,4399,2014,,,,,,193,,,,,0.0,0.0,0.0,0.0,0.0,0.0899,0.0,0.0,0.0,0.0,,https://www.4399.com/flash/130836.htm,消你妹
835,恐怖躲迷藏,horror_escape,0.0106,1,4399,2025,,,,,,,191,,,,0.0,0.0,0.0,0.0,0.0,0.0,0.0898,0.0,0.0,0.0,,https://www.4399.com/flash/256040.htm,恐怖躲迷藏
836,Nuts Puzzle: Sort By Color,merge_drop,0.0105,2,crazygames;playgama,2024,6767418,,,,,,,,,,0.0897,0.0,0.0,0.0,0.0,0.0,0.0,0.0,0.0,0.0,,https://www.crazygames.com/game/nuts-puzzle-sort-by-color,nutspuzzle
837,What's The Difference?,classic_board_card,0.0105,1,crazygames,2024,6759431,,,,,,,,,,0.0896,0.0,0.0,0.0,0.0,0.0,0.0,0.0,0.0,0.0,,https://www.crazygames.com/game/what-s-the-difference-online,whatsthedifference
838,4x4 Offroader,car_stunt_drift,0.0105,1,crazygames,2019,6758460,,,,,,,,,,0.0895,0.0,0.0,0.0,0.0,0.0,0.0,0.0,0.0,0.0,,https://www.crazygames.com/game/4x4-offroader,4x4offroader
839,No Pain No Gain - Ragdoll Sandbox,ragdoll_gore_course,0.0105,1,crazygames,2024,6754053,,,,,,,,,,0.0895,0.0,0.0,0.0,0.0,0.0,0.0,0.0,0.0,0.0,,https://www.crazygames.com/game/no-pain-no-gain---ragdoll-sandbox,nopainnogain
840,萌版泡泡堂8,bomberman,0.0105,1,4399,2023,,,,,,,192,,,,0.0,0.0,0.0,0.0,0.0,0.0,0.0894,0.0,0.0,0.0,,https://www.4399.com/flash/235691.htm,萌泡泡堂
841,机器人大对战中文版,other,0.0105,1,7k7k,,,,,,,,,105,,,0.0,0.0,0.0,0.0,0.0,0.0,0.0,0.1785,0.0,0.0,,https://www.7k7k.com/flash/110525.htm,机器人大对战
842,双人疯狂兔子,physics_random_duel,0.0105,1,4399,2024,,,,,,,193,,,,0.0,0.0,0.0,0.0,0.0,0.0,0.0889,0.0,0.0,0.0,,https://www.4399.com/flash/242583.htm,疯狂兔子
843,Grand Vegas Crime,other,0.0105,1,y8,,,,,,2338660,,,,,,0.0,0.0,0.0,0.0,0.0889,0.0,0.0,0.0,0.0,0.0,,https://www.y8.com/games/grand_vegas_crime,grandvegascrime
844,Drunken Duel 2,physics_random_duel,0.0104,1,crazygames,2020,6672253,,,,,,,,,,0.0884,0.0,0.0,0.0,0.0,0.0,0.0,0.0,0.0,0.0,,https://www.crazygames.com/game/drunken-duel-2,drunkenduel
845,疯狂摩托,bike_trials,0.0104,1,7k7k,,,,,,,,,106,,,0.0,0.0,0.0,0.0,0.0,0.0,0.0,0.1768,0.0,0.0,,https://www.7k7k.com/flash/15945.htm,疯狂摩托
846,朵拉的迷你高尔夫,other,0.0104,1,4399,2010,,,,,,197,,,,,0.0,0.0,0.0,0.0,0.0,0.0881,0.0,0.0,0.0,0.0,,https://www.4399.com/flash/41285.htm,朵拉的迷你高尔夫
847,迷你摩托车挑战赛,bike_trials,0.0104,1,4399,2020,,,,,,,195,,,,0.0,0.0,0.0,0.0,0.0,0.0,0.088,0.0,0.0,0.0,,https://www.4399.com/flash/215808.htm,迷你摩托车挑战赛
848,拳王97,stickman_brawler,0.0103,1,4399,2014,,,,,,,196,,,,0.0,0.0,0.0,0.0,0.0,0.0,0.0875,0.0,0.0,0.0,,https://www.4399.com/flash/145201.htm,拳王
849,变形金刚拯救星球无敌版,run_gun_coop,0.0103,1,4399,2012,,,,,,199,,,,,0.0,0.0,0.0,0.0,0.0,0.0872,0.0,0.0,0.0,0.0,,https://www.4399.com/flash/102831.htm,变形金刚拯救星球
850,新极限漂移赛车,car_stunt_drift,0.0102,1,4399,2023,,,,,,,197,,,,0.0,0.0,0.0,0.0,0.0,0.0,0.0871,0.0,0.0,0.0,,https://www.4399.com/flash/236471.htm,新极限漂移赛车
851,Playground,ragdoll_gore_course,0.0102,1,crazygames,2025,6561842,,,,,,,,,,0.0869,0.0,0.0,0.0,0.0,0.0,0.0,0.0,0.0,0.0,,https://www.crazygames.com/game/playground,playground
852,Iron Legion,other,0.0102,1,crazygames,2025,6547903,,,,,,,,,,0.0868,0.0,0.0,0.0,0.0,0.0,0.0,0.0,0.0,0.0,,https://www.crazygames.com/game/iron-legion,ironlegion
853,火柴人跑酷比赛,endless_runner,0.0102,1,4399,2021,,,,,,,198,,,,0.0,0.0,0.0,0.0,0.0,0.0,0.0867,0.0,0.0,0.0,,https://www.4399.com/flash/220939.htm,火柴人跑酷比赛
854,Drunken Boxing,physics_random_duel,0.0102,2,crazygames;twoplayergames,2016,6537963,,,,,,,,,,0.0866,0.0,0.0,0.0,0.0,0.0,0.0,0.0,0.0,0.0,,https://www.crazygames.com/game/drunken-boxers,drunkenboxing
855,火柴人超级蜘蛛侠,stickman_swing,0.0101,1,4399,2021,,,,,,,199,,,,0.0,0.0,0.0,0.0,0.0,0.0,0.0862,0.0,0.0,0.0,,https://www.4399.com/flash/218131.htm,火柴人超级蜘蛛侠
856,黏黏小怪的冒险2,other,0.0101,1,7k7k,,,,,,,,,109,,,0.0,0.0,0.0,0.0,0.0,0.0,0.0,0.1719,0.0,0.0,,https://www.7k7k.com/flash/111802.htm,黏黏小怪的冒险
857,Rooftop Run,precision_platformer,0.0101,1,crazygames,2024,6460972,,,,,,,,,,0.0856,0.0,0.0,0.0,0.0,0.0,0.0,0.0,0.0,0.0,,https://www.crazygames.com/game/rooftop-run,rooftoprun
858,朵拉摘星,other,0.0101,1,4399,2010,,,,,,203,,,,,0.0,0.0,0.0,0.0,0.0,0.0855,0.0,0.0,0.0,0.0,,https://www.4399.com/flash/37925.htm,朵拉摘星
859,Stickman Prison: Counter Assault,other,0.01,1,crazygames,2019,6444409,,,,,,,,,,0.0854,0.0,0.0,0.0,0.0,0.0,0.0,0.0,0.0,0.0,,https://www.crazygames.com/game/stickman-prison-counter-assault,stickmanprison
860,机甲宇宙战士,other,0.01,1,4399,2025,,,,,,,201,,,,0.0,0.0,0.0,0.0,0.0,0.0,0.0854,0.0,0.0,0.0,,https://www.4399.com/flash/255819.htm,机甲宇宙战士
861,Ragdoll Soccer 2 Players,physics_random_duel,0.01,1,crazygames,2024,6437719,,,,,,,,,,0.0853,0.0,0.0,0.0,0.0,0.0,0.0,0.0,0.0,0.0,,https://www.crazygames.com/game/ragdoll-soccer-2-players,ragdollsoccer2players
862,Exhibit of Sorrows,other,0.01,2,crazygames;itch.io,2022,6434324,,,,,,,,,,0.0852,0.0,0.0,0.0,0.0,0.0,0.0,0.0,0.0,0.0,,https://www.crazygames.com/game/exhibit-of-sorrows,exhibitofsorrows
863,Battle Arena,other,0.01,1,crazygames,2022,6430412,,,,,,,,,,0.0852,0.0,0.0,0.0,0.0,0.0,0.0,0.0,0.0,0.0,,https://www.crazygames.com/game/battle-arena,battlearena
864,美味的街边小吃,other,0.01,1,4399,2026,,,,,,,202,,,,0.0,0.0,0.0,0.0,0.0,0.0,0.0849,0.0,0.0,0.0,,https://www.4399.com/flash/259267.htm,美味的街边小吃
865,飞碟星际之旅,other,0.01,1,4399,2013,,,,,,205,,,,,0.0,0.0,0.0,0.0,0.0,0.0847,0.0,0.0,0.0,0.0,,https://www.4399.com/flash/122571.htm,飞碟星际之旅
866,城市摩托竞技赛2,bike_trials,0.0099,1,4399,2026,,,,,,,203,,,,0.0,0.0,0.0,0.0,0.0,0.0,0.0845,0.0,0.0,0.0,,https://www.4399.com/flash/257809.htm,城市摩托竞技赛
867,Hair Makeover Dating,dress_up_makeover,0.0099,1,y8,,,,,,2221917,,,,,,0.0,0.0,0.0,0.0,0.0845,0.0,0.0,0.0,0.0,0.0,,https://www.y8.com/games/hair_makeover_dating,hairmakeoverdating
868,菠萝芒果汁,other,0.0099,1,4399,2009,,,,,,206,,,,,0.0,0.0,0.0,0.0,0.0,0.0843,0.0,0.0,0.0,0.0,,https://www.4399.com/flash/37914.htm,菠萝芒果汁
869,可爱炸弹人2,bomberman,0.0099,1,4399,2008,,,,,,207,,,,,0.0,0.0,0.0,0.0,0.0,0.0838,0.0,0.0,0.0,0.0,,https://www.4399.com/flash/9159.htm,可爱炸弹人
870,Chompers.io,io_eat_grow,0.0099,1,crazygames,2019,6322145,,,,,,,,,,0.0838,0.0,0.0,0.0,0.0,0.0,0.0,0.0,0.0,0.0,,https://www.crazygames.com/game/chompers-io,chompers
871,灵契,other,0.0098,1,4399,2026,,,,,,,205,,,,0.0,0.0,0.0,0.0,0.0,0.0,0.0837,0.0,0.0,0.0,,https://www.4399.com/flash/258336.htm,灵契
872,小小枪战,io_arena_shooter,0.0098,1,7k7k,,,,,,,,,112,,,0.0,0.0,0.0,0.0,0.0,0.0,0.0,0.1673,0.0,0.0,,https://www.7k7k.com/flash/97680.htm,小小枪战
873,愤怒的僵尸,other,0.0098,1,4399,2011,,,,,,208,,,,,0.0,0.0,0.0,0.0,0.0,0.0834,0.0,0.0,0.0,0.0,,https://www.4399.com/flash/59799.htm,愤怒的僵尸
874,Xtreme DRIFT Racing,car_stunt_drift,0.0098,1,crazygames,2024,6275477,,,,,,,,,,0.0831,0.0,0.0,0.0,0.0,0.0,0.0,0.0,0.0,0.0,,https://www.crazygames.com/game/xtreme-drift-racing,xtremedriftracing
875,冰火小人闯关,coop_duo_puzzle,0.0098,1,4399,2010,,,,,,209,,,,,0.0,0.0,0.0,0.0,0.0,0.083,0.0,0.0,0.0,0.0,,https://www.4399.com/flash/37033.htm,冰火小人闯关
876,花花连连看原版,classic_board_card,0.0098,1,4399,2012,,,,,,,207,,,,0.0,0.0,0.0,0.0,0.0,0.0,0.0829,0.0,0.0,0.0,,https://www.4399.com/flash/92122.htm,花花连连看原
877,蓝色药水终极版,other,0.0097,1,4399,2013,,,,,,210,,,,,0.0,0.0,0.0,0.0,0.0,0.0827,0.0,0.0,0.0,0.0,蓝色药水3,https://www.4399.com/flash/115691.htm,蓝色药水
878,Grand Action Simulator: New York,other,0.0097,1,crazygames,2018,6220482,,,,,,,,,,0.0824,0.0,0.0,0.0,0.0,0.0,0.0,0.0,0.0,0.0,,https://www.crazygames.com/game/grand-action-simulator-new-york-car-gang,grandactionsimulator
879,Paint to Hide!,other,0.0097,1,crazygames,2026,6204354,,,,,,,,,,0.0822,0.0,0.0,0.0,0.0,0.0,0.0,0.0,0.0,0.0,,https://www.crazygames.com/game/paint-to-hide,painttohide
880,Mine Shooter: Save Your World,io_arena_shooter,0.0097,1,crazygames,2022,6202977,,,,,,,,,,0.0822,0.0,0.0,0.0,0.0,0.0,0.0,0.0,0.0,0.0,Mine Shooter 2: Noob vs Mobs,https://www.crazygames.com/game/mine-shooter---save-your-world,mineshooter
881,双人麻将,classic_board_card,0.0096,1,4399,2008,,,,,,212,,,,,0.0,0.0,0.0,0.0,0.0,0.0819,0.0,0.0,0.0,0.0,,https://www.4399.com/flash/8124.htm,麻将
882,Stunt Paradise,other,0.0096,1,crazygames,2024,6168824,,,,,,,,,,0.0817,0.0,0.0,0.0,0.0,0.0,0.0,0.0,0.0,0.0,,https://www.crazygames.com/game/stunt-paradise,stuntparadise
883,战争模拟器,other,0.0096,1,4399,2022,,,,,,,210,,,,0.0,0.0,0.0,0.0,0.0,0.0,0.0817,0.0,0.0,0.0,,https://www.4399.com/flash/225772.htm,战争模拟器
884,Crazy Pixel Apocalypse,other,0.0096,2,crazygames;pacogames,2019,6160107,,,,,,,,,,0.0816,0.0,0.0,0.0,0.0,0.0,0.0,0.0,0.0,0.0,Crazy Pixel Apocalypse 2 / Crazy Pixel Apocalypse 3,https://www.crazygames.com/game/crazy-pixel-apocalypse-3,crazypixelapocalypse
885,Bartender The Right Mix,time_mgmt_cooking,0.0096,1,crazygames,2013,6157302,,,,,,,,,,0.0816,0.0,0.0,0.0,0.0,0.0,0.0,0.0,0.0,0.0,,https://www.crazygames.com/game/bartender-the-right-mix,bartendertherightmix
886,Ninja Parkour Multiplayer,io_arena_shooter,0.0096,1,crazygames,2024,6154690,,,,,,,,,,0.0815,0.0,0.0,0.0,0.0,0.0,0.0,0.0,0.0,0.0,,https://www.crazygames.com/game/ninja-parkour-multiplayer,ninjaparkour
887,Block Wall Destroyer,physics_destruction,0.0096,1,crazygames,2025,6153335,,,,,,,,,,0.0815,0.0,0.0,0.0,0.0,0.0,0.0,0.0,0.0,0.0,,https://www.crazygames.com/game/block-wall-destroyer,blockwalldestroyer
888,Dead Zed,other,0.0095,1,crazygames,2020,6124828,,,,,,,,,,0.0811,0.0,0.0,0.0,0.0,0.0,0.0,0.0,0.0,0.0,,https://www.crazygames.com/game/dead-zed,deadzed
889,魂斗罗完美版,other,0.0095,1,4399,2011,,,,,,214,,,,,0.0,0.0,0.0,0.0,0.0,0.0811,0.0,0.0,0.0,0.0,,https://www.4399.com/flash/59630.htm,魂斗罗完美
890,Race Clicker: Drift Max,train_and_race,0.0095,1,crazygames,2024,6119813,,,,,,,,,,0.0811,0.0,0.0,0.0,0.0,0.0,0.0,0.0,0.0,0.0,Race Clicker: Tap Tap Game,https://www.crazygames.com/game/race-clicker-tap-tap-game,raceclicker
891,金币大富翁,classic_board_card,0.0095,1,4399,2019,,,,,,,212,,,,0.0,0.0,0.0,0.0,0.0,0.0,0.0809,0.0,0.0,0.0,,https://www.4399.com/flash/205998.htm,金币大富翁
892,Goober Dash,other,0.0095,1,crazygames,2023,6088442,,,,,,,,,,0.0807,0.0,0.0,0.0,0.0,0.0,0.0,0.0,0.0,0.0,,https://www.crazygames.com/game/goober-dash,gooberdash
893,300英雄,other,0.0095,1,4399,2021,,,,,,,213,,,,0.0,0.0,0.0,0.0,0.0,0.0,0.0806,0.0,0.0,0.0,,https://news.4399.com/300/,300英雄
894,愤怒的老奶奶玩酷跑1.8,endless_runner,0.0095,1,4399,2014,,,,,,216,,,,,0.0,0.0,0.0,0.0,0.0,0.0804,0.0,0.0,0.0,0.0,,https://www.4399.com/flash/146595.htm,愤怒的老奶奶玩酷跑
895,Car Crash Simulator Royale,physics_destruction,0.0095,1,crazygames,2020,6064208,,,,,,,,,,0.0803,0.0,0.0,0.0,0.0,0.0,0.0,0.0,0.0,0.0,,https://www.crazygames.com/game/car-crash-simulator-royale,carcrashsimulatorroyale
896,Four In A Row Online,classic_board_card,0.0094,1,coolmathgames,,,,,,,,,,89444,,0.0,0.0,0.0,0.0,0.0,0.0,0.0,0.0,0.1602,0.0,,https://www.coolmathgames.com/0-four-in-a-row,fourinarow
897,二战前线2超级版,run_gun_coop,0.0094,1,7k7k,,,,,,,,,117,,,0.0,0.0,0.0,0.0,0.0,0.0,0.0,0.1602,0.0,0.0,,https://www.7k7k.com/flash/26993.htm,二战前线2超级
898,Basketball Orbit,other,0.0094,1,crazygames,2025,6033309,,,,,,,,,,0.0799,0.0,0.0,0.0,0.0,0.0,0.0,0.0,0.0,0.0,,https://www.crazygames.com/game/basketball-orbit,basketballorbit
899,Noob Snake 2048,merge_drop,0.0094,1,crazygames,2023,6028225,,,,,,,,,,0.0799,0.0,0.0,0.0,0.0,0.0,0.0,0.0,0.0,0.0,,https://www.crazygames.com/game/noob-snake-2048,noobsnake
900,Madness Cars Destroy,physics_destruction,0.0094,1,crazygames,2025,6024682,,,,,,,,,,0.0798,0.0,0.0,0.0,0.0,0.0,0.0,0.0,0.0,0.0,,https://www.crazygames.com/game/madness-car-destroy,madnesscarsdestroy
901,跑得快,classic_board_card,0.0094,1,4399,2024,,,,,,,215,,,,0.0,0.0,0.0,0.0,0.0,0.0,0.0798,0.0,0.0,0.0,,https://www.4399.com/flash/244939.htm,跑得快
902,Gridpunk - 3v3 Battle Royale,io_arena_shooter,0.0094,1,crazygames,2022,6004506,,,,,,,,,,0.0796,0.0,0.0,0.0,0.0,0.0,0.0,0.0,0.0,0.0,,https://www.crazygames.com/game/gridpunk---3v3-battle-royale,gridpunk
903,猎人的生存日记加强版,other,0.0093,1,4399,2017,,,,,,,216,,,,0.0,0.0,0.0,0.0,0.0,0.0,0.0794,0.0,0.0,0.0,,https://www.4399.com/flash/188387.htm,猎人的生存日记
904,二人麻将,classic_board_card,0.0093,1,7k7k,,,,,,,,,118,,,0.0,0.0,0.0,0.0,0.0,0.0,0.0,0.1588,0.0,0.0,,https://www.7k7k.com/flash/16622.htm,二人麻将
905,Parking Fury 3D: Side Hustle,parking_traffic_puzzle,0.0093,1,crazygames,2024,5992354,,,,,,,,,,0.0794,0.0,0.0,0.0,0.0,0.0,0.0,0.0,0.0,0.0,,https://www.crazygames.com/game/parking-fury-3d-side-hustle,parkingfury3d
906,Xtreme Moto Mayhem,other,0.0093,1,crazygames,2024,5987136,,,,,,,,,,0.0793,0.0,0.0,0.0,0.0,0.0,0.0,0.0,0.0,0.0,,https://www.crazygames.com/game/xtreme-moto-mayhem,xtrememotomayhem
907,幼儿园照顾小宝宝,other,0.0093,1,4399,2010,,,,,,219,,,,,0.0,0.0,0.0,0.0,0.0,0.0793,0.0,0.0,0.0,0.0,,https://www.4399.com/flash/23932.htm,幼儿园照顾小宝宝
908,猛象争霸,other,0.0093,1,4399,2010,,,,,,220,,,,,0.0,0.0,0.0,0.0,0.0,0.0789,0.0,0.0,0.0,0.0,,https://www.4399.com/flash/28546.htm,猛象争霸
909,Castle Wars: New Era,other,0.0093,1,crazygames,2021,5950999,,,,,,,,,,0.0788,0.0,0.0,0.0,0.0,0.0,0.0,0.0,0.0,0.0,Castle Wars: Middle Ages,https://www.crazygames.com/game/castle-wars-middle-ages,castlewars
910,土豆兄弟,other,0.0093,1,7k7k,,,,,,,,,119,,,0.0,0.0,0.0,0.0,0.0,0.0,0.0,0.1575,0.0,0.0,,https://www.7k7k.com/flash/207004.htm,土豆兄弟
911,激光炮轰小怪2,other,0.0092,1,4399,2011,,,,,,221,,,,,0.0,0.0,0.0,0.0,0.0,0.0785,0.0,0.0,0.0,0.0,,https://www.4399.com/flash/57317.htm,激光炮轰小怪
912,展翅高飞,other,0.0092,1,4399,2012,,,,,,222,,,,,0.0,0.0,0.0,0.0,0.0,0.0782,0.0,0.0,0.0,0.0,,https://www.4399.com/flash/102429.htm,展翅高飞
913,Playground Man! Ragdoll Show!,ragdoll_gore_course,0.0092,2,crazygames;playgama,2025,5897894,,,,,,,,,,0.0781,0.0,0.0,0.0,0.0,0.0,0.0,0.0,0.0,0.0,,https://www.crazygames.com/game/ragdoll-break,playgroundmanragdollshow
914,贝蒂的手工沙画,draw_guess_party,0.0092,1,7k7k,,,,,,,,,120,,,0.0,0.0,0.0,0.0,0.0,0.0,0.0,0.1562,0.0,0.0,,https://www.7k7k.com/flash/146058.htm,贝蒂的手工沙画
915,爸爸去哪儿之原版大冒险,run_gun_coop,0.0091,1,4399,2014,,,,,,224,,,,,0.0,0.0,0.0,0.0,0.0,0.0775,0.0,0.0,0.0,0.0,,https://www.4399.com/flash/130635.htm,爸爸去哪儿之原大冒险
916,Daily Room Escape,other,0.0091,1,crazygames,2024,5841404,,,,,,,,,,0.0774,0.0,0.0,0.0,0.0,0.0,0.0,0.0,0.0,0.0,,https://www.crazygames.com/game/daily-room-escape,dailyroomescape
917,SlitherCraft.io,io_eat_grow,0.0091,2,crazygames;playgama,2019,5831552,,,,,,,,,,0.0773,0.0,0.0,0.0,0.0,0.0,0.0,0.0,0.0,0.0,SlitherCraft.Io,https://www.crazygames.com/game/slithercraft-io,slithercraft
918,被尘封的故事,other,0.0091,1,4399,2023,,,,,,225,,,,,0.0,0.0,0.0,0.0,0.0,0.0771,0.0,0.0,0.0,0.0,,https://www.4399.com/flash/120481.htm,被尘封的故事
919,冷冻双侠,coop_duo_puzzle,0.009,1,7k7k,,,,,,,,,122,,,0.0,0.0,0.0,0.0,0.0,0.0,0.0,0.1536,0.0,0.0,,https://www.7k7k.com/flash/16664.htm,冷冻双侠
920,街头暴扣,other,0.009,1,4399,2010,,,,,,226,,,,,0.0,0.0,0.0,0.0,0.0,0.0768,0.0,0.0,0.0,0.0,,https://www.4399.com/flash/61044.htm,街头暴扣
921,青鸾繁华录,other,0.009,1,4399,2019,,,,,,,224,,,,0.0,0.0,0.0,0.0,0.0,0.0,0.0766,0.0,0.0,0.0,,https://www.4399.com/flash/208914.htm,青鸾繁华录
922,Soccer Masters: Euro 2020,other,0.009,1,crazygames,2019,5764921,,,,,,,,,,0.0764,0.0,0.0,0.0,0.0,0.0,0.0,0.0,0.0,0.0,,https://www.crazygames.com/game/soccer-masters-euro-2020,soccermasters
923,99 Nights in the Forest Online,rbx_reverse,0.009,2,crazygames;y8,2025,4288800,,,,512283,,,,,,0.0568,0.0,0.0,0.0,0.0195,0.0,0.0,0.0,0.0,0.0,99 Nights In The Forest,https://www.crazygames.com/game/99-nights-online,99nightsintheforest
924,Brainrot Arena Online,rbx_reverse,0.009,1,crazygames,,5756594,,,,,,,,,,0.0763,0.0,0.0,0.0,0.0,0.0,0.0,0.0,0.0,0.0,,https://www.crazygames.com/game/brainrot-arena-online,brainrotarena
925,双人荒野探险,other,0.009,1,4399,2025,,,,,,,225,,,,0.0,0.0,0.0,0.0,0.0,0.0,0.0763,0.0,0.0,0.0,,https://www.4399.com/flash/255810.htm,荒野探险
926,合金前线3无敌选关版,run_gun_coop,0.009,1,7k7k,,,,,,,,,123,,,0.0,0.0,0.0,0.0,0.0,0.0,0.0,0.1524,0.0,0.0,,https://www.7k7k.com/flash/28079.htm,合金前线3无敌
927,极限跑酷,endless_runner,0.009,1,4399,2009,,,,,,228,,,,,0.0,0.0,0.0,0.0,0.0,0.0761,0.0,0.0,0.0,0.0,,https://www.4399.com/flash/10736.htm,极限跑酷
928,格斗街区,stickman_brawler,0.0089,1,4399,2026,,,,,,,226,,,,0.0,0.0,0.0,0.0,0.0,0.0,0.0759,0.0,0.0,0.0,,https://www.4399.com/flash/256090.htm,格斗街区
929,911: Prey,other,0.0089,1,crazygames,2023,5714771,,,,,,,,,,0.0757,0.0,0.0,0.0,0.0,0.0,0.0,0.0,0.0,0.0,,https://www.crazygames.com/game/911-prey,911:prey
930,海边钓鱼2,fishing_timing,0.0089,1,7k7k,,,,,,,,,124,,,0.0,0.0,0.0,0.0,0.0,0.0,0.0,0.1511,0.0,0.0,,https://www.7k7k.com/flash/139018.htm,海边钓鱼
931,AOD - Art Of Defense,other,0.0089,1,crazygames,2024,5699993,,,,,,,,,,0.0755,0.0,0.0,0.0,0.0,0.0,0.0,0.0,0.0,0.0,,https://www.crazygames.com/game/aod---art-of-defense,aod
932,愤怒小鸟炮弹球3,other,0.0089,1,4399,2012,,,,,,230,,,,,0.0,0.0,0.0,0.0,0.0,0.0755,0.0,0.0,0.0,0.0,,https://www.4399.com/flash/81929.htm,愤怒小鸟炮弹球
933,Striker Dummies,physics_random_duel,0.0088,1,crazygames,2019,5669015,,,,,,,,,,0.0751,0.0,0.0,0.0,0.0,0.0,0.0,0.0,0.0,0.0,,https://www.crazygames.com/game/striker-dummies,strikerdummies
934,Real Cars in City,other,0.0088,1,crazygames,2020,5658956,,,,,,,,,,0.075,0.0,0.0,0.0,0.0,0.0,0.0,0.0,0.0,0.0,,https://www.crazygames.com/game/real-cars-in-city,realcarsincity
935,海绵宝宝-擂台大战,other,0.0088,1,4399,2008,,,,,,232,,,,,0.0,0.0,0.0,0.0,0.0,0.0748,0.0,0.0,0.0,0.0,,https://www.4399.com/flash/8739.htm,海绵宝宝擂台大战
936,生死狙击之僵尸前线,mmo_pet_social,0.0088,1,4399,2021,,,,,,,230,,,,0.0,0.0,0.0,0.0,0.0,0.0,0.0746,0.0,0.0,0.0,,https://www.4399.com/flash/222666.htm,生死狙击之僵尸前线
937,3D巴士停车,car_stunt_drift,0.0088,1,4399,2013,,,,,,233,,,,,0.0,0.0,0.0,0.0,0.0,0.0745,0.0,0.0,0.0,0.0,,https://www.4399.com/flash/119847.htm,3d巴士停车
938,Basketball Skills,other,0.0088,1,crazygames,2019,5617965,,,,,,,,,,0.0744,0.0,0.0,0.0,0.0,0.0,0.0,0.0,0.0,0.0,,https://www.crazygames.com/game/basketball-skills,basketballskills
939,小青蛙喝水2,other,0.0087,1,7k7k,,,,,,,,,126,,,0.0,0.0,0.0,0.0,0.0,0.0,0.0,0.1487,0.0,0.0,,https://www.7k7k.com/flash/132403.htm,小青蛙喝水
940,City Car Driving Simulator,other,0.0087,1,crazygames,2024,5595076,,,,,,,,,,0.0741,0.0,0.0,0.0,0.0,0.0,0.0,0.0,0.0,0.0,City Car Driving Simulator 3 / City Car Driving Simulator: Ultimate 2,https://www.crazygames.com/game/city-car-driving-simulator-online,citycardrivingsimulator
941,纸牌接龙,classic_board_card,0.0087,1,4399,2009,,,,,,,232,,,,0.0,0.0,0.0,0.0,0.0,0.0,0.074,0.0,0.0,0.0,,https://www.4399.com/flash/15501.htm,纸牌接龙
942,多拉A梦来钓鱼,fishing_timing,0.0087,1,4399,2005,,,,,,235,,,,,0.0,0.0,0.0,0.0,0.0,0.0739,0.0,0.0,0.0,0.0,,https://www.4399.com/flash/1566.htm,多拉a梦来钓鱼
943,Lumber Harvest: Tree Cutting Game,idle_clicker,0.0087,1,crazygames,2025,5572341,,,,,,,,,,0.0738,0.0,0.0,0.0,0.0,0.0,0.0,0.0,0.0,0.0,,https://www.crazygames.com/game/lumber-harvest-tree-cutting-game,lumberharvest
944,接龙牌,other,0.0087,1,4399,2008,,,,,,,233,,,,0.0,0.0,0.0,0.0,0.0,0.0,0.0736,0.0,0.0,0.0,,https://www.4399.com/flash/8908.htm,接龙牌
945,Mine Blocks,other,0.0087,1,crazygames,2021,5555884,,,,,,,,,,0.0736,0.0,0.0,0.0,0.0,0.0,0.0,0.0,0.0,0.0,,https://www.crazygames.com/game/mine-blocks,mineblocks
946,混乱大枪战2中文无敌版,io_arena_shooter,0.0087,2,4399;7k7k,2012,,,,,,236,,,,,0.0,0.0,0.0,0.0,0.0,0.0735,0.0,0.0,0.0,0.0,,https://www.4399.com/flash/97734.htm,混乱大枪战2中文
947,Cyber Smilodon Assembly,other,0.0086,1,y8,,,,,,1929113,,,,,,0.0,0.0,0.0,0.0,0.0733,0.0,0.0,0.0,0.0,0.0,,https://www.y8.com/games/cyber_smilodon_assembling,cybersmilodonassembly
948,4399战地联盟,other,0.0086,1,4399,2020,,,,,,,234,,,,0.0,0.0,0.0,0.0,0.0,0.0,0.0733,0.0,0.0,0.0,,https://news.4399.com/zdlm/,战地联盟
949,荒岛求生日记,other,0.0086,1,4399,2021,,,,,,,235,,,,0.0,0.0,0.0,0.0,0.0,0.0,0.073,0.0,0.0,0.0,,https://www.4399.com/flash/222591.htm,荒岛求生日记
950,老爹甜品店中文版,time_mgmt_cooking,0.0086,1,4399,2014,,,,,,238,,,,,0.0,0.0,0.0,0.0,0.0,0.0729,0.0,0.0,0.0,0.0,,https://www.4399.com/flash/147013.htm,老爹甜品店
951,果蔬连连看HD,classic_board_card,0.0086,1,4399,2014,,,,,,,236,,,,0.0,0.0,0.0,0.0,0.0,0.0,0.0727,0.0,0.0,0.0,,https://www.4399.com/flash/143093.htm,果蔬连连看hd
952,冰火战士,coop_duo_puzzle,0.0085,1,7k7k,,,,,,,,,129,,,0.0,0.0,0.0,0.0,0.0,0.0,0.0,0.1453,0.0,0.0,,https://www.7k7k.com/flash/15895.htm,冰火战士
953,热血狂飙无敌版,other,0.0085,1,4399,2010,,,,,,239,,,,,0.0,0.0,0.0,0.0,0.0,0.0726,0.0,0.0,0.0,0.0,,https://www.4399.com/flash/41193.htm,热血狂飙
954,Sticky Ninja Missions,precision_platformer,0.0085,1,coolmathgames,,,,,,,,,,80976,,0.0,0.0,0.0,0.0,0.0,0.0,0.0,0.0,0.145,0.0,,https://www.coolmathgames.com/0-sticky-ninja-missions,stickyninjamissions
955,祖玛的复仇,classic_board_card,0.0085,1,4399,2010,,,,,,,237,,,,0.0,0.0,0.0,0.0,0.0,0.0,0.0724,0.0,0.0,0.0,,https://www.4399.com/flash/73240.htm,祖玛的复仇
956,Crazy Stunt Cars Multiplayer,car_stunt_drift,0.0085,1,crazygames,2018,5461615,,,,,,,,,,0.0724,0.0,0.0,0.0,0.0,0.0,0.0,0.0,0.0,0.0,,https://www.crazygames.com/game/crazy-stunt-cars-multiplayer,crazystuntcars
957,7k7k天黑请闭眼,other,0.0085,1,7k7k,,,,,,,,,130,,,0.0,0.0,0.0,0.0,0.0,0.0,0.0,0.1442,0.0,0.0,,http://news.7k7k.com/ssol/?tag,天黑请闭眼
958,乐园过山车中文版,car_stunt_drift,0.0085,1,4399,2010,,,,,,241,,,,,0.0,0.0,0.0,0.0,0.0,0.072,0.0,0.0,0.0,0.0,,https://www.4399.com/flash/33892.htm,乐园过山车
959,Archer Ragdoll Masters,artillery_turn,0.0085,1,crazygames,2023,5424165,,,,,,,,,,0.0719,0.0,0.0,0.0,0.0,0.0,0.0,0.0,0.0,0.0,,https://www.crazygames.com/game/archer-ragdoll-masters,archerragdollmasters
960,火箭模拟,other,0.0084,1,4399,2023,,,,,,,239,,,,0.0,0.0,0.0,0.0,0.0,0.0,0.0718,0.0,0.0,0.0,,https://www.4399.com/flash/236224.htm,火箭模拟
961,火娃冰娃闯关2无敌版,coop_duo_puzzle,0.0084,1,4399,2010,,,,,,242,,,,,0.0,0.0,0.0,0.0,0.0,0.0717,0.0,0.0,0.0,0.0,火娃冰娃闯关修改版 / 火娃冰娃闯关无敌版,https://www.4399.com/flash/45256.htm,火娃冰娃闯关
962,Guess the Flag,classic_board_card,0.0084,1,y8,,,,,,1886080,,,,,,0.0,0.0,0.0,0.0,0.0717,0.0,0.0,0.0,0.0,0.0,,https://www.y8.com/games/guess_the_flag_html5,guesstheflag
963,网络红人斗地主,classic_board_card,0.0084,1,7k7k,,,,,,,,,131,,,0.0,0.0,0.0,0.0,0.0,0.0,0.0,0.1431,0.0,0.0,,https://www.7k7k.com/flash/48435.htm,网络红人斗地主
964,3D麻将连连看,classic_board_card,0.0084,1,4399,2007,,,,,,,240,,,,0.0,0.0,0.0,0.0,0.0,0.0,0.0715,0.0,0.0,0.0,,https://www.4399.com/flash/4467.htm,3d麻将连连看
965,托马斯过河,other,0.0084,1,4399,2012,,,,,,243,,,,,0.0,0.0,0.0,0.0,0.0,0.0714,0.0,0.0,0.0,0.0,,https://www.4399.com/flash/89614.htm,托马斯过河
966,Mr. Mine,idle_clicker,0.0084,1,crazygames,2015,5377447,,,,,,,,,,0.0712,0.0,0.0,0.0,0.0,0.0,0.0,0.0,0.0,0.0,,https://www.crazygames.com/game/mister-mine,mrmine
967,Charlie the Steak: Fanmade Computer Version,other,0.0084,1,y8,,,,,,1873467,,,,,,0.0,0.0,0.0,0.0,0.0712,0.0,0.0,0.0,0.0,0.0,,https://www.y8.com/games/charlie_the_steak,charliethesteak
968,五子棋,classic_board_card,0.0084,1,4399,2018,,,,,,,241,,,,0.0,0.0,0.0,0.0,0.0,0.0,0.0712,0.0,0.0,0.0,,https://www.4399.com/flash/201798.htm,五子棋
969,美人鱼寻爱之旅,other,0.0084,1,4399,2013,,,,,,244,,,,,0.0,0.0,0.0,0.0,0.0,0.0711,0.0,0.0,0.0,0.0,,https://www.4399.com/flash/115756.htm,美人鱼寻爱之旅
970,Castle Craft,sandbox_voxel,0.0084,2,agame;crazygames,2024,5368818,,,,,,,,,,0.0711,0.0,0.0,0.0,0.0,0.0,0.0,0.0,0.0,0.0,Castle Craft: Merge Quest,https://www.crazygames.com/game/castle-craft,castlecraft
971,Ultimate Flying Car,car_stunt_drift,0.0084,2,crazygames;twoplayergames,2023,5367073,,,,,,,,,,0.0711,0.0,0.0,0.0,0.0,0.0,0.0,0.0,0.0,0.0,Ultimate Flying Car 2,https://www.crazygames.com/game/ultimate-flying-car,ultimateflyingcar
972,新麻雀连连看,classic_board_card,0.0083,1,4399,2004,,,,,,,242,,,,0.0,0.0,0.0,0.0,0.0,0.0,0.0709,0.0,0.0,0.0,,https://www.4399.com/flash/1287.htm,新麻雀连连看
973,Russian Offroad Pickup Driver,car_stunt_drift,0.0083,1,y8,,,,,,1864119,,,,,,0.0,0.0,0.0,0.0,0.0709,0.0,0.0,0.0,0.0,0.0,,https://www.y8.com/games/russian_offroad_pickup_driver,russianoffroadpickupdriver
974,海绵宝宝3D大富翁2,classic_board_card,0.0083,1,4399,2012,,,,,,245,,,,,0.0,0.0,0.0,0.0,0.0,0.0708,0.0,0.0,0.0,0.0,,https://www.4399.com/flash/88882.htm,海绵宝宝3d大富翁
975,XEVOZ变种战士,other,0.0083,1,4399,2004,,,,,,246,,,,,0.0,0.0,0.0,0.0,0.0,0.0706,0.0,0.0,0.0,0.0,,https://www.4399.com/flash/1304.htm,xevoz变种战士
976,Throw a Lucky Block,rbx_reverse,0.0083,1,crazygames,2026,5317658,,,,,,,,,,0.0705,0.0,0.0,0.0,0.0,0.0,0.0,0.0,0.0,0.0,,https://www.crazygames.com/game/throw-a-lucky-block,throwaluckyblock
977,化妆解压模拟,dress_up_makeover,0.0083,1,4399,2025,,,,,,,244,,,,0.0,0.0,0.0,0.0,0.0,0.0,0.0703,0.0,0.0,0.0,,https://www.4399.com/flash/255576.htm,化妆解压模拟
978,小忍者寻宝无敌版,other,0.0083,1,4399,2011,,,,,,247,,,,,0.0,0.0,0.0,0.0,0.0,0.0703,0.0,0.0,0.0,0.0,,https://www.4399.com/flash/68724.htm,小忍者寻宝
979,Snakes and Ladders,classic_board_card,0.0083,1,crazygames,2019,5297544,,,,,,,,,,0.0702,0.0,0.0,0.0,0.0,0.0,0.0,0.0,0.0,0.0,,https://www.crazygames.com/game/snakes-and-ladders,snakesandladders
980,惊天神将,other,0.0082,1,4399,2017,,,,,,,245,,,,0.0,0.0,0.0,0.0,0.0,0.0,0.07,0.0,0.0,0.0,,https://www.4399.com/flash/188593.htm,惊天神将
981,中国熊猫2无敌版,other,0.0082,1,4399,2012,,,,,,248,,,,,0.0,0.0,0.0,0.0,0.0,0.07,0.0,0.0,0.0,0.0,,https://www.4399.com/flash/80211.htm,中国熊猫
982,Wild Hunter 3D,other,0.0082,1,crazygames,2024,5279632,,,,,,,,,,0.0699,0.0,0.0,0.0,0.0,0.0,0.0,0.0,0.0,0.0,,https://www.crazygames.com/game/wild-hunter-3d,wildhunter3d
983,智商球圣诞版,other,0.0082,1,7k7k,,,,,,,,,134,,,0.0,0.0,0.0,0.0,0.0,0.0,0.0,0.1398,0.0,0.0,,https://www.7k7k.com/flash/83523.htm,智商球圣诞
984,Mad Town Andreas: Mafia Storie,other,0.0082,1,crazygames,2019,5273585,,,,,,,,,,0.0699,0.0,0.0,0.0,0.0,0.0,0.0,0.0,0.0,0.0,,https://www.crazygames.com/game/mad-town-andreas-mafia-storie,madtownandreas
985,Dead Land: Survival,other,0.0082,1,crazygames,2023,5269987,,,,,,,,,,0.0698,0.0,0.0,0.0,0.0,0.0,0.0,0.0,0.0,0.0,,https://www.crazygames.com/game/dead-land-survival,deadland
986,Backgammon Online,classic_board_card,0.0082,1,crazygames,2019,5260045,,,,,,,,,,0.0697,0.0,0.0,0.0,0.0,0.0,0.0,0.0,0.0,0.0,,https://www.crazygames.com/game/classic-backgammon,backgammon
987,Fall Beans,other,0.0082,1,crazygames,2020,5250776,,,,,,,,,,0.0696,0.0,0.0,0.0,0.0,0.0,0.0,0.0,0.0,0.0,,https://www.crazygames.com/game/fall-beans,fallbeans
988,火柴人枪战大对决,io_arena_shooter,0.0082,1,4399,2022,,,,,,,247,,,,0.0,0.0,0.0,0.0,0.0,0.0,0.0695,0.0,0.0,0.0,,https://www.4399.com/flash/225304.htm,火柴人枪战大对决
989,清洁模拟器,other,0.0081,1,4399,2026,,,,,,,248,,,,0.0,0.0,0.0,0.0,0.0,0.0,0.0692,0.0,0.0,0.0,,https://www.4399.com/flash/258846.htm,清洁模拟器
990,The Visitor,other,0.0081,1,crazygames,2018,5221029,,,,,,,,,,0.0692,0.0,0.0,0.0,0.0,0.0,0.0,0.0,0.0,0.0,,https://www.crazygames.com/game/the-visitor,thevisitor
991,送货货车,car_stunt_drift,0.0081,1,4399,2010,,,,,,251,,,,,0.0,0.0,0.0,0.0,0.0,0.0692,0.0,0.0,0.0,0.0,,https://www.4399.com/flash/36760.htm,送货货车
992,Turbo Dismounting,ragdoll_gore_course,0.0081,1,crazygames,2018,5216967,,,,,,,,,,0.0691,0.0,0.0,0.0,0.0,0.0,0.0,0.0,0.0,0.0,,https://www.crazygames.com/game/turbo-dismounting,turbodismounting
993,太空人大逃亡2,other,0.0081,1,4399,2025,,,,,,,249,,,,0.0,0.0,0.0,0.0,0.0,0.0,0.0689,0.0,0.0,0.0,,https://www.4399.com/flash/256008.htm,太空人大逃亡
994,节奏大师电脑版,rhythm_auto_runner,0.0081,1,7k7k,,,,,,,,,136,,,0.0,0.0,0.0,0.0,0.0,0.0,0.0,0.1378,0.0,0.0,,https://www.7k7k.com/flash/126556.htm,节奏大师
995,史上最贱小游戏之体育,troll_platformer,0.0081,1,4399,2015,,,,,,252,,,,,0.0,0.0,0.0,0.0,0.0,0.0689,0.0,0.0,0.0,0.0,,https://www.4399.com/flash/152489.htm,史上最贱小游戏之体育
996,Ninja Swipe Strike,other,0.0081,1,crazygames,2025,5194009,,,,,,,,,,0.0688,0.0,0.0,0.0,0.0,0.0,0.0,0.0,0.0,0.0,,https://www.crazygames.com/game/ninja-swipe-strike,ninjaswipestrike
997,Babel Tower,troll_platformer,0.0081,1,crazygames,2020,5179037,,,,,,,,,,0.0686,0.0,0.0,0.0,0.0,0.0,0.0,0.0,0.0,0.0,,https://www.crazygames.com/game/babel-tower,babeltower
998,城邦争霸1.0终极无敌版,tower_defense,0.0081,1,4399,2012,,,,,,253,,,,,0.0,0.0,0.0,0.0,0.0,0.0686,0.0,0.0,0.0,0.0,,https://www.4399.com/flash/102393.htm,城邦争霸终极
999,可爱泡泡龙,classic_board_card,0.008,1,7k7k,,,,,,,,,137,,,0.0,0.0,0.0,0.0,0.0,0.0,0.0,0.1368,0.0,0.0,,https://www.7k7k.com/flash/28608.htm,可爱泡泡龙
1000,割绳子H5版,other,0.008,1,4399,2014,,,,,,,251,,,,0.0,0.0,0.0,0.0,0.0,0.0,0.0684,0.0,0.0,0.0,,https://www.4399.com/flash/142014.htm,割绳子
1001,鸡鸭兄弟,other,0.008,1,4399,2013,,,,,,254,,,,,0.0,0.0,0.0,0.0,0.0,0.0683,0.0,0.0,0.0,0.0,,https://www.4399.com/flash/116267.htm,鸡鸭兄弟
1002,Real Car Driving,other,0.008,1,crazygames,2026,5157253,,,,,,,,,,0.0683,0.0,0.0,0.0,0.0,0.0,0.0,0.0,0.0,0.0,,https://www.crazygames.com/game/real-car-driving,realcardriving
1003,Catch the Candy,classic_board_card,0.008,1,coolmathgames,,,,,,,,,,76226,,0.0,0.0,0.0,0.0,0.0,0.0,0.0,0.0,0.1365,0.0,,https://www.coolmathgames.com/0-catch-the-candy,catchthecandy
1004,鸡排主理人,other,0.008,1,4399,2025,,,,,,,252,,,,0.0,0.0,0.0,0.0,0.0,0.0,0.0681,0.0,0.0,0.0,,https://www.4399.com/flash/257149.htm,鸡排主理人
1005,海绵宝宝海底清洁工,other,0.008,1,4399,2008,,,,,,255,,,,,0.0,0.0,0.0,0.0,0.0,0.0681,0.0,0.0,0.0,0.0,,https://www.4399.com/flash/8734.htm,海绵宝宝海底清洁工
1006,Ninja Clash Heroes,other,0.008,1,crazygames,2020,5125827,,,,,,,,,,0.0679,0.0,0.0,0.0,0.0,0.0,0.0,0.0,0.0,0.0,,https://www.crazygames.com/game/ninja-clash-heroes,ninjaclashheroes
1007,农场水果连连看3,classic_board_card,0.008,1,7k7k,,,,,,,,,138,,,0.0,0.0,0.0,0.0,0.0,0.0,0.0,0.1358,0.0,0.0,,https://www.7k7k.com/flash/50109.htm,农场水果连连看
1008,狙击手练习营2,io_arena_shooter,0.008,1,4399,2019,,,,,,,253,,,,0.0,0.0,0.0,0.0,0.0,0.0,0.0678,0.0,0.0,0.0,,https://www.4399.com/flash/210228.htm,狙击手练习营
1009,投篮挑战选关版,other,0.008,1,4399,2010,,,,,,256,,,,,0.0,0.0,0.0,0.0,0.0,0.0678,0.0,0.0,0.0,0.0,,https://www.4399.com/flash/71883.htm,投篮挑战
1010,桌球高手,pool_billiards,0.0079,1,4399,2025,,,,,,,254,,,,0.0,0.0,0.0,0.0,0.0,0.0,0.0676,0.0,0.0,0.0,,https://www.4399.com/flash/250253.htm,桌球高手
1011,枕头大战中文版,other,0.0079,1,4399,2011,,,,,,257,,,,,0.0,0.0,0.0,0.0,0.0,0.0675,0.0,0.0,0.0,0.0,,https://www.4399.com/flash/47951.htm,枕头大战
1012,Age of Tanks Warriors: TD War,tank_maze_duel,0.0079,1,crazygames,2024,5089382,,,,,,,,,,0.0674,0.0,0.0,0.0,0.0,0.0,0.0,0.0,0.0,0.0,,https://www.crazygames.com/game/age-of-tanks-warriors-td-war,ageoftankswarriors
1013,Cups - Water Sort Puzzle,merge_drop,0.0079,1,crazygames,2022,5088237,,,,,,,,,,0.0674,0.0,0.0,0.0,0.0,0.0,0.0,0.0,0.0,0.0,,https://www.crazygames.com/game/cups---water-sort-puzzle,cups
1014,越野摩托竞速赛,bike_trials,0.0079,1,7k7k,,,,,,,,,139,,,0.0,0.0,0.0,0.0,0.0,0.0,0.0,0.1348,0.0,0.0,,https://www.7k7k.com/flash/97495.htm,越野摩托竞速赛
1015,好妖不挡道,other,0.0079,1,4399,2025,,,,,,,255,,,,0.0,0.0,0.0,0.0,0.0,0.0,0.0673,0.0,0.0,0.0,,https://www.4399.com/flash/253143.htm,好妖不挡道
1016,皮球总动员四人版,other,0.0079,1,4399,2015,,,,,,258,,,,,0.0,0.0,0.0,0.0,0.0,0.0673,0.0,0.0,0.0,0.0,,https://www.4399.com/flash/159976.htm,皮球总动员四人
1017,Stacky Bird,helix_stack_tap,0.0079,1,crazygames,2022,5070606,,,,,,,,,,0.0672,0.0,0.0,0.0,0.0,0.0,0.0,0.0,0.0,0.0,,https://www.crazygames.com/game/stacky-bird,stackybird
1018,森林冰火人中文无敌版,coop_duo_puzzle,0.0079,1,7k7k,,,,,,,,,140,,,0.0,0.0,0.0,0.0,0.0,0.0,0.0,0.1339,0.0,0.0,,https://www.7k7k.com/flash/53584.htm,森林冰火人中文
1019,危险九十九夜,other,0.0079,1,4399,2026,,,,,,,257,,,,0.0,0.0,0.0,0.0,0.0,0.0,0.0668,0.0,0.0,0.0,,https://www.4399.com/flash/259783.htm,危险九十九夜
1020,贪玩三人组,other,0.0079,1,4399,2011,,,,,,260,,,,,0.0,0.0,0.0,0.0,0.0,0.0668,0.0,0.0,0.0,0.0,,https://www.4399.com/flash/75533.htm,贪玩组
1021,Mk48.io,other,0.0079,1,crazygames,2021,5037473,,,,,,,,,,0.0667,0.0,0.0,0.0,0.0,0.0,0.0,0.0,0.0,0.0,,https://www.crazygames.com/game/mk48-io,mk
1022,爆发的小火山,other,0.0078,1,4399,2011,,,,,,261,,,,,0.0,0.0,0.0,0.0,0.0,0.0665,0.0,0.0,0.0,0.0,,https://www.4399.com/flash/54185.htm,爆发的小火山
1023,小美洗发店,dress_up_makeover,0.0078,1,7k7k,,,,,,,,,141,,,0.0,0.0,0.0,0.0,0.0,0.0,0.0,0.1329,0.0,0.0,,https://www.7k7k.com/flash/19271.htm,小美洗发店
1024,消了个羊,other,0.0078,1,4399,2022,,,,,,,259,,,,0.0,0.0,0.0,0.0,0.0,0.0,0.0662,0.0,0.0,0.0,,https://www.4399.com/flash/229754.htm,消了个羊
1025,冰火人面兽,coop_duo_puzzle,0.0078,1,4399,2016,,,,,,262,,,,,0.0,0.0,0.0,0.0,0.0,0.0662,0.0,0.0,0.0,0.0,,https://www.4399.com/flash/178700.htm,冰火人面兽
1026,Farm Ring Idle,idle_clicker,0.0078,1,crazygames,2025,4992584,,,,,,,,,,0.0661,0.0,0.0,0.0,0.0,0.0,0.0,0.0,0.0,0.0,,https://www.crazygames.com/game/farm-ring-idle,farmringidle
1027,Connect 4 Online Multiplayer,classic_board_card,0.0078,1,crazygames,2022,4987593,,,,,,,,,,0.0661,0.0,0.0,0.0,0.0,0.0,0.0,0.0,0.0,0.0,,https://www.crazygames.com/game/4-in-a-row-connected-multiplayer-online,connect
1028,火柴人弓箭对战,other,0.0078,1,4399,2026,,,,,,,260,,,,0.0,0.0,0.0,0.0,0.0,0.0,0.066,0.0,0.0,0.0,,https://www.4399.com/flash/255648.htm,火柴人弓箭对战
1029,双人贪食蛇大战,io_eat_grow,0.0078,1,7k7k,,,,,,,,,142,,,0.0,0.0,0.0,0.0,0.0,0.0,0.0,0.132,0.0,0.0,,https://www.7k7k.com/flash/109813.htm,贪食蛇大战
1030,Overtide.io,other,0.0078,1,crazygames,2025,4979731,,,,,,,,,,0.066,0.0,0.0,0.0,0.0,0.0,0.0,0.0,0.0,0.0,,https://www.crazygames.com/game/overtide-io,overtide
1031,Ghost Sniper,io_arena_shooter,0.0077,1,crazygames,2017,4964549,,,,,,,,,,0.0658,0.0,0.0,0.0,0.0,0.0,0.0,0.0,0.0,0.0,,https://www.crazygames.com/game/ghost-sniper,ghostsniper
1032,恐龙大战火箭车,car_stunt_drift,0.0077,1,4399,2010,,,,,,264,,,,,0.0,0.0,0.0,0.0,0.0,0.0657,0.0,0.0,0.0,0.0,,https://www.4399.com/flash/29312.htm,恐龙大战火箭车
1033,极品飙车赛,car_stunt_drift,0.0077,1,7k7k,,,,,,,,,143,,,0.0,0.0,0.0,0.0,0.0,0.0,0.0,0.131,0.0,0.0,,https://www.7k7k.com/flash/40347.htm,极品飙车赛
1034,愤怒的冰人火人,other,0.0077,1,4399,2012,,,,,,265,,,,,0.0,0.0,0.0,0.0,0.0,0.0655,0.0,0.0,0.0,0.0,,https://www.4399.com/flash/90009.htm,愤怒的冰人火人
1035,民间怪谈档案,other,0.0077,1,4399,2024,,,,,,,262,,,,0.0,0.0,0.0,0.0,0.0,0.0,0.0655,0.0,0.0,0.0,,https://www.4399.com/flash/246945.htm,民间怪谈档案
1036,Snowball.io,io_eat_grow,0.0077,1,crazygames,2019,4930611,,,,,,,,,,0.0653,0.0,0.0,0.0,0.0,0.0,0.0,0.0,0.0,0.0,,https://www.crazygames.com/game/snowball-io,snowball
1037,数字冲刺,other,0.0077,1,4399,2024,,,,,,,263,,,,0.0,0.0,0.0,0.0,0.0,0.0,0.0652,0.0,0.0,0.0,,https://www.4399.com/flash/242299.htm,数字冲刺
1038,Sniper Assassin - Government Agent,io_arena_shooter,0.0077,1,crazygames,2020,4919145,,,,,,,,,,0.0652,0.0,0.0,0.0,0.0,0.0,0.0,0.0,0.0,0.0,,https://www.crazygames.com/game/sniper-assassin-government-agent,sniperassassin
1039,神奇的种子,other,0.0077,1,7k7k,,,,,,,,,144,,,0.0,0.0,0.0,0.0,0.0,0.0,0.0,0.1301,0.0,0.0,,https://www.7k7k.com/flash/129205.htm,神奇的种子
1040,卡哇伊跑酷2,endless_runner,0.0076,1,4399,2012,,,,,,267,,,,,0.0,0.0,0.0,0.0,0.0,0.065,0.0,0.0,0.0,0.0,,https://www.4399.com/flash/104983.htm,卡哇伊跑酷
1041,GT Cars Mega Ramps,other,0.0076,1,crazygames,2024,4897003,,,,,,,,,,0.0649,0.0,0.0,0.0,0.0,0.0,0.0,0.0,0.0,0.0,,https://www.crazygames.com/game/gt-cars-mega-ramps,gtcarsmegaramps
1042,太空舱作战军团2,other,0.0076,1,4399,2014,,,,,,268,,,,,0.0,0.0,0.0,0.0,0.0,0.0648,0.0,0.0,0.0,0.0,,https://www.4399.com/flash/148055.htm,太空舱作战军团
1043,2v2.io,other,0.0076,1,crazygames,2025,4887528,,,,,,,,,,0.0648,0.0,0.0,0.0,0.0,0.0,0.0,0.0,0.0,0.0,,https://www.crazygames.com/game/2v2-io,2v
1044,台球俱乐部,pool_billiards,0.0076,1,4399,2025,,,,,,,265,,,,0.0,0.0,0.0,0.0,0.0,0.0,0.0647,0.0,0.0,0.0,,https://www.4399.com/flash/249832.htm,台球俱乐部
1045,The Programmer RPG,other,0.0076,1,kongregate,,,,,,,,,,,208900,0.0,0.0,0.0,0.0,0.0,0.0,0.0,0.0,0.0,0.1293,,https://www.kongregate.com/en/games/GregoryCarlson/the-programmer-rpg,theprogrammerrpg
1046,英勇消防员,other,0.0076,1,7k7k,,,,,,,,,145,,,0.0,0.0,0.0,0.0,0.0,0.0,0.0,0.1292,0.0,0.0,,https://www.7k7k.com/flash/126321.htm,英勇消防员
1047,黄金矿工大作战,gold_miner_claw,0.0076,1,4399,2018,,,,,,,266,,,,0.0,0.0,0.0,0.0,0.0,0.0,0.0645,0.0,0.0,0.0,,https://www.4399.com/flash/202459.htm,黄金矿工大作战
1048,The White Room,other,0.0076,1,crazygames,2022,4860099,,,,,,,,,,0.0644,0.0,0.0,0.0,0.0,0.0,0.0,0.0,0.0,0.0,The White Room 2 / The White Room 3,https://www.crazygames.com/game/the-white-room-2,thewhiteroom
1049,Bad Time Simulator (Sans Fight),other,0.0076,1,y8,,,,,,1690685,,,,,,0.0,0.0,0.0,0.0,0.0643,0.0,0.0,0.0,0.0,0.0,,https://www.y8.com/games/bad_time_simulator_sans_fight_,badtimesimulator
1050,红楼梦连连看,classic_board_card,0.0076,1,4399,2011,,,,,,,267,,,,0.0,0.0,0.0,0.0,0.0,0.0,0.0643,0.0,0.0,0.0,,https://www.4399.com/flash/53510.htm,红楼梦连连看
1051,Backrooms,horror_escape,0.0076,1,y8,,,,,,1689831,,,,,,0.0,0.0,0.0,0.0,0.0642,0.0,0.0,0.0,0.0,0.0,,https://www.y8.com/games/backrooms,backrooms
1052,Obby Car Challenge: Drive,rbx_reverse,0.0076,1,crazygames,2025,4845304,,,,,,,,,,0.0642,0.0,0.0,0.0,0.0,0.0,0.0,0.0,0.0,0.0,,https://www.crazygames.com/game/obby-car-challenge-drive,obbycarchallenge
1053,保卫萝卜电脑版,tower_defense,0.0076,1,7k7k,,,,,,,,,146,,,0.0,0.0,0.0,0.0,0.0,0.0,0.0,0.1284,0.0,0.0,保卫萝卜2电脑版 / 保卫萝卜中文版 / 保卫萝卜正式版,https://www.7k7k.com/flash/114196.htm,保卫萝卜
1054,超级玛丽中文版,other,0.0075,1,4399,2011,,,,,,271,,,,,0.0,0.0,0.0,0.0,0.0,0.064,0.0,0.0,0.0,0.0,,https://www.4399.com/flash/58993.htm,超级玛丽
1055,Mansion Tale: Merge Secrets,merge_drop,0.0075,1,crazygames,2026,4833047,,,,,,,,,,0.064,0.0,0.0,0.0,0.0,0.0,0.0,0.0,0.0,0.0,,https://www.crazygames.com/game/mansion-tale-merge-secrets,mansiontale
1056,双人坦克世界3D,other,0.0075,1,4399,2016,,,,,,273,,,,,0.0,0.0,0.0,0.0,0.0,0.0636,0.0,0.0,0.0,0.0,,https://www.4399.com/flash/180977.htm,坦克世界3d
1057,Wheely,classic_board_card,0.0075,3,coolmathgames;kizi;pacogames,,,,,,,,,,70755,,0.0,0.0,0.0,0.0,0.0,0.0,0.0,0.0,0.1267,0.0,Wheely 2 / Wheely 3,https://www.coolmathgames.com/0-wheely,wheely
1058,抓捕大公鸡,other,0.0075,1,4399,2012,,,,,,274,,,,,0.0,0.0,0.0,0.0,0.0,0.0633,0.0,0.0,0.0,0.0,,https://www.4399.com/flash/96792.htm,抓捕大公鸡
1059,冒险王精灵物语,other,0.0074,1,7k7k,,,,,,,,,148,,,0.0,0.0,0.0,0.0,0.0,0.0,0.0,0.1266,0.0,0.0,,https://www.7k7k.com/flash/53833.htm,冒险王精灵物语
1060,Geometry Vibes,rhythm_auto_runner,0.0074,3,miniplay;twoplayergames;y8,,,,,,1664167,,,,,,0.0,0.0,0.0,0.0,0.0633,0.0,0.0,0.0,0.0,0.0,Geometry Vibes 2 Online,https://www.y8.com/games/geometry_vibes,geometryvibes
1061,大炮篮球,other,0.0074,1,4399,2012,,,,,,275,,,,,0.0,0.0,0.0,0.0,0.0,0.0631,0.0,0.0,0.0,0.0,,https://www.4399.com/flash/103568.htm,大炮篮球
1062,Stealing the Diamond,other,0.0074,1,crazygames,,4750420,,,,,,,,,,0.0629,0.0,0.0,0.0,0.0,0.0,0.0,0.0,0.0,0.0,,https://www.crazygames.com/game/stealing-the-diamond,stealingthediamond
1063,Mope.io,io_eat_grow,0.0074,1,crazygames,2016,4750396,,,,,,,,,,0.0629,0.0,0.0,0.0,0.0,0.0,0.0,0.0,0.0,0.0,,https://www.crazygames.com/game/mopeio,mope
1064,变形人竞赛,other,0.0074,1,7k7k,,,,,,,,,149,,,0.0,0.0,0.0,0.0,0.0,0.0,0.0,0.1258,0.0,0.0,变形人竞赛2,https://www.7k7k.com/flash/80447.htm,变形人竞赛
1065,火柴人斗士激战,other,0.0074,1,4399,2026,,,,,,,273,,,,0.0,0.0,0.0,0.0,0.0,0.0,0.0629,0.0,0.0,0.0,,https://www.4399.com/flash/258275.htm,火柴人斗士激战
1066,朵拉农场,other,0.0074,1,4399,2010,,,,,,277,,,,,0.0,0.0,0.0,0.0,0.0,0.0627,0.0,0.0,0.0,0.0,,https://www.4399.com/flash/40451.htm,朵拉农场
1067,黑暗突袭,other,0.0074,1,4399,2020,,,,,,,274,,,,0.0,0.0,0.0,0.0,0.0,0.0,0.0626,0.0,0.0,0.0,,https://www.4399.com/flash/210626.htm,黑暗突袭
1068,色彩方块消消看,merge_drop,0.0073,1,7k7k,,,,,,,,,150,,,0.0,0.0,0.0,0.0,0.0,0.0,0.0,0.1249,0.0,0.0,,https://www.7k7k.com/flash/79305.htm,色彩方块消消看
1069,超级方块,merge_drop,0.0073,1,4399,2005,,,,,,,275,,,,0.0,0.0,0.0,0.0,0.0,0.0,0.0624,0.0,0.0,0.0,,https://www.4399.com/flash/1563.htm,超级方块
1070,CrazySteve.io,other,0.0073,1,crazygames,2018,4704372,,,,,,,,,,0.0623,0.0,0.0,0.0,0.0,0.0,0.0,0.0,0.0,0.0,,https://www.crazygames.com/game/crazysteveio,crazysteve
1071,Offroad Island,car_stunt_drift,0.0073,1,crazygames,2024,4692914,,,,,,,,,,0.0622,0.0,0.0,0.0,0.0,0.0,0.0,0.0,0.0,0.0,,https://www.crazygames.com/game/offroad-island,offroadisland
1072,恐怖规则怪谈,horror_escape,0.0073,1,4399,2024,,,,,,,276,,,,0.0,0.0,0.0,0.0,0.0,0.0,0.0622,0.0,0.0,0.0,,https://www.4399.com/flash/244043.htm,恐怖规则怪谈
1073,找你妹电脑版,other,0.0073,1,7k7k,,,,,,,,,151,,,0.0,0.0,0.0,0.0,0.0,0.0,0.0,0.1241,0.0,0.0,,https://www.7k7k.com/flash/109784.htm,找你妹
1074,火柴人试炼地11,other,0.0073,1,4399,2025,,,,,,,277,,,,0.0,0.0,0.0,0.0,0.0,0.0,0.0619,0.0,0.0,0.0,,https://www.4399.com/flash/255403.htm,火柴人试炼地
1075,Gearshift One,other,0.0073,1,crazygames,2024,4668176,,,,,,,,,,0.0618,0.0,0.0,0.0,0.0,0.0,0.0,0.0,0.0,0.0,,https://www.crazygames.com/game/gearshift-one,gearshiftone
1076,4399小小突击队,other,0.0073,1,4399,2024,,,,,,281,,,,,0.0,0.0,0.0,0.0,0.0,0.0618,0.0,0.0,0.0,0.0,,https://my.4399.com/yxxxtjd/,小小突击队
1077,Last Play: Ragdoll Sandbox,ragdoll_gore_course,0.0073,2,crazygames;playgama,2024,4661895,,,,,,,,,,0.0618,0.0,0.0,0.0,0.0,0.0,0.0,0.0,0.0,0.0,,https://www.crazygames.com/game/last-play-ragdoll-sandbox-kqb,lastplay
1078,3D真实台球,pool_billiards,0.0073,1,7k7k,,,,,,,,,152,,,0.0,0.0,0.0,0.0,0.0,0.0,0.0,0.1233,0.0,0.0,,https://www.7k7k.com/flash/211039.htm,3d真实台球
1079,高速抢车,car_stunt_drift,0.0072,1,4399,2010,,,,,,282,,,,,0.0,0.0,0.0,0.0,0.0,0.0615,0.0,0.0,0.0,0.0,,https://www.4399.com/flash/35280.htm,高速抢车
1080,Fury Foot,other,0.0072,1,crazygames,2024,4629044,,,,,,,,,,0.0613,0.0,0.0,0.0,0.0,0.0,0.0,0.0,0.0,0.0,,https://www.crazygames.com/game/anger-foot-3d,furyfoot
1081,披萨小王子2,other,0.0072,1,4399,2020,,,,,,,280,,,,0.0,0.0,0.0,0.0,0.0,0.0,0.0613,0.0,0.0,0.0,,https://www.4399.com/flash/210711.htm,披萨小王子
1082,动物园逃亡,other,0.0072,1,7k7k,,,,,,,,,153,,,0.0,0.0,0.0,0.0,0.0,0.0,0.0,0.1225,0.0,0.0,,https://www.7k7k.com/flash/109493.htm,动物园逃亡
1083,贪吃蛇多人大对决2无敌版,io_eat_grow,0.0072,1,4399,2026,,,,,,,281,,,,0.0,0.0,0.0,0.0,0.0,0.0,0.0611,0.0,0.0,0.0,,https://www.4399.com/flash/256024.htm,贪吃蛇多人大对决
1084,surviv.io,io_arena_shooter,0.0072,1,kongregate,,,,,,,,,,,197200,0.0,0.0,0.0,0.0,0.0,0.0,0.0,0.0,0.0,0.1221,,https://www.kongregate.com/en/games/Monumental/surviv,surviv
1085,"Sugar, Sugar",classic_board_card,0.0072,1,coolmathgames,,,,,,,,,,67936,,0.0,0.0,0.0,0.0,0.0,0.0,0.0,0.0,0.1217,0.0,,https://www.coolmathgames.com/0-sugar-sugar,sugarsugar
1086,校园摸金,other,0.0071,1,4399,2025,,,,,,,283,,,,0.0,0.0,0.0,0.0,0.0,0.0,0.0606,0.0,0.0,0.0,,https://www.4399.com/flash/255038.htm,校园摸金
1087,油漆枪战,io_arena_shooter,0.0071,1,4399,2016,,,,,,287,,,,,0.0,0.0,0.0,0.0,0.0,0.0605,0.0,0.0,0.0,0.0,,https://www.4399.com/flash/171130.htm,油漆枪战
1088,铁头小子,other,0.0071,1,4399,2009,,,,,,288,,,,,0.0,0.0,0.0,0.0,0.0,0.0603,0.0,0.0,0.0,0.0,,https://www.4399.com/flash/15548.htm,铁头小子
1089,台球对战,pool_billiards,0.0071,1,4399,2026,,,,,,,285,,,,0.0,0.0,0.0,0.0,0.0,0.0,0.0602,0.0,0.0,0.0,,https://www.4399.com/flash/258800.htm,台球对战
1090,疯狂战车,car_stunt_drift,0.0071,1,7k7k,,,,,,,,,156,,,0.0,0.0,0.0,0.0,0.0,0.0,0.0,0.1201,0.0,0.0,,https://www.7k7k.com/flash/26570.htm,疯狂战车
1091,彩色泡泡龙,classic_board_card,0.0071,1,4399,2010,,,,,,289,,,,,0.0,0.0,0.0,0.0,0.0,0.0601,0.0,0.0,0.0,0.0,,https://www.4399.com/flash/32512.htm,彩色泡泡龙
1092,Madness Project Nexus,run_gun_coop,0.0071,1,crazygames,2020,4531927,,,,,,,,,,0.06,0.0,0.0,0.0,0.0,0.0,0.0,0.0,0.0,0.0,,https://www.crazygames.com/game/madness-project-nexus,madnessprojectnexus
1093,植物大战僵尸塔防版无敌版,tower_defense,0.007,2,4399;7k7k,2010,,,,,,290,,,,,0.0,0.0,0.0,0.0,0.0,0.0599,0.0,0.0,0.0,0.0,植物大战僵尸塔防变态版,https://www.4399.com/flash/88808.htm,植物大战僵尸塔防
1094,Space Wars Battleground,other,0.007,1,crazygames,2024,4513986,,,,,,,,,,0.0598,0.0,0.0,0.0,0.0,0.0,0.0,0.0,0.0,0.0,,https://www.crazygames.com/game/space-wars-battleground,spacewarsbattleground
1095,圆球情侣,other,0.007,1,4399,2019,,,,,,,287,,,,0.0,0.0,0.0,0.0,0.0,0.0,0.0598,0.0,0.0,0.0,,https://www.4399.com/flash/201721.htm,圆球情侣
1096,冒险王双人版,other,0.007,1,7k7k,,,,,,,,,157,,,0.0,0.0,0.0,0.0,0.0,0.0,0.0,0.1194,0.0,0.0,,https://www.7k7k.com/flash/52654.htm,冒险王
1097,Sportcars Crash,physics_destruction,0.007,1,crazygames,2023,4497817,,,,,,,,,,0.0596,0.0,0.0,0.0,0.0,0.0,0.0,0.0,0.0,0.0,,https://www.crazygames.com/game/sportcars-crash,sportcarscrash
1098,魂斗罗双打DIY完整版,other,0.007,1,4399,2007,,,,,,292,,,,,0.0,0.0,0.0,0.0,0.0,0.0594,0.0,0.0,0.0,0.0,,https://www.4399.com/flash/1253.htm,魂斗罗双打diy
1099,皇家守卫军2英雄全开无敌版,tower_defense,0.007,1,7k7k,,,,,,,,,158,,,0.0,0.0,0.0,0.0,0.0,0.0,0.0,0.1186,0.0,0.0,,https://www.7k7k.com/flash/123182.htm,皇家守卫军2英雄全开
1100,Turbo Cars: Pipe Stunts,other,0.0069,1,crazygames,2024,4455900,,,,,,,,,,0.059,0.0,0.0,0.0,0.0,0.0,0.0,0.0,0.0,0.0,,https://www.crazygames.com/game/turbo-cars---pipe-stunts,turbocars
1101,Only Up,troll_platformer,0.0069,2,crazygames;y8,2026,557045,,,,1357321,,,,,,0.0074,0.0,0.0,0.0,0.0516,0.0,0.0,0.0,0.0,0.0,Only Up: Parkour,https://www.crazygames.com/game/only-up-parkour-adl,onlyup
1102,波哥跑酷,endless_runner,0.0069,1,4399,2025,,,,,,,291,,,,0.0,0.0,0.0,0.0,0.0,0.0,0.059,0.0,0.0,0.0,,https://www.4399.com/flash/252244.htm,波哥跑酷
1103,3D超级跑车,car_stunt_drift,0.0069,1,7k7k,,,,,,,,,159,,,0.0,0.0,0.0,0.0,0.0,0.0,0.0,0.1179,0.0,0.0,,https://www.7k7k.com/flash/88793.htm,3d超级跑车
1104,Jailbreak: Hide or Attack!,hide_seek_prop,0.0069,1,crazygames,2023,4441315,,,,,,,,,,0.0588,0.0,0.0,0.0,0.0,0.0,0.0,0.0,0.0,0.0,,https://www.crazygames.com/game/jailbreak-hide-or-attack,jailbreak
1105,新黄金矿工,gold_miner_claw,0.0069,1,4399,2016,,,,,,295,,,,,0.0,0.0,0.0,0.0,0.0,0.0588,0.0,0.0,0.0,0.0,,https://www.4399.com/flash/182762.htm,新黄金矿工
1106,极品赛车,car_stunt_drift,0.0069,1,4399,2010,,,,,,296,,,,,0.0,0.0,0.0,0.0,0.0,0.0586,0.0,0.0,0.0,0.0,,https://www.4399.com/flash/34716.htm,极品赛车
1107,阿sue做面膜,dress_up_makeover,0.0069,1,7k7k,,,,,,,,,160,,,0.0,0.0,0.0,0.0,0.0,0.0,0.0,0.1171,0.0,0.0,,https://www.7k7k.com/flash/65029.htm,阿sue做面膜
1108,3D旋转麻将连连看,classic_board_card,0.0069,1,4399,2012,,,,,,,293,,,,0.0,0.0,0.0,0.0,0.0,0.0,0.0586,0.0,0.0,0.0,,https://www.4399.com/flash/97275.htm,3d旋转麻将连连看
1109,老爹鸡翅店,time_mgmt_cooking,0.0069,1,4399,2012,,,,,,297,,,,,0.0,0.0,0.0,0.0,0.0,0.0584,0.0,0.0,0.0,0.0,,https://www.4399.com/flash/91350.htm,老爹鸡翅店
1110,Basket Battle,other,0.0069,1,crazygames,2025,4411036,,,,,,,,,,0.0584,0.0,0.0,0.0,0.0,0.0,0.0,0.0,0.0,0.0,,https://www.crazygames.com/game/basket-battle-zmg,basketbattle
1111,飘渺西游,other,0.0069,1,4399,2024,,,,,,,294,,,,0.0,0.0,0.0,0.0,0.0,0.0,0.0584,0.0,0.0,0.0,,https://my.4399.com/yxpmxy/,飘渺西游
1112,做奶酪汉堡包,time_mgmt_cooking,0.0069,1,4399,2010,,,,,,298,,,,,0.0,0.0,0.0,0.0,0.0,0.0582,0.0,0.0,0.0,0.0,,https://www.4399.com/flash/36568.htm,做奶酪汉堡包
1113,不是我的邻居,other,0.0068,1,4399,2024,,,,,,,295,,,,0.0,0.0,0.0,0.0,0.0,0.0,0.0582,0.0,0.0,0.0,,https://www.4399.com/flash/246607.htm,不是我的邻居
1114,Fish Orbit,other,0.0068,1,crazygames,2025,4380205,,,,,,,,,,0.058,0.0,0.0,0.0,0.0,0.0,0.0,0.0,0.0,0.0,,https://www.crazygames.com/game/fish-orbit,fishorbit
1115,烽火枪战,io_arena_shooter,0.0068,1,4399,2025,,,,,,,296,,,,0.0,0.0,0.0,0.0,0.0,0.0,0.058,0.0,0.0,0.0,,https://www.4399.com/flash/251043.htm,烽火枪战
1116,拳王WingEx1.0,stickman_brawler,0.0068,1,4399,2014,,,,,,300,,,,,0.0,0.0,0.0,0.0,0.0,0.0579,0.0,0.0,0.0,0.0,,https://www.4399.com/flash/140236.htm,拳王wingex
1117,坦克世界对战,other,0.0068,1,4399,2026,,,,,,,297,,,,0.0,0.0,0.0,0.0,0.0,0.0,0.0578,0.0,0.0,0.0,,https://www.4399.com/flash/256570.htm,坦克世界对战
1118,Take Actions,other,0.0068,1,crazygames,2025,4360352,,,,,,,,,,0.0578,0.0,0.0,0.0,0.0,0.0,0.0,0.0,0.0,0.0,,https://www.crazygames.com/game/take-actions,takeactions
1119,Match Arena,other,0.0068,2,agame;crazygames,2019,4355613,,,,,,,,,,0.0577,0.0,0.0,0.0,0.0,0.0,0.0,0.0,0.0,0.0,Match Arena Multiplayer,https://www.crazygames.com/game/match-arena,matcharena
1120,五星战队之超级武士加强无敌版2,other,0.0068,1,4399,2012,,,,,,301,,,,,0.0,0.0,0.0,0.0,0.0,0.0577,0.0,0.0,0.0,0.0,,https://www.4399.com/flash/103299.htm,五星战队之超级武士加强
1121,节奏弹球,rhythm_auto_runner,0.0068,1,4399,2026,,,,,,,298,,,,0.0,0.0,0.0,0.0,0.0,0.0,0.0576,0.0,0.0,0.0,,https://www.4399.com/flash/254910.htm,节奏弹球
1122,Soccer Bros,physics_random_duel,0.0068,2,crazygames;twoplayergames,2024,4344851,,,,,,,,,,0.0576,0.0,0.0,0.0,0.0,0.0,0.0,0.0,0.0,0.0,,https://www.crazygames.com/game/soccer-bros,soccerbros
1123,安全撤离,other,0.0068,1,7k7k,,,,,,,,,163,,,0.0,0.0,0.0,0.0,0.0,0.0,0.0,0.115,0.0,0.0,,https://www.7k7k.com/flash/129047.htm,安全撤离
1124,胖胖猫山洞大闯关2,other,0.0068,1,4399,2012,,,,,,302,,,,,0.0,0.0,0.0,0.0,0.0,0.0575,0.0,0.0,0.0,0.0,,https://www.4399.com/flash/89462.htm,胖胖猫山洞大闯关
1125,Mage Castle Idle Defense,idle_clicker,0.0068,1,crazygames,2025,4331833,,,,,,,,,,0.0574,0.0,0.0,0.0,0.0,0.0,0.0,0.0,0.0,0.0,,https://www.crazygames.com/game/mage-tower-idle-defense,magecastleidledefense
1126,爱琳诗篇,other,0.0068,1,4399,2022,,,,,,,299,,,,0.0,0.0,0.0,0.0,0.0,0.0,0.0574,0.0,0.0,0.0,,https://www.4399.com/flash/227179.htm,爱琳诗篇
1127,Mahjong Connect Classic,classic_board_card,0.0067,3,agame;crazygames;pacogames,2022,4326865,,,,,,,,,,0.0573,0.0,0.0,0.0,0.0,0.0,0.0,0.0,0.0,0.0,Mahjong Connect (Legacy) / Mahjong Connect 2 (Legacy),https://www.crazygames.com/game/mahjong-connect-1,mahjongconnect
1128,活到最后,other,0.0067,1,4399,2024,,,,,,,300,,,,0.0,0.0,0.0,0.0,0.0,0.0,0.0572,0.0,0.0,0.0,,https://www.4399.com/flash/242260.htm,活到最后
1129,养宠物狗狗,other,0.0067,1,7k7k,,,,,,,,,164,,,0.0,0.0,0.0,0.0,0.0,0.0,0.0,0.1143,0.0,0.0,,https://www.7k7k.com/flash/21431.htm,养宠物狗狗
1130,武将风云录,other,0.0067,1,4399,2014,,,,,,304,,,,,0.0,0.0,0.0,0.0,0.0,0.0571,0.0,0.0,0.0,0.0,,https://www.4399.com/flash/130342.htm,武将风云录
1131,空当接龙,other,0.0067,1,4399,2010,,,,,,,301,,,,0.0,0.0,0.0,0.0,0.0,0.0,0.057,0.0,0.0,0.0,,https://www.4399.com/flash/26862.htm,空当接龙
1132,鸭嘴兽的逆袭2,other,0.0067,1,4399,2013,,,,,,305,,,,,0.0,0.0,0.0,0.0,0.0,0.0569,0.0,0.0,0.0,0.0,,https://www.4399.com/flash/110352.htm,鸭嘴兽的逆袭
1133,Airport Clash 3D,other,0.0067,2,crazygames;lagged,2019,4289817,,,,,,,,,,0.0568,0.0,0.0,0.0,0.0,0.0,0.0,0.0,0.0,0.0,,https://www.crazygames.com/game/airport-clash-3d,airportclash3d
1134,疯狂的愤怒小鸟,other,0.0067,1,4399,2011,,,,,,306,,,,,0.0,0.0,0.0,0.0,0.0,0.0567,0.0,0.0,0.0,0.0,,https://www.4399.com/flash/77411.htm,疯狂的愤怒小鸟
1135,老爹三明治店中文版,time_mgmt_cooking,0.0067,1,4399,2015,,,,,,,303,,,,0.0,0.0,0.0,0.0,0.0,0.0,0.0566,0.0,0.0,0.0,,https://www.4399.com/flash/159765.htm,老爹三明治店
1136,Kiomet,other,0.0067,1,crazygames,2022,4270672,,,,,,,,,,0.0566,0.0,0.0,0.0,0.0,0.0,0.0,0.0,0.0,0.0,,https://www.crazygames.com/game/kiomet-com,kiomet
1137,城市超跑竞速赛,other,0.0066,1,4399,2021,,,,,,,305,,,,0.0,0.0,0.0,0.0,0.0,0.0,0.0563,0.0,0.0,0.0,,https://www.4399.com/flash/221389.htm,城市超跑竞速赛
1138,Shootorial #3,other,0.0066,1,kongregate,,,,,,,,,,,181600,0.0,0.0,0.0,0.0,0.0,0.0,0.0,0.0,0.0,0.1124,,https://www.kongregate.com/en/games/Kongregate/shootorial-3,shootorial
1139,豌豆兄弟大战僵尸,other,0.0066,1,7k7k,,,,,,,,,167,,,0.0,0.0,0.0,0.0,0.0,0.0,0.0,0.1122,0.0,0.0,,https://www.7k7k.com/flash/113467.htm,豌豆兄弟大战僵尸
1140,MotoCross Riders,other,0.0066,1,crazygames,2019,4233544,,,,,,,,,,0.0561,0.0,0.0,0.0,0.0,0.0,0.0,0.0,0.0,0.0,,https://www.crazygames.com/game/motocross-riders,motocrossriders
1141,TimeWarriors,other,0.0066,1,crazygames,2024,4221012,,,,,,,,,,0.0559,0.0,0.0,0.0,0.0,0.0,0.0,0.0,0.0,0.0,,https://www.crazygames.com/game/timewarriors,timewarriors
1142,狗狗模拟器,other,0.0066,1,4399,2023,,,,,,,307,,,,0.0,0.0,0.0,0.0,0.0,0.0,0.0559,0.0,0.0,0.0,,https://www.4399.com/flash/236482.htm,狗狗模拟器
1143,Color Tap: Coloring by Numbers,draw_guess_party,0.0066,1,crazygames,2023,4212956,,,,,,,,,,0.0558,0.0,0.0,0.0,0.0,0.0,0.0,0.0,0.0,0.0,,https://www.crazygames.com/game/color-tap-coloring-by-numbers,colortap
1144,石头连连看原版,classic_board_card,0.0066,1,4399,2012,,,,,,,308,,,,0.0,0.0,0.0,0.0,0.0,0.0,0.0557,0.0,0.0,0.0,,https://www.4399.com/flash/92120.htm,石头连连看原
1145,Snow Rider 3D,endless_runner,0.0065,1,crazygames,2025,4197655,,,,,,,,,,0.0556,0.0,0.0,0.0,0.0,0.0,0.0,0.0,0.0,0.0,,https://www.crazygames.com/game/snow-rider-3d,snowrider3d
1146,Eating Simulator,io_eat_grow,0.0065,1,y8,,,,,,1461928,,,,,,0.0,0.0,0.0,0.0,0.0556,0.0,0.0,0.0,0.0,0.0,,https://www.y8.com/games/eating_simulator_,eatingsimulator
1147,救世英雄2中文无敌版,run_gun_coop,0.0065,1,7k7k,,,,,,,,,169,,,0.0,0.0,0.0,0.0,0.0,0.0,0.0,0.1109,0.0,0.0,,https://www.7k7k.com/flash/109905.htm,救世英雄2中文
1148,Cricket World Cup,other,0.0065,1,crazygames,2019,4179435,,,,,,,,,,0.0554,0.0,0.0,0.0,0.0,0.0,0.0,0.0,0.0,0.0,,https://www.crazygames.com/game/cricket-world-cup,cricketworldcup
1149,Crazy Plane Landing,other,0.0065,1,crazygames,2024,4179223,,,,,,,,,,0.0554,0.0,0.0,0.0,0.0,0.0,0.0,0.0,0.0,0.0,,https://www.crazygames.com/game/crazy-plane-landing,crazyplanelanding
1150,我的美甲店,dress_up_makeover,0.0065,1,4399,2022,,,,,,,310,,,,0.0,0.0,0.0,0.0,0.0,0.0,0.0553,0.0,0.0,0.0,,https://www.4399.com/flash/228877.htm,我的美甲店
1151,精准大师,other,0.0065,1,4399,2024,,,,,,,311,,,,0.0,0.0,0.0,0.0,0.0,0.0,0.0552,0.0,0.0,0.0,,https://www.4399.com/flash/243204.htm,精准大师
1152,2D极品桌球,pool_billiards,0.0065,1,7k7k,,,,,,,,,170,,,0.0,0.0,0.0,0.0,0.0,0.0,0.0,0.1102,0.0,0.0,,https://www.7k7k.com/flash/99019.htm,2d极品桌球
1153,切水果大师,fruit_slice,0.0065,1,4399,2023,,,,,,,312,,,,0.0,0.0,0.0,0.0,0.0,0.0,0.055,0.0,0.0,0.0,,https://www.4399.com/flash/235576.htm,切水果大师
1154,Ducklings,other,0.0065,1,crazygames,2019,4145267,,,,,,,,,,0.0549,0.0,0.0,0.0,0.0,0.0,0.0,0.0,0.0,0.0,,https://www.crazygames.com/game/ducklings,ducklings
1155,真实枪战,io_arena_shooter,0.0064,1,4399,2022,,,,,,,313,,,,0.0,0.0,0.0,0.0,0.0,0.0,0.0548,0.0,0.0,0.0,,https://www.4399.com/flash/230265.htm,真实枪战
1156,English Checkers Free,classic_board_card,0.0064,1,crazygames,2024,4135698,,,,,,,,,,0.0548,0.0,0.0,0.0,0.0,0.0,0.0,0.0,0.0,0.0,,https://www.crazygames.com/game/checkers-free,englishcheckers
1157,三国杀移动版,mmo_pet_social,0.0064,1,4399,2021,,,,,,,314,,,,0.0,0.0,0.0,0.0,0.0,0.0,0.0546,0.0,0.0,0.0,,https://www.4399.com/flash/224122.htm,三国杀移动
1158,MineClicker,idle_clicker,0.0064,1,crazygames,2026,4111805,,,,,,,,,,0.0545,0.0,0.0,0.0,0.0,0.0,0.0,0.0,0.0,0.0,Mine Clicker,https://www.crazygames.com/game/mine-clicker-gyi,mineclicker
1159,姐要变瘦,other,0.0064,1,4399,2021,,,,,,,315,,,,0.0,0.0,0.0,0.0,0.0,0.0,0.0545,0.0,0.0,0.0,,https://www.4399.com/flash/223978.htm,姐要变瘦
1160,BLOCOPS,other,0.0064,1,crazygames,2024,4105415,,,,,,,,,,0.0544,0.0,0.0,0.0,0.0,0.0,0.0,0.0,0.0,0.0,,https://www.crazygames.com/game/blocops,blocops
1161,植物大战僵尸之疯狂大叔无敌版,tower_defense,0.0064,1,7k7k,,,,,,,,,173,,,0.0,0.0,0.0,0.0,0.0,0.0,0.0,0.1083,0.0,0.0,,https://www.7k7k.com/flash/80486.htm,植物大战僵尸之疯狂大叔
1162,Idle Vlogger Simulator,idle_clicker,0.0064,1,crazygames,2024,4081241,,,,,,,,,,0.0541,0.0,0.0,0.0,0.0,0.0,0.0,0.0,0.0,0.0,,https://www.crazygames.com/game/idle-blogger-simulator,idlevloggersimulator
1163,冰火熊猫联网版,coop_duo_puzzle,0.0063,1,7k7k,,,,,,,,,174,,,0.0,0.0,0.0,0.0,0.0,0.0,0.0,0.1077,0.0,0.0,,https://www.7k7k.com/flash/93734.htm,冰火熊猫联网
1164,3D Bowling,other,0.0063,1,crazygames,2018,4063547,,,,,,,,,,0.0538,0.0,0.0,0.0,0.0,0.0,0.0,0.0,0.0,0.0,,https://www.crazygames.com/game/3d-bowling,3dbowling
1165,炎龙传说2双龙版,other,0.0063,1,7k7k,,,,,,,,,175,,,0.0,0.0,0.0,0.0,0.0,0.0,0.0,0.1071,0.0,0.0,,https://www.7k7k.com/flash/21996.htm,炎龙传说2双龙
1166,Wave Dash,rhythm_auto_runner,0.0063,2,crazygames;y8,2026,2614518,,,,491624,,,,,,0.0346,0.0,0.0,0.0,0.0187,0.0,0.0,0.0,0.0,0.0,Wave Dash: Geometry Arrow,https://www.crazygames.com/game/wave-dash-geometry-arrow,wavedash
1167,Hit Him,ragdoll_gore_course,0.0063,1,y8,,,,,,1402116,,,,,,0.0,0.0,0.0,0.0,0.0533,0.0,0.0,0.0,0.0,0.0,,https://www.y8.com/games/hithim,hithim
1168,Xtreme City Drifting,car_stunt_drift,0.0063,1,crazygames,2024,4022376,,,,,,,,,,0.0533,0.0,0.0,0.0,0.0,0.0,0.0,0.0,0.0,0.0,,https://www.crazygames.com/game/xtreme-city-drifting,xtremecitydrifting
1169,波克城市斗地主,classic_board_card,0.0063,1,7k7k,,,,,,,,,176,,,0.0,0.0,0.0,0.0,0.0,0.0,0.0,0.1065,0.0,0.0,,https://www.7k7k.com/flash/85476.htm,波克城市斗地主
1170,Battle Brigade,other,0.0062,1,crazygames,2026,3979637,,,,,,,,,,0.0527,0.0,0.0,0.0,0.0,0.0,0.0,0.0,0.0,0.0,,https://www.crazygames.com/game/battle-brigade,battlebrigade
1171,That's Not My Neighbor,other,0.0062,1,y8,,,,,,1385895,,,,,,0.0,0.0,0.0,0.0,0.0527,0.0,0.0,0.0,0.0,0.0,,https://www.y8.com/games/that_s_not_my_neighbor,thatsnotmyneighbor
1172,狙击小日子无敌版,io_arena_shooter,0.0062,1,7k7k,,,,,,,,,178,,,0.0,0.0,0.0,0.0,0.0,0.0,0.0,0.1053,0.0,0.0,,https://www.7k7k.com/flash/53098.htm,狙击小日子
1173,Death Chase,other,0.0062,1,crazygames,2018,3952130,,,,,,,,,,0.0524,0.0,0.0,0.0,0.0,0.0,0.0,0.0,0.0,0.0,,https://www.crazygames.com/game/death-chase,deathchase
1174,Hidden Objects,classic_board_card,0.0061,1,crazygames,2024,3944636,,,,,,,,,,0.0523,0.0,0.0,0.0,0.0,0.0,0.0,0.0,0.0,0.0,Hidden Objects: Island Secrets,https://www.crazygames.com/game/hidden-objects,hiddenobjects
1175,疯狂游戏厅完整版,other,0.0061,1,7k7k,,,,,,,,,180,,,0.0,0.0,0.0,0.0,0.0,0.0,0.0,0.1041,0.0,0.0,,https://www.7k7k.com/flash/123551.htm,疯狂游戏厅
1176,Stickman Annihilation 2,other,0.0061,1,crazygames,2021,3912912,,,,,,,,,,0.0518,0.0,0.0,0.0,0.0,0.0,0.0,0.0,0.0,0.0,,https://www.crazygames.com/game/stickman-annihilation-2,stickmanannihilation
1177,武士切水果,fruit_slice,0.0061,1,7k7k,,,,,,,,,181,,,0.0,0.0,0.0,0.0,0.0,0.0,0.0,0.1035,0.0,0.0,,https://www.7k7k.com/flash/86871.htm,武士切水果
1178,Candy Riddles,classic_board_card,0.0061,1,crazygames,2020,3905748,,,,,,,,,,0.0517,0.0,0.0,0.0,0.0,0.0,0.0,0.0,0.0,0.0,,https://www.crazygames.com/game/candy-riddles,candyriddles
1179,Zombie Launcher,launch_distance,0.0061,1,coolmathgames,,,,,,,,,,57757,,0.0,0.0,0.0,0.0,0.0,0.0,0.0,0.0,0.1034,0.0,Zombie Launcher 2,https://www.coolmathgames.com/0-zombie-launcher,zombielauncher
1180,World Z Defense - Zombie Defense,other,0.0061,1,crazygames,2024,3896753,,,,,,,,,,0.0516,0.0,0.0,0.0,0.0,0.0,0.0,0.0,0.0,0.0,,https://www.crazygames.com/game/world-z-defense---zombie-defense,worldzdefense
1181,Mancala,classic_board_card,0.006,2,coolmathgames;crazygames,2024,2281671,,,,,,,,23607,,0.0302,0.0,0.0,0.0,0.0,0.0,0.0,0.0,0.0423,0.0,Mancala Classic,https://www.crazygames.com/game/mancala-classic,mancala
1182,Planet Evolution: Idle Clicker,idle_clicker,0.006,1,crazygames,2023,3873659,,,,,,,,,,0.0513,0.0,0.0,0.0,0.0,0.0,0.0,0.0,0.0,0.0,,https://www.crazygames.com/game/planet-evolution-idle-clicker,planetevolution
1183,Sunset Bike Racing,car_stunt_drift,0.006,1,crazygames,2024,3850748,,,,,,,,,,0.051,0.0,0.0,0.0,0.0,0.0,0.0,0.0,0.0,0.0,,https://www.crazygames.com/game/sunset-bike-racing,sunsetbikeracing
1184,单机斗地主,classic_board_card,0.006,1,7k7k,,,,,,,,,184,,,0.0,0.0,0.0,0.0,0.0,0.0,0.0,0.1018,0.0,0.0,,https://www.7k7k.com/flash/110209.htm,单机斗地主
1185,Empire City,other,0.006,1,crazygames,2024,3828315,,,,,,,,,,0.0507,0.0,0.0,0.0,0.0,0.0,0.0,0.0,0.0,0.0,,https://www.crazygames.com/game/empire-city,empirecity
1186,Papa's Cheeseria,time_mgmt_cooking,0.0059,1,crazygames,2015,3815565,,,,,,,,,,0.0506,0.0,0.0,0.0,0.0,0.0,0.0,0.0,0.0,0.0,,https://www.crazygames.com/game/papas-cheeseria,papascheeseria
1187,Path of Survivor,other,0.0059,1,crazygames,2025,3791290,,,,,,,,,,0.0502,0.0,0.0,0.0,0.0,0.0,0.0,0.0,0.0,0.0,,https://www.crazygames.com/game/path-of-survivor,pathofsurvivor
1188,Escape Evil Granny!,horror_escape,0.0059,1,crazygames,2025,3782779,,,,,,,,,,0.0501,0.0,0.0,0.0,0.0,0.0,0.0,0.0,0.0,0.0,,https://www.crazygames.com/game/escape-evil-granny-viz,escapeevilgranny
1189,植物大战僵尸之僵尸内战,tower_defense,0.0059,1,7k7k,,,,,,,,,187,,,0.0,0.0,0.0,0.0,0.0,0.0,0.0,0.1002,0.0,0.0,,https://www.7k7k.com/flash/79141.htm,植物大战僵尸之僵尸内战
1190,House of Celestina,other,0.0059,1,crazygames,2019,3776911,,,,,,,,,,0.05,0.0,0.0,0.0,0.0,0.0,0.0,0.0,0.0,0.0,House of Celestina: Chapter Two,https://www.crazygames.com/game/house-of-celestina,houseofcelestina
1191,人造美女,dress_up_makeover,0.0059,1,7k7k,,,,,,,,,188,,,0.0,0.0,0.0,0.0,0.0,0.0,0.0,0.0997,0.0,0.0,,https://www.7k7k.com/flash/6199.htm,人造美女
1192,Worm Hunt,other,0.0059,1,crazygames,2022,3754489,,,,,,,,,,0.0497,0.0,0.0,0.0,0.0,0.0,0.0,0.0,0.0,0.0,,https://www.crazygames.com/game/worm-hunt,wormhunt
1193,Tanks 3D,tank_maze_duel,0.0059,1,crazygames,2025,3753868,,,,,,,,,,0.0497,0.0,0.0,0.0,0.0,0.0,0.0,0.0,0.0,0.0,,https://www.crazygames.com/game/tanks-3d,tanks3d
1194,FNaF Shooter,io_arena_shooter,0.0058,1,crazygames,2022,3726774,,,,,,,,,,0.0494,0.0,0.0,0.0,0.0,0.0,0.0,0.0,0.0,0.0,,https://www.crazygames.com/game/fnaf-shooter,fnafshooter
1195,Goalkeeper Wiz,other,0.0058,1,crazygames,2022,3719476,,,,,,,,,,0.0493,0.0,0.0,0.0,0.0,0.0,0.0,0.0,0.0,0.0,,https://www.crazygames.com/game/goalkeeper-wiz,goalkeeperwiz
1196,中国传统麻将,classic_board_card,0.0058,1,7k7k,,,,,,,,,191,,,0.0,0.0,0.0,0.0,0.0,0.0,0.0,0.0981,0.0,0.0,,https://www.7k7k.com/flash/24452.htm,中国传统麻将
1197,Scary Maze,horror_escape,0.0058,1,crazygames,2014,3700752,,,,,,,,,,0.049,0.0,0.0,0.0,0.0,0.0,0.0,0.0,0.0,0.0,,https://www.crazygames.com/game/scary-maze,scarymaze
1198,CarBall.io,other,0.0057,1,crazygames,2024,3672312,,,,,,,,,,0.0487,0.0,0.0,0.0,0.0,0.0,0.0,0.0,0.0,0.0,,https://www.crazygames.com/game/carball-io,carball
1199,SeaDragons.io,other,0.0057,1,crazygames,2019,3668809,,,,,,,,,,0.0486,0.0,0.0,0.0,0.0,0.0,0.0,0.0,0.0,0.0,,https://www.crazygames.com/game/seadragons-io,seadragons
1200,公主与王子约会,dress_up_makeover,0.0057,1,7k7k,,,,,,,,,193,,,0.0,0.0,0.0,0.0,0.0,0.0,0.0,0.0971,0.0,0.0,,https://www.7k7k.com/flash/13227.htm,公主与王子约会
1201,Grandfather Road Chase: Shooter,io_arena_shooter,0.0057,1,crazygames,2024,3641630,,,,,,,,,,0.0482,0.0,0.0,0.0,0.0,0.0,0.0,0.0,0.0,0.0,,https://www.crazygames.com/game/grandfather-road-chase-realistic-shooter,grandfatherroadchase
1202,Trap Craft,sandbox_voxel,0.0057,2,crazygames;playgama,2022,3637397,,,,,,,,,,0.0482,0.0,0.0,0.0,0.0,0.0,0.0,0.0,0.0,0.0,Trap Craft 2,https://www.crazygames.com/game/trap-craft,trapcraft
1203,Zombies Shooter,io_arena_shooter,0.0057,1,crazygames,2022,3633865,,,,,,,,,,0.0481,0.0,0.0,0.0,0.0,0.0,0.0,0.0,0.0,0.0,Zombies Shooter: Part 2,https://www.crazygames.com/game/zombies-shooter-part-2,zombiesshooter
1204,CS,other,0.0057,2,7k7k;crazygames,2025,3631154,,,,,,,,,,0.0481,0.0,0.0,0.0,0.0,0.0,0.0,0.0,0.0,0.0,CS: Chaos Squad,https://www.crazygames.com/game/cs-chaos-squad,cs
1205,Mahjong,classic_board_card,0.0056,4,agame;crazygames;kizi;playgama,2018,3607590,,,,,,,,,,0.0478,0.0,0.0,0.0,0.0,0.0,0.0,0.0,0.0,0.0,Mahjong 3 / Mahjong Classic / Mahjong Online / Mahjong: Age of Alchemy,https://www.crazygames.com/game/mahjong-classic-webgl,mahjong
1206,Baseball,other,0.0056,2,crazygames;kizi,2021,3599375,,,,,,,,,,0.0477,0.0,0.0,0.0,0.0,0.0,0.0,0.0,0.0,0.0,,https://www.crazygames.com/game/baseball,baseball
1207,Gangster Crimes Online 6: Mafia City,other,0.0056,1,crazygames,2024,3568896,,,,,,,,,,0.0473,0.0,0.0,0.0,0.0,0.0,0.0,0.0,0.0,0.0,,https://www.crazygames.com/game/gangster-crimes-online-6-mafia-city,gangstercrimes
1208,Circuit Racing,car_stunt_drift,0.0055,1,crazygames,2025,3557500,,,,,,,,,,0.0471,0.0,0.0,0.0,0.0,0.0,0.0,0.0,0.0,0.0,,https://www.crazygames.com/game/circuit-racing,circuitracing
1209,Car Simulator: Crash City,other,0.0055,1,crazygames,2020,3551590,,,,,,,,,,0.0471,0.0,0.0,0.0,0.0,0.0,0.0,0.0,0.0,0.0,,https://www.crazygames.com/game/car-simulator-crash-city,carsimulator
1210,Cue Billiard Club,pool_billiards,0.0055,1,crazygames,2022,3543278,,,,,,,,,,0.0469,0.0,0.0,0.0,0.0,0.0,0.0,0.0,0.0,0.0,,https://www.crazygames.com/game/cue-billiard-club,cuebilliardclub
1211,Laqueus Escape: Chapter I,other,0.0055,1,crazygames,2020,3519217,,,,,,,,,,0.0466,0.0,0.0,0.0,0.0,0.0,0.0,0.0,0.0,0.0,Laqueus Escape: Chapter III / Laqueus Escape: Chapter IV / Laqueus Escape: Chapter V / Laqueus Escape: Chapter VI,https://www.crazygames.com/game/laqueus-escape-chapter-iii,laqueusescape
1212,我爱做蛋糕,time_mgmt_cooking,0.0055,1,7k7k,,,,,,,,,201,,,0.0,0.0,0.0,0.0,0.0,0.0,0.0,0.0932,0.0,0.0,,https://www.7k7k.com/flash/77046.htm,我爱做蛋糕
1213,GoBattle.io,other,0.0055,1,crazygames,2017,3517048,,,,,,,,,,0.0466,0.0,0.0,0.0,0.0,0.0,0.0,0.0,0.0,0.0,,https://www.crazygames.com/game/gobattleio,gobattle
1214,制作柠檬蛋糕,time_mgmt_cooking,0.0055,1,7k7k,,,,,,,,,202,,,0.0,0.0,0.0,0.0,0.0,0.0,0.0,0.0928,0.0,0.0,,https://www.7k7k.com/flash/95785.htm,制作柠檬蛋糕
1215,3D Moto Simulator 2,other,0.0054,1,crazygames,2018,3491893,,,,,,,,,,0.0463,0.0,0.0,0.0,0.0,0.0,0.0,0.0,0.0,0.0,,https://www.crazygames.com/game/3d-moto-simulator-2,3dmotosimulator
1216,The Speedy Golf,mini_golf,0.0054,1,crazygames,2020,3485068,,,,,,,,,,0.0462,0.0,0.0,0.0,0.0,0.0,0.0,0.0,0.0,0.0,,https://www.crazygames.com/game/speedy-golf,thespeedygolf
1217,厕所没纸了,other,0.0054,1,7k7k,,,,,,,,,203,,,0.0,0.0,0.0,0.0,0.0,0.0,0.0,0.0923,0.0,0.0,,https://www.7k7k.com/flash/138579.htm,厕所没纸了
1218,WorldZ,other,0.0054,1,crazygames,2017,3466396,,,,,,,,,,0.0459,0.0,0.0,0.0,0.0,0.0,0.0,0.0,0.0,0.0,,https://www.crazygames.com/game/worldz,worldz
1219,Paint Room Escape,other,0.0054,1,crazygames,2024,3460797,,,,,,,,,,0.0459,0.0,0.0,0.0,0.0,0.0,0.0,0.0,0.0,0.0,,https://www.crazygames.com/game/paint-room-escape,paintroomescape
1220,Electric Man,precision_platformer,0.0054,1,crazygames,,3451127,,,,,,,,,,0.0457,0.0,0.0,0.0,0.0,0.0,0.0,0.0,0.0,0.0,,https://www.crazygames.com/game/electric-man,electricman
1221,Parking Jam,parking_traffic_puzzle,0.0054,1,crazygames,2025,3441034,,,,,,,,,,0.0456,0.0,0.0,0.0,0.0,0.0,0.0,0.0,0.0,0.0,,https://www.crazygames.com/game/parking-jam-dqq,parkingjam
1222,Power Badminton,racket_duel,0.0054,1,crazygames,2018,3440237,,,,,,,,,,0.0456,0.0,0.0,0.0,0.0,0.0,0.0,0.0,0.0,0.0,,https://www.crazygames.com/game/power-badminton,powerbadminton
1223,Skinwalker,other,0.0053,1,crazygames,2024,3427577,,,,,,,,,,0.0454,0.0,0.0,0.0,0.0,0.0,0.0,0.0,0.0,0.0,,https://www.crazygames.com/game/skinwalker,skinwalker
1224,Medieval Chronicles 9 (Part 2),other,0.0053,1,kongregate,,,,,,,,,,,146300,0.0,0.0,0.0,0.0,0.0,0.0,0.0,0.0,0.0,0.0906,Medieval Chronicles 8 (Part 2),https://www.kongregate.com/en/games/VasantJ/medieval-chronicles-9-part-2,medievalchronicles
1225,阿sue美甲店,dress_up_makeover,0.0053,1,7k7k,,,,,,,,,207,,,0.0,0.0,0.0,0.0,0.0,0.0,0.0,0.0905,0.0,0.0,,https://www.7k7k.com/flash/18284.htm,阿sue美甲店
1226,Pill Soccer,other,0.0053,1,crazygames,2020,3404280,,,,,,,,,,0.0451,0.0,0.0,0.0,0.0,0.0,0.0,0.0,0.0,0.0,,https://www.crazygames.com/game/pill-soccer,pillsoccer
1227,RPG Shooter: Starwish Extras,io_arena_shooter,0.0053,1,kongregate,,,,,,,,,,,145300,0.0,0.0,0.0,0.0,0.0,0.0,0.0,0.0,0.0,0.09,,https://www.kongregate.com/en/games/xdanond/rpg-shooter-starwish-extras,rpgshooter
1228,冰火三兄弟,coop_duo_puzzle,0.0053,1,7k7k,,,,,,,,,209,,,0.0,0.0,0.0,0.0,0.0,0.0,0.0,0.0897,0.0,0.0,,https://www.7k7k.com/flash/157284.htm,冰火三兄弟
1229,乐高警察抓小偷,run_gun_coop,0.0052,1,7k7k,,,,,,,,,210,,,0.0,0.0,0.0,0.0,0.0,0.0,0.0,0.0892,0.0,0.0,,https://www.7k7k.com/flash/94118.htm,乐高警察抓小偷
1230,Evil Neighbor,other,0.0052,1,crazygames,2023,3343975,,,,,,,,,,0.0443,0.0,0.0,0.0,0.0,0.0,0.0,0.0,0.0,0.0,Evil Neighbor 2 / Evil Neighbor 3,https://www.crazygames.com/game/evil-neighbor-3,evilneighbor
1231,ESPN Arcade Baseball,other,0.0052,1,crazygames,2016,3334636,,,,,,,,,,0.0442,0.0,0.0,0.0,0.0,0.0,0.0,0.0,0.0,0.0,,https://www.crazygames.com/game/espn-arcade-baseball,espnarcadebaseball
1232,Butterfly Shimai,other,0.0052,1,crazygames,2022,3326730,,,,,,,,,,0.0441,0.0,0.0,0.0,0.0,0.0,0.0,0.0,0.0,0.0,,https://www.crazygames.com/game/butterfly-shimai,butterflyshimai
1233,ZombieCraft,sandbox_voxel,0.0052,1,crazygames,2017,3320616,,,,,,,,,,0.044,0.0,0.0,0.0,0.0,0.0,0.0,0.0,0.0,0.0,ZombieCraft.io,https://www.crazygames.com/game/zombiecraftio,zombiecraft
1234,Crazy Drift,car_stunt_drift,0.0052,1,crazygames,2022,3310462,,,,,,,,,,0.0439,0.0,0.0,0.0,0.0,0.0,0.0,0.0,0.0,0.0,,https://www.crazygames.com/game/crazy-drift,crazydrift
1235,Redcoats.io,other,0.0052,1,crazygames,2026,3308200,,,,,,,,,,0.0438,0.0,0.0,0.0,0.0,0.0,0.0,0.0,0.0,0.0,,https://www.crazygames.com/game/redcoats-io-rcr,redcoats
1236,Knock Your Mind,other,0.0051,1,crazygames,2026,3298165,,,,,,,,,,0.0437,0.0,0.0,0.0,0.0,0.0,0.0,0.0,0.0,0.0,,https://www.crazygames.com/game/knock-your-mind,knockyourmind
1237,Burnin' Rubber 5 XS,other,0.0051,1,crazygames,2020,3277948,,,,,,,,,,0.0434,0.0,0.0,0.0,0.0,0.0,0.0,0.0,0.0,0.0,,https://www.crazygames.com/game/burnin-rubber-5-xs,burninrubber5xs
1238,Idle Zombie Wave: Survivors,idle_clicker,0.0051,1,crazygames,2025,3269682,,,,,,,,,,0.0433,0.0,0.0,0.0,0.0,0.0,0.0,0.0,0.0,0.0,,https://www.crazygames.com/game/idle-zombie-wave,idlezombiewave
1239,Hoop World 3D,other,0.0051,1,crazygames,2024,3263191,,,,,,,,,,0.0432,0.0,0.0,0.0,0.0,0.0,0.0,0.0,0.0,0.0,,https://www.crazygames.com/game/hoop-world-3d,hoopworld3d
1240,RCC City Racing,car_stunt_drift,0.0051,1,crazygames,2018,3246905,,,,,,,,,,0.043,0.0,0.0,0.0,0.0,0.0,0.0,0.0,0.0,0.0,,https://www.crazygames.com/game/rcc-city-racing,rcccityracing
1241,Zombie Hunters Online,other,0.0051,1,crazygames,2018,3242848,,,,,,,,,,0.043,0.0,0.0,0.0,0.0,0.0,0.0,0.0,0.0,0.0,,https://www.crazygames.com/game/zombie-hunters-online,zombiehunters
1242,Smash the Car to Pieces!,physics_destruction,0.005,1,crazygames,2025,3213849,,,,,,,,,,0.0426,0.0,0.0,0.0,0.0,0.0,0.0,0.0,0.0,0.0,,https://www.crazygames.com/game/smash-the-car-to-pieces-lug,smashthecartopieces
1243,Cricket Superstar League,other,0.0049,1,crazygames,2019,3138582,,,,,,,,,,0.0416,0.0,0.0,0.0,0.0,0.0,0.0,0.0,0.0,0.0,,https://www.crazygames.com/game/cricket-superstar-league,cricketsuperstarleague
1244,SimplyUp.io,other,0.0049,1,crazygames,2025,3136377,,,,,,,,,,0.0416,0.0,0.0,0.0,0.0,0.0,0.0,0.0,0.0,0.0,,https://www.crazygames.com/game/simplyup-io,simplyup
1245,Satisfying Ball Clicker,idle_clicker,0.0049,1,crazygames,2024,3128204,,,,,,,,,,0.0414,0.0,0.0,0.0,0.0,0.0,0.0,0.0,0.0,0.0,,https://www.crazygames.com/game/satisfying-ball-clicker,satisfyingballclicker
1246,City Classic Car Driving: 131,other,0.0049,1,crazygames,2022,3114403,,,,,,,,,,0.0413,0.0,0.0,0.0,0.0,0.0,0.0,0.0,0.0,0.0,,https://www.crazygames.com/game/city-classic-car-driving-131,citycardriving
1247,Lime Playground Sandbox,ragdoll_gore_course,0.0049,1,crazygames,2024,3112350,,,,,,,,,,0.0412,0.0,0.0,0.0,0.0,0.0,0.0,0.0,0.0,0.0,,https://www.crazygames.com/game/lime-playground-sandbox,limeplaygroundsandbox
1248,Tic Tac Toe Puzzle,classic_board_card,0.0048,1,y8,,,,,,1081549,,,,,,0.0,0.0,0.0,0.0,0.0411,0.0,0.0,0.0,0.0,0.0,,https://www.y8.com/games/tic_tac_toe_puzzle,tictactoepuzzle
1249,Favorite Puzzles,other,0.0048,2,crazygames;playgama,2023,3074709,,,,,,,,,,0.0407,0.0,0.0,0.0,0.0,0.0,0.0,0.0,0.0,0.0,,https://www.crazygames.com/game/favorite-puzzles,favoritepuzzles
1250,Skyland Survive With Noob!,other,0.0048,1,crazygames,2024,3069692,,,,,,,,,,0.0407,0.0,0.0,0.0,0.0,0.0,0.0,0.0,0.0,0.0,,https://www.crazygames.com/game/skyblock-survive-with-noob,skylandsurvivewithnoob
1251,Parking Space,parking_traffic_puzzle,0.0048,1,crazygames,2020,3068650,,,,,,,,,,0.0407,0.0,0.0,0.0,0.0,0.0,0.0,0.0,0.0,0.0,,https://www.crazygames.com/game/parking-space,parkingspace
1252,Plants vs Brain Zombies,tower_defense,0.0048,1,crazygames,2025,3066653,,,,,,,,,,0.0406,0.0,0.0,0.0,0.0,0.0,0.0,0.0,0.0,0.0,,https://www.crazygames.com/game/plants-vs-brain-zombies,plantsvsbrainzombies
1253,Free Rally: Vice,car_stunt_drift,0.0048,1,crazygames,2020,3060921,,,,,,,,,,0.0406,0.0,0.0,0.0,0.0,0.0,0.0,0.0,0.0,0.0,,https://www.crazygames.com/game/free-rally-vice,rally
1254,Heroes Assemble,other,0.0048,1,crazygames,2025,3049534,,,,,,,,,,0.0404,0.0,0.0,0.0,0.0,0.0,0.0,0.0,0.0,0.0,,https://www.crazygames.com/game/heroes-assemble,heroesassemble
1255,Wood Screw: Bolts Puzzle,merge_drop,0.0048,1,crazygames,2025,3049179,,,,,,,,,,0.0404,0.0,0.0,0.0,0.0,0.0,0.0,0.0,0.0,0.0,,https://www.crazygames.com/game/wood-screw-bolts-puzzle,woodscrew
1256,Feeding Frenzy,io_eat_grow,0.0047,1,y8,,,,,,1057115,,,,,,0.0,0.0,0.0,0.0,0.0402,0.0,0.0,0.0,0.0,0.0,,https://www.y8.com/games/feeding_frenzy_tuna,feedingfrenzy
1257,Bridge Builder,other,0.0047,1,crazygames,2025,3017703,,,,,,,,,,0.04,0.0,0.0,0.0,0.0,0.0,0.0,0.0,0.0,0.0,,https://www.crazygames.com/game/bridge-builder-eoi,bridgebuilder
1258,2 Minute Football QB Legend,other,0.0047,1,crazygames,2025,3014765,,,,,,,,,,0.0399,0.0,0.0,0.0,0.0,0.0,0.0,0.0,0.0,0.0,,https://www.crazygames.com/game/qb-legend,2minutefootballqblegend
1259,Death Note Type,other,0.0047,1,y8,,,,,,1050101,,,,,,0.0,0.0,0.0,0.0,0.0399,0.0,0.0,0.0,0.0,0.0,,https://www.y8.com/games/death_note_type_game,deathnotetype
1260,Copter.io,helix_stack_tap,0.0047,1,crazygames,2019,3003121,,,,,,,,,,0.0398,0.0,0.0,0.0,0.0,0.0,0.0,0.0,0.0,0.0,,https://www.crazygames.com/game/copter-io,copter
1261,Boom Slingers ReBoom,bomberman,0.0047,1,crazygames,2025,2996307,,,,,,,,,,0.0397,0.0,0.0,0.0,0.0,0.0,0.0,0.0,0.0,0.0,,https://www.crazygames.com/game/boom-slingers-reboom,boomslingersreboom
1262,Find The Difference,classic_board_card,0.0046,1,crazygames,2023,2981053,,,,,,,,,,0.0395,0.0,0.0,0.0,0.0,0.0,0.0,0.0,0.0,0.0,,https://www.crazygames.com/game/find-the-difference,findthedifference
1263,Cliff Rider,other,0.0046,1,y8,,,,,,1036556,,,,,,0.0,0.0,0.0,0.0,0.0394,0.0,0.0,0.0,0.0,0.0,,https://www.y8.com/games/cliff_rider,cliffrider
1264,Elevator Room Escape,other,0.0046,1,crazygames,2023,2972423,,,,,,,,,,0.0394,0.0,0.0,0.0,0.0,0.0,0.0,0.0,0.0,0.0,,https://www.crazygames.com/game/elevator-room-escape,elevatorroomescape
1265,Click Click Clicker,idle_clicker,0.0046,2,crazygames;y8,2024,2888927,,,,24987,,,,,,0.0383,0.0,0.0,0.0,0.0009,0.0,0.0,0.0,0.0,0.0,,https://www.crazygames.com/game/click-click-clicker,clickclickclicker
1266,Opposite Day,other,0.0046,1,crazygames,2024,2955886,,,,,,,,,,0.0392,0.0,0.0,0.0,0.0,0.0,0.0,0.0,0.0,0.0,,https://www.crazygames.com/game/opposite-day,oppositeday
1267,Cell to Singularity: Evolution,idle_clicker,0.0046,2,crazygames;y8,2024,1547613,,,,489722,,,,,,0.0205,0.0,0.0,0.0,0.0186,0.0,0.0,0.0,0.0,0.0,Cell to Singularity: Mesozoic Valley,https://www.crazygames.com/game/cell-to-singularity-mesozoic-valley,celltosingularity
1268,The Battleground,other,0.0046,1,crazygames,2025,2946756,,,,,,,,,,0.039,0.0,0.0,0.0,0.0,0.0,0.0,0.0,0.0,0.0,,https://www.crazygames.com/game/the-battleground,thebattleground
1269,Park Town,other,0.0046,1,crazygames,2025,2945854,,,,,,,,,,0.039,0.0,0.0,0.0,0.0,0.0,0.0,0.0,0.0,0.0,,https://www.crazygames.com/game/park-town,parktown
1270,Bowling,other,0.0046,2,crazygames;kizi,2016,2940841,,,,,,,,,,0.039,0.0,0.0,0.0,0.0,0.0,0.0,0.0,0.0,0.0,Classic Bowling,https://www.crazygames.com/game/classic-bowling,bowling
1271,Mahjong Titans,classic_board_card,0.0045,1,crazygames,2020,2907766,,,,,,,,,,0.0385,0.0,0.0,0.0,0.0,0.0,0.0,0.0,0.0,0.0,,https://www.crazygames.com/game/mahjong-titans,mahjongtitans
1272,Unmatched Basketball,other,0.0045,1,crazygames,2025,2893792,,,,,,,,,,0.0383,0.0,0.0,0.0,0.0,0.0,0.0,0.0,0.0,0.0,,https://www.crazygames.com/game/unmatched-basketball,unmatchedbasketball
1273,Stick Fighter vs Zombies,stickman_brawler,0.0045,1,crazygames,2024,2888543,,,,,,,,,,0.0383,0.0,0.0,0.0,0.0,0.0,0.0,0.0,0.0,0.0,,https://www.crazygames.com/game/stick-fighter-vs-zombies,stickfightervszombies
1274,Papa's Bakeria,time_mgmt_cooking,0.0045,1,crazygames,2016,2879268,,,,,,,,,,0.0381,0.0,0.0,0.0,0.0,0.0,0.0,0.0,0.0,0.0,,https://www.crazygames.com/game/papas-bakeria,papasbakeria
1275,911: Cannibal,other,0.0045,1,crazygames,2023,2876643,,,,,,,,,,0.0381,0.0,0.0,0.0,0.0,0.0,0.0,0.0,0.0,0.0,,https://www.crazygames.com/game/911-cannibal,911:cannibal
1276,Slope Tunnel,endless_runner,0.0045,1,coolmathgames,,,,,,,,,,42358,,0.0,0.0,0.0,0.0,0.0,0.0,0.0,0.0,0.0759,0.0,,https://www.coolmathgames.com/0-slope-tunnel,slopetunnel
1277,Smile Slime,other,0.0044,1,crazygames,2023,2844308,,,,,,,,,,0.0377,0.0,0.0,0.0,0.0,0.0,0.0,0.0,0.0,0.0,,https://www.crazygames.com/game/smile-slime,smileslime
1278,Tiles of the Simpsons,other,0.0044,1,crazygames,2020,2837273,,,,,,,,,,0.0376,0.0,0.0,0.0,0.0,0.0,0.0,0.0,0.0,0.0,,https://www.crazygames.com/game/tiles-of-the-simpsons,tilesofthesimpsons
1279,Trial Mania,other,0.0044,1,crazygames,2024,2836125,,,,,,,,,,0.0376,0.0,0.0,0.0,0.0,0.0,0.0,0.0,0.0,0.0,,https://www.crazygames.com/game/trial-mania,trialmania
1280,Endless Siege,physics_destruction,0.0044,1,crazygames,2021,2832198,,,,,,,,,,0.0375,0.0,0.0,0.0,0.0,0.0,0.0,0.0,0.0,0.0,Endless Siege 2,https://www.crazygames.com/game/endless-siege,endlesssiege
1281,Merge Cannon: Chicken Defense,launch_distance,0.0044,1,crazygames,2021,2830881,,,,,,,,,,0.0375,0.0,0.0,0.0,0.0,0.0,0.0,0.0,0.0,0.0,,https://www.crazygames.com/game/merge-cannon-chicken-defense,mergecannon
1282,Foot Battle Ball,other,0.0044,1,crazygames,2025,2830572,,,,,,,,,,0.0375,0.0,0.0,0.0,0.0,0.0,0.0,0.0,0.0,0.0,,https://www.crazygames.com/game/foot-battle-ball,footbattleball
1283,Solitaire,classic_board_card,0.0044,3,coolmathgames;kizi;pacogames,,,,,,,,,,41618,,0.0,0.0,0.0,0.0,0.0,0.0,0.0,0.0,0.0745,0.0,,https://www.coolmathgames.com/0-solitaire,solitaire
1284,Mini-Caps: Arena,other,0.0044,1,crazygames,2023,2807611,,,,,,,,,,0.0372,0.0,0.0,0.0,0.0,0.0,0.0,0.0,0.0,0.0,Mini-Caps: Soccer,https://www.crazygames.com/game/mini-caps-soccer,minicaps
1285,Speed Racing Pro 2,car_stunt_drift,0.0044,1,crazygames,2016,2797896,,,,,,,,,,0.0371,0.0,0.0,0.0,0.0,0.0,0.0,0.0,0.0,0.0,,https://www.crazygames.com/game/speed-racing-pro-2,speedracingpro
1286,Raft Life,other,0.0044,1,crazygames,2023,2797203,,,,,,,,,,0.0371,0.0,0.0,0.0,0.0,0.0,0.0,0.0,0.0,0.0,,https://www.crazygames.com/game/raft-life,raftlife
1287,Jetpack Jump,endless_runner,0.0044,1,crazygames,2024,2790873,,,,,,,,,,0.037,0.0,0.0,0.0,0.0,0.0,0.0,0.0,0.0,0.0,,https://www.crazygames.com/game/jetpack-jump,jetpackjump
1288,missed messages.,other,0.0043,1,kongregate,,,,,,,,,,,119400,0.0,0.0,0.0,0.0,0.0,0.0,0.0,0.0,0.0,0.0739,,https://www.kongregate.com/en/games/zephybite/missed-messages,missedmessages
1289,Lucky Brainrot Blocks Online,rbx_reverse,0.0043,2,crazygames;twoplayergames,2026,2783345,,,,,,,,,,0.0369,0.0,0.0,0.0,0.0,0.0,0.0,0.0,0.0,0.0,,https://www.crazygames.com/game/lucky-brainrot-blocks-online-ehx,luckybrainrotblocks
1290,Pool Club,pool_billiards,0.0043,2,agame;crazygames,2019,2776956,,,,,,,,,,0.0368,0.0,0.0,0.0,0.0,0.0,0.0,0.0,0.0,0.0,,https://www.crazygames.com/game/pool-club,poolclub
1291,Imposter Battle Royale,io_arena_shooter,0.0043,1,crazygames,2021,2776160,,,,,,,,,,0.0368,0.0,0.0,0.0,0.0,0.0,0.0,0.0,0.0,0.0,,https://www.crazygames.com/game/imposter-battle-royale,imposterbattleroyale
1292,Rescue Throw,other,0.0043,1,crazygames,2024,2759925,,,,,,,,,,0.0366,0.0,0.0,0.0,0.0,0.0,0.0,0.0,0.0,0.0,,https://www.crazygames.com/game/rescue-throw,rescuethrow
1293,Jet Boat Racing,car_stunt_drift,0.0043,1,crazygames,2023,2753447,,,,,,,,,,0.0365,0.0,0.0,0.0,0.0,0.0,0.0,0.0,0.0,0.0,,https://www.crazygames.com/game/jet-boat-racing,jetboatracing
1294,Toonle,other,0.0043,1,crazygames,2025,2741042,,,,,,,,,,0.0363,0.0,0.0,0.0,0.0,0.0,0.0,0.0,0.0,0.0,,https://www.crazygames.com/game/toonle,toonle
1295,Tap 3D Wood Block Away,classic_board_card,0.0043,1,crazygames,2025,2735096,,,,,,,,,,0.0362,0.0,0.0,0.0,0.0,0.0,0.0,0.0,0.0,0.0,,https://www.crazygames.com/game/tap-3d-wood-block-away,tap3dwoodblockaway
1296,Country Life Meadows,other,0.0043,1,crazygames,2024,2727484,,,,,,,,,,0.0361,0.0,0.0,0.0,0.0,0.0,0.0,0.0,0.0,0.0,,https://www.crazygames.com/game/country-life-meadows,countrylifemeadows
1297,Idle House Build,idle_clicker,0.0042,1,crazygames,2022,2722735,,,,,,,,,,0.0361,0.0,0.0,0.0,0.0,0.0,0.0,0.0,0.0,0.0,,https://www.crazygames.com/game/idle-house-build,idlehousebuild
1298,Autogun Heroes,other,0.0042,1,crazygames,2024,2707226,,,,,,,,,,0.0359,0.0,0.0,0.0,0.0,0.0,0.0,0.0,0.0,0.0,,https://www.crazygames.com/game/autogun-heroes-izk,autogunheroes
1299,Google Snake,io_eat_grow,0.0042,2,miniplay;y8,,,,,,942402,,,,,,0.0,0.0,0.0,0.0,0.0358,0.0,0.0,0.0,0.0,0.0,,https://www.y8.com/games/google_snake,googlesnake
1300,Riders Downhill Racing,car_stunt_drift,0.0042,1,crazygames,2024,2698498,,,,,,,,,,0.0358,0.0,0.0,0.0,0.0,0.0,0.0,0.0,0.0,0.0,,https://www.crazygames.com/game/riders-downhill-racing,ridersdownhillracing
1301,Street Life,other,0.0042,1,crazygames,2024,2691213,,,,,,,,,,0.0357,0.0,0.0,0.0,0.0,0.0,0.0,0.0,0.0,0.0,,https://www.crazygames.com/game/street-life,streetlife
1302,Offroad Masters Challenge,car_stunt_drift,0.0042,1,crazygames,2023,2688886,,,,,,,,,,0.0356,0.0,0.0,0.0,0.0,0.0,0.0,0.0,0.0,0.0,,https://www.crazygames.com/game/offroad-masters-challenge,offroadmasterschallenge
1303,Corn Tycoon,idle_clicker,0.0042,1,crazygames,2025,2686159,,,,,,,,,,0.0356,0.0,0.0,0.0,0.0,0.0,0.0,0.0,0.0,0.0,,https://www.crazygames.com/game/corn-tycoon,corntycoon
1304,Hotfoot Baseball,other,0.0041,1,crazygames,2025,2655026,,,,,,,,,,0.0352,0.0,0.0,0.0,0.0,0.0,0.0,0.0,0.0,0.0,,https://www.crazygames.com/game/hotfoot-baseball,hotfootbaseball
1305,MMA Manager 2,other,0.0041,1,crazygames,2024,2654677,,,,,,,,,,0.0352,0.0,0.0,0.0,0.0,0.0,0.0,0.0,0.0,0.0,,https://www.crazygames.com/game/mma-manager-2,mmamanager
1306,Tanks Arena io: Craft & Combat,sandbox_voxel,0.0041,1,crazygames,2023,2654254,,,,,,,,,,0.0352,0.0,0.0,0.0,0.0,0.0,0.0,0.0,0.0,0.0,,https://www.crazygames.com/game/tanks-arena-io-craft-combat,tanksarena
1307,Crazy Miners,other,0.0041,1,crazygames,2025,2645819,,,,,,,,,,0.0351,0.0,0.0,0.0,0.0,0.0,0.0,0.0,0.0,0.0,,https://www.crazygames.com/game/crazy-miners-multiplayer,crazyminers
1308,Aces of the Sky: Epic Dogfights,other,0.0041,1,crazygames,2025,2643932,,,,,,,,,,0.035,0.0,0.0,0.0,0.0,0.0,0.0,0.0,0.0,0.0,,https://www.crazygames.com/game/aces-of-the-sky-epic-dogfights,acesofthesky
1309,Kingdom Rush,tower_defense,0.0041,1,crazygames,2022,2633018,,,,,,,,,,0.0349,0.0,0.0,0.0,0.0,0.0,0.0,0.0,0.0,0.0,,https://www.crazygames.com/game/kingdom-rush,kingdomrush
1310,Doors Castle,other,0.0041,1,crazygames,2025,2628163,,,,,,,,,,0.0348,0.0,0.0,0.0,0.0,0.0,0.0,0.0,0.0,0.0,,https://www.crazygames.com/game/doors-castle,doorscastle
1311,Portal Escape,other,0.0041,1,crazygames,2025,2610654,,,,,,,,,,0.0346,0.0,0.0,0.0,0.0,0.0,0.0,0.0,0.0,0.0,,https://www.crazygames.com/game/portal-escape,portalescape
1312,Billiards Pool 8,pool_billiards,0.0041,1,crazygames,2019,2610075,,,,,,,,,,0.0346,0.0,0.0,0.0,0.0,0.0,0.0,0.0,0.0,0.0,,https://www.crazygames.com/game/billiards-pool-8,billiardspool
1313,Stickman Zombie Annihilation,other,0.0041,1,crazygames,2021,2608724,,,,,,,,,,0.0346,0.0,0.0,0.0,0.0,0.0,0.0,0.0,0.0,0.0,,https://www.crazygames.com/game/stickman-zombie-annihilation,stickmanzombieannihilation
1314,Monster Shooter Apocalypse,io_arena_shooter,0.004,1,crazygames,2022,2592481,,,,,,,,,,0.0343,0.0,0.0,0.0,0.0,0.0,0.0,0.0,0.0,0.0,,https://www.crazygames.com/game/monster-shooter-apocalypse,monstershooterapocalypse
1315,DashCraft.io,sandbox_voxel,0.004,1,crazygames,2022,2581288,,,,,,,,,,0.0342,0.0,0.0,0.0,0.0,0.0,0.0,0.0,0.0,0.0,,https://www.crazygames.com/game/dashcraft-io,dashcraft
1316,Sniper Clash 3D,io_arena_shooter,0.004,1,crazygames,2019,2579347,,,,,,,,,,0.0342,0.0,0.0,0.0,0.0,0.0,0.0,0.0,0.0,0.0,,https://www.crazygames.com/game/sniper-clash-3d,sniperclash3d
1317,Game Cafe Escape,time_mgmt_cooking,0.004,1,crazygames,2021,2579314,,,,,,,,,,0.0342,0.0,0.0,0.0,0.0,0.0,0.0,0.0,0.0,0.0,,https://www.crazygames.com/game/game-cafe-escape,cafeescape
1318,Hearts: Classic,other,0.004,2,agame;crazygames,2018,2577056,,,,,,,,,,0.0341,0.0,0.0,0.0,0.0,0.0,0.0,0.0,0.0,0.0,,https://www.crazygames.com/game/hearts-classic,hearts
1319,Roxie's Kitchen: Muffins,other,0.004,1,y8,,,,,,896724,,,,,,0.0,0.0,0.0,0.0,0.0341,0.0,0.0,0.0,0.0,0.0,Roxie's Kitchen: American Breakfast / Roxie's Kitchen: Cute Macaron,https://www.y8.com/games/roxie_s_kitchen_cute_macaron,roxieskitchen
1320,Skribbl.io,draw_guess_party,0.004,2,agame;crazygames,2017,2570179,,,,,,,,,,0.0341,0.0,0.0,0.0,0.0,0.0,0.0,0.0,0.0,0.0,,https://www.crazygames.com/game/skribblio,skribbl
1321,Revolution Idle X,idle_clicker,0.004,1,crazygames,2023,2545533,,,,,,,,,,0.0337,0.0,0.0,0.0,0.0,0.0,0.0,0.0,0.0,0.0,,https://www.crazygames.com/game/revolution-idle-x-demo,revolutionidlex
1322,Idle Airline Tycoon,idle_clicker,0.004,1,crazygames,2020,2538402,,,,,,,,,,0.0336,0.0,0.0,0.0,0.0,0.0,0.0,0.0,0.0,0.0,,https://www.crazygames.com/game/idle-airline-tycoon,idleairlinetycoon
1323,Firestone – Idle Clicker Online RPG,idle_clicker,0.004,1,crazygames,2020,2536742,,,,,,,,,,0.0336,0.0,0.0,0.0,0.0,0.0,0.0,0.0,0.0,0.0,,https://www.crazygames.com/game/firestone-idle-rpg,firestone
1324,Fight Arena Online,other,0.0039,1,crazygames,2021,2532488,,,,,,,,,,0.0336,0.0,0.0,0.0,0.0,0.0,0.0,0.0,0.0,0.0,,https://www.crazygames.com/game/fight-arena-online,fightarena
1325,Snake Clash.io,other,0.0039,1,crazygames,2025,2524369,,,,,,,,,,0.0334,0.0,0.0,0.0,0.0,0.0,0.0,0.0,0.0,0.0,,https://www.crazygames.com/game/snake-clash-io,snakeclash
1326,Turnfight,other,0.0039,1,crazygames,2025,2502830,,,,,,,,,,0.0332,0.0,0.0,0.0,0.0,0.0,0.0,0.0,0.0,0.0,,https://www.crazygames.com/game/turnfight-com-uap,turnfight
1327,Airline Tycoon Idle,idle_clicker,0.0039,1,crazygames,2024,2502142,,,,,,,,,,0.0331,0.0,0.0,0.0,0.0,0.0,0.0,0.0,0.0,0.0,,https://www.crazygames.com/game/airline-tycoon-idle,airlinetycoonidle
1328,Stickman Fighting 3D,stickman_brawler,0.0039,1,crazygames,2019,2497928,,,,,,,,,,0.0331,0.0,0.0,0.0,0.0,0.0,0.0,0.0,0.0,0.0,,https://www.crazygames.com/game/stickman-fighting-3d,stickmanfighting3d
1329,Samurai's Shadow,other,0.0039,1,crazygames,2025,2490914,,,,,,,,,,0.033,0.0,0.0,0.0,0.0,0.0,0.0,0.0,0.0,0.0,,https://www.crazygames.com/game/samurai-s-shadow-qtn,samuraisshadow
1330,War Mahjong,classic_board_card,0.0039,1,crazygames,2021,2472270,,,,,,,,,,0.0328,0.0,0.0,0.0,0.0,0.0,0.0,0.0,0.0,0.0,,https://www.crazygames.com/game/war-mahjong,warmahjong
1331,Krampus,other,0.0038,1,crazygames,2022,2464845,,,,,,,,,,0.0327,0.0,0.0,0.0,0.0,0.0,0.0,0.0,0.0,0.0,,https://www.crazygames.com/game/krampus,krampus
1332,Diner in the Storm,time_mgmt_cooking,0.0038,1,crazygames,2024,2459848,,,,,,,,,,0.0326,0.0,0.0,0.0,0.0,0.0,0.0,0.0,0.0,0.0,,https://www.crazygames.com/game/diner-in-the-storm,dinerinthestorm
1333,Idle Inventor,idle_clicker,0.0038,1,crazygames,2023,2447946,,,,,,,,,,0.0324,0.0,0.0,0.0,0.0,0.0,0.0,0.0,0.0,0.0,,https://www.crazygames.com/game/idle-inventor,idleinventor
1334,Idle Train Empire Tycoon,idle_clicker,0.0038,1,crazygames,2024,2422381,,,,,,,,,,0.0321,0.0,0.0,0.0,0.0,0.0,0.0,0.0,0.0,0.0,,https://www.crazygames.com/game/idle-train-empire-tycoon,idletrainempiretycoon
1335,Forgotten Treasure 2,other,0.0038,1,crazygames,2023,2422221,,,,,,,,,,0.0321,0.0,0.0,0.0,0.0,0.0,0.0,0.0,0.0,0.0,,https://www.crazygames.com/game/forgotten-treasure-2---match-3,forgottentreasure
1336,Attack of Duty,other,0.0038,1,crazygames,2024,2420661,,,,,,,,,,0.0321,0.0,0.0,0.0,0.0,0.0,0.0,0.0,0.0,0.0,,https://www.crazygames.com/game/attack-of-duty,attackofduty
1337,Bubble Tower 3D,other,0.0038,2,crazygames;pacogames,2020,2407666,,,,,,,,,,0.0319,0.0,0.0,0.0,0.0,0.0,0.0,0.0,0.0,0.0,,https://www.crazygames.com/game/bubble-tower-3d,bubbletower3d
1338,Sling Drift,car_stunt_drift,0.0037,1,y8,,,,,,837430,,,,,,0.0,0.0,0.0,0.0,0.0318,0.0,0.0,0.0,0.0,0.0,,https://www.y8.com/games/sling_drift,slingdrift
1339,Space Museum Escape,other,0.0037,1,crazygames,2020,2394786,,,,,,,,,,0.0317,0.0,0.0,0.0,0.0,0.0,0.0,0.0,0.0,0.0,,https://www.crazygames.com/game/space-museum-escape,spacemuseumescape
1340,Return Man 2,other,0.0037,1,crazygames,2017,2393777,,,,,,,,,,0.0317,0.0,0.0,0.0,0.0,0.0,0.0,0.0,0.0,0.0,,https://www.crazygames.com/game/return-man-2,returnman
1341,Real Cars Extreme Racing,car_stunt_drift,0.0037,1,crazygames,2021,2374570,,,,,,,,,,0.0315,0.0,0.0,0.0,0.0,0.0,0.0,0.0,0.0,0.0,,https://www.crazygames.com/game/real-cars-extreme-racing,realcarsextremeracing
1342,Bicycle Kick Champ,other,0.0037,1,crazygames,2021,2373444,,,,,,,,,,0.0314,0.0,0.0,0.0,0.0,0.0,0.0,0.0,0.0,0.0,,https://www.crazygames.com/game/bicycle-kick-champ,bicyclekickchamp
1343,Super Spin,other,0.0037,1,crazygames,2023,2358951,,,,,,,,,,0.0313,0.0,0.0,0.0,0.0,0.0,0.0,0.0,0.0,0.0,,https://www.crazygames.com/game/super-spin,superspin
1344,ATV Ultimate Offroad,car_stunt_drift,0.0037,1,crazygames,2023,2354380,,,,,,,,,,0.0312,0.0,0.0,0.0,0.0,0.0,0.0,0.0,0.0,0.0,,https://www.crazygames.com/game/atv-ultimate-offroad,atvultimateoffroad
1345,Bomb the Bridge,physics_destruction,0.0037,1,y8,,,,,,817202,,,,,,0.0,0.0,0.0,0.0,0.0311,0.0,0.0,0.0,0.0,0.0,,https://www.y8.com/games/bomb_the_bridge,bombthebridge
1346,Slendrina Must Die: The House,other,0.0036,1,crazygames,2019,2338118,,,,,,,,,,0.031,0.0,0.0,0.0,0.0,0.0,0.0,0.0,0.0,0.0,Slendrina Must Die: The Cellar / Slendrina Must Die: The Forest / Slendrina Must Die: The School,https://www.crazygames.com/game/slendrina-must-die-the-house,slendrinamustdie
1347,Machine Room Escape,other,0.0036,1,crazygames,2021,2329232,,,,,,,,,,0.0309,0.0,0.0,0.0,0.0,0.0,0.0,0.0,0.0,0.0,,https://www.crazygames.com/game/machine-room-escape,machineroomescape
1348,Evolution Factor,other,0.0036,1,crazygames,2025,2327332,,,,,,,,,,0.0308,0.0,0.0,0.0,0.0,0.0,0.0,0.0,0.0,0.0,,https://www.crazygames.com/game/evolution-factor-1,evolutionfactor
1349,Zoo Boom,bomberman,0.0036,1,crazygames,2019,2312114,,,,,,,,,,0.0306,0.0,0.0,0.0,0.0,0.0,0.0,0.0,0.0,0.0,,https://www.crazygames.com/game/zoo-boom,zooboom
1350,Mahjong Tower,classic_board_card,0.0036,1,crazygames,2021,2286850,,,,,,,,,,0.0303,0.0,0.0,0.0,0.0,0.0,0.0,0.0,0.0,0.0,,https://www.crazygames.com/game/mahjong-tower-2,mahjongtower
1351,Mystery Digger,other,0.0035,1,crazygames,2025,2269882,,,,,,,,,,0.0301,0.0,0.0,0.0,0.0,0.0,0.0,0.0,0.0,0.0,,https://www.crazygames.com/game/mystery-digger,mysterydigger
1352,Bit Gun.io,other,0.0035,1,crazygames,2025,2263665,,,,,,,,,,0.03,0.0,0.0,0.0,0.0,0.0,0.0,0.0,0.0,0.0,,https://www.crazygames.com/game/bit-gun-io,bitgun
1353,Mazean,other,0.0035,1,crazygames,2024,2259815,,,,,,,,,,0.0299,0.0,0.0,0.0,0.0,0.0,0.0,0.0,0.0,0.0,,https://www.crazygames.com/game/mazean-com,mazean
1354,Atari Breakout,classic_board_card,0.0035,1,coolmathgames,,,,,,,,,,33356,,0.0,0.0,0.0,0.0,0.0,0.0,0.0,0.0,0.0597,0.0,,https://www.coolmathgames.com/0-atari-breakout,ataribreakout
1355,Strike Force Heroes,run_gun_coop,0.0035,1,crazygames,2022,2234270,,,,,,,,,,0.0296,0.0,0.0,0.0,0.0,0.0,0.0,0.0,0.0,0.0,Strike Force Heroes 2,https://www.crazygames.com/game/strike-force-heroes,strikeforceheroes
1356,DOP Noob: Draw to Save,classic_board_card,0.0035,1,crazygames,2024,2233322,,,,,,,,,,0.0296,0.0,0.0,0.0,0.0,0.0,0.0,0.0,0.0,0.0,,https://www.crazygames.com/game/dop-noob-draw-to-save,dopnoob
1357,Room Escape: Strange Case,other,0.0035,1,crazygames,2023,2231868,,,,,,,,,,0.0296,0.0,0.0,0.0,0.0,0.0,0.0,0.0,0.0,0.0,,https://www.crazygames.com/game/room-escape-strange-case,roomescape
1358,Zombie World,other,0.0035,1,crazygames,2023,2226037,,,,,,,,,,0.0295,0.0,0.0,0.0,0.0,0.0,0.0,0.0,0.0,0.0,,https://www.crazygames.com/game/zombie-world,zombieworld
1359,Goal Gang,other,0.0035,1,crazygames,2026,2224790,,,,,,,,,,0.0295,0.0,0.0,0.0,0.0,0.0,0.0,0.0,0.0,0.0,,https://www.crazygames.com/game/goal-gang,goalgang
1360,Numicolor,other,0.0035,1,crazygames,2026,2222718,,,,,,,,,,0.0294,0.0,0.0,0.0,0.0,0.0,0.0,0.0,0.0,0.0,,https://www.crazygames.com/game/numicolor,numicolor
1361,Escape or Die 3,other,0.0035,1,crazygames,2023,2220937,,,,,,,,,,0.0294,0.0,0.0,0.0,0.0,0.0,0.0,0.0,0.0,0.0,Escape or Die 2 / Escape or Die 4,https://www.crazygames.com/game/escape-or-die-3,escapeordie
1362,Dogfight,other,0.0035,1,crazygames,2024,2215284,,,,,,,,,,0.0293,0.0,0.0,0.0,0.0,0.0,0.0,0.0,0.0,0.0,,https://www.crazygames.com/game/dogfight-ijs,dogfight
1363,Grand Cyber City,other,0.0034,3,crazygames;pacogames;twoplayergames,2023,2180462,,,,,,,,,,0.0289,0.0,0.0,0.0,0.0,0.0,0.0,0.0,0.0,0.0,,https://www.crazygames.com/game/grand-cyber-city,grandcybercity
1364,Stickman Bullet Warriors,other,0.0034,1,crazygames,2022,2177518,,,,,,,,,,0.0288,0.0,0.0,0.0,0.0,0.0,0.0,0.0,0.0,0.0,,https://www.crazygames.com/game/stickman-bullet-warriors,stickmanbulletwarriors
1365,Minecraft,sandbox_voxel,0.0034,2,miniplay;y8,,,,,,756262,,,,,,0.0,0.0,0.0,0.0,0.0287,0.0,0.0,0.0,0.0,0.0,Minecraft Online,https://www.y8.com/games/minecraft_online_game,minecraft
1366,Zomblox,other,0.0034,1,crazygames,2025,2168219,,,,,,,,,,0.0287,0.0,0.0,0.0,0.0,0.0,0.0,0.0,0.0,0.0,,https://www.crazygames.com/game/zomblox-mzc,zomblox
1367,Toy Rider,other,0.0034,1,crazygames,2023,2156400,,,,,,,,,,0.0286,0.0,0.0,0.0,0.0,0.0,0.0,0.0,0.0,0.0,,https://www.crazygames.com/game/toy-rider,toyrider
1368,Flakmeister,other,0.0033,1,crazygames,2019,2148714,,,,,,,,,,0.0285,0.0,0.0,0.0,0.0,0.0,0.0,0.0,0.0,0.0,,https://www.crazygames.com/game/flakmeister,flakmeister
1369,Escape from School: Runaway,other,0.0033,1,crazygames,2025,2147765,,,,,,,,,,0.0285,0.0,0.0,0.0,0.0,0.0,0.0,0.0,0.0,0.0,Escape From School: Angry Teacher!,https://www.crazygames.com/game/escape-from-school-angry-teacher,escapefromschool
1370,Rodha,other,0.0033,1,crazygames,2022,2147284,,,,,,,,,,0.0284,0.0,0.0,0.0,0.0,0.0,0.0,0.0,0.0,0.0,,https://www.crazygames.com/game/rodha,rodha
1371,Mahjong Unlimited,classic_board_card,0.0033,2,crazygames;playgama,2024,2134853,,,,,,,,,,0.0283,0.0,0.0,0.0,0.0,0.0,0.0,0.0,0.0,0.0,,https://www.crazygames.com/game/mahjong-unlimited,mahjongunlimited
1372,OK Parking,parking_traffic_puzzle,0.0033,1,crazygames,2019,2133528,,,,,,,,,,0.0283,0.0,0.0,0.0,0.0,0.0,0.0,0.0,0.0,0.0,,https://www.crazygames.com/game/ok-parking,okparking
1373,Prison Life,other,0.0033,1,crazygames,2025,2133424,,,,,,,,,,0.0283,0.0,0.0,0.0,0.0,0.0,0.0,0.0,0.0,0.0,,https://www.crazygames.com/game/prison-life-aur,prisonlife
1374,Defender Idle 2,idle_clicker,0.0033,1,crazygames,2023,2132109,,,,,,,,,,0.0282,0.0,0.0,0.0,0.0,0.0,0.0,0.0,0.0,0.0,,https://www.crazygames.com/game/defender-idle-2,defenderidle
1375,Sugar Heroes,other,0.0033,1,crazygames,2020,2131183,,,,,,,,,,0.0282,0.0,0.0,0.0,0.0,0.0,0.0,0.0,0.0,0.0,,https://www.crazygames.com/game/sugar-heroes,sugarheroes
1376,Sprinter,other,0.0033,2,agame;crazygames,2017,2127288,,,,,,,,,,0.0282,0.0,0.0,0.0,0.0,0.0,0.0,0.0,0.0,0.0,,https://www.crazygames.com/game/sprinter,sprinter
1377,Archers Random,artillery_turn,0.0033,1,crazygames,2025,2120384,,,,,,,,,,0.0281,0.0,0.0,0.0,0.0,0.0,0.0,0.0,0.0,0.0,,https://www.crazygames.com/game/archers-random,archersrandom
1378,Deadly Rally,car_stunt_drift,0.0033,1,crazygames,2026,2113573,,,,,,,,,,0.028,0.0,0.0,0.0,0.0,0.0,0.0,0.0,0.0,0.0,,https://www.crazygames.com/game/deadly-rally,deadlyrally
1379,Gladiator Fights,other,0.0033,1,crazygames,2024,2110230,,,,,,,,,,0.028,0.0,0.0,0.0,0.0,0.0,0.0,0.0,0.0,0.0,,https://www.crazygames.com/game/gladiator-fights,gladiatorfights
1380,Super Rush Street Racing,car_stunt_drift,0.0033,1,y8,,,,,,734160,,,,,,0.0,0.0,0.0,0.0,0.0279,0.0,0.0,0.0,0.0,0.0,,https://www.y8.com/games/super_rush_street_racing,superrushstreetracing
1381,Tower Defense Clash,tower_defense,0.0033,1,crazygames,2023,2091632,,,,,,,,,,0.0277,0.0,0.0,0.0,0.0,0.0,0.0,0.0,0.0,0.0,,https://www.crazygames.com/game/tower-defense-clash,towerdefenseclash
1382,Mad Pursuit,other,0.0032,1,crazygames,2026,2076500,,,,,,,,,,0.0275,0.0,0.0,0.0,0.0,0.0,0.0,0.0,0.0,0.0,,https://www.crazygames.com/game/mad-pursuit-zhp,madpursuit
1383,Mini Mine,other,0.0032,1,crazygames,2024,2071813,,,,,,,,,,0.0274,0.0,0.0,0.0,0.0,0.0,0.0,0.0,0.0,0.0,,https://www.crazygames.com/game/minimine,minimine
1384,Dogs vs Aliens,other,0.0032,1,crazygames,2025,2069652,,,,,,,,,,0.0274,0.0,0.0,0.0,0.0,0.0,0.0,0.0,0.0,0.0,,https://www.crazygames.com/game/dogs-vs-aliens,dogsvsaliens
1385,Day D Tower Rush,other,0.0032,1,crazygames,2022,2069525,,,,,,,,,,0.0274,0.0,0.0,0.0,0.0,0.0,0.0,0.0,0.0,0.0,,https://www.crazygames.com/game/day-d-tower-rush,daydtowerrush
1386,Immortal: Dark Slayer,other,0.0032,1,crazygames,2025,2055951,,,,,,,,,,0.0272,0.0,0.0,0.0,0.0,0.0,0.0,0.0,0.0,0.0,,https://www.crazygames.com/game/immortal-dark-slayer,immortal
1387,Chicken Clicker,idle_clicker,0.0032,1,crazygames,2024,2029851,,,,,,,,,,0.0269,0.0,0.0,0.0,0.0,0.0,0.0,0.0,0.0,0.0,,https://www.crazygames.com/game/chicken-clicker,chickenclicker
1388,Shape Shooter 3,io_arena_shooter,0.0032,1,crazygames,2023,2024045,,,,,,,,,,0.0268,0.0,0.0,0.0,0.0,0.0,0.0,0.0,0.0,0.0,Shape Shooter 2,https://www.crazygames.com/game/shape-shooter-3,shapeshooter
1389,Crazy Chameleon,other,0.0031,1,crazygames,2026,2019274,,,,,,,,,,0.0268,0.0,0.0,0.0,0.0,0.0,0.0,0.0,0.0,0.0,,https://www.crazygames.com/game/crazy-chameleon,crazychameleon
1390,Death City Zombie Invasion,other,0.0031,1,crazygames,2024,2014757,,,,,,,,,,0.0267,0.0,0.0,0.0,0.0,0.0,0.0,0.0,0.0,0.0,,https://www.crazygames.com/game/death-city-zombie-invasion-liq,deathcityzombieinvasion
1391,Penalty Rivals,penalty_freekick,0.0031,1,crazygames,2023,2014698,,,,,,,,,,0.0267,0.0,0.0,0.0,0.0,0.0,0.0,0.0,0.0,0.0,,https://www.crazygames.com/game/penalty-rivals,penaltyrivals
1392,Shadow Ninja Revenge,other,0.0031,1,crazygames,2022,2006451,,,,,,,,,,0.0266,0.0,0.0,0.0,0.0,0.0,0.0,0.0,0.0,0.0,,https://www.crazygames.com/game/shadow-ninja-revenge,shadowninjarevenge
1393,Speedboy: History with Grandfather,other,0.0031,1,crazygames,2026,2004307,,,,,,,,,,0.0266,0.0,0.0,0.0,0.0,0.0,0.0,0.0,0.0,0.0,,https://www.crazygames.com/game/speedboy-history-with-grandfather-sri,speedboy
1394,Simply Prop Hunt,hide_seek_prop,0.0031,1,crazygames,2025,1998876,,,,,,,,,,0.0265,0.0,0.0,0.0,0.0,0.0,0.0,0.0,0.0,0.0,,https://www.crazygames.com/game/simply-prop-hunt,simplyprophunt
1395,Muscle Gun.IO,other,0.0031,1,crazygames,2024,1997211,,,,,,,,,,0.0265,0.0,0.0,0.0,0.0,0.0,0.0,0.0,0.0,0.0,,https://www.crazygames.com/game/muscle-gun-io,musclegun
1396,Dig or Die: Prison Escape Simulator,stealth_heist,0.0031,1,crazygames,2025,1984967,,,,,,,,,,0.0263,0.0,0.0,0.0,0.0,0.0,0.0,0.0,0.0,0.0,,https://www.crazygames.com/game/dig-or-die-prison-escape-simulator,digordie
1397,Sweety Ludo,classic_board_card,0.0031,1,crazygames,2024,1983631,,,,,,,,,,0.0263,0.0,0.0,0.0,0.0,0.0,0.0,0.0,0.0,0.0,,https://www.crazygames.com/game/sweety-ludo,sweetyludo
1398,Elite Sniper,io_arena_shooter,0.0031,1,crazygames,2019,1970679,,,,,,,,,,0.0261,0.0,0.0,0.0,0.0,0.0,0.0,0.0,0.0,0.0,,https://www.crazygames.com/game/elite-sniper,elitesniper
1399,Idle Supermarket Tycoon,time_mgmt_cooking,0.0031,1,crazygames,2024,1968727,,,,,,,,,,0.0261,0.0,0.0,0.0,0.0,0.0,0.0,0.0,0.0,0.0,,https://www.crazygames.com/game/idle-supermarket-tycoon,idlesupermarkettycoon
1400,Sandspiel,other,0.0031,1,crazygames,2018,1965326,,,,,,,,,,0.026,0.0,0.0,0.0,0.0,0.0,0.0,0.0,0.0,0.0,,https://www.crazygames.com/game/sandspiel,sandspiel
1401,Infinity Kingdom,other,0.003,1,crazygames,2025,1954990,,,,,,,,,,0.0259,0.0,0.0,0.0,0.0,0.0,0.0,0.0,0.0,0.0,,https://www.crazygames.com/game/infinity-kingdom,infinitykingdom
1402,Muscle Shift,other,0.003,1,crazygames,2023,1953275,,,,,,,,,,0.0259,0.0,0.0,0.0,0.0,0.0,0.0,0.0,0.0,0.0,,https://www.crazygames.com/game/muscle-shift,muscleshift
1403,DriveTown,other,0.003,1,crazygames,2025,1946524,,,,,,,,,,0.0258,0.0,0.0,0.0,0.0,0.0,0.0,0.0,0.0,0.0,,https://www.crazygames.com/game/drivetown,drivetown
1404,Driver Club: Highway Racing,car_stunt_drift,0.003,2,crazygames;playgama,2025,1929893,,,,,,,,,,0.0256,0.0,0.0,0.0,0.0,0.0,0.0,0.0,0.0,0.0,,https://www.crazygames.com/game/driver-club-highway-racing,driverclub
1405,Soccer Heads,other,0.003,1,crazygames,2022,1929151,,,,,,,,,,0.0256,0.0,0.0,0.0,0.0,0.0,0.0,0.0,0.0,0.0,,https://www.crazygames.com/game/sports-heads-soccer,soccerheads
1406,Outlets Rush,other,0.003,1,crazygames,2024,1926441,,,,,,,,,,0.0255,0.0,0.0,0.0,0.0,0.0,0.0,0.0,0.0,0.0,,https://www.crazygames.com/game/outlets-rush,outletsrush
1407,Street Racing: Open World,car_stunt_drift,0.003,1,crazygames,2025,1919400,,,,,,,,,,0.0254,0.0,0.0,0.0,0.0,0.0,0.0,0.0,0.0,0.0,,https://www.crazygames.com/game/street-racing-open-world,streetracing
1408,SNIPER,io_arena_shooter,0.003,2,crazygames;kizi,2020,1914374,,,,,,,,,,0.0254,0.0,0.0,0.0,0.0,0.0,0.0,0.0,0.0,0.0,Sniper,https://www.crazygames.com/game/sniper,sniper
1409,I Am Taxi Prankster Sim,other,0.003,1,crazygames,2026,1912923,,,,,,,,,,0.0253,0.0,0.0,0.0,0.0,0.0,0.0,0.0,0.0,0.0,,https://www.crazygames.com/game/i-am-prankster-taxi-driver,iamtaxiprankstersim
1410,Zombie Horde: Build & Survive,other,0.003,1,crazygames,2025,1906300,,,,,,,,,,0.0253,0.0,0.0,0.0,0.0,0.0,0.0,0.0,0.0,0.0,,https://www.crazygames.com/game/zombie-horde-build-survive,zombiehorde
1411,Hustle & Drift in ZIL,car_stunt_drift,0.003,1,crazygames,2026,1904731,,,,,,,,,,0.0252,0.0,0.0,0.0,0.0,0.0,0.0,0.0,0.0,0.0,,https://www.crazygames.com/game/hustle-drift-in-zil,hustledriftinzil
1412,Krew.io,other,0.003,1,crazygames,2016,1902327,,,,,,,,,,0.0252,0.0,0.0,0.0,0.0,0.0,0.0,0.0,0.0,0.0,,https://www.crazygames.com/game/krewio,krew
1413,Disk Strike: Carrom Challenge,other,0.0029,1,crazygames,2025,1891891,,,,,,,,,,0.0251,0.0,0.0,0.0,0.0,0.0,0.0,0.0,0.0,0.0,,https://www.crazygames.com/game/disk-strike-carrom-challenge,diskstrike
1414,Slingshot Fortress,other,0.0029,1,crazygames,2024,1885163,,,,,,,,,,0.025,0.0,0.0,0.0,0.0,0.0,0.0,0.0,0.0,0.0,,https://www.crazygames.com/game/slingshot-fortress,slingshotfortress
1415,Kick It – Fun Soccer Game,other,0.0029,1,crazygames,2026,1872911,,,,,,,,,,0.0248,0.0,0.0,0.0,0.0,0.0,0.0,0.0,0.0,0.0,,https://www.crazygames.com/game/kick-it---fun-soccer-game,kickit
1416,Snake Shooter: Tower Battle,io_arena_shooter,0.0029,1,crazygames,2025,1869254,,,,,,,,,,0.0248,0.0,0.0,0.0,0.0,0.0,0.0,0.0,0.0,0.0,,https://www.crazygames.com/game/snake-shooter-cbu,snakeshooter
1417,Offroader V6,car_stunt_drift,0.0029,2,crazygames;pacogames,2018,1864416,,,,,,,,,,0.0247,0.0,0.0,0.0,0.0,0.0,0.0,0.0,0.0,0.0,Offroader V5,https://www.crazygames.com/game/offroader-v6,offroaderv
1418,Noob Fuse,other,0.0029,2,crazygames;playgama,2026,1855224,,,,,,,,,,0.0246,0.0,0.0,0.0,0.0,0.0,0.0,0.0,0.0,0.0,,https://www.crazygames.com/game/noob-fuse-xmr,noobfuse
1419,100 Meters Race,other,0.0029,1,crazygames,2019,1854628,,,,,,,,,,0.0246,0.0,0.0,0.0,0.0,0.0,0.0,0.0,0.0,0.0,,https://www.crazygames.com/game/100-meters-race,100metersrace
1420,Only Up 3D Parkour: Go Ascend,troll_platformer,0.0029,1,crazygames,2023,1851114,,,,,,,,,,0.0245,0.0,0.0,0.0,0.0,0.0,0.0,0.0,0.0,0.0,,https://www.crazygames.com/game/only-up-3d-parkour-go-ascend,onlyup3dparkour
1421,Digital Circus: Obby,rbx_reverse,0.0029,1,crazygames,2024,1847472,,,,,,,,,,0.0245,0.0,0.0,0.0,0.0,0.0,0.0,0.0,0.0,0.0,Digital Circus: Parkour Game,https://www.crazygames.com/game/digital-circus-obby,digitalcircus
1422,Monster Cars: Ultimate Simulator,other,0.0029,1,crazygames,2022,1846543,,,,,,,,,,0.0245,0.0,0.0,0.0,0.0,0.0,0.0,0.0,0.0,0.0,,https://www.crazygames.com/game/monster-cars-ultimate-simulator,monstercars
1423,Slenderman Must Die: Graveyard,other,0.0029,1,crazygames,2021,1838479,,,,,,,,,,0.0244,0.0,0.0,0.0,0.0,0.0,0.0,0.0,0.0,0.0,Slenderman Must Die: Sanatorium 2021 / Slenderman Must Die: Silent Streets / Slenderman Must Die: Underground Bunker,https://www.crazygames.com/game/slenderman-must-die-underground-bunker,slendermanmustdie
1424,TankCraft,sandbox_voxel,0.0029,1,crazygames,2023,1836361,,,,,,,,,,0.0243,0.0,0.0,0.0,0.0,0.0,0.0,0.0,0.0,0.0,,https://www.crazygames.com/game/tankcraft,tankcraft
1425,Jump Up 3D,other,0.0029,1,crazygames,2023,1830176,,,,,,,,,,0.0242,0.0,0.0,0.0,0.0,0.0,0.0,0.0,0.0,0.0,Jump Up 3D: Mini Basketball,https://www.crazygames.com/game/jump-up-3d-basketball-game,jumpup3d
1426,Papa's Pancakeria,time_mgmt_cooking,0.0028,1,crazygames,2014,1825955,,,,,,,,,,0.0242,0.0,0.0,0.0,0.0,0.0,0.0,0.0,0.0,0.0,,https://www.crazygames.com/game/papas-pancakeria,papaspancakeria
1427,Playing Soccer,other,0.0028,1,crazygames,2026,1821586,,,,,,,,,,0.0241,0.0,0.0,0.0,0.0,0.0,0.0,0.0,0.0,0.0,,https://www.crazygames.com/game/playing-soccer-vaa,playingsoccer
1428,Space Company,other,0.0028,1,crazygames,2017,1807026,,,,,,,,,,0.0239,0.0,0.0,0.0,0.0,0.0,0.0,0.0,0.0,0.0,,https://www.crazygames.com/game/space-company,spacecompany
1429,Clock Clicker,idle_clicker,0.0028,1,crazygames,2022,1802660,,,,,,,,,,0.0239,0.0,0.0,0.0,0.0,0.0,0.0,0.0,0.0,0.0,,https://www.crazygames.com/game/clock-clicker,clockclicker
1430,Fury Bike Rider,other,0.0028,1,crazygames,2020,1801579,,,,,,,,,,0.0239,0.0,0.0,0.0,0.0,0.0,0.0,0.0,0.0,0.0,,https://www.crazygames.com/game/fury-bike-rider,furybikerider
1431,City Constructor,other,0.0028,1,crazygames,2026,1799120,,,,,,,,,,0.0238,0.0,0.0,0.0,0.0,0.0,0.0,0.0,0.0,0.0,,https://www.crazygames.com/game/city-constructor,cityconstructor
1432,The Cat in Yellow,other,0.0028,1,crazygames,2026,1796601,,,,,,,,,,0.0238,0.0,0.0,0.0,0.0,0.0,0.0,0.0,0.0,0.0,,https://www.crazygames.com/game/the-ragdoll-cat-bgr,thecatinyellow
1433,Riddle School,other,0.0028,1,crazygames,2016,1791394,,,,,,,,,,0.0237,0.0,0.0,0.0,0.0,0.0,0.0,0.0,0.0,0.0,,https://www.crazygames.com/game/riddle-school,riddleschool
1434,DualForce Idle,idle_clicker,0.0028,1,crazygames,2020,1785894,,,,,,,,,,0.0237,0.0,0.0,0.0,0.0,0.0,0.0,0.0,0.0,0.0,,https://www.crazygames.com/game/dualforce-idle,dualforceidle
1435,Secret Agent James,other,0.0028,1,crazygames,2018,1780550,,,,,,,,,,0.0236,0.0,0.0,0.0,0.0,0.0,0.0,0.0,0.0,0.0,,https://www.crazygames.com/game/gangster-contract-mafia-wars,secretagentjames
1436,City Blocks,other,0.0028,1,crazygames,2021,1775315,,,,,,,,,,0.0235,0.0,0.0,0.0,0.0,0.0,0.0,0.0,0.0,0.0,,https://www.crazygames.com/game/city-blocks,cityblocks
1437,99 Balls,other,0.0028,1,crazygames,2017,1773719,,,,,,,,,,0.0235,0.0,0.0,0.0,0.0,0.0,0.0,0.0,0.0,0.0,,https://www.crazygames.com/game/99-balls,99balls
1438,Kick Soccer Hero,other,0.0027,1,crazygames,2025,1763482,,,,,,,,,,0.0234,0.0,0.0,0.0,0.0,0.0,0.0,0.0,0.0,0.0,,https://www.crazygames.com/game/kick-football-herosoccer-game,kicksoccerhero
1439,Duo,other,0.0027,1,crazygames,2025,1757666,,,,,,,,,,0.0233,0.0,0.0,0.0,0.0,0.0,0.0,0.0,0.0,0.0,,https://www.crazygames.com/game/duo-kjn,duo
1440,Hungry Frog,other,0.0027,1,crazygames,2025,1755969,,,,,,,,,,0.0233,0.0,0.0,0.0,0.0,0.0,0.0,0.0,0.0,0.0,,https://www.crazygames.com/game/hungry-frog-zot,hungryfrog
1441,Obby Challenge: Prison Run,rbx_reverse,0.0027,1,crazygames,2025,1750097,,,,,,,,,,0.0232,0.0,0.0,0.0,0.0,0.0,0.0,0.0,0.0,0.0,,https://www.crazygames.com/game/obby-challenge-prison-run,obbychallenge
1442,Computer Office Escape,other,0.0027,1,crazygames,2020,1748473,,,,,,,,,,0.0232,0.0,0.0,0.0,0.0,0.0,0.0,0.0,0.0,0.0,,https://www.crazygames.com/game/computer-office-escape,computerofficeescape
1443,Obby Plane Power Challenge: Fly,rbx_reverse,0.0027,1,crazygames,2026,1740843,,,,,,,,,,0.0231,0.0,0.0,0.0,0.0,0.0,0.0,0.0,0.0,0.0,,https://www.crazygames.com/game/obby-plane-power-challenge-fly,obbyplanepowerchallenge
1444,Smash Badminton,racket_duel,0.0027,1,crazygames,2026,1732579,,,,,,,,,,0.023,0.0,0.0,0.0,0.0,0.0,0.0,0.0,0.0,0.0,,https://www.crazygames.com/game/smash-badminton,smashbadminton
1445,Endless Hot Pursuit,other,0.0027,1,crazygames,2020,1728225,,,,,,,,,,0.0229,0.0,0.0,0.0,0.0,0.0,0.0,0.0,0.0,0.0,,https://www.crazygames.com/game/endless-car-chase,endlesshotpursuit
1446,SuperHot,other,0.0027,1,crazygames,2019,1725440,,,,,,,,,,0.0229,0.0,0.0,0.0,0.0,0.0,0.0,0.0,0.0,0.0,,https://www.crazygames.com/game/super-hot,superhot
1447,Street Fighter Simulator,other,0.0027,1,crazygames,2024,1723191,,,,,,,,,,0.0228,0.0,0.0,0.0,0.0,0.0,0.0,0.0,0.0,0.0,,https://www.crazygames.com/game/street-fighter-simulator,streetfightersimulator
1448,Office Fight,other,0.0027,1,crazygames,2023,1722984,,,,,,,,,,0.0228,0.0,0.0,0.0,0.0,0.0,0.0,0.0,0.0,0.0,,https://www.crazygames.com/game/office-fight,officefight
1449,EpicBallz.io,other,0.0027,1,crazygames,2024,1711040,,,,,,,,,,0.0227,0.0,0.0,0.0,0.0,0.0,0.0,0.0,0.0,0.0,,https://www.crazygames.com/game/epicballz-io,epicballz
1450,Zombie Drive Survivor,upgrade_drive_zombies,0.0027,1,crazygames,2024,1709196,,,,,,,,,,0.0226,0.0,0.0,0.0,0.0,0.0,0.0,0.0,0.0,0.0,,https://www.crazygames.com/game/zombie-drive-survivor,zombiedrivesurvivor
1451,Goods Triple Match 3D,merge_drop,0.0027,1,crazygames,2026,1705943,,,,,,,,,,0.0226,0.0,0.0,0.0,0.0,0.0,0.0,0.0,0.0,0.0,,https://www.crazygames.com/game/goods-triple-match-3d,goodstriplematch3d
1452,Pixel Combat: Zombies Strike,other,0.0026,1,crazygames,2025,1682945,,,,,,,,,,0.0223,0.0,0.0,0.0,0.0,0.0,0.0,0.0,0.0,0.0,,https://www.crazygames.com/game/pixel-combat-zombies-strike,pixelcombat
1453,Trials Ice Ride,other,0.0026,1,crazygames,2021,1671735,,,,,,,,,,0.0221,0.0,0.0,0.0,0.0,0.0,0.0,0.0,0.0,0.0,,https://www.crazygames.com/game/trail-ice-ride,trialsiceride
1454,3D Block Gladiator: Sword Draw,classic_board_card,0.0026,1,crazygames,2025,1668914,,,,,,,,,,0.0221,0.0,0.0,0.0,0.0,0.0,0.0,0.0,0.0,0.0,,https://www.crazygames.com/game/3d-block-gladiator-sword-draw,3dblockgladiator
1455,Hill Travel 3D,other,0.0026,1,crazygames,2025,1661838,,,,,,,,,,0.022,0.0,0.0,0.0,0.0,0.0,0.0,0.0,0.0,0.0,,https://www.crazygames.com/game/hill-travel-3d,hilltravel3d
1456,Story Teller,other,0.0026,1,y8,,,,,,574722,,,,,,0.0,0.0,0.0,0.0,0.0218,0.0,0.0,0.0,0.0,0.0,,https://www.y8.com/games/story_teller,storyteller
1457,Paperly: Paper Plane Adventure,other,0.0026,1,crazygames,2023,1647537,,,,,,,,,,0.0218,0.0,0.0,0.0,0.0,0.0,0.0,0.0,0.0,0.0,,https://www.crazygames.com/game/paperly-paper-plane-adventure,paperly
1458,Y8 Rocket Simulator,other,0.0026,1,y8,,,,,,573603,,,,,,0.0,0.0,0.0,0.0,0.0218,0.0,0.0,0.0,0.0,0.0,,https://www.y8.com/games/y8_rocket_simulator,y8rocketsimulator
1459,Godzilla Daikaiju Battle Royale,io_arena_shooter,0.0026,1,crazygames,2022,1643826,,,,,,,,,,0.0218,0.0,0.0,0.0,0.0,0.0,0.0,0.0,0.0,0.0,,https://www.crazygames.com/game/godzilla-daikaiju-battle-royale,godzilladaikaijubattleroyale
1460,Bricks Breaker,other,0.0026,1,crazygames,2022,1636876,,,,,,,,,,0.0217,0.0,0.0,0.0,0.0,0.0,0.0,0.0,0.0,0.0,,https://www.crazygames.com/game/bricks-breaker,bricksbreaker
1461,Guess the Drawing,classic_board_card,0.0025,1,y8,,,,,,569039,,,,,,0.0,0.0,0.0,0.0,0.0216,0.0,0.0,0.0,0.0,0.0,,https://www.y8.com/games/guess_the_drawing,guessthedrawing
1462,Papa's Hot Doggeria,time_mgmt_cooking,0.0025,1,crazygames,,1630414,,,,,,,,,,0.0216,0.0,0.0,0.0,0.0,0.0,0.0,0.0,0.0,0.0,,https://www.crazygames.com/game/papas-hotdoggeria,papashotdoggeria
1463,Mafia Billiard Tricks,pool_billiards,0.0025,1,crazygames,2019,1629329,,,,,,,,,,0.0216,0.0,0.0,0.0,0.0,0.0,0.0,0.0,0.0,0.0,,https://www.crazygames.com/game/mafia-billiard-tricks,mafiabilliardtricks
1464,Zombie Exterminators MP,other,0.0025,1,y8,,,,,,567446,,,,,,0.0,0.0,0.0,0.0,0.0216,0.0,0.0,0.0,0.0,0.0,,https://www.y8.com/games/zombie_exterminators_mp,zombieexterminatorsmp
1465,Injustice Gods Among Us,horror_escape,0.0025,1,crazygames,2015,1626244,,,,,,,,,,0.0215,0.0,0.0,0.0,0.0,0.0,0.0,0.0,0.0,0.0,,https://www.crazygames.com/game/injustice-gods-among-us,injusticegodsamongus
1466,Street Racer 2,car_stunt_drift,0.0025,1,crazygames,2025,1625887,,,,,,,,,,0.0215,0.0,0.0,0.0,0.0,0.0,0.0,0.0,0.0,0.0,,https://www.crazygames.com/game/street-racer-2,streetracer
1467,Max vs Gangsters,other,0.0025,1,crazygames,2023,1625594,,,,,,,,,,0.0215,0.0,0.0,0.0,0.0,0.0,0.0,0.0,0.0,0.0,,https://www.crazygames.com/game/max-vs-gangsters,maxvsgangsters
1468,Mini Car Ball,other,0.0025,1,crazygames,2024,1614960,,,,,,,,,,0.0214,0.0,0.0,0.0,0.0,0.0,0.0,0.0,0.0,0.0,,https://www.crazygames.com/game/mini-car-ball,minicarball
1469,Metro Escape,other,0.0025,1,crazygames,2023,1609577,,,,,,,,,,0.0213,0.0,0.0,0.0,0.0,0.0,0.0,0.0,0.0,0.0,,https://www.crazygames.com/game/metro-escape,metroescape
1470,Cave War,other,0.0025,1,y8,,,,,,559087,,,,,,0.0,0.0,0.0,0.0,0.0213,0.0,0.0,0.0,0.0,0.0,,https://www.y8.com/games/cave_war,cavewar
1471,Gas Station,other,0.0025,1,crazygames,2025,1598882,,,,,,,,,,0.0212,0.0,0.0,0.0,0.0,0.0,0.0,0.0,0.0,0.0,Gas Station - Stick Simulator,https://www.crazygames.com/game/gas-station-ooe,gasstation
1472,Mirror Room Escape,other,0.0025,1,crazygames,2025,1589796,,,,,,,,,,0.0211,0.0,0.0,0.0,0.0,0.0,0.0,0.0,0.0,0.0,,https://www.crazygames.com/game/mirror-room-escape,mirrorroomescape
1473,Progress Knight,other,0.0025,1,crazygames,2021,1587348,,,,,,,,,,0.021,0.0,0.0,0.0,0.0,0.0,0.0,0.0,0.0,0.0,,https://www.crazygames.com/game/progress-knight,progressknight
1474,Papa's Taco Mia,time_mgmt_cooking,0.0025,1,crazygames,,1580709,,,,,,,,,,0.0209,0.0,0.0,0.0,0.0,0.0,0.0,0.0,0.0,0.0,,https://www.crazygames.com/game/papas-taco-mia,papastacomia
1475,Tung Tung Sahur: Obby Challenge,rbx_reverse,0.0025,1,crazygames,2025,1573343,,,,,,,,,,0.0208,0.0,0.0,0.0,0.0,0.0,0.0,0.0,0.0,0.0,,https://www.crazygames.com/game/tung-tung-sahur-obby-challenge,tungtungsahur
1476,Ping Pong Chaos,racket_duel,0.0024,1,crazygames,2017,1571166,,,,,,,,,,0.0208,0.0,0.0,0.0,0.0,0.0,0.0,0.0,0.0,0.0,,https://www.crazygames.com/game/ping-pong-chaos,pingpongchaos
1477,Telekinesis Race 3D,other,0.0024,1,crazygames,2023,1570250,,,,,,,,,,0.0208,0.0,0.0,0.0,0.0,0.0,0.0,0.0,0.0,0.0,,https://www.crazygames.com/game/telekinesis-race-3d,telekinesisrace3d
1478,Warfare 1942,other,0.0024,1,crazygames,2026,1566793,,,,,,,,,,0.0208,0.0,0.0,0.0,0.0,0.0,0.0,0.0,0.0,0.0,,https://www.crazygames.com/game/warfare-1942-riz,warfare
1479,Factory Balls,classic_board_card,0.0024,1,coolmathgames,,,,,,,,,,23158,,0.0,0.0,0.0,0.0,0.0,0.0,0.0,0.0,0.0415,0.0,,https://www.coolmathgames.com/0-factory-balls,factoryballs
1480,Parkour GO,io_arena_shooter,0.0024,1,crazygames,2021,1564781,,,,,,,,,,0.0207,0.0,0.0,0.0,0.0,0.0,0.0,0.0,0.0,0.0,,https://www.crazygames.com/game/parkour-go-gly,parkourgo
1481,Ships Battlefield 3D,other,0.0024,1,crazygames,2026,1553725,,,,,,,,,,0.0206,0.0,0.0,0.0,0.0,0.0,0.0,0.0,0.0,0.0,,https://www.crazygames.com/game/ships-battlefield-3d,shipsbattlefield3d
1482,Cozy Golf,mini_golf,0.0024,1,crazygames,2025,1547835,,,,,,,,,,0.0205,0.0,0.0,0.0,0.0,0.0,0.0,0.0,0.0,0.0,,https://www.crazygames.com/game/cozy-golf,cozygolf
1483,Dirt Rally Driver HD,car_stunt_drift,0.0024,1,crazygames,2019,1544867,,,,,,,,,,0.0205,0.0,0.0,0.0,0.0,0.0,0.0,0.0,0.0,0.0,,https://www.crazygames.com/game/dirt-rally-driver,dirtrallydriverhd
1484,Human Clicker: Grow Organs,idle_clicker,0.0024,1,crazygames,2026,1543041,,,,,,,,,,0.0204,0.0,0.0,0.0,0.0,0.0,0.0,0.0,0.0,0.0,,https://www.crazygames.com/game/human-clicker-grow-organs,humanclicker
1485,Idle Farming Business,idle_clicker,0.0024,1,crazygames,2022,1542757,,,,,,,,,,0.0204,0.0,0.0,0.0,0.0,0.0,0.0,0.0,0.0,0.0,,https://www.crazygames.com/game/idle-farming-business,idlefarmingbusiness
1486,Imagine Island,other,0.0024,1,crazygames,2025,1540608,,,,,,,,,,0.0204,0.0,0.0,0.0,0.0,0.0,0.0,0.0,0.0,0.0,,https://www.crazygames.com/game/imagine-island,imagineisland
1487,Tuning Car Racing,car_stunt_drift,0.0024,1,crazygames,2025,1540287,,,,,,,,,,0.0204,0.0,0.0,0.0,0.0,0.0,0.0,0.0,0.0,0.0,,https://www.crazygames.com/game/tuning-car-racing-2-nfi,tuningcarracing
1488,Lily Slacking Office,other,0.0024,1,y8,,,,,,536639,,,,,,0.0,0.0,0.0,0.0,0.0204,0.0,0.0,0.0,0.0,0.0,,https://www.y8.com/games/lily_slacking_office,lilyslackingoffice
1489,Worms.io,artillery_turn,0.0024,1,crazygames,2019,1537565,,,,,,,,,,0.0204,0.0,0.0,0.0,0.0,0.0,0.0,0.0,0.0,0.0,,https://www.crazygames.com/game/worms-io,worms
1490,Wheelie Up,bike_trials,0.0024,1,crazygames,2024,1528908,,,,,,,,,,0.0203,0.0,0.0,0.0,0.0,0.0,0.0,0.0,0.0,0.0,,https://www.crazygames.com/game/wheelie-up,wheelieup
1491,Funny Nail Doctor,other,0.0024,1,y8,,,,,,530750,,,,,,0.0,0.0,0.0,0.0,0.0202,0.0,0.0,0.0,0.0,0.0,,https://www.y8.com/games/funny_nail_doctor,funnynaildoctor
1492,Battle of Knights: Robby and Dragons,rbx_reverse,0.0024,1,crazygames,2024,1512724,,,,,,,,,,0.02,0.0,0.0,0.0,0.0,0.0,0.0,0.0,0.0,0.0,,https://www.crazygames.com/game/battle-of-knights-robby-and-dragons,battleofknights
1493,Robot Police Iron Panther,other,0.0024,1,crazygames,2019,1512562,,,,,,,,,,0.02,0.0,0.0,0.0,0.0,0.0,0.0,0.0,0.0,0.0,,https://www.crazygames.com/game/robot-police-iron-panther,robotpoliceironpanther
1494,Baby Cathy Ep 13: Granny House,time_mgmt_cooking,0.0024,1,y8,,,,,,526094,,,,,,0.0,0.0,0.0,0.0,0.02,0.0,0.0,0.0,0.0,0.0,Baby Cathy Ep11: Cooking for Mom / Baby Cathy Ep16: Goes Sick,https://www.y8.com/games/baby_cathy_ep_13_granny_house,babycathyep
1495,Nitro Burnout,car_stunt_drift,0.0024,1,crazygames,2025,1508293,,,,,,,,,,0.02,0.0,0.0,0.0,0.0,0.0,0.0,0.0,0.0,0.0,,https://www.crazygames.com/game/nitro-burnout,nitroburnout
1496,Cake Sort Puzzle 3D,merge_drop,0.0023,1,crazygames,2024,1505775,,,,,,,,,,0.0199,0.0,0.0,0.0,0.0,0.0,0.0,0.0,0.0,0.0,,https://www.crazygames.com/game/cake-sort-puzzle-3d,cakesortpuzzle3d
1497,Sports Hero,other,0.0023,1,crazygames,2016,1505514,,,,,,,,,,0.0199,0.0,0.0,0.0,0.0,0.0,0.0,0.0,0.0,0.0,,https://www.crazygames.com/game/sports-hero,sportshero
1498,Idle Soccer Manager,idle_clicker,0.0023,1,crazygames,2021,1502614,,,,,,,,,,0.0199,0.0,0.0,0.0,0.0,0.0,0.0,0.0,0.0,0.0,,https://www.crazygames.com/game/idle-football-manager,idlesoccermanager
1499,Boom Karts,kart_battle,0.0023,1,crazygames,2025,1497386,,,,,,,,,,0.0198,0.0,0.0,0.0,0.0,0.0,0.0,0.0,0.0,0.0,,https://www.crazygames.com/game/boom-karts,boomkarts
1500,Stickman Fighting: Super War,stickman_brawler,0.0023,1,crazygames,2022,1495197,,,,,,,,,,0.0198,0.0,0.0,0.0,0.0,0.0,0.0,0.0,0.0,0.0,,https://www.crazygames.com/game/stickman-duelist-supreme-war,stickmanfighting
1501,1941 Frozen Front,other,0.0023,1,crazygames,2016,1492645,,,,,,,,,,0.0198,0.0,0.0,0.0,0.0,0.0,0.0,0.0,0.0,0.0,,https://www.crazygames.com/game/1941-frozen-front,1941frozenfront
1502,Epic Empire: Tower Defense,tower_defense,0.0023,1,crazygames,2024,1490072,,,,,,,,,,0.0197,0.0,0.0,0.0,0.0,0.0,0.0,0.0,0.0,0.0,,https://www.crazygames.com/game/epic-empire-tower-defense,epicempire
1503,Jump Master: Car Racing,car_stunt_drift,0.0023,1,crazygames,2025,1490064,,,,,,,,,,0.0197,0.0,0.0,0.0,0.0,0.0,0.0,0.0,0.0,0.0,,https://www.crazygames.com/game/jump-master-car-racing-peo,jumpmaster
1504,Spa Empire,other,0.0023,1,crazygames,2025,1487390,,,,,,,,,,0.0197,0.0,0.0,0.0,0.0,0.0,0.0,0.0,0.0,0.0,,https://www.crazygames.com/game/spa-tycoon,spaempire
1505,Ann,other,0.0023,1,crazygames,2021,1487261,,,,,,,,,,0.0197,0.0,0.0,0.0,0.0,0.0,0.0,0.0,0.0,0.0,,https://www.crazygames.com/game/ann,ann
1506,Project Restoration,other,0.0023,1,crazygames,2025,1483194,,,,,,,,,,0.0197,0.0,0.0,0.0,0.0,0.0,0.0,0.0,0.0,0.0,,https://www.crazygames.com/game/project-restoration-axt,projectrestoration
1507,Grandma Recipe: Ramen,other,0.0023,1,y8,,,,,,513893,,,,,,0.0,0.0,0.0,0.0,0.0195,0.0,0.0,0.0,0.0,0.0,,https://www.y8.com/games/grandma_recipe_ramen,grandmarecipe
1508,Crazy for Speed,other,0.0023,1,crazygames,2023,1473495,,,,,,,,,,0.0195,0.0,0.0,0.0,0.0,0.0,0.0,0.0,0.0,0.0,,https://www.crazygames.com/game/crazy-for-speed,crazyforspeed
1509,Turbo Crash,other,0.0023,1,crazygames,2023,1468019,,,,,,,,,,0.0194,0.0,0.0,0.0,0.0,0.0,0.0,0.0,0.0,0.0,,https://www.crazygames.com/game/turbo-crash,turbocrash
1510,Real War: Not Fake,other,0.0023,2,crazygames;playgama,2026,1467915,,,,,,,,,,0.0194,0.0,0.0,0.0,0.0,0.0,0.0,0.0,0.0,0.0,Real War: Survival Games,https://www.crazygames.com/game/real-war-not-fake-sno,realwar
1511,Shoot Your Nightmare: The Beginning,other,0.0023,1,crazygames,2021,1466225,,,,,,,,,,0.0194,0.0,0.0,0.0,0.0,0.0,0.0,0.0,0.0,0.0,Shoot Your Nightmare: Halloween Special / Shoot Your Nightmare: Space Isolation,https://www.crazygames.com/game/shoot-your-nightmare-the-beginning,shootyournightmare
1512,Yarn Fever! Unravel Puzzle,other,0.0023,1,crazygames,2025,1459888,,,,,,,,,,0.0193,0.0,0.0,0.0,0.0,0.0,0.0,0.0,0.0,0.0,,https://www.crazygames.com/game/yarn-fever-unravel-puzzle,yarnfeverunravelpuzzle
1513,Paint&Seek Online,other,0.0023,1,crazygames,2026,1456893,,,,,,,,,,0.0193,0.0,0.0,0.0,0.0,0.0,0.0,0.0,0.0,0.0,PaintSeek.io (Chameleon),https://www.crazygames.com/game/paint-seek-online-ewo,paintseek
1514,Stickman Parkour Master,precision_platformer,0.0023,1,crazygames,2023,1453785,,,,,,,,,,0.0193,0.0,0.0,0.0,0.0,0.0,0.0,0.0,0.0,0.0,,https://www.crazygames.com/game/stickman-parkour-master,stickmanparkourmaster
1515,Money Maker Idle,idle_clicker,0.0023,1,crazygames,2025,1453396,,,,,,,,,,0.0193,0.0,0.0,0.0,0.0,0.0,0.0,0.0,0.0,0.0,,https://www.crazygames.com/game/money-maker-idle,moneymakeridle
1516,Drift.io,car_stunt_drift,0.0023,2,crazygames;twoplayergames,2024,1450524,,,,,,,,,,0.0192,0.0,0.0,0.0,0.0,0.0,0.0,0.0,0.0,0.0,Multiplayer Drift,https://www.crazygames.com/game/drift-io,drift
1517,Save the Dog,other,0.0023,1,y8,,,,,,505348,,,,,,0.0,0.0,0.0,0.0,0.0192,0.0,0.0,0.0,0.0,0.0,,https://www.y8.com/games/save_the_dog,savethedog
1518,Offroad Life 3D,car_stunt_drift,0.0023,1,crazygames,2023,1449359,,,,,,,,,,0.0192,0.0,0.0,0.0,0.0,0.0,0.0,0.0,0.0,0.0,,https://www.crazygames.com/game/offroad-life-3d,offroadlife3d
1519,Ragdoll Ninja: Imposter Hero,other,0.0023,1,crazygames,2025,1445230,,,,,,,,,,0.0191,0.0,0.0,0.0,0.0,0.0,0.0,0.0,0.0,0.0,,https://www.crazygames.com/game/ragdoll-ninja-imposter-hero,ragdollninja
1520,Growmi,other,0.0023,1,crazygames,2023,1444750,,,,,,,,,,0.0191,0.0,0.0,0.0,0.0,0.0,0.0,0.0,0.0,0.0,,https://www.crazygames.com/game/growmi,growmi
1521,MatchVentures,other,0.0023,1,crazygames,2024,1444063,,,,,,,,,,0.0191,0.0,0.0,0.0,0.0,0.0,0.0,0.0,0.0,0.0,,https://www.crazygames.com/game/matchventures,matchventures
1522,Car OUT! Jam Parking Puzzle,parking_traffic_puzzle,0.0022,1,crazygames,2025,1442103,,,,,,,,,,0.0191,0.0,0.0,0.0,0.0,0.0,0.0,0.0,0.0,0.0,,https://www.crazygames.com/game/car-out-jam-parking-puzzle,caroutjamparkingpuzzle
1523,Raid Heroes: Total War,other,0.0022,1,crazygames,2025,1427855,,,,,,,,,,0.0189,0.0,0.0,0.0,0.0,0.0,0.0,0.0,0.0,0.0,,https://www.crazygames.com/game/raid-heroes-total-war-cgb,raidheroes
1524,Steal Eggs,other,0.0022,1,crazygames,2026,1427571,,,,,,,,,,0.0189,0.0,0.0,0.0,0.0,0.0,0.0,0.0,0.0,0.0,,https://www.crazygames.com/game/steal-a-eggs,stealeggs
1525,Metal Guns Fury,other,0.0022,1,crazygames,2019,1426855,,,,,,,,,,0.0189,0.0,0.0,0.0,0.0,0.0,0.0,0.0,0.0,0.0,,https://www.crazygames.com/game/metal-guns-fury,metalgunsfury
1526,MegamodGames,other,0.0022,1,crazygames,2024,1423316,,,,,,,,,,0.0189,0.0,0.0,0.0,0.0,0.0,0.0,0.0,0.0,0.0,,https://www.crazygames.com/game/megamodgames,megamodgames
1527,Go Escape,other,0.0022,1,crazygames,2025,1416205,,,,,,,,,,0.0188,0.0,0.0,0.0,0.0,0.0,0.0,0.0,0.0,0.0,,https://www.crazygames.com/game/go-escape-nim,goescape
1528,Darts Club,classic_board_card,0.0022,1,crazygames,2024,1413513,,,,,,,,,,0.0187,0.0,0.0,0.0,0.0,0.0,0.0,0.0,0.0,0.0,,https://www.crazygames.com/game/darts-club,dartsclub
1529,Video Studio Escape,other,0.0022,1,crazygames,2022,1412581,,,,,,,,,,0.0187,0.0,0.0,0.0,0.0,0.0,0.0,0.0,0.0,0.0,,https://www.crazygames.com/game/video-studio-escape,videostudioescape
1530,Escape Room: Strange Case 2,classic_board_card,0.0022,1,crazygames,2024,1409827,,,,,,,,,,0.0187,0.0,0.0,0.0,0.0,0.0,0.0,0.0,0.0,0.0,,https://www.crazygames.com/game/escape-room-strange-case-2,escaperoom
1531,Noob Gigachad: Parkour Tricks Challenge,io_arena_shooter,0.0022,1,crazygames,2024,1407187,,,,,,,,,,0.0186,0.0,0.0,0.0,0.0,0.0,0.0,0.0,0.0,0.0,,https://www.crazygames.com/game/noob-gigachad-parkour-tricks-challenge,noobgigachad
1532,Survival Craft Adventure,sandbox_voxel,0.0022,1,crazygames,2024,1404202,,,,,,,,,,0.0186,0.0,0.0,0.0,0.0,0.0,0.0,0.0,0.0,0.0,,https://www.crazygames.com/game/survival-craft-adventure,survivalcraftadventure
1533,Gold Rush Arena,other,0.0022,1,crazygames,2024,1399325,,,,,,,,,,0.0185,0.0,0.0,0.0,0.0,0.0,0.0,0.0,0.0,0.0,,https://www.crazygames.com/game/gold-rush-arena,goldrusharena
1534,Basket Slam Dunk 2,other,0.0022,1,crazygames,2020,1391831,,,,,,,,,,0.0184,0.0,0.0,0.0,0.0,0.0,0.0,0.0,0.0,0.0,,https://www.crazygames.com/game/basket-slam-dunk-2,basketslamdunk
1535,Doodieman Voodoo,other,0.0022,1,crazygames,2018,1388697,,,,,,,,,,0.0184,0.0,0.0,0.0,0.0,0.0,0.0,0.0,0.0,0.0,,https://www.crazygames.com/game/doodieman-voodoo,doodiemanvoodoo
1536,Silly Walkers,other,0.0022,1,crazygames,2023,1386734,,,,,,,,,,0.0184,0.0,0.0,0.0,0.0,0.0,0.0,0.0,0.0,0.0,,https://www.crazygames.com/game/silly-walker,sillywalkers
1537,Pew Pew Dose,other,0.0022,1,crazygames,2025,1384210,,,,,,,,,,0.0183,0.0,0.0,0.0,0.0,0.0,0.0,0.0,0.0,0.0,,https://www.crazygames.com/game/pew-pew-dose,pewpewdose
1538,MR RACER Stunt Mania,car_stunt_drift,0.0021,1,crazygames,2025,1377429,,,,,,,,,,0.0182,0.0,0.0,0.0,0.0,0.0,0.0,0.0,0.0,0.0,,https://www.crazygames.com/game/mr-racer-stunt-mania,mrracerstuntmania
1539,Mine Shooter 3D,io_arena_shooter,0.0021,1,crazygames,2025,1373494,,,,,,,,,,0.0182,0.0,0.0,0.0,0.0,0.0,0.0,0.0,0.0,0.0,,https://www.crazygames.com/game/mine-shooter-3d,mineshooter3d
1540,Soldiers - Capture and Control!,other,0.0021,1,crazygames,2026,1372088,,,,,,,,,,0.0182,0.0,0.0,0.0,0.0,0.0,0.0,0.0,0.0,0.0,,https://www.crazygames.com/game/soldiers---capture-and-control,soldiers
1541,Stickman Tennis 3D,racket_duel,0.0021,1,crazygames,2019,1372037,,,,,,,,,,0.0182,0.0,0.0,0.0,0.0,0.0,0.0,0.0,0.0,0.0,,https://www.crazygames.com/game/stickman-tennis-3d,stickmantennis3d
1542,PVZ Fusion Cheats,other,0.0021,2,playgama;y8,,,,,,476478,,,,,,0.0,0.0,0.0,0.0,0.0181,0.0,0.0,0.0,0.0,0.0,,https://www.y8.com/games/pvz_fusion_cheats,pvzfusioncheats
1543,Cute Hair Maker,other,0.0021,1,y8,,,,,,471194,,,,,,0.0,0.0,0.0,0.0,0.0179,0.0,0.0,0.0,0.0,0.0,,https://www.y8.com/games/cute_hair_maker,cutehairmaker
1544,Havendock (Pre-Alpha),other,0.0021,1,crazygames,2022,1349013,,,,,,,,,,0.0179,0.0,0.0,0.0,0.0,0.0,0.0,0.0,0.0,0.0,,https://www.crazygames.com/game/havendock,havendock
1545,Toilets Worms Shooter,io_arena_shooter,0.0021,1,crazygames,2023,1343985,,,,,,,,,,0.0178,0.0,0.0,0.0,0.0,0.0,0.0,0.0,0.0,0.0,,https://www.crazygames.com/game/toilets-worms-shooter,toiletswormsshooter
1546,Super Smash Flash,other,0.0021,2,crazygames;twoplayergames,2014,1336490,,,,,,,,,,0.0177,0.0,0.0,0.0,0.0,0.0,0.0,0.0,0.0,0.0,Super Smash Flash 2,https://www.crazygames.com/game/super-smash-flash,supersmash
1547,Masked Forces,other,0.0021,1,crazygames,2017,1327861,,,,,,,,,,0.0176,0.0,0.0,0.0,0.0,0.0,0.0,0.0,0.0,0.0,,https://www.crazygames.com/game/masked-forces,maskedforces
1548,Rooms Home Escape,other,0.0021,1,crazygames,2022,1322325,,,,,,,,,,0.0175,0.0,0.0,0.0,0.0,0.0,0.0,0.0,0.0,0.0,,https://www.crazygames.com/game/rooms-home-escape,roomshomeescape
1549,ClashBall.io,other,0.0021,1,crazygames,2025,1320304,,,,,,,,,,0.0175,0.0,0.0,0.0,0.0,0.0,0.0,0.0,0.0,0.0,,https://www.crazygames.com/game/clashball-io,clashball
1550,Bulletstorm,other,0.0021,1,crazygames,2025,1319478,,,,,,,,,,0.0175,0.0,0.0,0.0,0.0,0.0,0.0,0.0,0.0,0.0,,https://www.crazygames.com/game/bulletstorm-zer,bulletstorm
1551,Parkour First-Person,io_arena_shooter,0.0021,1,crazygames,2022,1318168,,,,,,,,,,0.0175,0.0,0.0,0.0,0.0,0.0,0.0,0.0,0.0,0.0,,https://www.crazygames.com/game/parkour-first-person,parkourfirstperson
1552,Western Sniper,io_arena_shooter,0.002,1,crazygames,2026,1310826,,,,,,,,,,0.0174,0.0,0.0,0.0,0.0,0.0,0.0,0.0,0.0,0.0,,https://www.crazygames.com/game/western-sniper-ygk,westernsniper
1553,Grow Defense,other,0.002,1,crazygames,2019,1310192,,,,,,,,,,0.0174,0.0,0.0,0.0,0.0,0.0,0.0,0.0,0.0,0.0,,https://www.crazygames.com/game/grow-defense,growdefense
1554,Antarctica 88,other,0.002,1,crazygames,2023,1301476,,,,,,,,,,0.0172,0.0,0.0,0.0,0.0,0.0,0.0,0.0,0.0,0.0,,https://www.crazygames.com/game/antarctica-88,antarctica
1555,Knife.io,other,0.002,1,crazygames,2025,1293270,,,,,,,,,,0.0171,0.0,0.0,0.0,0.0,0.0,0.0,0.0,0.0,0.0,,https://www.crazygames.com/game/knife-io,knife
1556,Caterpillars,other,0.002,1,crazygames,2025,1292170,,,,,,,,,,0.0171,0.0,0.0,0.0,0.0,0.0,0.0,0.0,0.0,0.0,,https://www.crazygames.com/game/caterpillars,caterpillars
1557,Gun Racing,car_stunt_drift,0.002,1,crazygames,2024,1291741,,,,,,,,,,0.0171,0.0,0.0,0.0,0.0,0.0,0.0,0.0,0.0,0.0,,https://www.crazygames.com/game/gun-racing,gunracing
1558,House Escape: Office,other,0.002,1,crazygames,2022,1291662,,,,,,,,,,0.0171,0.0,0.0,0.0,0.0,0.0,0.0,0.0,0.0,0.0,,https://www.crazygames.com/game/house-escape-office,houseescape
1559,Gin Rummy Mania,other,0.002,1,crazygames,2026,1265432,,,,,,,,,,0.0168,0.0,0.0,0.0,0.0,0.0,0.0,0.0,0.0,0.0,,https://www.crazygames.com/game/gin-rummy-zal,ginrummymania
1560,Desktop Tower Defense,tower_defense,0.002,1,crazygames,2014,1256506,,,,,,,,,,0.0166,0.0,0.0,0.0,0.0,0.0,0.0,0.0,0.0,0.0,,https://www.crazygames.com/game/desktop-tower-defense,desktoptowerdefense
1561,Cornfield,other,0.002,1,crazygames,2024,1253692,,,,,,,,,,0.0166,0.0,0.0,0.0,0.0,0.0,0.0,0.0,0.0,0.0,,https://www.crazygames.com/game/cornfield,cornfield
1562,Find The Pets,classic_board_card,0.002,1,crazygames,2025,1253249,,,,,,,,,,0.0166,0.0,0.0,0.0,0.0,0.0,0.0,0.0,0.0,0.0,,https://www.crazygames.com/game/find-the-pets-cph,findthepets
1563,Baseball Pro,other,0.002,1,crazygames,2019,1251864,,,,,,,,,,0.0166,0.0,0.0,0.0,0.0,0.0,0.0,0.0,0.0,0.0,,https://www.crazygames.com/game/baseball-pro,baseballpro
1564,Plants vs Zombies Hybrids,tower_defense,0.0019,1,y8,,,,,,434601,,,,,,0.0,0.0,0.0,0.0,0.0165,0.0,0.0,0.0,0.0,0.0,,https://www.y8.com/games/plants_vs_zombies_hybrids,plantsvszombieshybrids
1565,Aim Master,other,0.0019,1,crazygames,2024,1245979,,,,,,,,,,0.0165,0.0,0.0,0.0,0.0,0.0,0.0,0.0,0.0,0.0,,https://www.crazygames.com/game/aim-master,aimmaster
1566,Kuzbass Horror,horror_escape,0.0019,1,crazygames,2022,1242135,,,,,,,,,,0.0165,0.0,0.0,0.0,0.0,0.0,0.0,0.0,0.0,0.0,,https://www.crazygames.com/game/kuzbass-horror,kuzbasshorror
1567,Men Vs Gorillas,other,0.0019,1,crazygames,2025,1240398,,,,,,,,,,0.0164,0.0,0.0,0.0,0.0,0.0,0.0,0.0,0.0,0.0,,https://www.crazygames.com/game/men-vs-gorillas-nbu,menvsgorillas
1568,Javelin Fighting,other,0.0019,1,crazygames,2018,1238988,,,,,,,,,,0.0164,0.0,0.0,0.0,0.0,0.0,0.0,0.0,0.0,0.0,,https://www.crazygames.com/game/javelin-fighting,javelinfighting
1569,Hyper Cars Ramp Crash,other,0.0019,1,crazygames,2024,1238269,,,,,,,,,,0.0164,0.0,0.0,0.0,0.0,0.0,0.0,0.0,0.0,0.0,,https://www.crazygames.com/game/hyper-cars-ramp-crash,hypercarsrampcrash
1570,Seek and Destroy,physics_destruction,0.0019,1,crazygames,2019,1237454,,,,,,,,,,0.0164,0.0,0.0,0.0,0.0,0.0,0.0,0.0,0.0,0.0,,https://www.crazygames.com/game/seek-and-destroy,seekanddestroy
1571,Death Attraction: Horror Game,horror_escape,0.0019,1,crazygames,2023,1233334,,,,,,,,,,0.0163,0.0,0.0,0.0,0.0,0.0,0.0,0.0,0.0,0.0,,https://www.crazygames.com/game/death-attraction-horror-game,deathattraction
1572,Time Control!,other,0.0019,1,crazygames,2022,1231021,,,,,,,,,,0.0163,0.0,0.0,0.0,0.0,0.0,0.0,0.0,0.0,0.0,,https://www.crazygames.com/game/time-control,timecontrol
1573,Camo Sniper,io_arena_shooter,0.0019,1,crazygames,2026,1217330,,,,,,,,,,0.0161,0.0,0.0,0.0,0.0,0.0,0.0,0.0,0.0,0.0,,https://www.crazygames.com/game/camo-sniper,camosniper
1574,Bear Haven,other,0.0019,1,crazygames,2022,1215440,,,,,,,,,,0.0161,0.0,0.0,0.0,0.0,0.0,0.0,0.0,0.0,0.0,,https://www.crazygames.com/game/bear-haven,bearhaven
1575,Marble Run,precision_platformer,0.0019,1,crazygames,2020,1215408,,,,,,,,,,0.0161,0.0,0.0,0.0,0.0,0.0,0.0,0.0,0.0,0.0,,https://www.crazygames.com/game/marble-run,marblerun
1576,Plants Vs Zombies,tower_defense,0.0019,2,miniplay;y8,,,,,,421973,,,,,,0.0,0.0,0.0,0.0,0.016,0.0,0.0,0.0,0.0,0.0,Plants vs Zombies: Fusion / Plants vs Zombies: Fusion Mode / Plants vs Zombies: Fusion Nightmare,https://www.y8.com/games/plants_vs_zombies_fusion_nightmare,plantsvszombies
1577,Cube Stories: Escape,other,0.0019,1,crazygames,2024,1201425,,,,,,,,,,0.0159,0.0,0.0,0.0,0.0,0.0,0.0,0.0,0.0,0.0,,https://www.crazygames.com/game/cube-stories-escape,cubestories
1578,Grand Escape: Prison,other,0.0019,1,crazygames,2025,1198968,,,,,,,,,,0.0159,0.0,0.0,0.0,0.0,0.0,0.0,0.0,0.0,0.0,,https://www.crazygames.com/game/grand-escape-prison,grandescape
1579,Super Thrower,other,0.0019,1,crazygames,2024,1198377,,,,,,,,,,0.0159,0.0,0.0,0.0,0.0,0.0,0.0,0.0,0.0,0.0,,https://www.crazygames.com/game/super-thrower,superthrower
1580,Mad Truck Challenge Special,other,0.0019,1,crazygames,2019,1196930,,,,,,,,,,0.0159,0.0,0.0,0.0,0.0,0.0,0.0,0.0,0.0,0.0,,https://www.crazygames.com/game/mad-truck-challenge-special,madtruckchallengespecial
1581,Traffic Loop,other,0.0019,1,crazygames,2023,1194735,,,,,,,,,,0.0158,0.0,0.0,0.0,0.0,0.0,0.0,0.0,0.0,0.0,,https://www.crazygames.com/game/traffic-loop,trafficloop
1582,Hand Spinner IO 3D,other,0.0019,1,crazygames,2019,1192839,,,,,,,,,,0.0158,0.0,0.0,0.0,0.0,0.0,0.0,0.0,0.0,0.0,,https://www.crazygames.com/game/hand-spinner-io-3d,handspinner3d
1583,Noob Tower Defense,tower_defense,0.0019,1,crazygames,2022,1191386,,,,,,,,,,0.0158,0.0,0.0,0.0,0.0,0.0,0.0,0.0,0.0,0.0,,https://www.crazygames.com/game/noob-tower-defense,noobtowerdefense
1584,The Dawn of Slenderman,other,0.0018,1,crazygames,2021,1186874,,,,,,,,,,0.0157,0.0,0.0,0.0,0.0,0.0,0.0,0.0,0.0,0.0,,https://www.crazygames.com/game/the-dawn-of-slenderman,thedawnofslenderman
1585,Black Hole Idle,idle_clicker,0.0018,1,crazygames,2026,1179452,,,,,,,,,,0.0156,0.0,0.0,0.0,0.0,0.0,0.0,0.0,0.0,0.0,,https://www.crazygames.com/game/black-hole-idle,blackholeidle
1586,Slasher,other,0.0018,1,crazygames,2023,1175064,,,,,,,,,,0.0156,0.0,0.0,0.0,0.0,0.0,0.0,0.0,0.0,0.0,,https://www.crazygames.com/game/slasher,slasher
1587,Goddess Connect,other,0.0018,1,crazygames,2024,1174396,,,,,,,,,,0.0156,0.0,0.0,0.0,0.0,0.0,0.0,0.0,0.0,0.0,,https://www.crazygames.com/game/goddess-connect,goddessconnect
1588,Rivals FPS,io_arena_shooter,0.0018,2,playgama;y8,,,,,,408679,,,,,,0.0,0.0,0.0,0.0,0.0155,0.0,0.0,0.0,0.0,0.0,RIVALS FPS,https://www.y8.com/games/rivals_fps_online_shooter,rivalsfps
1589,A Small World Cup,other,0.0018,1,crazygames,2024,1165757,,,,,,,,,,0.0154,0.0,0.0,0.0,0.0,0.0,0.0,0.0,0.0,0.0,,https://www.crazygames.com/game/a-small-world-cup-snk,asmallworldcup
1590,Frost Land - Snow Survival,other,0.0018,1,crazygames,2025,1157964,,,,,,,,,,0.0153,0.0,0.0,0.0,0.0,0.0,0.0,0.0,0.0,0.0,,https://www.crazygames.com/game/frost-land,frostland
1591,Axis Football League,other,0.0018,1,crazygames,,1157841,,,,,,,,,,0.0153,0.0,0.0,0.0,0.0,0.0,0.0,0.0,0.0,0.0,,https://www.crazygames.com/game/axis-football-league,axisfootballleague
1592,Foosball 3D,other,0.0018,1,crazygames,2022,1156602,,,,,,,,,,0.0153,0.0,0.0,0.0,0.0,0.0,0.0,0.0,0.0,0.0,,https://www.crazygames.com/game/foosball-3d,foosball3d
1593,Paintball King,other,0.0018,1,crazygames,2023,1154640,,,,,,,,,,0.0153,0.0,0.0,0.0,0.0,0.0,0.0,0.0,0.0,0.0,,https://www.crazygames.com/game/paintball-king,paintballking
1594,Rally Point 4,car_stunt_drift,0.0018,1,crazygames,2014,1151895,,,,,,,,,,0.0153,0.0,0.0,0.0,0.0,0.0,0.0,0.0,0.0,0.0,Rally Point 2 / Rally Point 3,https://www.crazygames.com/game/rally-point-4,rallypoint
1595,Block Blast,merge_drop,0.0018,2,playgama;y8,,,,,,401065,,,,,,0.0,0.0,0.0,0.0,0.0152,0.0,0.0,0.0,0.0,0.0,Block Blast 2048,https://www.y8.com/games/block_blast_game,blockblast
1596,Noob Digger: Pro Drill Miner,other,0.0018,1,crazygames,2025,1142371,,,,,,,,,,0.0151,0.0,0.0,0.0,0.0,0.0,0.0,0.0,0.0,0.0,,https://www.crazygames.com/game/noob-digger-pro-drill-miner-cal,noobdigger
1597,Stickman and Guns,other,0.0018,1,crazygames,2025,1142262,,,,,,,,,,0.0151,0.0,0.0,0.0,0.0,0.0,0.0,0.0,0.0,0.0,,https://www.crazygames.com/game/stickman-and-guns,stickmanandguns
1598,Noob: Zombie Prison Escape,stealth_heist,0.0018,1,crazygames,2023,1139640,,,,,,,,,,0.0151,0.0,0.0,0.0,0.0,0.0,0.0,0.0,0.0,0.0,,https://www.crazygames.com/game/noob-zombie-prison-escape,noob
1599,Blocks and that’s it,other,0.0018,1,crazygames,2025,1136028,,,,,,,,,,0.0151,0.0,0.0,0.0,0.0,0.0,0.0,0.0,0.0,0.0,,https://www.crazygames.com/game/block-tour-kfz,blocksandthatsit
1600,Jungle Deer Hunting,other,0.0018,1,crazygames,2024,1131105,,,,,,,,,,0.015,0.0,0.0,0.0,0.0,0.0,0.0,0.0,0.0,0.0,,https://www.crazygames.com/game/jungle-deer-hunting,jungledeerhunting
1601,Tanko.io,tank_maze_duel,0.0018,1,crazygames,2018,1130548,,,,,,,,,,0.015,0.0,0.0,0.0,0.0,0.0,0.0,0.0,0.0,0.0,,https://www.crazygames.com/game/tanko-io,tanko
1602,Cannon Balls 3D,launch_distance,0.0018,1,crazygames,2019,1130142,,,,,,,,,,0.015,0.0,0.0,0.0,0.0,0.0,0.0,0.0,0.0,0.0,,https://www.crazygames.com/game/cannon-balls-3d,cannonballs3d
1603,Spider Hero Street Fight,other,0.0018,1,crazygames,2018,1128799,,,,,,,,,,0.015,0.0,0.0,0.0,0.0,0.0,0.0,0.0,0.0,0.0,,https://www.crazygames.com/game/spider-hero-street-fight,spiderherostreetfight
1604,Archers Arena,artillery_turn,0.0018,1,crazygames,2025,1127116,,,,,,,,,,0.0149,0.0,0.0,0.0,0.0,0.0,0.0,0.0,0.0,0.0,,https://www.crazygames.com/game/archers-arena,archersarena
1605,FPV War Kamikaze Drone,other,0.0018,1,crazygames,2025,1125290,,,,,,,,,,0.0149,0.0,0.0,0.0,0.0,0.0,0.0,0.0,0.0,0.0,,https://www.crazygames.com/game/fpv-war-kamikaze-drone,fpvwarkamikazedrone
1606,Decor: My Kitchen,other,0.0017,1,y8,,,,,,391012,,,,,,0.0,0.0,0.0,0.0,0.0149,0.0,0.0,0.0,0.0,0.0,Decor: My Livingroom,https://www.y8.com/games/decor_my_kitchen,decor
1607,More Ore,other,0.0017,1,crazygames,2022,1120997,,,,,,,,,,0.0149,0.0,0.0,0.0,0.0,0.0,0.0,0.0,0.0,0.0,,https://www.crazygames.com/game/more-ore,moreore
1608,Hidden Object,classic_board_card,0.0017,3,crazygames;kizi;playgama,2026,1119636,,,,,,,,,,0.0148,0.0,0.0,0.0,0.0,0.0,0.0,0.0,0.0,0.0,Hidden Object: Clues and Mysteries / Hidden Object: Detective Story / Hidden Object: My Hotel / Hidden Object: Street Of Secrets,https://www.crazygames.com/game/hidden-object-street-of-secrets,hiddenobject
1609,Furry Road,other,0.0017,1,crazygames,2025,1117211,,,,,,,,,,0.0148,0.0,0.0,0.0,0.0,0.0,0.0,0.0,0.0,0.0,,https://www.crazygames.com/game/furry-road-veb,furryroad
1610,Shootup.io,other,0.0017,1,crazygames,2020,1116624,,,,,,,,,,0.0148,0.0,0.0,0.0,0.0,0.0,0.0,0.0,0.0,0.0,,https://www.crazygames.com/game/shootup-io,shootup
1611,The MachinEGG,other,0.0017,2,crazygames;twoplayergames,2026,1116141,,,,,,,,,,0.0148,0.0,0.0,0.0,0.0,0.0,0.0,0.0,0.0,0.0,,https://www.crazygames.com/game/the-machinegg,themachinegg
1612,Bowmasters,artillery_turn,0.0017,2,crazygames;miniplay,2026,1115839,,,,,,,,,,0.0148,0.0,0.0,0.0,0.0,0.0,0.0,0.0,0.0,0.0,Bowmasters: Archery Shooting,https://www.crazygames.com/game/bowmasters-archery-shooting,bowmasters
1613,Solitaire Home Story,classic_board_card,0.0017,1,crazygames,2026,1115522,,,,,,,,,,0.0148,0.0,0.0,0.0,0.0,0.0,0.0,0.0,0.0,0.0,,https://www.crazygames.com/game/solitaire-home-story,solitairehomestory
1614,Herobrine vs Monster School,other,0.0017,1,crazygames,2023,1110465,,,,,,,,,,0.0147,0.0,0.0,0.0,0.0,0.0,0.0,0.0,0.0,0.0,,https://www.crazygames.com/game/herobrine-vs-monster-school,herobrinevsmonsterschool
1615,Flying Robot Transform Car Games,other,0.0017,1,crazygames,2026,1110072,,,,,,,,,,0.0147,0.0,0.0,0.0,0.0,0.0,0.0,0.0,0.0,0.0,,https://www.crazygames.com/game/flying-robot-transform-car-games,flyingrobottransformcargames
1616,The Final Earth 2,other,0.0017,1,crazygames,2019,1107597,,,,,,,,,,0.0147,0.0,0.0,0.0,0.0,0.0,0.0,0.0,0.0,0.0,,https://www.crazygames.com/game/the-final-earth-2,thefinalearth
1617,Blast Billiards 4,pool_billiards,0.0017,1,crazygames,2022,1106827,,,,,,,,,,0.0147,0.0,0.0,0.0,0.0,0.0,0.0,0.0,0.0,0.0,,https://www.crazygames.com/game/blast-billiards-4,blastbilliards
1618,Jewel Academy,classic_board_card,0.0017,1,crazygames,2019,1104207,,,,,,,,,,0.0146,0.0,0.0,0.0,0.0,0.0,0.0,0.0,0.0,0.0,,https://www.crazygames.com/game/jewel-academy,jewelacademy
1619,Battle of the Soldiers: Red vs Blue,other,0.0017,1,crazygames,2025,1100265,,,,,,,,,,0.0146,0.0,0.0,0.0,0.0,0.0,0.0,0.0,0.0,0.0,,https://www.crazygames.com/game/battle-of-the-soldiers-red-vs-blue,battleofthesoldiers
1620,Dig Tycoon,idle_clicker,0.0017,1,crazygames,2025,1098697,,,,,,,,,,0.0146,0.0,0.0,0.0,0.0,0.0,0.0,0.0,0.0,0.0,,https://www.crazygames.com/game/dig-tycoon---idle-game-3d,digtycoon
1621,Northern Merge,merge_drop,0.0017,1,crazygames,2024,1088820,,,,,,,,,,0.0144,0.0,0.0,0.0,0.0,0.0,0.0,0.0,0.0,0.0,,https://www.crazygames.com/game/northern-lights,northernmerge
1622,Iron Towers Alliance,other,0.0017,1,crazygames,2025,1085801,,,,,,,,,,0.0144,0.0,0.0,0.0,0.0,0.0,0.0,0.0,0.0,0.0,,https://www.crazygames.com/game/iron-towers-alliance,irontowersalliance
1623,World Cup Penalty,penalty_freekick,0.0017,1,crazygames,2020,1082632,,,,,,,,,,0.0143,0.0,0.0,0.0,0.0,0.0,0.0,0.0,0.0,0.0,,https://www.crazygames.com/game/world-cup-penalty,worldcuppenalty
1624,My Sugar Factory,other,0.0017,1,crazygames,2024,1081487,,,,,,,,,,0.0143,0.0,0.0,0.0,0.0,0.0,0.0,0.0,0.0,0.0,My Sugar Factory 3,https://www.crazygames.com/game/my-sugar-factory-3,mysugarfactory
1625,CS Counter Strike,other,0.0017,1,y8,,,,,,375747,,,,,,0.0,0.0,0.0,0.0,0.0143,0.0,0.0,0.0,0.0,0.0,,https://www.y8.com/games/cs_counter_strike,cscounterstrike
1626,Mini Putt,mini_golf,0.0017,2,crazygames;twoplayergames,2019,1075952,,,,,,,,,,0.0143,0.0,0.0,0.0,0.0,0.0,0.0,0.0,0.0,0.0,Mini Putt 4,https://www.crazygames.com/game/mini-putt,miniputt
1627,Numbers Arena,other,0.0017,1,crazygames,2023,1074179,,,,,,,,,,0.0142,0.0,0.0,0.0,0.0,0.0,0.0,0.0,0.0,0.0,,https://www.crazygames.com/game/numbers-arena,numbersarena
1628,GoKarts.io,kart_battle,0.0017,1,crazygames,2025,1073437,,,,,,,,,,0.0142,0.0,0.0,0.0,0.0,0.0,0.0,0.0,0.0,0.0,,https://www.crazygames.com/game/gokarts-io,gokarts
1629,Lethal Sniper 3D: Army Soldier,io_arena_shooter,0.0017,1,crazygames,2019,1072075,,,,,,,,,,0.0142,0.0,0.0,0.0,0.0,0.0,0.0,0.0,0.0,0.0,,https://www.crazygames.com/game/lethal-sniper-3d-army-soldier,lethalsniper3d
1630,Dye Hard,other,0.0017,1,crazygames,2026,1068904,,,,,,,,,,0.0142,0.0,0.0,0.0,0.0,0.0,0.0,0.0,0.0,0.0,,https://www.crazygames.com/game/dye-hard,dyehard
1631,Jeff the Killer: Horrendous Smile,other,0.0017,1,crazygames,2018,1066821,,,,,,,,,,0.0141,0.0,0.0,0.0,0.0,0.0,0.0,0.0,0.0,0.0,Jeff The Killer: Lost in the Nightmare,https://www.crazygames.com/game/jeff-the-killer-horrendous-smile,jeffthekiller
1632,Ninja,other,0.0017,2,crazygames;kizi,2024,1064007,,,,,,,,,,0.0141,0.0,0.0,0.0,0.0,0.0,0.0,0.0,0.0,0.0,Ninja: Bamboo Assassin,https://www.crazygames.com/game/ninja-bamboo-assassin,ninja
1633,Basket Champs,other,0.0017,1,crazygames,2016,1063096,,,,,,,,,,0.0141,0.0,0.0,0.0,0.0,0.0,0.0,0.0,0.0,0.0,,https://www.crazygames.com/game/basket-champs,basketchamps
1634,Netquel,other,0.0017,1,crazygames,2023,1061064,,,,,,,,,,0.0141,0.0,0.0,0.0,0.0,0.0,0.0,0.0,0.0,0.0,,https://www.crazygames.com/game/netquel-com,netquel
1635,Crazy MX,other,0.0016,1,crazygames,2023,1057802,,,,,,,,,,0.014,0.0,0.0,0.0,0.0,0.0,0.0,0.0,0.0,0.0,,https://www.crazygames.com/game/crazy-mx,crazymx
1636,CleanUp.IO,other,0.0016,1,crazygames,2019,1052989,,,,,,,,,,0.014,0.0,0.0,0.0,0.0,0.0,0.0,0.0,0.0,0.0,,https://www.crazygames.com/game/cleanup-io,cleanup
1637,Stickman,other,0.0016,2,crazygames;kizi,2019,1050628,,,,,,,,,,0.0139,0.0,0.0,0.0,0.0,0.0,0.0,0.0,0.0,0.0,Stickman: Legacy of Zombie War,https://www.crazygames.com/game/stickman-legacy-of-zombie-war,stickman
1638,Merge Academy,merge_drop,0.0016,1,crazygames,2024,1047993,,,,,,,,,,0.0139,0.0,0.0,0.0,0.0,0.0,0.0,0.0,0.0,0.0,,https://www.crazygames.com/game/merge-academy,mergeacademy
1639,War Ship Missile,other,0.0016,1,y8,,,,,,364339,,,,,,0.0,0.0,0.0,0.0,0.0138,0.0,0.0,0.0,0.0,0.0,,https://www.y8.com/games/war_ship_missile,warshipmissile
1640,Wild Castle TD: Grow Empire,other,0.0016,1,crazygames,2020,1045280,,,,,,,,,,0.0138,0.0,0.0,0.0,0.0,0.0,0.0,0.0,0.0,0.0,,https://www.crazygames.com/game/wild-castle-td-grow-empire,wildcastletd
1641,Idle Planet: Gym Tycoon,idle_clicker,0.0016,1,crazygames,2024,1043623,,,,,,,,,,0.0138,0.0,0.0,0.0,0.0,0.0,0.0,0.0,0.0,0.0,,https://www.crazygames.com/game/idle-planet-gym-tycoon,idleplanet
1642,Cat Snack Bar,other,0.0016,1,crazygames,2026,1041735,,,,,,,,,,0.0138,0.0,0.0,0.0,0.0,0.0,0.0,0.0,0.0,0.0,,https://www.crazygames.com/game/cat-snack-bar,catsnackbar
1643,Puzzle Room Escape,other,0.0016,1,crazygames,2023,1041247,,,,,,,,,,0.0138,0.0,0.0,0.0,0.0,0.0,0.0,0.0,0.0,0.0,,https://www.crazygames.com/game/puzzle-room-escape,puzzleroomescape
1644,Artillery Vs Tanks,tank_maze_duel,0.0016,2,crazygames;pacogames,2026,1039544,,,,,,,,,,0.0138,0.0,0.0,0.0,0.0,0.0,0.0,0.0,0.0,0.0,,https://www.crazygames.com/game/artillery-vs-tanks,artilleryvstanks
1645,Hill Climb on Moto Bike,bike_trials,0.0016,1,crazygames,2023,1035748,,,,,,,,,,0.0137,0.0,0.0,0.0,0.0,0.0,0.0,0.0,0.0,0.0,,https://www.crazygames.com/game/hill-climb-on-moto-bike,hillclimbonmotobike
1646,Rolling Balls Space Race,endless_runner,0.0016,1,crazygames,2025,1035586,,,,,,,,,,0.0137,0.0,0.0,0.0,0.0,0.0,0.0,0.0,0.0,0.0,,https://www.crazygames.com/game/rolling-balls-space-race,rollingballsspacerace
1647,Scary Horror Escape Room,classic_board_card,0.0016,1,crazygames,2022,1034587,,,,,,,,,,0.0137,0.0,0.0,0.0,0.0,0.0,0.0,0.0,0.0,0.0,,https://www.crazygames.com/game/scary-horror-escape-room-games,scaryhorrorescaperoom
1648,Parkour Master,io_arena_shooter,0.0016,1,crazygames,2021,1034322,,,,,,,,,,0.0137,0.0,0.0,0.0,0.0,0.0,0.0,0.0,0.0,0.0,Parkour Master 2,https://www.crazygames.com/game/parkour-master,parkourmaster
1649,Domino Duel,classic_board_card,0.0016,1,crazygames,2025,1032230,,,,,,,,,,0.0137,0.0,0.0,0.0,0.0,0.0,0.0,0.0,0.0,0.0,,https://www.crazygames.com/game/domino-duel-uit,dominoduel
1650,Camp With Pops,other,0.0016,1,y8,,,,,,359482,,,,,,0.0,0.0,0.0,0.0,0.0137,0.0,0.0,0.0,0.0,0.0,,https://www.y8.com/games/camp_with_pop,campwithpops
1651,Keyboard Obby,rbx_reverse,0.0016,1,crazygames,2026,1030278,,,,,,,,,,0.0136,0.0,0.0,0.0,0.0,0.0,0.0,0.0,0.0,0.0,,https://www.crazygames.com/game/keyboard-obby,keyboardobby
1652,Monster School Herobrine Siren Head,other,0.0016,1,crazygames,2022,1030031,,,,,,,,,,0.0136,0.0,0.0,0.0,0.0,0.0,0.0,0.0,0.0,0.0,,https://www.crazygames.com/game/monster-school-herobrine-siren-head,monsterschoolherobrinesirenhead
1653,Xtreme Rivals: Car Racing,car_stunt_drift,0.0016,1,crazygames,2024,1027592,,,,,,,,,,0.0136,0.0,0.0,0.0,0.0,0.0,0.0,0.0,0.0,0.0,,https://www.crazygames.com/game/xtreme-rivals-car-racing,xtremerivals
1654,Magic World,other,0.0016,1,crazygames,2024,1022824,,,,,,,,,,0.0136,0.0,0.0,0.0,0.0,0.0,0.0,0.0,0.0,0.0,,https://www.crazygames.com/game/magic-world,magicworld
1655,Tanks 2D: Tank Wars,tank_maze_duel,0.0016,1,crazygames,2022,1018667,,,,,,,,,,0.0135,0.0,0.0,0.0,0.0,0.0,0.0,0.0,0.0,0.0,,https://www.crazygames.com/game/tanks-2d-tank-wars,tanks2d
1656,KS Z,other,0.0016,1,crazygames,2026,1016783,,,,,,,,,,0.0135,0.0,0.0,0.0,0.0,0.0,0.0,0.0,0.0,0.0,,https://www.crazygames.com/game/ks-z,ksz
1657,Merge World,merge_drop,0.0016,1,crazygames,2024,1015469,,,,,,,,,,0.0135,0.0,0.0,0.0,0.0,0.0,0.0,0.0,0.0,0.0,,https://www.crazygames.com/game/merge-world,mergeworld
1658,Cyber Rage: Retribution,troll_platformer,0.0016,1,crazygames,2019,1014212,,,,,,,,,,0.0134,0.0,0.0,0.0,0.0,0.0,0.0,0.0,0.0,0.0,,https://www.crazygames.com/game/cyber-rage-retribution,cyberrage
1659,ATV Trials Winter 2,other,0.0016,1,y8,,,,,,350460,,,,,,0.0,0.0,0.0,0.0,0.0133,0.0,0.0,0.0,0.0,0.0,,https://www.y8.com/games/atv_trials_winter_2,atvtrialswinter
1660,Robot Unicorn Attack,other,0.0016,1,crazygames,,1005328,,,,,,,,,,0.0133,0.0,0.0,0.0,0.0,0.0,0.0,0.0,0.0,0.0,,https://www.crazygames.com/game/robot-unicorn-attack,robotunicornattack
1661,Heavy Mining Simulator,idle_clicker,0.0016,1,y8,,,,,,349934,,,,,,0.0,0.0,0.0,0.0,0.0133,0.0,0.0,0.0,0.0,0.0,,https://www.y8.com/games/heavy_mining_simulator,heavyminingsimulator
1662,Vector TD,other,0.0016,1,crazygames,2019,1000382,,,,,,,,,,0.0133,0.0,0.0,0.0,0.0,0.0,0.0,0.0,0.0,0.0,,https://www.crazygames.com/game/vector-td,vectortd
1663,Merge Haven,merge_drop,0.0015,2,agame;crazygames,2026,993298,,,,,,,,,,0.0132,0.0,0.0,0.0,0.0,0.0,0.0,0.0,0.0,0.0,,https://www.crazygames.com/game/merge-haven-fzh,mergehaven
1664,Who Dies Last?,other,0.0015,1,crazygames,2026,991769,,,,,,,,,,0.0131,0.0,0.0,0.0,0.0,0.0,0.0,0.0,0.0,0.0,,https://www.crazygames.com/game/who-dies-last,whodieslast
1665,I Am Quadrober!,other,0.0015,1,crazygames,2026,991143,,,,,,,,,,0.0131,0.0,0.0,0.0,0.0,0.0,0.0,0.0,0.0,0.0,,https://www.crazygames.com/game/i-am-quadrober,iamquadrober
1666,Money Gun Clicker,idle_clicker,0.0015,1,crazygames,2025,985328,,,,,,,,,,0.0131,0.0,0.0,0.0,0.0,0.0,0.0,0.0,0.0,0.0,,https://www.crazygames.com/game/money-gun-clicker,moneygunclicker
1667,Mahjong Shanghai,classic_board_card,0.0015,2,agame;crazygames,2021,981598,,,,,,,,,,0.013,0.0,0.0,0.0,0.0,0.0,0.0,0.0,0.0,0.0,,https://www.crazygames.com/game/mahjong-shanghai-dynasty,mahjongshanghai
1668,Pixel Blast,other,0.0015,1,crazygames,2026,979953,,,,,,,,,,0.013,0.0,0.0,0.0,0.0,0.0,0.0,0.0,0.0,0.0,,https://www.crazygames.com/game/pixel-blast,pixelblast
1669,Design House Escape,other,0.0015,1,crazygames,2024,979107,,,,,,,,,,0.013,0.0,0.0,0.0,0.0,0.0,0.0,0.0,0.0,0.0,,https://www.crazygames.com/game/design-house-escape,designhouseescape
1670,Ultimate Robo Duel 3D,other,0.0015,1,crazygames,2022,977862,,,,,,,,,,0.013,0.0,0.0,0.0,0.0,0.0,0.0,0.0,0.0,0.0,,https://www.crazygames.com/game/ultimate-robo-duel-3d,ultimateroboduel3d
1671,Monster Sanctuary,other,0.0015,1,crazygames,2018,977412,,,,,,,,,,0.0129,0.0,0.0,0.0,0.0,0.0,0.0,0.0,0.0,0.0,,https://www.crazygames.com/game/monster-sanctuary,monstersanctuary
1672,Craft 3D,sandbox_voxel,0.0015,1,crazygames,2020,975196,,,,,,,,,,0.0129,0.0,0.0,0.0,0.0,0.0,0.0,0.0,0.0,0.0,,https://www.crazygames.com/game/craft-3d,craft3d
1673,Little Fox: Bubble Spinner Pop,other,0.0015,1,crazygames,2021,971265,,,,,,,,,,0.0129,0.0,0.0,0.0,0.0,0.0,0.0,0.0,0.0,0.0,,https://www.crazygames.com/game/little-fox-bubble-spinner-pop,littlefox
1674,Evil Tower,other,0.0015,1,crazygames,2026,969233,,,,,,,,,,0.0128,0.0,0.0,0.0,0.0,0.0,0.0,0.0,0.0,0.0,,https://www.crazygames.com/game/evil-tower-lli,eviltower
1675,Idle Mine: Remix,idle_clicker,0.0015,1,crazygames,2020,968711,,,,,,,,,,0.0128,0.0,0.0,0.0,0.0,0.0,0.0,0.0,0.0,0.0,,https://www.crazygames.com/game/idle-mine-remix,idlemine
1676,Barry's Prison Escape!,stealth_heist,0.0015,1,crazygames,2026,968674,,,,,,,,,,0.0128,0.0,0.0,0.0,0.0,0.0,0.0,0.0,0.0,0.0,,https://www.crazygames.com/game/barry-s-prison-escape-obby,barrysprisonescape
1677,MergeMine Idle,idle_clicker,0.0015,1,crazygames,2023,967519,,,,,,,,,,0.0128,0.0,0.0,0.0,0.0,0.0,0.0,0.0,0.0,0.0,,https://www.crazygames.com/game/mergemine-idle,mergemineidle
1678,Funny City: Gopniks,other,0.0015,1,crazygames,2025,962875,,,,,,,,,,0.0128,0.0,0.0,0.0,0.0,0.0,0.0,0.0,0.0,0.0,,https://www.crazygames.com/game/funny-city-gopniks,funnycity
1679,Puppy Whisperer,other,0.0015,1,y8,,,,,,335257,,,,,,0.0,0.0,0.0,0.0,0.0127,0.0,0.0,0.0,0.0,0.0,,https://www.y8.com/games/puppy_whisperer,puppywhisperer
1680,Heart Transplant Surgery,other,0.0015,1,y8,,,,,,334582,,,,,,0.0,0.0,0.0,0.0,0.0127,0.0,0.0,0.0,0.0,0.0,,https://www.y8.com/games/heart_transplant_surgery,hearttransplantsurgery
1681,Pro Bowling 3D,other,0.0015,1,crazygames,2019,957653,,,,,,,,,,0.0127,0.0,0.0,0.0,0.0,0.0,0.0,0.0,0.0,0.0,,https://www.crazygames.com/game/pro-bowling,probowling3d
1682,Metro Connect,other,0.0015,1,crazygames,2023,954429,,,,,,,,,,0.0126,0.0,0.0,0.0,0.0,0.0,0.0,0.0,0.0,0.0,,https://www.crazygames.com/game/metro-connect,metroconnect
1683,Jigpic Solitaire,classic_board_card,0.0015,1,crazygames,2025,953876,,,,,,,,,,0.0126,0.0,0.0,0.0,0.0,0.0,0.0,0.0,0.0,0.0,,https://www.crazygames.com/game/jigpic-solitaire,jigpicsolitaire
1684,Zombie Derby,upgrade_drive_zombies,0.0015,2,crazygames;pacogames,2026,953781,,,,,,,,,,0.0126,0.0,0.0,0.0,0.0,0.0,0.0,0.0,0.0,0.0,Zombie Derby 2 / Zombie Derby: Blocky Roads / Zombie Derby: Pixel Survival,https://www.crazygames.com/game/zombie-derby-pixel-survival,zombiederby
1685,Blombo.io,other,0.0015,1,crazygames,2026,948026,,,,,,,,,,0.0126,0.0,0.0,0.0,0.0,0.0,0.0,0.0,0.0,0.0,,https://www.crazygames.com/game/blombo-io,blombo
1686,Case Simulator: Cars,other,0.0015,1,crazygames,2026,944381,,,,,,,,,,0.0125,0.0,0.0,0.0,0.0,0.0,0.0,0.0,0.0,0.0,,https://www.crazygames.com/game/case-simulator-cars,casesimulator
1687,Infection Town of Zombies,other,0.0015,1,crazygames,2024,937487,,,,,,,,,,0.0124,0.0,0.0,0.0,0.0,0.0,0.0,0.0,0.0,0.0,,https://www.crazygames.com/game/raft-of-the-dead---zombie-survival,infectiontownofzombies
1688,Home Builder 3D,other,0.0015,1,crazygames,2024,935874,,,,,,,,,,0.0124,0.0,0.0,0.0,0.0,0.0,0.0,0.0,0.0,0.0,,https://www.crazygames.com/game/home-builder-3d,homebuilder3d
1689,Samurai Madness,run_gun_coop,0.0015,1,crazygames,2021,935311,,,,,,,,,,0.0124,0.0,0.0,0.0,0.0,0.0,0.0,0.0,0.0,0.0,,https://www.crazygames.com/game/samurai-madness,samuraimadness
1690,Iron Friend,other,0.0014,1,crazygames,2024,928562,,,,,,,,,,0.0123,0.0,0.0,0.0,0.0,0.0,0.0,0.0,0.0,0.0,,https://www.crazygames.com/game/iron-friend,ironfriend
1691,Idle Dino Farm Tycoon Simulator 3D,idle_clicker,0.0014,1,crazygames,2023,924342,,,,,,,,,,0.0122,0.0,0.0,0.0,0.0,0.0,0.0,0.0,0.0,0.0,,https://www.crazygames.com/game/idle-dino-farm-tycoon-3d,idledinofarmtycoonsimulator3d
1692,Cornhole League,other,0.0014,1,crazygames,2025,920521,,,,,,,,,,0.0122,0.0,0.0,0.0,0.0,0.0,0.0,0.0,0.0,0.0,,https://www.crazygames.com/game/cornhole-league---board-games,cornholeleague
1693,Idle Game Dev Simulator,idle_clicker,0.0014,1,crazygames,2025,917746,,,,,,,,,,0.0122,0.0,0.0,0.0,0.0,0.0,0.0,0.0,0.0,0.0,,https://www.crazygames.com/game/idle-game-dev-simulator,idledevsimulator
1694,Adventure Jumper,other,0.0014,1,crazygames,2025,916737,,,,,,,,,,0.0121,0.0,0.0,0.0,0.0,0.0,0.0,0.0,0.0,0.0,,https://www.crazygames.com/game/adventure-jumper,adventurejumper
1695,Funny Blade & Magic,other,0.0014,1,crazygames,2023,914697,,,,,,,,,,0.0121,0.0,0.0,0.0,0.0,0.0,0.0,0.0,0.0,0.0,,https://www.crazygames.com/game/funny-blade-magic,funnyblademagic
1696,Moto Trials Offroad,bike_trials,0.0014,2,agame;y8,,,,,,317867,,,,,,0.0,0.0,0.0,0.0,0.0121,0.0,0.0,0.0,0.0,0.0,Moto Trials Off Road 2,https://www.y8.com/games/moto_trials_offroad,mototrialsoffroad
1697,Mad Cars: Racing & Crash,car_stunt_drift,0.0014,1,crazygames,2020,903378,,,,,,,,,,0.012,0.0,0.0,0.0,0.0,0.0,0.0,0.0,0.0,0.0,,https://www.crazygames.com/game/mad-cars-racing-and-crash,madcars
1698,Snake Merge: Idle & io Zone,idle_clicker,0.0014,1,crazygames,2023,901194,,,,,,,,,,0.0119,0.0,0.0,0.0,0.0,0.0,0.0,0.0,0.0,0.0,,https://www.crazygames.com/game/snake-merge-idle-io-zone-game,snakemerge
1699,Tower vs Goblins,other,0.0014,1,crazygames,2025,900918,,,,,,,,,,0.0119,0.0,0.0,0.0,0.0,0.0,0.0,0.0,0.0,0.0,,https://www.crazygames.com/game/tower-vs-goblins,towervsgoblins
1700,Auto Drive,other,0.0014,1,crazygames,2020,900253,,,,,,,,,,0.0119,0.0,0.0,0.0,0.0,0.0,0.0,0.0,0.0,0.0,,https://www.crazygames.com/game/auto-drive,autodrive
1701,Lurkers.io,other,0.0014,1,crazygames,2025,898743,,,,,,,,,,0.0119,0.0,0.0,0.0,0.0,0.0,0.0,0.0,0.0,0.0,,https://www.crazygames.com/game/lurkers-io,lurkers
1702,The Superman - Theme is Aliens,other,0.0014,1,crazygames,2018,892686,,,,,,,,,,0.0118,0.0,0.0,0.0,0.0,0.0,0.0,0.0,0.0,0.0,,https://www.crazygames.com/game/the-superman-theme-is-aliens,thesuperman
1703,Real Simulator: Monster Truck,other,0.0014,1,crazygames,2021,889554,,,,,,,,,,0.0118,0.0,0.0,0.0,0.0,0.0,0.0,0.0,0.0,0.0,,https://www.crazygames.com/game/real-simulator-monster-truck,realsimulator
1704,Monster Life,other,0.0014,1,crazygames,2022,886632,,,,,,,,,,0.0117,0.0,0.0,0.0,0.0,0.0,0.0,0.0,0.0,0.0,,https://www.crazygames.com/game/monster-life,monsterlife
1705,Rogue Soul 2,other,0.0014,1,crazygames,2014,884188,,,,,,,,,,0.0117,0.0,0.0,0.0,0.0,0.0,0.0,0.0,0.0,0.0,,https://www.crazygames.com/game/rogue-soul-2,roguesoul
1706,Block Puzzle,other,0.0014,1,crazygames,2021,880544,,,,,,,,,,0.0117,0.0,0.0,0.0,0.0,0.0,0.0,0.0,0.0,0.0,,https://www.crazygames.com/game/block-puzzle,blockpuzzle
1707,Age Of Arms,other,0.0014,1,crazygames,2024,879825,,,,,,,,,,0.0117,0.0,0.0,0.0,0.0,0.0,0.0,0.0,0.0,0.0,,https://www.crazygames.com/game/age-of-arms,ageofarms
1708,Bubble Story,other,0.0014,1,crazygames,2025,874070,,,,,,,,,,0.0116,0.0,0.0,0.0,0.0,0.0,0.0,0.0,0.0,0.0,,https://www.crazygames.com/game/bubble-story,bubblestory
1709,Basket Swooshes Plus,other,0.0014,1,crazygames,2020,873732,,,,,,,,,,0.0116,0.0,0.0,0.0,0.0,0.0,0.0,0.0,0.0,0.0,,https://www.crazygames.com/game/basket-swooshes-plus,basketswooshesplus
1710,Racing,car_stunt_drift,0.0014,2,crazygames;kizi,2026,872945,,,,,,,,,,0.0116,0.0,0.0,0.0,0.0,0.0,0.0,0.0,0.0,0.0,,https://www.crazygames.com/game/racing-online-fph,racing
1711,Your Chronicle,other,0.0014,1,crazygames,2021,872127,,,,,,,,,,0.0116,0.0,0.0,0.0,0.0,0.0,0.0,0.0,0.0,0.0,,https://www.crazygames.com/game/your-chronicle,yourchronicle
1712,MineTap Merge Clicker,idle_clicker,0.0014,1,crazygames,2024,870993,,,,,,,,,,0.0115,0.0,0.0,0.0,0.0,0.0,0.0,0.0,0.0,0.0,,https://www.crazygames.com/game/minetap,minetapmergeclicker
1713,Advent NEON,other,0.0014,1,crazygames,2021,870556,,,,,,,,,,0.0115,0.0,0.0,0.0,0.0,0.0,0.0,0.0,0.0,0.0,,https://www.crazygames.com/game/adventneon,adventneon
1714,Snooker,pool_billiards,0.0014,1,crazygames,2026,870138,,,,,,,,,,0.0115,0.0,0.0,0.0,0.0,0.0,0.0,0.0,0.0,0.0,,https://www.crazygames.com/game/snooker,snooker
1715,Shoot First Fast: Gun Duel,other,0.0013,1,crazygames,2024,865026,,,,,,,,,,0.0115,0.0,0.0,0.0,0.0,0.0,0.0,0.0,0.0,0.0,,https://www.crazygames.com/game/western-shooter-battle-gun-duel,shootfirstfast
1716,Chicken CS,other,0.0013,1,crazygames,2024,864611,,,,,,,,,,0.0115,0.0,0.0,0.0,0.0,0.0,0.0,0.0,0.0,0.0,,https://www.crazygames.com/game/chicken-cs,chickencs
1717,Crash Skill Racing,car_stunt_drift,0.0013,1,crazygames,2026,851641,,,,,,,,,,0.0113,0.0,0.0,0.0,0.0,0.0,0.0,0.0,0.0,0.0,,https://www.crazygames.com/game/midnight-kanjo-racing,crashskillracing
1718,Night Watchman,other,0.0013,1,crazygames,2022,851459,,,,,,,,,,0.0113,0.0,0.0,0.0,0.0,0.0,0.0,0.0,0.0,0.0,,https://www.crazygames.com/game/night-watchman,nightwatchman
1719,Battle Royale Survival,io_arena_shooter,0.0013,1,crazygames,2018,849272,,,,,,,,,,0.0113,0.0,0.0,0.0,0.0,0.0,0.0,0.0,0.0,0.0,,https://www.crazygames.com/game/battle-royale-survival,battleroyalesurvival
1720,My Party Car,other,0.0013,1,y8,,,,,,295262,,,,,,0.0,0.0,0.0,0.0,0.0112,0.0,0.0,0.0,0.0,0.0,,https://www.y8.com/games/my_party_car,mypartycar
1721,Heart Bypass Surgery,other,0.0013,1,y8,,,,,,294411,,,,,,0.0,0.0,0.0,0.0,0.0112,0.0,0.0,0.0,0.0,0.0,,https://www.y8.com/games/heart_bypass_surgery,heartbypasssurgery
1722,Blocky Traffic Racing,car_stunt_drift,0.0013,1,crazygames,2020,842875,,,,,,,,,,0.0112,0.0,0.0,0.0,0.0,0.0,0.0,0.0,0.0,0.0,,https://www.crazygames.com/game/blocky-highway-racer,blockytrafficracing
1723,Money Maker,other,0.0013,1,crazygames,2025,842467,,,,,,,,,,0.0112,0.0,0.0,0.0,0.0,0.0,0.0,0.0,0.0,0.0,,https://www.crazygames.com/game/money-maker-bex,moneymaker
1724,Arsenal Online,other,0.0013,1,crazygames,2023,840557,,,,,,,,,,0.0111,0.0,0.0,0.0,0.0,0.0,0.0,0.0,0.0,0.0,,https://www.crazygames.com/game/arsenal-online,arsenal
1725,Hot Lava Floor,other,0.0013,1,crazygames,2022,839738,,,,,,,,,,0.0111,0.0,0.0,0.0,0.0,0.0,0.0,0.0,0.0,0.0,,https://www.crazygames.com/game/hot-lava-floor,hotlavafloor
1726,4th and Goal 2019,other,0.0013,1,crazygames,2020,839513,,,,,,,,,,0.0111,0.0,0.0,0.0,0.0,0.0,0.0,0.0,0.0,0.0,,https://www.crazygames.com/game/4th-and-goal-2019,4thandgoal
1727,Python Snake Simulator,other,0.0013,1,crazygames,2024,838539,,,,,,,,,,0.0111,0.0,0.0,0.0,0.0,0.0,0.0,0.0,0.0,0.0,,https://www.crazygames.com/game/python-snake-simulator,pythonsnakesimulator
1728,Bubble Gum Simulator,other,0.0013,1,crazygames,2026,831965,,,,,,,,,,0.011,0.0,0.0,0.0,0.0,0.0,0.0,0.0,0.0,0.0,,https://www.crazygames.com/game/bubble-gum-simulator,bubblegumsimulator
1729,Life Simulator: Road to Riches,other,0.0013,1,crazygames,2026,831918,,,,,,,,,,0.011,0.0,0.0,0.0,0.0,0.0,0.0,0.0,0.0,0.0,,https://www.crazygames.com/game/life-simulator-road-to-riches,lifesimulator
1730,My Car My Rules,other,0.0013,1,y8,,,,,,287159,,,,,,0.0,0.0,0.0,0.0,0.0109,0.0,0.0,0.0,0.0,0.0,,https://www.y8.com/games/my_car_my_rules,mycarmyrules
1731,Motor Sport Challenge Type R,other,0.0013,1,crazygames,2026,816074,,,,,,,,,,0.0108,0.0,0.0,0.0,0.0,0.0,0.0,0.0,0.0,0.0,,https://www.crazygames.com/game/motor-sport-challenge-type-r,motorsportchallengetyper
1732,Incremental Epic Hero,idle_clicker,0.0013,1,crazygames,2022,815939,,,,,,,,,,0.0108,0.0,0.0,0.0,0.0,0.0,0.0,0.0,0.0,0.0,Incremental Epic Hero 2,https://www.crazygames.com/game/incremental-epic-hero-2,incrementalepichero
1733,Sudoku Online,classic_board_card,0.0013,2,crazygames;playgama,2023,814989,,,,,,,,,,0.0108,0.0,0.0,0.0,0.0,0.0,0.0,0.0,0.0,0.0,,https://www.crazygames.com/game/sudoku-szc,sudoku
1734,Knockout!,other,0.0013,1,crazygames,2026,814692,,,,,,,,,,0.0108,0.0,0.0,0.0,0.0,0.0,0.0,0.0,0.0,0.0,,https://www.crazygames.com/game/knockout-ctv,knockout
1735,Gas Monsters,other,0.0013,1,crazygames,2021,814411,,,,,,,,,,0.0108,0.0,0.0,0.0,0.0,0.0,0.0,0.0,0.0,0.0,,https://www.crazygames.com/game/gas-monsters,gasmonsters
1736,Oil Mining 3D: Petrol Factory,other,0.0013,1,crazygames,2025,813058,,,,,,,,,,0.0108,0.0,0.0,0.0,0.0,0.0,0.0,0.0,0.0,0.0,,https://www.crazygames.com/game/oil-mining-3d---petrol-factory,oilmining3d
1737,Air Hockey Cup,other,0.0013,1,crazygames,2024,812542,,,,,,,,,,0.0108,0.0,0.0,0.0,0.0,0.0,0.0,0.0,0.0,0.0,,https://www.crazygames.com/game/air-hockey-cup,airhockeycup
1738,Real Football,other,0.0013,1,crazygames,2026,811735,,,,,,,,,,0.0108,0.0,0.0,0.0,0.0,0.0,0.0,0.0,0.0,0.0,,https://www.crazygames.com/game/real-football-bac,realfootball
1739,Boxing Stars,other,0.0013,1,crazygames,2021,808207,,,,,,,,,,0.0107,0.0,0.0,0.0,0.0,0.0,0.0,0.0,0.0,0.0,,https://www.crazygames.com/game/boxing-stars,boxingstars
1740,Cup Heroes,other,0.0013,1,crazygames,2025,804791,,,,,,,,,,0.0107,0.0,0.0,0.0,0.0,0.0,0.0,0.0,0.0,0.0,,https://www.crazygames.com/game/cup-heroes,cupheroes
1741,Save the Hostages,other,0.0013,1,crazygames,2022,803418,,,,,,,,,,0.0106,0.0,0.0,0.0,0.0,0.0,0.0,0.0,0.0,0.0,,https://www.crazygames.com/game/save-the-hostages,savethehostages
1742,Droll World Cup,other,0.0013,1,crazygames,2026,803353,,,,,,,,,,0.0106,0.0,0.0,0.0,0.0,0.0,0.0,0.0,0.0,0.0,,https://www.crazygames.com/game/droll-world-cup-zze,drollworldcup
1743,Car Games,car_stunt_drift,0.0013,3,crazygames;lagged;pacogames,2024,802845,,,,,,,,,,0.0106,0.0,0.0,0.0,0.0,0.0,0.0,0.0,0.0,0.0,Car Games: Car Racing Game,https://www.crazygames.com/game/car-games-car-racing-game,cargames
1744,Case: Smile,other,0.0012,1,crazygames,2019,800285,,,,,,,,,,0.0106,0.0,0.0,0.0,0.0,0.0,0.0,0.0,0.0,0.0,Case: Smile 2,https://www.crazygames.com/game/case-smile-horror-game-adventure,case
1745,Idle Idle Gamedev,idle_clicker,0.0012,1,crazygames,2019,794987,,,,,,,,,,0.0105,0.0,0.0,0.0,0.0,0.0,0.0,0.0,0.0,0.0,,https://www.crazygames.com/game/idle-idle-gamedev,idleidlegamedev
1746,What a Leg,other,0.0012,1,crazygames,2023,791653,,,,,,,,,,0.0105,0.0,0.0,0.0,0.0,0.0,0.0,0.0,0.0,0.0,,https://www.crazygames.com/game/what-a-leg,whataleg
1747,Archery Master,artillery_turn,0.0012,1,crazygames,2022,791436,,,,,,,,,,0.0105,0.0,0.0,0.0,0.0,0.0,0.0,0.0,0.0,0.0,,https://www.crazygames.com/game/archery-master,archerymaster
1748,Rotate,other,0.0012,1,crazygames,2018,791145,,,,,,,,,,0.0105,0.0,0.0,0.0,0.0,0.0,0.0,0.0,0.0,0.0,,https://www.crazygames.com/game/rotate,rotate
1749,Idle Cinema Tycoon,idle_clicker,0.0012,1,crazygames,2024,788283,,,,,,,,,,0.0104,0.0,0.0,0.0,0.0,0.0,0.0,0.0,0.0,0.0,,https://www.crazygames.com/game/idle-cinema-tycoon,idlecinematycoon
1750,Base Jump Wing Suit Flying,other,0.0012,1,crazygames,2023,785528,,,,,,,,,,0.0104,0.0,0.0,0.0,0.0,0.0,0.0,0.0,0.0,0.0,,https://www.crazygames.com/game/base-jump-wing-suit-flying,basejumpwingsuitflying
1751,Merge & Fight,merge_drop,0.0012,3,crazygames;miniplay;playgama,2026,785425,,,,,,,,,,0.0104,0.0,0.0,0.0,0.0,0.0,0.0,0.0,0.0,0.0,,https://www.crazygames.com/game/merge-fight,mergefight
1752,King.io World War,other,0.0012,1,crazygames,2023,784679,,,,,,,,,,0.0104,0.0,0.0,0.0,0.0,0.0,0.0,0.0,0.0,0.0,,https://www.crazygames.com/game/king-io-world-war,kingworldwar
1753,Puzzle Block Master,other,0.0012,1,crazygames,2026,782918,,,,,,,,,,0.0104,0.0,0.0,0.0,0.0,0.0,0.0,0.0,0.0,0.0,,https://www.crazygames.com/game/puzzle-block-master,puzzleblockmaster
1754,Trash Master,other,0.0012,1,crazygames,2026,782894,,,,,,,,,,0.0104,0.0,0.0,0.0,0.0,0.0,0.0,0.0,0.0,0.0,,https://www.crazygames.com/game/trash-master-rpk,trashmaster
1755,WinterCraft: Survival in the Forest,sandbox_voxel,0.0012,1,crazygames,2025,782067,,,,,,,,,,0.0104,0.0,0.0,0.0,0.0,0.0,0.0,0.0,0.0,0.0,,https://www.crazygames.com/game/wintercraft-survival-in-the-forest,wintercraft
1756,Crime City Robbery Thief Games,stealth_heist,0.0012,1,crazygames,2024,781485,,,,,,,,,,0.0104,0.0,0.0,0.0,0.0,0.0,0.0,0.0,0.0,0.0,,https://www.crazygames.com/game/crime-city-robbery-thief-games,crimecityrobberythiefgames
1757,Juice Production Tycoon,idle_clicker,0.0012,1,crazygames,2021,776032,,,,,,,,,,0.0103,0.0,0.0,0.0,0.0,0.0,0.0,0.0,0.0,0.0,,https://www.crazygames.com/game/juice-production-tycoon,juiceproductiontycoon
1758,Jetski Race,other,0.0012,1,crazygames,2024,775945,,,,,,,,,,0.0103,0.0,0.0,0.0,0.0,0.0,0.0,0.0,0.0,0.0,,https://www.crazygames.com/game/jetski-boat-racing-boat-games,jetskirace
1759,Bubble Trouble,other,0.0012,1,crazygames,2025,771999,,,,,,,,,,0.0102,0.0,0.0,0.0,0.0,0.0,0.0,0.0,0.0,0.0,Bubble Trouble 2: Rebubbled,https://www.crazygames.com/game/bubble-trouble-cpy,bubbletrouble
1760,SimpleBox 2,other,0.0012,1,crazygames,2023,771320,,,,,,,,,,0.0102,0.0,0.0,0.0,0.0,0.0,0.0,0.0,0.0,0.0,,https://www.crazygames.com/game/simplebox-2,simplebox
1761,Big Giant Games (Prison Escape Puzzle),stealth_heist,0.0012,1,crazygames,2019,768857,,,,,,,,,,0.0102,0.0,0.0,0.0,0.0,0.0,0.0,0.0,0.0,0.0,,https://www.crazygames.com/game/big-giant-games,biggiantgames
1762,Real Racing Formula 1,car_stunt_drift,0.0012,1,y8,,,,,,267153,,,,,,0.0,0.0,0.0,0.0,0.0102,0.0,0.0,0.0,0.0,0.0,,https://www.y8.com/games/real_racing_formula_1,realracingformula
1763,Hill Racing,car_stunt_drift,0.0012,1,crazygames,2024,763925,,,,,,,,,,0.0101,0.0,0.0,0.0,0.0,0.0,0.0,0.0,0.0,0.0,,https://www.crazygames.com/game/hill-racing,hillracing
1764,Dino Hunting Jurassic World,other,0.0012,1,crazygames,2024,761206,,,,,,,,,,0.0101,0.0,0.0,0.0,0.0,0.0,0.0,0.0,0.0,0.0,,https://www.crazygames.com/game/dino-hunting-jurassic-world,dinohuntingjurassicworld
1765,Space Racing 3D: Void,car_stunt_drift,0.0012,1,crazygames,2020,760779,,,,,,,,,,0.0101,0.0,0.0,0.0,0.0,0.0,0.0,0.0,0.0,0.0,,https://www.crazygames.com/game/space-racing-3d-void,spaceracing3d
1766,Neko Sliding: Cat Puzzle,other,0.0012,1,crazygames,2025,759269,,,,,,,,,,0.0101,0.0,0.0,0.0,0.0,0.0,0.0,0.0,0.0,0.0,,https://www.crazygames.com/game/neko-sliding-cat-puzzle,nekosliding
1767,Princess Kidney Transplant,other,0.0012,1,y8,,,,,,264480,,,,,,0.0,0.0,0.0,0.0,0.0101,0.0,0.0,0.0,0.0,0.0,,https://www.y8.com/games/princess_kidney_transplant,princesskidneytransplant
1768,City of Psychos,other,0.0012,1,crazygames,2022,755715,,,,,,,,,,0.01,0.0,0.0,0.0,0.0,0.0,0.0,0.0,0.0,0.0,,https://www.crazygames.com/game/city-of-psychos,cityofpsychos
1769,Tanks Battlefield: Desert,tank_maze_duel,0.0012,1,crazygames,2018,751948,,,,,,,,,,0.01,0.0,0.0,0.0,0.0,0.0,0.0,0.0,0.0,0.0,,https://www.crazygames.com/game/tanks-battlefield-desert,tanksbattlefield
1770,Mortal Kombat Karnage,other,0.0012,1,crazygames,2021,751079,,,,,,,,,,0.01,0.0,0.0,0.0,0.0,0.0,0.0,0.0,0.0,0.0,,https://www.crazygames.com/game/mortal-kombat-karnage,mortalkombatkarnage
1771,Birb,other,0.0012,1,kongregate,,,,,,,,,,,32100,0.0,0.0,0.0,0.0,0.0,0.0,0.0,0.0,0.0,0.0199,,https://www.kongregate.com/en/games/hwonze/birb,birb
1772,Block Tech: Epic Sandbox,other,0.0012,1,crazygames,2019,745851,,,,,,,,,,0.0099,0.0,0.0,0.0,0.0,0.0,0.0,0.0,0.0,0.0,,https://www.crazygames.com/game/block-tech-epic-sandbox,blocktech
1773,Quiz: Guess The Flag,classic_board_card,0.0012,1,y8,,,,,,259380,,,,,,0.0,0.0,0.0,0.0,0.0099,0.0,0.0,0.0,0.0,0.0,,https://www.y8.com/games/quiz_guess_the_flag,quiz
1774,Surf GO Parkour,io_arena_shooter,0.0012,1,crazygames,2026,742781,,,,,,,,,,0.0098,0.0,0.0,0.0,0.0,0.0,0.0,0.0,0.0,0.0,,https://www.crazygames.com/game/surf-go-parkour,surfgoparkour
1775,Pumpkin Defense: Merge Cannon,launch_distance,0.0012,1,crazygames,2026,741325,,,,,,,,,,0.0098,0.0,0.0,0.0,0.0,0.0,0.0,0.0,0.0,0.0,,https://www.crazygames.com/game/pumpkin-defense-merge-cannon,pumpkindefense
1776,Orb.Farm,other,0.0012,1,crazygames,2021,740471,,,,,,,,,,0.0098,0.0,0.0,0.0,0.0,0.0,0.0,0.0,0.0,0.0,,https://www.crazygames.com/game/orb-farm,orbfarm
1777,Mega Ramp Car Game: Car Stunts,other,0.0011,1,crazygames,2024,737518,,,,,,,,,,0.0098,0.0,0.0,0.0,0.0,0.0,0.0,0.0,0.0,0.0,,https://www.crazygames.com/game/mega-ramp-car-game-car-stunts,megarampcar
1778,Donut Place,other,0.0011,1,crazygames,2026,736217,,,,,,,,,,0.0098,0.0,0.0,0.0,0.0,0.0,0.0,0.0,0.0,0.0,,https://www.crazygames.com/game/donut-place,donutplace
1779,War V: Survivor,other,0.0011,1,crazygames,2025,734991,,,,,,,,,,0.0097,0.0,0.0,0.0,0.0,0.0,0.0,0.0,0.0,0.0,,https://www.crazygames.com/game/war-v-survivor,warv
1780,Escape 20 Rooms,other,0.0011,1,crazygames,2024,734826,,,,,,,,,,0.0097,0.0,0.0,0.0,0.0,0.0,0.0,0.0,0.0,0.0,,https://www.crazygames.com/game/escape-20-rooms,escape20rooms
1781,Escape From Mr.Meawing's Prison!,other,0.0011,1,crazygames,2026,733890,,,,,,,,,,0.0097,0.0,0.0,0.0,0.0,0.0,0.0,0.0,0.0,0.0,,https://www.crazygames.com/game/escape-from-mr-meawing-s-prison,escapefrommrmeawingsprison
1782,Balloon Clash,other,0.0011,1,crazygames,2023,727043,,,,,,,,,,0.0096,0.0,0.0,0.0,0.0,0.0,0.0,0.0,0.0,0.0,,https://www.crazygames.com/game/balloon-clash,balloonclash
1783,Hexa Stack,helix_stack_tap,0.0011,1,crazygames,2026,726491,,,,,,,,,,0.0096,0.0,0.0,0.0,0.0,0.0,0.0,0.0,0.0,0.0,,https://www.crazygames.com/game/hexa-stack,hexastack
1784,Monkey School Prank,other,0.0011,1,crazygames,,725547,,,,,,,,,,0.0096,0.0,0.0,0.0,0.0,0.0,0.0,0.0,0.0,0.0,,https://www.crazygames.com/game/i-am-monkey-school-pranskter,monkeyschoolprank
1785,Minesweeper,classic_board_card,0.0011,2,coolmathgames;y8,,,,,,65942,,,,7911,,0.0,0.0,0.0,0.0,0.0025,0.0,0.0,0.0,0.0142,0.0,,https://www.y8.com/games/minesweeper,minesweeper
1786,Genius Car 2,other,0.0011,1,crazygames,2021,720495,,,,,,,,,,0.0095,0.0,0.0,0.0,0.0,0.0,0.0,0.0,0.0,0.0,,https://www.crazygames.com/game/genius-car-2,geniuscar
1787,Big Hit Football,other,0.0011,1,crazygames,2025,718461,,,,,,,,,,0.0095,0.0,0.0,0.0,0.0,0.0,0.0,0.0,0.0,0.0,,https://www.crazygames.com/game/big-hit-football,bighitfootball
1788,Cry Islands,other,0.0011,1,crazygames,2020,716158,,,,,,,,,,0.0095,0.0,0.0,0.0,0.0,0.0,0.0,0.0,0.0,0.0,,https://www.crazygames.com/game/cry-islands,cryislands
1789,Craft and Battle,sandbox_voxel,0.0011,1,crazygames,2025,714825,,,,,,,,,,0.0095,0.0,0.0,0.0,0.0,0.0,0.0,0.0,0.0,0.0,,https://www.crazygames.com/game/craft-and-battle,craftandbattle
1790,Pixel Shooter,io_arena_shooter,0.0011,1,crazygames,2022,713457,,,,,,,,,,0.0095,0.0,0.0,0.0,0.0,0.0,0.0,0.0,0.0,0.0,,https://www.crazygames.com/game/pixel-shooter,pixelshooter
1791,Leftovers,other,0.0011,1,y8,,,,,,248199,,,,,,0.0,0.0,0.0,0.0,0.0094,0.0,0.0,0.0,0.0,0.0,,https://www.y8.com/games/leftovers_,leftovers
1792,Voxmaxa,other,0.0011,1,crazygames,2025,711819,,,,,,,,,,0.0094,0.0,0.0,0.0,0.0,0.0,0.0,0.0,0.0,0.0,,https://www.crazygames.com/game/voxmaxa-com,voxmaxa
1793,Idle Billionaire Tycoon,idle_clicker,0.0011,1,crazygames,2026,710729,,,,,,,,,,0.0094,0.0,0.0,0.0,0.0,0.0,0.0,0.0,0.0,0.0,,https://www.crazygames.com/game/idle-billionaire-tycoon,idlebillionairetycoon
1794,The Owner Is Dead,other,0.0011,1,crazygames,2020,710275,,,,,,,,,,0.0094,0.0,0.0,0.0,0.0,0.0,0.0,0.0,0.0,0.0,,https://www.crazygames.com/game/the-owner-is-dead,theownerisdead
1795,Collect Brainrot Egg,rbx_reverse,0.0011,1,crazygames,2026,709941,,,,,,,,,,0.0094,0.0,0.0,0.0,0.0,0.0,0.0,0.0,0.0,0.0,,https://www.crazygames.com/game/collect-brainrot-egg,collectbrainrotegg
1796,Asteroid Breaker,other,0.0011,1,crazygames,2025,706906,,,,,,,,,,0.0094,0.0,0.0,0.0,0.0,0.0,0.0,0.0,0.0,0.0,,https://www.crazygames.com/game/asteroid-breaker-ezu,asteroidbreaker
1797,Doodle Smash,other,0.0011,1,crazygames,2026,705573,,,,,,,,,,0.0093,0.0,0.0,0.0,0.0,0.0,0.0,0.0,0.0,0.0,,https://www.crazygames.com/game/doodle-smash,doodlesmash
1798,Daily Puzzle,other,0.0011,1,crazygames,2022,698050,,,,,,,,,,0.0092,0.0,0.0,0.0,0.0,0.0,0.0,0.0,0.0,0.0,,https://www.crazygames.com/game/daily-puzzle,dailypuzzle
1799,Basketball Clash,other,0.0011,1,crazygames,2023,697572,,,,,,,,,,0.0092,0.0,0.0,0.0,0.0,0.0,0.0,0.0,0.0,0.0,,https://www.crazygames.com/game/basketball-clash,basketballclash
1800,Money Factory: Tycoon Idle Game,idle_clicker,0.0011,1,crazygames,2025,696731,,,,,,,,,,0.0092,0.0,0.0,0.0,0.0,0.0,0.0,0.0,0.0,0.0,,https://www.crazygames.com/game/money-factory-tycoon-idle-game,moneyfactory
1801,Golf Mania,mini_golf,0.0011,1,crazygames,2025,696264,,,,,,,,,,0.0092,0.0,0.0,0.0,0.0,0.0,0.0,0.0,0.0,0.0,,https://www.crazygames.com/game/golf-mania,golfmania
1802,Cubes 2048 Royale,io_eat_grow,0.0011,1,crazygames,2025,691875,,,,,,,,,,0.0092,0.0,0.0,0.0,0.0,0.0,0.0,0.0,0.0,0.0,,https://www.crazygames.com/game/cubes-2048-royale,cubesroyale
1803,Idle Saga,idle_clicker,0.0011,1,crazygames,2025,691535,,,,,,,,,,0.0092,0.0,0.0,0.0,0.0,0.0,0.0,0.0,0.0,0.0,,https://www.crazygames.com/game/idle-saga,idlesaga
1804,Stickman Weapon Master,other,0.0011,1,crazygames,2025,690584,,,,,,,,,,0.0091,0.0,0.0,0.0,0.0,0.0,0.0,0.0,0.0,0.0,,https://www.crazygames.com/game/stickman-weapon-master,stickmanweaponmaster
1805,7a0 - World Cup Simulator,other,0.0011,1,crazygames,,688317,,,,,,,,,,0.0091,0.0,0.0,0.0,0.0,0.0,0.0,0.0,0.0,0.0,,https://www.crazygames.com/game/7-0-cup-run,7a
1806,circloO,other,0.0011,1,crazygames,2018,688037,,,,,,,,,,0.0091,0.0,0.0,0.0,0.0,0.0,0.0,0.0,0.0,0.0,,https://www.crazygames.com/game/circloo,circloo
1807,Basketball League,other,0.0011,1,crazygames,2023,688008,,,,,,,,,,0.0091,0.0,0.0,0.0,0.0,0.0,0.0,0.0,0.0,0.0,,https://www.crazygames.com/game/basketball-league,basketballleague
1808,Bloons Tower Defense 4 Expansion,tower_defense,0.0011,1,crazygames,2014,687317,,,,,,,,,,0.0091,0.0,0.0,0.0,0.0,0.0,0.0,0.0,0.0,0.0,,https://www.crazygames.com/game/bloons-tower-defense-4-expansion,bloonstowerdefense4expansion
1809,Flying Wings HoverCraft,sandbox_voxel,0.0011,1,crazygames,2021,685152,,,,,,,,,,0.0091,0.0,0.0,0.0,0.0,0.0,0.0,0.0,0.0,0.0,,https://www.crazygames.com/game/flying-wings-hovercraft,flyingwingshovercraft
1810,Tower Defense,tower_defense,0.0011,2,crazygames;kizi,2024,685076,,,,,,,,,,0.0091,0.0,0.0,0.0,0.0,0.0,0.0,0.0,0.0,0.0,Tower Defense - Alien Invasion / Tower Defense.io,https://www.crazygames.com/game/tower-defense,towerdefense
1811,Slenderman VS Freddy The Fazbear,other,0.0011,1,crazygames,2018,684968,,,,,,,,,,0.0091,0.0,0.0,0.0,0.0,0.0,0.0,0.0,0.0,0.0,,https://www.crazygames.com/game/slenderman-vs-freddy-the-fazbear,slendermanvsfreddythefazbear
1812,My Chicken Farm,other,0.0011,1,crazygames,2022,684586,,,,,,,,,,0.0091,0.0,0.0,0.0,0.0,0.0,0.0,0.0,0.0,0.0,,https://www.crazygames.com/game/my-chicken-farm,mychickenfarm
1813,AFK Dungeon: Idle Action RPG,idle_clicker,0.0011,1,crazygames,2025,683747,,,,,,,,,,0.0091,0.0,0.0,0.0,0.0,0.0,0.0,0.0,0.0,0.0,,https://www.crazygames.com/game/afk-dungeon-zaq,afkdungeon
1814,Cube Commander,other,0.0011,1,crazygames,2023,678701,,,,,,,,,,0.009,0.0,0.0,0.0,0.0,0.0,0.0,0.0,0.0,0.0,,https://www.crazygames.com/game/cube-commander,cubecommander
1815,Celtic Mahjong Solitaire,classic_board_card,0.0011,1,crazygames,2021,678690,,,,,,,,,,0.009,0.0,0.0,0.0,0.0,0.0,0.0,0.0,0.0,0.0,,https://www.crazygames.com/game/celtic-mahjong-solitaire,celticmahjongsolitaire
1816,Legend Of Fireball,other,0.0011,1,crazygames,2025,678116,,,,,,,,,,0.009,0.0,0.0,0.0,0.0,0.0,0.0,0.0,0.0,0.0,,https://www.crazygames.com/game/legend-of-fireball-mpp,legendoffireball
1817,Daily Kitchen Escape,other,0.0011,1,crazygames,2025,677936,,,,,,,,,,0.009,0.0,0.0,0.0,0.0,0.0,0.0,0.0,0.0,0.0,,https://www.crazygames.com/game/daily-kitchen-escape,dailykitchenescape
1818,Epic Racing - Descent on Cars,car_stunt_drift,0.0011,1,crazygames,2025,676702,,,,,,,,,,0.009,0.0,0.0,0.0,0.0,0.0,0.0,0.0,0.0,0.0,,https://www.crazygames.com/game/epic-racing---descent-on-cars,epicracing
1819,Dirt Bike Mad Skills,bike_trials,0.0011,1,crazygames,2023,676155,,,,,,,,,,0.009,0.0,0.0,0.0,0.0,0.0,0.0,0.0,0.0,0.0,,https://www.crazygames.com/game/dirt-bike-mad-skills,dirtbikemadskills
1820,Survival Zone Zombie Outbreak,other,0.0011,1,crazygames,2026,675819,,,,,,,,,,0.009,0.0,0.0,0.0,0.0,0.0,0.0,0.0,0.0,0.0,,https://www.crazygames.com/game/survival-zone-zombie-outbreak,survivalzonezombieoutbreak
1821,Cat Bakery,time_mgmt_cooking,0.001,1,crazygames,2024,669827,,,,,,,,,,0.0089,0.0,0.0,0.0,0.0,0.0,0.0,0.0,0.0,0.0,,https://www.crazygames.com/game/cat-bakery,catbakery
1822,C-Virus Game: Outbreak,other,0.001,1,crazygames,2020,669622,,,,,,,,,,0.0089,0.0,0.0,0.0,0.0,0.0,0.0,0.0,0.0,0.0,,https://www.crazygames.com/game/c-virus-game-outbreak,cvirus
1823,Seeing Things,other,0.001,1,crazygames,2024,658202,,,,,,,,,,0.0087,0.0,0.0,0.0,0.0,0.0,0.0,0.0,0.0,0.0,,https://www.crazygames.com/game/seeing-things,seeingthings
1824,Pixel Hero Warfare,other,0.001,1,crazygames,2018,657110,,,,,,,,,,0.0087,0.0,0.0,0.0,0.0,0.0,0.0,0.0,0.0,0.0,,https://www.crazygames.com/game/pixel-hero-warfare,pixelherowarfare
1825,Red Stickman vs Monster School,other,0.001,1,crazygames,2022,654957,,,,,,,,,,0.0087,0.0,0.0,0.0,0.0,0.0,0.0,0.0,0.0,0.0,,https://www.crazygames.com/game/red-stickman-vs-monster-school,redstickmanvsmonsterschool
1826,Fantasy Online 2,other,0.001,1,crazygames,2025,653698,,,,,,,,,,0.0087,0.0,0.0,0.0,0.0,0.0,0.0,0.0,0.0,0.0,,https://www.crazygames.com/game/fantasy-online-2,fantasy
1827,Pool Hustlers,pool_billiards,0.001,1,crazygames,2024,652905,,,,,,,,,,0.0087,0.0,0.0,0.0,0.0,0.0,0.0,0.0,0.0,0.0,,https://www.crazygames.com/game/pool-hustlers,poolhustlers
1828,Immortals Revenge,other,0.001,1,crazygames,2025,652593,,,,,,,,,,0.0086,0.0,0.0,0.0,0.0,0.0,0.0,0.0,0.0,0.0,,https://www.crazygames.com/game/immortals-revenge,immortalsrevenge
1829,Nuclear Day,other,0.001,1,crazygames,2025,651780,,,,,,,,,,0.0086,0.0,0.0,0.0,0.0,0.0,0.0,0.0,0.0,0.0,,https://www.crazygames.com/game/nuclear-day,nuclearday
1830,Keeper of the Grove 2,other,0.001,1,crazygames,2014,651683,,,,,,,,,,0.0086,0.0,0.0,0.0,0.0,0.0,0.0,0.0,0.0,0.0,,https://www.crazygames.com/game/keeper-of-the-grove-2,keeperofthegrove
1831,Supply Chain Idle,idle_clicker,0.001,1,crazygames,2018,651246,,,,,,,,,,0.0086,0.0,0.0,0.0,0.0,0.0,0.0,0.0,0.0,0.0,,https://www.crazygames.com/game/supply-chain-idle,supplychainidle
1832,Casino Robbery,stealth_heist,0.001,1,crazygames,2023,648469,,,,,,,,,,0.0086,0.0,0.0,0.0,0.0,0.0,0.0,0.0,0.0,0.0,,https://www.crazygames.com/game/casino-robbery,casinorobbery
1833,BMG: Ragdoll Playground,ragdoll_gore_course,0.001,1,crazygames,2026,643253,,,,,,,,,,0.0085,0.0,0.0,0.0,0.0,0.0,0.0,0.0,0.0,0.0,,https://www.crazygames.com/game/bmg-ragdoll-playground,bmg
1834,Bloons,tower_defense,0.001,1,crazygames,,642797,,,,,,,,,,0.0085,0.0,0.0,0.0,0.0,0.0,0.0,0.0,0.0,0.0,,https://www.crazygames.com/game/bloons,bloons
1835,Stronghold Dude,other,0.001,1,crazygames,2025,641926,,,,,,,,,,0.0085,0.0,0.0,0.0,0.0,0.0,0.0,0.0,0.0,0.0,,https://www.crazygames.com/game/stronghold-dude,strongholddude
1836,Xtreme Traffic Racing,car_stunt_drift,0.001,1,crazygames,2024,641241,,,,,,,,,,0.0085,0.0,0.0,0.0,0.0,0.0,0.0,0.0,0.0,0.0,,https://www.crazygames.com/game/racing-unlimited,xtremetrafficracing
1837,Find Joe: Unsolved Mystery,other,0.001,1,crazygames,2025,640805,,,,,,,,,,0.0085,0.0,0.0,0.0,0.0,0.0,0.0,0.0,0.0,0.0,Find Joe: Secret of The Stones,https://www.crazygames.com/game/find-joe-secret-of-the-stones,findjoe
1838,Sniper Team 3,io_arena_shooter,0.001,1,crazygames,2025,638389,,,,,,,,,,0.0085,0.0,0.0,0.0,0.0,0.0,0.0,0.0,0.0,0.0,,https://www.crazygames.com/game/sniper-team-3,sniperteam
1839,Find The Cow,classic_board_card,0.001,1,crazygames,2026,637112,,,,,,,,,,0.0084,0.0,0.0,0.0,0.0,0.0,0.0,0.0,0.0,0.0,,https://www.crazygames.com/game/find-the-cow-lqn,findthecow
1840,Obby with Friends Online,rbx_reverse,0.001,1,crazygames,2025,621856,,,,,,,,,,0.0082,0.0,0.0,0.0,0.0,0.0,0.0,0.0,0.0,0.0,,https://www.crazygames.com/game/obby-with-friends-online,obbywithfriends
1841,Mahjong 3D Classic,classic_board_card,0.001,1,crazygames,2022,621595,,,,,,,,,,0.0082,0.0,0.0,0.0,0.0,0.0,0.0,0.0,0.0,0.0,,https://www.crazygames.com/game/mahjong-3d-classic,mahjong3d
1842,Laundry Rush,other,0.001,1,crazygames,2023,620683,,,,,,,,,,0.0082,0.0,0.0,0.0,0.0,0.0,0.0,0.0,0.0,0.0,,https://www.crazygames.com/game/laundry-rush,laundryrush
1843,Stickman Tower Defense Idle 3D,tower_defense,0.001,1,crazygames,2025,611825,,,,,,,,,,0.0081,0.0,0.0,0.0,0.0,0.0,0.0,0.0,0.0,0.0,,https://www.crazygames.com/game/stickman-tower-defense-idle-3d,stickmantowerdefenseidle3d
1844,Doors: Paradox,other,0.001,1,crazygames,2022,610178,,,,,,,,,,0.0081,0.0,0.0,0.0,0.0,0.0,0.0,0.0,0.0,0.0,,https://www.crazygames.com/game/doors-paradox,doors
1845,The Farmers,fishing_timing,0.0009,1,crazygames,2025,608565,,,,,,,,,,0.0081,0.0,0.0,0.0,0.0,0.0,0.0,0.0,0.0,0.0,,https://www.crazygames.com/game/the-farmers,thefarmers
1846,Cursed Treasure Level Pack,tower_defense,0.0009,1,crazygames,2019,605930,,,,,,,,,,0.008,0.0,0.0,0.0,0.0,0.0,0.0,0.0,0.0,0.0,,https://www.crazygames.com/game/cursed-treasure-level-pack,cursedtreasurelevelpack
1847,Horror Room: Scary Hotel Tycoon,idle_clicker,0.0009,1,crazygames,2024,604370,,,,,,,,,,0.008,0.0,0.0,0.0,0.0,0.0,0.0,0.0,0.0,0.0,,https://www.crazygames.com/game/horror-room-scary-hotel-tycoon,horrorroom
1848,No Limits: Drag Racing,car_stunt_drift,0.0009,1,crazygames,2025,602559,,,,,,,,,,0.008,0.0,0.0,0.0,0.0,0.0,0.0,0.0,0.0,0.0,,https://www.crazygames.com/game/no-limits-drag-racing,nolimits
1849,Vault Room Escape,other,0.0009,1,crazygames,2025,601097,,,,,,,,,,0.008,0.0,0.0,0.0,0.0,0.0,0.0,0.0,0.0,0.0,,https://www.crazygames.com/game/vault-room-escape,vaultroomescape
1850,MotoGP: Motocross Race,other,0.0009,1,crazygames,2024,601001,,,,,,,,,,0.008,0.0,0.0,0.0,0.0,0.0,0.0,0.0,0.0,0.0,,https://www.crazygames.com/game/motogp-motocross-race,motogp
1851,Goober Royale,other,0.0009,1,crazygames,2024,598716,,,,,,,,,,0.0079,0.0,0.0,0.0,0.0,0.0,0.0,0.0,0.0,0.0,,https://www.crazygames.com/game/goober-royale,gooberroyale
1852,Drift Tycoon,idle_clicker,0.0009,1,crazygames,2026,595875,,,,,,,,,,0.0079,0.0,0.0,0.0,0.0,0.0,0.0,0.0,0.0,0.0,,https://www.crazygames.com/game/drift-tycoon,drifttycoon
1853,Magic School,other,0.0009,1,crazygames,2026,594838,,,,,,,,,,0.0079,0.0,0.0,0.0,0.0,0.0,0.0,0.0,0.0,0.0,,https://www.crazygames.com/game/magic-school,magicschool
1854,Dreamy Bike Makeover,dress_up_makeover,0.0009,1,y8,,,,,,207153,,,,,,0.0,0.0,0.0,0.0,0.0079,0.0,0.0,0.0,0.0,0.0,,https://www.y8.com/games/dreamy_bike_makeover,dreamybikemakeover
1855,Train Miner,other,0.0009,1,crazygames,2026,592879,,,,,,,,,,0.0079,0.0,0.0,0.0,0.0,0.0,0.0,0.0,0.0,0.0,,https://www.crazygames.com/game/train-miner,trainminer
1856,Caveman Life,other,0.0009,1,crazygames,2025,592797,,,,,,,,,,0.0079,0.0,0.0,0.0,0.0,0.0,0.0,0.0,0.0,0.0,,https://www.crazygames.com/game/caveman-life,cavemanlife
1857,Ultimate Night Racing,car_stunt_drift,0.0009,1,crazygames,2022,588362,,,,,,,,,,0.0078,0.0,0.0,0.0,0.0,0.0,0.0,0.0,0.0,0.0,,https://www.crazygames.com/game/ultimate-night-racing,ultimatenightracing
1858,Racing Empire,car_stunt_drift,0.0009,1,crazygames,2024,586729,,,,,,,,,,0.0078,0.0,0.0,0.0,0.0,0.0,0.0,0.0,0.0,0.0,,https://www.crazygames.com/game/racing-empire,racingempire
1859,Horror Nights Story,horror_escape,0.0009,1,crazygames,2019,586688,,,,,,,,,,0.0078,0.0,0.0,0.0,0.0,0.0,0.0,0.0,0.0,0.0,,https://www.crazygames.com/game/horror-nights-story,horrornightsstory
1860,Blackforest Maker,other,0.0009,1,y8,,,,,,203612,,,,,,0.0,0.0,0.0,0.0,0.0077,0.0,0.0,0.0,0.0,0.0,,https://www.y8.com/games/blackforest_maker,blackforestmaker
1861,Mahjong Puzzle: Tile Match,classic_board_card,0.0009,2,crazygames;playgama,2025,581019,,,,,,,,,,0.0077,0.0,0.0,0.0,0.0,0.0,0.0,0.0,0.0,0.0,,https://www.crazygames.com/game/mahjong-puzzle-tile-match,mahjongpuzzle
1862,Evolution Animals +1,other,0.0009,1,crazygames,2026,581010,,,,,,,,,,0.0077,0.0,0.0,0.0,0.0,0.0,0.0,0.0,0.0,0.0,,https://www.crazygames.com/game/evolution-animals-1,evolutionanimals
1863,Tunnel Runner,endless_runner,0.0009,1,crazygames,2021,580583,,,,,,,,,,0.0077,0.0,0.0,0.0,0.0,0.0,0.0,0.0,0.0,0.0,,https://www.crazygames.com/game/tunnel-runner,tunnelrunner
1864,Obby Tycoon Build the City,rbx_reverse,0.0009,1,crazygames,2025,579544,,,,,,,,,,0.0077,0.0,0.0,0.0,0.0,0.0,0.0,0.0,0.0,0.0,,https://www.crazygames.com/game/obby-tycoon-build-the-city,obbytycoonbuildthecity
1865,Traffic Racer,car_stunt_drift,0.0009,1,crazygames,2026,579144,,,,,,,,,,0.0077,0.0,0.0,0.0,0.0,0.0,0.0,0.0,0.0,0.0,,https://www.crazygames.com/game/traffic-racer-sxc,trafficracer
1866,International Cup Football 2026,other,0.0009,1,crazygames,2026,578858,,,,,,,,,,0.0077,0.0,0.0,0.0,0.0,0.0,0.0,0.0,0.0,0.0,,https://www.crazygames.com/game/international-cup-football-2026,internationalcupfootball
1867,Punchy Race,other,0.0009,1,crazygames,2025,578223,,,,,,,,,,0.0077,0.0,0.0,0.0,0.0,0.0,0.0,0.0,0.0,0.0,,https://www.crazygames.com/game/punchy-race,punchyrace
1868,Obby & Dead River,rbx_reverse,0.0009,1,crazygames,2025,576031,,,,,,,,,,0.0076,0.0,0.0,0.0,0.0,0.0,0.0,0.0,0.0,0.0,,https://www.crazygames.com/game/obby-dead-river,obbydeadriver
1869,Infected Days,other,0.0009,1,crazygames,2021,574316,,,,,,,,,,0.0076,0.0,0.0,0.0,0.0,0.0,0.0,0.0,0.0,0.0,,https://www.crazygames.com/game/infected-days,infecteddays
1870,You Are Being Watched,other,0.0009,1,crazygames,2023,573920,,,,,,,,,,0.0076,0.0,0.0,0.0,0.0,0.0,0.0,0.0,0.0,0.0,,https://www.crazygames.com/game/you-are-being-watched---horror-game,youarebeingwatched
1871,Extreme Bike Driving,other,0.0009,1,crazygames,2026,573234,,,,,,,,,,0.0076,0.0,0.0,0.0,0.0,0.0,0.0,0.0,0.0,0.0,,https://www.crazygames.com/game/crazy-bike-simulator,extremebikedriving
1872,9 Ball Pool Online Multiplayer,pool_billiards,0.0009,1,crazygames,2026,570850,,,,,,,,,,0.0076,0.0,0.0,0.0,0.0,0.0,0.0,0.0,0.0,0.0,9 Ball Pool,https://www.crazygames.com/game/9-ball-pool-online-multiplayer,9ballpool
1873,Space.io,other,0.0009,1,crazygames,2025,569393,,,,,,,,,,0.0075,0.0,0.0,0.0,0.0,0.0,0.0,0.0,0.0,0.0,,https://www.crazygames.com/game/space-io-vft,space
1874,Wood Blocks Jam,classic_board_card,0.0009,1,crazygames,2025,565311,,,,,,,,,,0.0075,0.0,0.0,0.0,0.0,0.0,0.0,0.0,0.0,0.0,,https://www.crazygames.com/game/wood-blocks-jam,woodblocksjam
1875,Penalty Shooter: Soccer Cup 2026,io_arena_shooter,0.0009,1,y8,,,,,,196690,,,,,,0.0,0.0,0.0,0.0,0.0075,0.0,0.0,0.0,0.0,0.0,,https://www.y8.com/games/penalty_shooter_soccer_cup_2026,penaltyshooter
1876,Billiard Hustlers,pool_billiards,0.0009,1,y8,,,,,,196502,,,,,,0.0,0.0,0.0,0.0,0.0075,0.0,0.0,0.0,0.0,0.0,,https://www.y8.com/games/billiard_hustlers,billiardhustlers
1877,Zombie Raft,other,0.0009,1,crazygames,2023,560747,,,,,,,,,,0.0074,0.0,0.0,0.0,0.0,0.0,0.0,0.0,0.0,0.0,,https://www.crazygames.com/game/zombie-raft,zombieraft
1878,Evo Gears,other,0.0009,1,crazygames,2025,559496,,,,,,,,,,0.0074,0.0,0.0,0.0,0.0,0.0,0.0,0.0,0.0,0.0,,https://www.crazygames.com/game/evo-gears,evogears
1879,Pirates of the Caribbean: ToW,other,0.0009,1,crazygames,2025,558975,,,,,,,,,,0.0074,0.0,0.0,0.0,0.0,0.0,0.0,0.0,0.0,0.0,,https://www.crazygames.com/game/pirates-of-the-caribbean-tow,piratesofthecaribbean
1880,Think to Escape,other,0.0009,1,crazygames,2022,556947,,,,,,,,,,0.0074,0.0,0.0,0.0,0.0,0.0,0.0,0.0,0.0,0.0,,https://www.crazygames.com/game/think-to-escape,thinktoescape
1881,Maxwell Clicker,idle_clicker,0.0009,1,crazygames,2023,556470,,,,,,,,,,0.0074,0.0,0.0,0.0,0.0,0.0,0.0,0.0,0.0,0.0,,https://www.crazygames.com/game/maxwell-clicker,maxwellclicker
1882,The Best Russian Billiards,car_stunt_drift,0.0009,1,crazygames,2023,556436,,,,,,,,,,0.0074,0.0,0.0,0.0,0.0,0.0,0.0,0.0,0.0,0.0,,https://www.crazygames.com/game/the-best-russian-billiards,thebestrussianbilliards
1883,Plant vs Zombies War,other,0.0009,1,y8,,,,,,192801,,,,,,0.0,0.0,0.0,0.0,0.0073,0.0,0.0,0.0,0.0,0.0,,https://www.y8.com/games/plant_vs_zombies_war,plantvszombieswar
1884,Troll Face Quest: Video Memes and Tv Shows: Part 2,troll_platformer,0.0009,1,y8,,,,,,191587,,,,,,0.0,0.0,0.0,0.0,0.0073,0.0,0.0,0.0,0.0,0.0,,https://www.y8.com/games/troll_face_quest_video_memes_and_tv_shows_part_2,trollfacequest
1885,Marina Fever Tycoon,idle_clicker,0.0009,1,crazygames,2023,547906,,,,,,,,,,0.0073,0.0,0.0,0.0,0.0,0.0,0.0,0.0,0.0,0.0,,https://www.crazygames.com/game/marina-fever-tycoon,marinafevertycoon
1886,Supermarket Empire,time_mgmt_cooking,0.0008,1,crazygames,2023,544837,,,,,,,,,,0.0072,0.0,0.0,0.0,0.0,0.0,0.0,0.0,0.0,0.0,,https://www.crazygames.com/game/supermarket-empire,supermarketempire
1887,Knight Hero 2 Revenge Idle RPG,idle_clicker,0.0008,1,crazygames,2024,541896,,,,,,,,,,0.0072,0.0,0.0,0.0,0.0,0.0,0.0,0.0,0.0,0.0,,https://www.crazygames.com/game/knight-hero-2-revenge-idle-rpg,knighthero2revengeidlerpg
1888,Omega Layers,other,0.0008,1,crazygames,2020,541373,,,,,,,,,,0.0072,0.0,0.0,0.0,0.0,0.0,0.0,0.0,0.0,0.0,,https://www.crazygames.com/game/omega-layers,omegalayers
1889,Gun Hero: Cat Survival,other,0.0008,1,crazygames,2026,540500,,,,,,,,,,0.0072,0.0,0.0,0.0,0.0,0.0,0.0,0.0,0.0,0.0,,https://www.crazygames.com/game/gun-hero-cat-survival,gunhero
1890,Beam,other,0.0008,1,crazygames,2020,538160,,,,,,,,,,0.0071,0.0,0.0,0.0,0.0,0.0,0.0,0.0,0.0,0.0,,https://www.crazygames.com/game/beam,beam
1891,Ragdoll Fight,other,0.0008,1,crazygames,2023,536359,,,,,,,,,,0.0071,0.0,0.0,0.0,0.0,0.0,0.0,0.0,0.0,0.0,,https://www.crazygames.com/game/ragdoll-fight,ragdollfight
1892,Jump to Sky: 3D Parkour,io_arena_shooter,0.0008,1,crazygames,2022,533248,,,,,,,,,,0.0071,0.0,0.0,0.0,0.0,0.0,0.0,0.0,0.0,0.0,,https://www.crazygames.com/game/jump-to-sky-3d-parcour,jumptosky
1893,Bad Egg,other,0.0008,1,crazygames,2023,532492,,,,,,,,,,0.0071,0.0,0.0,0.0,0.0,0.0,0.0,0.0,0.0,0.0,,https://www.crazygames.com/game/bad-egg,badegg
1894,Horse Racing Derby Quest,car_stunt_drift,0.0008,1,crazygames,2019,531578,,,,,,,,,,0.007,0.0,0.0,0.0,0.0,0.0,0.0,0.0,0.0,0.0,,https://www.crazygames.com/game/horse-racing-derby-quest,horseracingderbyquest
1895,Lucky Tower,other,0.0008,1,crazygames,2021,530325,,,,,,,,,,0.007,0.0,0.0,0.0,0.0,0.0,0.0,0.0,0.0,0.0,,https://www.crazygames.com/game/lucky-tower,luckytower
1896,Aim Trainer Idle,idle_clicker,0.0008,1,crazygames,2022,528851,,,,,,,,,,0.007,0.0,0.0,0.0,0.0,0.0,0.0,0.0,0.0,0.0,,https://www.crazygames.com/game/aim-trainer-idle,aimtraineridle
1897,Egg Folks Multiplayer,other,0.0008,1,crazygames,2025,526374,,,,,,,,,,0.007,0.0,0.0,0.0,0.0,0.0,0.0,0.0,0.0,0.0,,https://www.crazygames.com/game/egg-folks-multiplayer,eggfolks
1898,SSSPICY!,other,0.0008,1,crazygames,2022,525632,,,,,,,,,,0.007,0.0,0.0,0.0,0.0,0.0,0.0,0.0,0.0,0.0,,https://www.crazygames.com/game/ssspicy,ssspicy
1899,Crazy Combat,other,0.0008,1,crazygames,2023,522822,,,,,,,,,,0.0069,0.0,0.0,0.0,0.0,0.0,0.0,0.0,0.0,0.0,,https://www.crazygames.com/game/crazy-combat,crazycombat
1900,Endacopia,other,0.0008,1,crazygames,2022,521219,,,,,,,,,,0.0069,0.0,0.0,0.0,0.0,0.0,0.0,0.0,0.0,0.0,,https://www.crazygames.com/game/endacopia,endacopia
1901,Sniper Attack 3D: Shooting War,io_arena_shooter,0.0008,1,crazygames,2023,519266,,,,,,,,,,0.0069,0.0,0.0,0.0,0.0,0.0,0.0,0.0,0.0,0.0,,https://www.crazygames.com/game/sniper-attack-3d-shooting-war,sniperattack3d
1902,Card Solitaire: Word Game,classic_board_card,0.0008,1,crazygames,2025,519037,,,,,,,,,,0.0069,0.0,0.0,0.0,0.0,0.0,0.0,0.0,0.0,0.0,,https://www.crazygames.com/game/card-solitaire-word-game,cardsolitaire
1903,Escape from Vlogger: Runaway,other,0.0008,1,crazygames,2026,516605,,,,,,,,,,0.0068,0.0,0.0,0.0,0.0,0.0,0.0,0.0,0.0,0.0,,https://www.crazygames.com/game/escape-from-vlogger-runaway,escapefromvlogger
1904,Suez Canal Training Simulator,other,0.0008,1,crazygames,2021,511138,,,,,,,,,,0.0068,0.0,0.0,0.0,0.0,0.0,0.0,0.0,0.0,0.0,,https://www.crazygames.com/game/suez-canal-training-simulator,suezcanaltrainingsimulator
1905,Drunk-Fu: Wasted Masters,other,0.0008,1,crazygames,2017,509484,,,,,,,,,,0.0067,0.0,0.0,0.0,0.0,0.0,0.0,0.0,0.0,0.0,,https://www.crazygames.com/game/drunk-fu-wasted-masters,drunkfu
1906,Flying Bat Robot Car Transform Game,other,0.0008,1,crazygames,2024,508517,,,,,,,,,,0.0067,0.0,0.0,0.0,0.0,0.0,0.0,0.0,0.0,0.0,,https://www.crazygames.com/game/flying-bat-robot-car-transform-game,flyingbatrobotcartransform
1907,Annoying Uncle Punch Game,other,0.0008,1,crazygames,2026,506424,,,,,,,,,,0.0067,0.0,0.0,0.0,0.0,0.0,0.0,0.0,0.0,0.0,,https://www.crazygames.com/game/annoying-uncle-punch-game,annoyingunclepunch
1908,Portal Of Doom: Undead Rising,other,0.0008,1,crazygames,2018,506158,,,,,,,,,,0.0067,0.0,0.0,0.0,0.0,0.0,0.0,0.0,0.0,0.0,,https://www.crazygames.com/game/portal-of-doom-undead-rising,portalofdoom
1909,Sand Blocks,other,0.0008,1,crazygames,2026,505857,,,,,,,,,,0.0067,0.0,0.0,0.0,0.0,0.0,0.0,0.0,0.0,0.0,,https://www.crazygames.com/game/sand-blocks,sandblocks
1910,Dino World: Merge & Fight,merge_drop,0.0008,1,crazygames,2023,498650,,,,,,,,,,0.0066,0.0,0.0,0.0,0.0,0.0,0.0,0.0,0.0,0.0,,https://www.crazygames.com/game/dino-world-merge-fight,dinoworld
1911,Las Vegas Poker,other,0.0008,1,crazygames,2026,497851,,,,,,,,,,0.0066,0.0,0.0,0.0,0.0,0.0,0.0,0.0,0.0,0.0,,https://www.crazygames.com/game/las-vegas-poker,lasvegaspoker
1912,Burnout Racers,car_stunt_drift,0.0008,1,crazygames,2024,495689,,,,,,,,,,0.0066,0.0,0.0,0.0,0.0,0.0,0.0,0.0,0.0,0.0,,https://www.crazygames.com/game/burnout-racers,burnoutracers
1913,Dr. Psycho: Hospital Escape,other,0.0008,1,crazygames,2023,495273,,,,,,,,,,0.0066,0.0,0.0,0.0,0.0,0.0,0.0,0.0,0.0,0.0,,https://www.crazygames.com/game/dr-psycho-hospital-escape,drpsycho
1914,Classic Card Games Collection,other,0.0008,1,crazygames,2024,494673,,,,,,,,,,0.0066,0.0,0.0,0.0,0.0,0.0,0.0,0.0,0.0,0.0,,https://www.crazygames.com/game/classic-card-games-collection,cardgamescollection
1915,Halloween Chainsaw Massacre,other,0.0008,1,crazygames,2022,494028,,,,,,,,,,0.0065,0.0,0.0,0.0,0.0,0.0,0.0,0.0,0.0,0.0,,https://www.crazygames.com/game/halloween-chainsaw-massacre,halloweenchainsawmassacre
1916,Vintage Escape,other,0.0008,1,crazygames,2022,488422,,,,,,,,,,0.0065,0.0,0.0,0.0,0.0,0.0,0.0,0.0,0.0,0.0,,https://www.crazygames.com/game/vintage-escape,vintageescape
1917,Tanuki Sunset,other,0.0008,1,crazygames,2019,484379,,,,,,,,,,0.0064,0.0,0.0,0.0,0.0,0.0,0.0,0.0,0.0,0.0,,https://www.crazygames.com/game/tanuki-sunset,tanukisunset
1918,Block Climber,other,0.0008,1,crazygames,2024,483632,,,,,,,,,,0.0064,0.0,0.0,0.0,0.0,0.0,0.0,0.0,0.0,0.0,,https://www.crazygames.com/game/block-climber,blockclimber
1919,Harvest.io – 3D Farming Arcade,other,0.0007,1,crazygames,2026,481120,,,,,,,,,,0.0064,0.0,0.0,0.0,0.0,0.0,0.0,0.0,0.0,0.0,,https://www.crazygames.com/game/harvest-io---3d-farming-arcade,harvest
1920,Digging Simulator: Hole Craft,sandbox_voxel,0.0007,1,crazygames,2026,479931,,,,,,,,,,0.0064,0.0,0.0,0.0,0.0,0.0,0.0,0.0,0.0,0.0,,https://www.crazygames.com/game/digging-simulator-hole-craft,diggingsimulator
1921,Bus Escape: Clear Jam,other,0.0007,1,crazygames,2026,477513,,,,,,,,,,0.0063,0.0,0.0,0.0,0.0,0.0,0.0,0.0,0.0,0.0,,https://www.crazygames.com/game/bus-escape-clear-jam,busescape
1922,Super Thief Auto,stealth_heist,0.0007,1,crazygames,2023,475016,,,,,,,,,,0.0063,0.0,0.0,0.0,0.0,0.0,0.0,0.0,0.0,0.0,,https://www.crazygames.com/game/super-thief-auto,superthiefauto
1923,Base Defence,other,0.0007,1,crazygames,2026,474738,,,,,,,,,,0.0063,0.0,0.0,0.0,0.0,0.0,0.0,0.0,0.0,0.0,,https://www.crazygames.com/game/base-defence,basedefence
1924,Kitchen Escape,other,0.0007,1,crazygames,2023,471862,,,,,,,,,,0.0063,0.0,0.0,0.0,0.0,0.0,0.0,0.0,0.0,0.0,,https://www.crazygames.com/game/kitchen-escape,kitchenescape
1925,Pixel Apocalypse: Infection Begin,other,0.0007,1,crazygames,2019,471464,,,,,,,,,,0.0062,0.0,0.0,0.0,0.0,0.0,0.0,0.0,0.0,0.0,,https://www.crazygames.com/game/pixel-apocalypse-infection-begin,pixelapocalypse
1926,Just One More Roll,other,0.0007,1,crazygames,2026,469949,,,,,,,,,,0.0062,0.0,0.0,0.0,0.0,0.0,0.0,0.0,0.0,0.0,,https://www.crazygames.com/game/just-one-more-roll,justonemoreroll
1927,Idle Space Business Tycoon,idle_clicker,0.0007,1,crazygames,2022,469863,,,,,,,,,,0.0062,0.0,0.0,0.0,0.0,0.0,0.0,0.0,0.0,0.0,,https://www.crazygames.com/game/idle-space-business-tycoon,idlespacebusinesstycoon
1928,+1 Brick Escape,rbx_reverse,0.0007,2,crazygames;playgama,2026,469497,,,,,,,,,,0.0062,0.0,0.0,0.0,0.0,0.0,0.0,0.0,0.0,0.0,+1 Brick Escape: Obby,https://www.crazygames.com/game/1-brick-escape,1brickescape
1929,Super Bowling Mania,other,0.0007,1,crazygames,2026,464094,,,,,,,,,,0.0061,0.0,0.0,0.0,0.0,0.0,0.0,0.0,0.0,0.0,,https://www.crazygames.com/game/super-bowling-mania,superbowlingmania
1930,Cat and Granny 2,horror_escape,0.0007,1,crazygames,2026,463187,,,,,,,,,,0.0061,0.0,0.0,0.0,0.0,0.0,0.0,0.0,0.0,0.0,,https://www.crazygames.com/game/cat-and-granny-2,catandgranny
1931,Adopt Your Pet Kitty,other,0.0007,1,y8,,,,,,161357,,,,,,0.0,0.0,0.0,0.0,0.0061,0.0,0.0,0.0,0.0,0.0,,https://www.y8.com/games/adopt_your_pet_kitty,adoptyourpetkitty
1932,Oil Digging,other,0.0007,1,crazygames,2023,461978,,,,,,,,,,0.0061,0.0,0.0,0.0,0.0,0.0,0.0,0.0,0.0,0.0,,https://www.crazygames.com/game/oil-digging,oildigging
1933,Clash of Skulls,other,0.0007,1,crazygames,2022,460394,,,,,,,,,,0.0061,0.0,0.0,0.0,0.0,0.0,0.0,0.0,0.0,0.0,,https://www.crazygames.com/game/clash-of-skulls,clashofskulls
1934,Penguin Restaurant,time_mgmt_cooking,0.0007,1,crazygames,2025,459590,,,,,,,,,,0.0061,0.0,0.0,0.0,0.0,0.0,0.0,0.0,0.0,0.0,,https://www.crazygames.com/game/penguin-restaurant-mge,penguinrestaurant
1935,Push.io,other,0.0007,1,crazygames,2025,458085,,,,,,,,,,0.0061,0.0,0.0,0.0,0.0,0.0,0.0,0.0,0.0,0.0,,https://www.crazygames.com/game/push-io,push
1936,Military Strike,other,0.0007,1,y8,,,,,,159355,,,,,,0.0,0.0,0.0,0.0,0.0061,0.0,0.0,0.0,0.0,0.0,,https://www.y8.com/games/military_strike,militarystrike
1937,Dragon,other,0.0007,2,crazygames;kizi,2023,456031,,,,,,,,,,0.006,0.0,0.0,0.0,0.0,0.0,0.0,0.0,0.0,0.0,Dragon.io,https://www.crazygames.com/game/dragon-io,dragon
1938,Orb of Creation,other,0.0007,1,crazygames,2021,455357,,,,,,,,,,0.006,0.0,0.0,0.0,0.0,0.0,0.0,0.0,0.0,0.0,,https://www.crazygames.com/game/orb-of-creation,orbofcreation
1939,Spirit Wars,other,0.0007,1,crazygames,2025,453276,,,,,,,,,,0.006,0.0,0.0,0.0,0.0,0.0,0.0,0.0,0.0,0.0,,https://www.crazygames.com/game/spirit-wars-2d,spiritwars
1940,Fashion Store: Shop Tycoon,idle_clicker,0.0007,1,crazygames,2024,452265,,,,,,,,,,0.006,0.0,0.0,0.0,0.0,0.0,0.0,0.0,0.0,0.0,,https://www.crazygames.com/game/fashion-store-shop-tycoon,fashionstore
1941,Stick Ragdoll Battle Simulator,other,0.0007,1,crazygames,2025,451208,,,,,,,,,,0.006,0.0,0.0,0.0,0.0,0.0,0.0,0.0,0.0,0.0,,https://www.crazygames.com/game/stick-ragdoll-battle-simulator,stickragdollbattlesimulator
1942,Traffic Jam: Hop On,parking_traffic_puzzle,0.0007,1,y8,,,,,,157243,,,,,,0.0,0.0,0.0,0.0,0.006,0.0,0.0,0.0,0.0,0.0,,https://www.y8.com/games/traffic_jam_hop_on,trafficjam
1943,Voxorp,other,0.0007,1,crazygames,2025,449527,,,,,,,,,,0.006,0.0,0.0,0.0,0.0,0.0,0.0,0.0,0.0,0.0,,https://www.crazygames.com/game/voxorp-bcz,voxorp
1944,Break a Lucky Egg Brainrots,rbx_reverse,0.0007,2,crazygames;playgama,2026,447591,,,,,,,,,,0.0059,0.0,0.0,0.0,0.0,0.0,0.0,0.0,0.0,0.0,,https://www.crazygames.com/game/break-a-lucky-egg-brainrots,breakaluckyeggbrainrots
1945,Monster Truck Demolition Derby,kart_battle,0.0007,1,crazygames,2024,445648,,,,,,,,,,0.0059,0.0,0.0,0.0,0.0,0.0,0.0,0.0,0.0,0.0,,https://www.crazygames.com/game/monster-truck-demolition-derby,monstertruckdemolitionderby
1946,Coffee Color Blocks,other,0.0007,1,crazygames,2026,444908,,,,,,,,,,0.0059,0.0,0.0,0.0,0.0,0.0,0.0,0.0,0.0,0.0,,https://www.crazygames.com/game/coffee-color-blocks,coffeecolorblocks
1947,Zoo Builder,other,0.0007,1,crazygames,2024,443023,,,,,,,,,,0.0059,0.0,0.0,0.0,0.0,0.0,0.0,0.0,0.0,0.0,,https://www.crazygames.com/game/idle-zoo-pcr,zoobuilder
1948,Dragons Merge: Battle Games,merge_drop,0.0007,1,crazygames,2025,442056,,,,,,,,,,0.0059,0.0,0.0,0.0,0.0,0.0,0.0,0.0,0.0,0.0,,https://www.crazygames.com/game/dragons-merge-battle-games,dragonsmerge
1949,Candy Packing Store,classic_board_card,0.0007,1,crazygames,2026,442054,,,,,,,,,,0.0059,0.0,0.0,0.0,0.0,0.0,0.0,0.0,0.0,0.0,,https://www.crazygames.com/game/candy-packing-store-yat,candypackingstore
1950,School Escape: Mr. MeanieHead!,other,0.0007,1,crazygames,2026,440026,,,,,,,,,,0.0058,0.0,0.0,0.0,0.0,0.0,0.0,0.0,0.0,0.0,,https://www.crazygames.com/game/school-escape-mr-meaniehead,schoolescape
1951,Destructors Online,other,0.0007,1,crazygames,2026,439974,,,,,,,,,,0.0058,0.0,0.0,0.0,0.0,0.0,0.0,0.0,0.0,0.0,,https://www.crazygames.com/game/destructors-online,destructors
1952,Samurai Legacy,other,0.0007,1,crazygames,2021,439223,,,,,,,,,,0.0058,0.0,0.0,0.0,0.0,0.0,0.0,0.0,0.0,0.0,,https://www.crazygames.com/game/samurai-legacy,samurailegacy
1953,Mahjong Gardens,classic_board_card,0.0007,1,crazygames,2021,438784,,,,,,,,,,0.0058,0.0,0.0,0.0,0.0,0.0,0.0,0.0,0.0,0.0,,https://www.crazygames.com/game/mahjong-gardens,mahjonggardens
1954,Alcatraz Prison Escape Plan,stealth_heist,0.0007,1,crazygames,2024,438023,,,,,,,,,,0.0058,0.0,0.0,0.0,0.0,0.0,0.0,0.0,0.0,0.0,,https://www.crazygames.com/game/alcatraz-prison-escape-plan,alcatrazprisonescapeplan
1955,Bad Baby Care,other,0.0007,1,y8,,,,,,150781,,,,,,0.0,0.0,0.0,0.0,0.0057,0.0,0.0,0.0,0.0,0.0,,https://www.y8.com/games/bad_baby_care,badbabycare
1956,Stickman Chameleon,other,0.0007,1,crazygames,2026,428695,,,,,,,,,,0.0057,0.0,0.0,0.0,0.0,0.0,0.0,0.0,0.0,0.0,,https://www.crazygames.com/game/stickman-chameleon,stickmanchameleon
1957,Idle Ants,idle_clicker,0.0007,1,crazygames,2019,428127,,,,,,,,,,0.0057,0.0,0.0,0.0,0.0,0.0,0.0,0.0,0.0,0.0,,https://www.crazygames.com/game/idle-ants,idleants
1958,Clash of Cakes,other,0.0007,1,crazygames,2019,427217,,,,,,,,,,0.0057,0.0,0.0,0.0,0.0,0.0,0.0,0.0,0.0,0.0,,https://www.crazygames.com/game/clash-of-cakes,clashofcakes
1959,Bff Homework,other,0.0007,1,y8,,,,,,148750,,,,,,0.0,0.0,0.0,0.0,0.0057,0.0,0.0,0.0,0.0,0.0,,https://www.y8.com/games/bff_homework,bffhomework
1960,Marble Race Creator,other,0.0007,1,crazygames,2022,426012,,,,,,,,,,0.0056,0.0,0.0,0.0,0.0,0.0,0.0,0.0,0.0,0.0,,https://www.crazygames.com/game/marble-race-creator,marbleracecreator
1961,Pizza Anomalies,time_mgmt_cooking,0.0007,1,crazygames,2026,425047,,,,,,,,,,0.0056,0.0,0.0,0.0,0.0,0.0,0.0,0.0,0.0,0.0,,https://www.crazygames.com/game/pizza-anomalies-tiu,pizzaanomalies
1962,Tetris Ultra,merge_drop,0.0007,1,y8,,,,,,147120,,,,,,0.0,0.0,0.0,0.0,0.0056,0.0,0.0,0.0,0.0,0.0,,https://www.y8.com/games/tetris_ultra,tetrisultra
1963,Ultimate Evolution,other,0.0007,1,crazygames,2026,419547,,,,,,,,,,0.0056,0.0,0.0,0.0,0.0,0.0,0.0,0.0,0.0,0.0,,https://www.crazygames.com/game/ultimate-evolution,ultimateevolution
1964,Road Master 3D,other,0.0007,1,crazygames,2024,418765,,,,,,,,,,0.0055,0.0,0.0,0.0,0.0,0.0,0.0,0.0,0.0,0.0,,https://www.crazygames.com/game/road-master,roadmaster3d
1965,2048 City Builder,merge_drop,0.0006,1,crazygames,2024,416738,,,,,,,,,,0.0055,0.0,0.0,0.0,0.0,0.0,0.0,0.0,0.0,0.0,,https://www.crazygames.com/game/2048-city-builder,citybuilder
1966,Speed Brazil,other,0.0006,1,crazygames,2019,414728,,,,,,,,,,0.0055,0.0,0.0,0.0,0.0,0.0,0.0,0.0,0.0,0.0,,https://www.crazygames.com/game/speed-brazil,speedbrazil
1967,Besties Chinese New Year Celebration,dress_up_makeover,0.0006,1,y8,,,,,,144255,,,,,,0.0,0.0,0.0,0.0,0.0055,0.0,0.0,0.0,0.0,0.0,,https://www.y8.com/games/besties_chinese_new_year_celebration,bestieschinesenewyearcelebration
1968,Dark Stones: Card Battle RPG,other,0.0006,1,crazygames,2025,412550,,,,,,,,,,0.0055,0.0,0.0,0.0,0.0,0.0,0.0,0.0,0.0,0.0,,https://www.crazygames.com/game/dark-stones-card-battle-rpg,darkstones
1969,Doctor Hero,other,0.0006,1,crazygames,2026,412386,,,,,,,,,,0.0055,0.0,0.0,0.0,0.0,0.0,0.0,0.0,0.0,0.0,,https://www.crazygames.com/game/dream-hospital-tycoon-doctor,doctorhero
1970,Resident Zombies: Horror Shooter,io_arena_shooter,0.0006,1,crazygames,2023,411130,,,,,,,,,,0.0054,0.0,0.0,0.0,0.0,0.0,0.0,0.0,0.0,0.0,,https://www.crazygames.com/game/resident-zombies---horror-shooter,residentzombies
1971,Railway Bridge,other,0.0006,1,crazygames,2026,408687,,,,,,,,,,0.0054,0.0,0.0,0.0,0.0,0.0,0.0,0.0,0.0,0.0,,https://www.crazygames.com/game/railway-bridge,railwaybridge
1972,Lunar Knight,other,0.0006,1,crazygames,2024,407777,,,,,,,,,,0.0054,0.0,0.0,0.0,0.0,0.0,0.0,0.0,0.0,0.0,,https://www.crazygames.com/game/lunar-knight,lunarknight
1973,Digit Shooter,io_arena_shooter,0.0006,1,y8,,,,,,141105,,,,,,0.0,0.0,0.0,0.0,0.0054,0.0,0.0,0.0,0.0,0.0,,https://www.y8.com/games/digit_shooter_webgl,digitshooter
1974,Cardlike,other,0.0006,1,crazygames,2026,403020,,,,,,,,,,0.0053,0.0,0.0,0.0,0.0,0.0,0.0,0.0,0.0,0.0,,https://www.crazygames.com/game/cardlike,cardlike
1975,Train Master,other,0.0006,1,crazygames,2022,399553,,,,,,,,,,0.0053,0.0,0.0,0.0,0.0,0.0,0.0,0.0,0.0,0.0,,https://www.crazygames.com/game/train-master,trainmaster
1976,Escape From Baby Robby!,rbx_reverse,0.0006,1,crazygames,2026,398527,,,,,,,,,,0.0053,0.0,0.0,0.0,0.0,0.0,0.0,0.0,0.0,0.0,,https://www.crazygames.com/game/escape-from-baby-bobby-cxs,escapefrombabyrobby
1977,Girly Goldy Black,other,0.0006,1,y8,,,,,,138795,,,,,,0.0,0.0,0.0,0.0,0.0053,0.0,0.0,0.0,0.0,0.0,,https://www.y8.com/games/girly_goldy_black,girlygoldyblack
1978,Jeff the Killer vs Slendrina,other,0.0006,1,crazygames,2019,397861,,,,,,,,,,0.0053,0.0,0.0,0.0,0.0,0.0,0.0,0.0,0.0,0.0,,https://www.crazygames.com/game/jeff-the-killer-vs-slendrina,jeffthekillervsslendrina
1979,Build A Plane,other,0.0006,1,crazygames,2026,394970,,,,,,,,,,0.0052,0.0,0.0,0.0,0.0,0.0,0.0,0.0,0.0,0.0,,https://www.crazygames.com/game/build-a-plane-xea,buildaplane
1980,Falling Fruits,other,0.0006,1,crazygames,2021,394644,,,,,,,,,,0.0052,0.0,0.0,0.0,0.0,0.0,0.0,0.0,0.0,0.0,,https://www.crazygames.com/game/falling-fruits,fallingfruits
1981,Boomng Car Crash,bomberman,0.0006,1,crazygames,2026,394269,,,,,,,,,,0.0052,0.0,0.0,0.0,0.0,0.0,0.0,0.0,0.0,0.0,,https://www.crazygames.com/game/boomng-car-crash,boomngcarcrash
1982,Insta K-Pop Look,other,0.0006,1,y8,,,,,,136735,,,,,,0.0,0.0,0.0,0.0,0.0052,0.0,0.0,0.0,0.0,0.0,,https://www.y8.com/games/insta_k-pop_look,instakpoplook
1983,Laqueus Chapter 1,other,0.0006,1,y8,,,,,,136272,,,,,,0.0,0.0,0.0,0.0,0.0052,0.0,0.0,0.0,0.0,0.0,,https://www.y8.com/games/laqueus_chapter_1,laqueuschapter
1984,Grass Defense,other,0.0006,1,crazygames,2025,389866,,,,,,,,,,0.0052,0.0,0.0,0.0,0.0,0.0,0.0,0.0,0.0,0.0,,https://www.crazygames.com/game/grass-defense-ugy,grassdefense
1985,Little Cabin in the Woods,other,0.0006,1,crazygames,2018,386593,,,,,,,,,,0.0051,0.0,0.0,0.0,0.0,0.0,0.0,0.0,0.0,0.0,,https://www.crazygames.com/game/little-cabin-in-the-woods-a-forgotten-hill-tale,littlecabininthewoods
1986,Sandbox: Particle World,other,0.0006,1,crazygames,2026,383765,,,,,,,,,,0.0051,0.0,0.0,0.0,0.0,0.0,0.0,0.0,0.0,0.0,,https://www.crazygames.com/game/sandbox-particle-world,sandbox
1987,Lucy’s Ville,other,0.0006,1,crazygames,2026,383554,,,,,,,,,,0.0051,0.0,0.0,0.0,0.0,0.0,0.0,0.0,0.0,0.0,,https://www.crazygames.com/game/lucy-s-ville-gsi,lucysville
1988,Build & Drive,other,0.0006,1,crazygames,2026,381030,,,,,,,,,,0.005,0.0,0.0,0.0,0.0,0.0,0.0,0.0,0.0,0.0,,https://www.crazygames.com/game/build-drive-jnh,builddrive
1989,Hyperspace Racers 3,car_stunt_drift,0.0006,1,crazygames,2022,380377,,,,,,,,,,0.005,0.0,0.0,0.0,0.0,0.0,0.0,0.0,0.0,0.0,,https://www.crazygames.com/game/hyperspace-racers-3,hyperspaceracers
1990,Eternal Road,other,0.0006,1,crazygames,2022,379988,,,,,,,,,,0.005,0.0,0.0,0.0,0.0,0.0,0.0,0.0,0.0,0.0,,https://www.crazygames.com/game/eternal-road,eternalroad
1991,Captains Idle,idle_clicker,0.0006,1,crazygames,2023,379934,,,,,,,,,,0.005,0.0,0.0,0.0,0.0,0.0,0.0,0.0,0.0,0.0,,https://www.crazygames.com/game/captains-idle,captainsidle
1992,The Box of Secrets,other,0.0006,1,crazygames,2022,375158,,,,,,,,,,0.005,0.0,0.0,0.0,0.0,0.0,0.0,0.0,0.0,0.0,,https://www.crazygames.com/game/the-box-of-secrets,theboxofsecrets
1993,Adversator,other,0.0006,1,crazygames,2019,373337,,,,,,,,,,0.0049,0.0,0.0,0.0,0.0,0.0,0.0,0.0,0.0,0.0,,https://www.crazygames.com/game/adversator,adversator
1994,RPG Idle Clicker,idle_clicker,0.0006,1,crazygames,2025,373022,,,,,,,,,,0.0049,0.0,0.0,0.0,0.0,0.0,0.0,0.0,0.0,0.0,,https://www.crazygames.com/game/rpg-idle-clicker-uzz,rpgidleclicker
1995,Miner Tycoon Big Dynamite,idle_clicker,0.0006,1,crazygames,2024,367356,,,,,,,,,,0.0049,0.0,0.0,0.0,0.0,0.0,0.0,0.0,0.0,0.0,,https://www.crazygames.com/game/miner-tycoon-big-dynamite,minertycoonbigdynamite
1996,Monsters' Wheels Special,other,0.0006,1,crazygames,2019,366964,,,,,,,,,,0.0049,0.0,0.0,0.0,0.0,0.0,0.0,0.0,0.0,0.0,,https://www.crazygames.com/game/monsters-wheels-special,monsterswheelsspecial
1997,Xeno Tactic,other,0.0006,1,crazygames,2021,364778,,,,,,,,,,0.0048,0.0,0.0,0.0,0.0,0.0,0.0,0.0,0.0,0.0,,https://www.crazygames.com/game/xeno-tactic,xenotactic
1998,I Am Not Infected!,other,0.0006,1,crazygames,2025,363253,,,,,,,,,,0.0048,0.0,0.0,0.0,0.0,0.0,0.0,0.0,0.0,0.0,,https://www.crazygames.com/game/i-am-not-infected,iamnotinfected
1999,Office Brawl - Room Smash,other,0.0006,1,crazygames,2025,362974,,,,,,,,,,0.0048,0.0,0.0,0.0,0.0,0.0,0.0,0.0,0.0,0.0,,https://www.crazygames.com/game/office-brawl---room-smash,officebrawl
2000,Duck Duck Clicker,idle_clicker,0.0006,1,crazygames,2025,362685,,,,,,,,,,0.0048,0.0,0.0,0.0,0.0,0.0,0.0,0.0,0.0,0.0,,https://www.crazygames.com/game/duck-duck-clicker-ixu,duckduckclicker
2001,Office Horror Story,horror_escape,0.0006,1,crazygames,2019,362133,,,,,,,,,,0.0048,0.0,0.0,0.0,0.0,0.0,0.0,0.0,0.0,0.0,,https://www.crazygames.com/game/office-horror-story,officehorrorstory
2002,Cubic Frontier: Zombie Robby,rbx_reverse,0.0006,1,crazygames,2024,361907,,,,,,,,,,0.0048,0.0,0.0,0.0,0.0,0.0,0.0,0.0,0.0,0.0,,https://www.crazygames.com/game/cubic-frontier-zombie-robby,cubicfrontier
2003,Tiny Cars,other,0.0006,1,crazygames,2026,361343,,,,,,,,,,0.0048,0.0,0.0,0.0,0.0,0.0,0.0,0.0,0.0,0.0,,https://www.crazygames.com/game/tiny-cars,tinycars
2004,Overtitans: Destroyers of Worlds,physics_destruction,0.0006,1,crazygames,2025,360220,,,,,,,,,,0.0048,0.0,0.0,0.0,0.0,0.0,0.0,0.0,0.0,0.0,,https://www.crazygames.com/game/overtitans-destroyers-of-worlds,overtitans
2005,Gear Factory,other,0.0006,1,crazygames,2026,357058,,,,,,,,,,0.0047,0.0,0.0,0.0,0.0,0.0,0.0,0.0,0.0,0.0,,https://www.crazygames.com/game/gear-factory,gearfactory
2006,cowz.io,other,0.0006,1,crazygames,2025,355617,,,,,,,,,,0.0047,0.0,0.0,0.0,0.0,0.0,0.0,0.0,0.0,0.0,,https://www.crazygames.com/game/cowz-io,cowz
2007,Merge Miner,merge_drop,0.0006,1,crazygames,2026,354350,,,,,,,,,,0.0047,0.0,0.0,0.0,0.0,0.0,0.0,0.0,0.0,0.0,,https://www.crazygames.com/game/merge-miner,mergeminer
2008,Gladiator: True Story,other,0.0006,1,crazygames,2021,354233,,,,,,,,,,0.0047,0.0,0.0,0.0,0.0,0.0,0.0,0.0,0.0,0.0,,https://www.crazygames.com/game/gladiator---true-story,gladiator
2009,Bathroom Escape,other,0.0005,1,crazygames,2022,352326,,,,,,,,,,0.0047,0.0,0.0,0.0,0.0,0.0,0.0,0.0,0.0,0.0,,https://www.crazygames.com/game/bathroom-escape,bathroomescape
2010,Test Drive Car Parking,parking_traffic_puzzle,0.0005,1,crazygames,2026,351689,,,,,,,,,,0.0047,0.0,0.0,0.0,0.0,0.0,0.0,0.0,0.0,0.0,,https://www.crazygames.com/game/test-drive-car-parking,testdrivecarparking
2011,Monster Christmas Terror,other,0.0005,1,crazygames,2020,350772,,,,,,,,,,0.0046,0.0,0.0,0.0,0.0,0.0,0.0,0.0,0.0,0.0,,https://www.crazygames.com/game/monster-christmas-terror,monsterchristmasterror
2012,Crazy Mechs,other,0.0005,1,crazygames,2023,350558,,,,,,,,,,0.0046,0.0,0.0,0.0,0.0,0.0,0.0,0.0,0.0,0.0,,https://www.crazygames.com/game/crazy-mechs,crazymechs
2013,Mecha Allstars Battle Royale,io_arena_shooter,0.0005,1,crazygames,2026,349084,,,,,,,,,,0.0046,0.0,0.0,0.0,0.0,0.0,0.0,0.0,0.0,0.0,,https://www.crazygames.com/game/mecha-allstars-battle-royale,mechaallstarsbattleroyale
2014,My Perfect Theme Park,helix_stack_tap,0.0005,1,crazygames,2026,345538,,,,,,,,,,0.0046,0.0,0.0,0.0,0.0,0.0,0.0,0.0,0.0,0.0,,https://www.crazygames.com/game/my-theme-park-hka,myperfectthemepark
2015,Lunar Atoms Tycoon,idle_clicker,0.0005,1,crazygames,2021,345350,,,,,,,,,,0.0046,0.0,0.0,0.0,0.0,0.0,0.0,0.0,0.0,0.0,,https://www.crazygames.com/game/lunar-atoms-tycoon,lunaratomstycoon
2016,One Among Zombies,other,0.0005,1,crazygames,2024,344924,,,,,,,,,,0.0046,0.0,0.0,0.0,0.0,0.0,0.0,0.0,0.0,0.0,,https://www.crazygames.com/game/one-among-zombies,oneamongzombies
2017,Fabby Golf!,mini_golf,0.0005,1,crazygames,2022,344217,,,,,,,,,,0.0046,0.0,0.0,0.0,0.0,0.0,0.0,0.0,0.0,0.0,,https://www.crazygames.com/game/fabby-golf,fabbygolf
2018,Forest Nothing,other,0.0005,1,crazygames,2026,344041,,,,,,,,,,0.0046,0.0,0.0,0.0,0.0,0.0,0.0,0.0,0.0,0.0,,https://www.crazygames.com/game/forest-nothing,forestnothing
2019,Burger Boss,time_mgmt_cooking,0.0005,1,crazygames,2023,343686,,,,,,,,,,0.0046,0.0,0.0,0.0,0.0,0.0,0.0,0.0,0.0,0.0,,https://www.crazygames.com/game/burger-boss,burgerboss
2020,Scavenger Hunt - Multiplayer,other,0.0005,1,crazygames,2025,342726,,,,,,,,,,0.0045,0.0,0.0,0.0,0.0,0.0,0.0,0.0,0.0,0.0,,https://www.crazygames.com/game/scavenger-hunt---multiplayer,scavengerhunt
2021,Yummy Taco,other,0.0005,1,y8,,,,,,118888,,,,,,0.0,0.0,0.0,0.0,0.0045,0.0,0.0,0.0,0.0,0.0,,https://www.y8.com/games/yummy_taco_,yummytaco
2022,Frontline Defense,other,0.0005,1,crazygames,2022,340624,,,,,,,,,,0.0045,0.0,0.0,0.0,0.0,0.0,0.0,0.0,0.0,0.0,,https://www.crazygames.com/game/frontline-defense,frontlinedefense
2023,Mechangelion - Robot Fighting,other,0.0005,1,crazygames,2026,338787,,,,,,,,,,0.0045,0.0,0.0,0.0,0.0,0.0,0.0,0.0,0.0,0.0,,https://www.crazygames.com/game/mechangelion---robot-fighting,mechangelion
2024,Office Chair Parkour,io_arena_shooter,0.0005,1,crazygames,2026,336473,,,,,,,,,,0.0045,0.0,0.0,0.0,0.0,0.0,0.0,0.0,0.0,0.0,,https://www.crazygames.com/game/office-chair-parkour,officechairparkour
2025,Lucky Block Rush: Fight & Brainrots,rbx_reverse,0.0005,1,crazygames,2026,335674,,,,,,,,,,0.0044,0.0,0.0,0.0,0.0,0.0,0.0,0.0,0.0,0.0,,https://www.crazygames.com/game/lucky-block-rush-fight-brainrots,luckyblockrush
2026,Digworm.io,other,0.0005,1,crazygames,2025,330927,,,,,,,,,,0.0044,0.0,0.0,0.0,0.0,0.0,0.0,0.0,0.0,0.0,,https://www.crazygames.com/game/digworm-io,digworm
2027,Ragdoll Factory Idle,idle_clicker,0.0005,1,crazygames,2026,329713,,,,,,,,,,0.0044,0.0,0.0,0.0,0.0,0.0,0.0,0.0,0.0,0.0,,https://www.crazygames.com/game/ragdoll-factory-idle,ragdollfactoryidle
2028,Sandbox World: Sand Art,other,0.0005,1,crazygames,2026,328988,,,,,,,,,,0.0044,0.0,0.0,0.0,0.0,0.0,0.0,0.0,0.0,0.0,,https://www.crazygames.com/game/sandbox-world,sandboxworld
2029,Army Base Of America,other,0.0005,1,crazygames,2026,327269,,,,,,,,,,0.0043,0.0,0.0,0.0,0.0,0.0,0.0,0.0,0.0,0.0,,https://www.crazygames.com/game/army-base-of-america,armybaseofamerica
2030,Silent House,other,0.0005,1,crazygames,2019,326784,,,,,,,,,,0.0043,0.0,0.0,0.0,0.0,0.0,0.0,0.0,0.0,0.0,,https://www.crazygames.com/game/silent-house,silenthouse
2031,Animal Royal,other,0.0005,1,crazygames,2025,326307,,,,,,,,,,0.0043,0.0,0.0,0.0,0.0,0.0,0.0,0.0,0.0,0.0,,https://www.crazygames.com/game/animal-royal-vse,animalroyal
2032,Poker Quest,other,0.0005,1,crazygames,2020,325892,,,,,,,,,,0.0043,0.0,0.0,0.0,0.0,0.0,0.0,0.0,0.0,0.0,,https://www.crazygames.com/game/poker-quest,pokerquest
2033,Online Robot Royale,other,0.0005,1,crazygames,2025,322493,,,,,,,,,,0.0043,0.0,0.0,0.0,0.0,0.0,0.0,0.0,0.0,0.0,,https://www.crazygames.com/game/online-robot-royale,robotroyale
2034,Girls Pajama Night,other,0.0005,1,y8,,,,,,112310,,,,,,0.0,0.0,0.0,0.0,0.0043,0.0,0.0,0.0,0.0,0.0,,https://www.y8.com/games/girls_pajama_night,girlspajamanight
2035,Detective Holmes: Hidden Object,classic_board_card,0.0005,1,crazygames,2025,321911,,,,,,,,,,0.0043,0.0,0.0,0.0,0.0,0.0,0.0,0.0,0.0,0.0,,https://www.crazygames.com/game/detective-holmes-hidden-object-game-jbm,detectiveholmes
2036,Merge Age Warriors,merge_drop,0.0005,1,crazygames,2025,321711,,,,,,,,,,0.0043,0.0,0.0,0.0,0.0,0.0,0.0,0.0,0.0,0.0,,https://www.crazygames.com/game/merge-age-warriors,mergeagewarriors
2037,Hammer 2,other,0.0005,1,crazygames,2016,321304,,,,,,,,,,0.0043,0.0,0.0,0.0,0.0,0.0,0.0,0.0,0.0,0.0,,https://www.crazygames.com/game/hammer-2,hammer
2038,Clash of Warriors,other,0.0005,1,crazygames,2024,318887,,,,,,,,,,0.0042,0.0,0.0,0.0,0.0,0.0,0.0,0.0,0.0,0.0,,https://www.crazygames.com/game/clash-of-warriors-ofd,clashofwarriors
2039,Mageclash.io,other,0.0005,1,crazygames,2021,317435,,,,,,,,,,0.0042,0.0,0.0,0.0,0.0,0.0,0.0,0.0,0.0,0.0,,https://www.crazygames.com/game/mageclash-io,mageclash
2040,Snake VS Block,io_eat_grow,0.0005,1,crazygames,2025,317223,,,,,,,,,,0.0042,0.0,0.0,0.0,0.0,0.0,0.0,0.0,0.0,0.0,,https://www.crazygames.com/game/snake-vs-block,snakevsblock
2041,Simple Loot Idle,idle_clicker,0.0005,1,crazygames,2022,316275,,,,,,,,,,0.0042,0.0,0.0,0.0,0.0,0.0,0.0,0.0,0.0,0.0,,https://www.crazygames.com/game/simple-loot-idle,simplelootidle
2042,Spotti: Find the Differences,classic_board_card,0.0005,1,crazygames,2025,314085,,,,,,,,,,0.0042,0.0,0.0,0.0,0.0,0.0,0.0,0.0,0.0,0.0,,https://www.crazygames.com/game/spotti-find-the-differences,spotti
2043,2048 Merge Blocks,merge_drop,0.0005,1,crazygames,2026,313599,,,,,,,,,,0.0042,0.0,0.0,0.0,0.0,0.0,0.0,0.0,0.0,0.0,,https://www.crazygames.com/game/2048-merge-blocks-vno,mergeblocks
2044,Pixel World,other,0.0005,1,crazygames,2026,312934,,,,,,,,,,0.0041,0.0,0.0,0.0,0.0,0.0,0.0,0.0,0.0,0.0,,https://www.crazygames.com/game/pixel-world-uyv,pixelworld
2045,FL Tron,other,0.0005,1,crazygames,2018,312073,,,,,,,,,,0.0041,0.0,0.0,0.0,0.0,0.0,0.0,0.0,0.0,0.0,,https://www.crazygames.com/game/fl-tron,fltron
2046,Boom Cell,bomberman,0.0005,1,crazygames,2024,310722,,,,,,,,,,0.0041,0.0,0.0,0.0,0.0,0.0,0.0,0.0,0.0,0.0,,https://www.crazygames.com/game/boom-cell,boomcell
2047,Algerian Solitaire,classic_board_card,0.0005,1,crazygames,2016,310650,,,,,,,,,,0.0041,0.0,0.0,0.0,0.0,0.0,0.0,0.0,0.0,0.0,,https://www.crazygames.com/game/algerian-solitaire,algeriansolitaire
2048,NextDoor,other,0.0005,1,crazygames,2021,310246,,,,,,,,,,0.0041,0.0,0.0,0.0,0.0,0.0,0.0,0.0,0.0,0.0,,https://www.crazygames.com/game/nextdoor,nextdoor
2049,Interior Designer: Unpacking House,other,0.0005,1,crazygames,2024,308290,,,,,,,,,,0.0041,0.0,0.0,0.0,0.0,0.0,0.0,0.0,0.0,0.0,,https://www.crazygames.com/game/interior-designer-unpacking-house,interiordesigner
2050,Civiballs,classic_board_card,0.0005,1,coolmathgames,,,,,,,,,,4558,,0.0,0.0,0.0,0.0,0.0,0.0,0.0,0.0,0.0082,0.0,,https://www.coolmathgames.com/0-civiballs,civiballs
2051,Cannon Clash,launch_distance,0.0005,1,crazygames,2025,307117,,,,,,,,,,0.0041,0.0,0.0,0.0,0.0,0.0,0.0,0.0,0.0,0.0,,https://www.crazygames.com/game/cannon-clash-yoo,cannonclash
2052,Cat Warrior Parkour,io_arena_shooter,0.0005,1,crazygames,2024,306939,,,,,,,,,,0.0041,0.0,0.0,0.0,0.0,0.0,0.0,0.0,0.0,0.0,,https://www.crazygames.com/game/cat-warrior-parkour,catwarriorparkour
2053,Conveyor Idle,idle_clicker,0.0005,1,crazygames,2026,306405,,,,,,,,,,0.0041,0.0,0.0,0.0,0.0,0.0,0.0,0.0,0.0,0.0,,https://www.crazygames.com/game/conveyor-idle,conveyoridle
2054,Plant Squad,other,0.0005,1,crazygames,2024,305736,,,,,,,,,,0.0041,0.0,0.0,0.0,0.0,0.0,0.0,0.0,0.0,0.0,,https://www.crazygames.com/game/plant-squad,plantsquad
2055,BladeBlast.io,other,0.0005,1,crazygames,2026,305717,,,,,,,,,,0.0041,0.0,0.0,0.0,0.0,0.0,0.0,0.0,0.0,0.0,,https://www.crazygames.com/game/bladeblast-io,bladeblast
2056,Arena,other,0.0005,2,addictinggames;crazygames,2022,304013,,,,,,,,,,0.004,0.0,0.0,0.0,0.0,0.0,0.0,0.0,0.0,0.0,,https://www.crazygames.com/game/arena,arena
2057,Advanced Pixel Apocalypse 3,other,0.0005,1,crazygames,2018,303291,,,,,,,,,,0.004,0.0,0.0,0.0,0.0,0.0,0.0,0.0,0.0,0.0,,https://www.crazygames.com/game/advanced-pixel-apocalypse-3,advancedpixelapocalypse
2058,Vampire Master,other,0.0005,1,crazygames,2025,301772,,,,,,,,,,0.004,0.0,0.0,0.0,0.0,0.0,0.0,0.0,0.0,0.0,,https://www.crazygames.com/game/vampire-master-nkk,vampiremaster
2059,My Phone Store,other,0.0005,1,crazygames,2026,301070,,,,,,,,,,0.004,0.0,0.0,0.0,0.0,0.0,0.0,0.0,0.0,0.0,,https://www.crazygames.com/game/my-phone-store-gqp,myphonestore
2060,Clone2048,merge_drop,0.0005,1,crazygames,2022,300693,,,,,,,,,,0.004,0.0,0.0,0.0,0.0,0.0,0.0,0.0,0.0,0.0,,https://www.crazygames.com/game/clone2048,clone
2061,President Simulator,other,0.0005,1,crazygames,2022,300309,,,,,,,,,,0.004,0.0,0.0,0.0,0.0,0.0,0.0,0.0,0.0,0.0,,https://www.crazygames.com/game/president-simulator,presidentsimulator
2062,Scarred,other,0.0005,1,crazygames,2020,300050,,,,,,,,,,0.004,0.0,0.0,0.0,0.0,0.0,0.0,0.0,0.0,0.0,,https://www.crazygames.com/game/scarred,scarred
2063,Crazy Parkour,io_arena_shooter,0.0005,1,crazygames,2022,298787,,,,,,,,,,0.004,0.0,0.0,0.0,0.0,0.0,0.0,0.0,0.0,0.0,,https://www.crazygames.com/game/crazy-parkour,crazyparkour
2064,Lumberjack 3D Simulator,idle_clicker,0.0005,1,crazygames,2025,298361,,,,,,,,,,0.004,0.0,0.0,0.0,0.0,0.0,0.0,0.0,0.0,0.0,,https://www.crazygames.com/game/lumberjack-3d-simulator,lumberjack3dsimulator
2065,MineEnergy2,other,0.0005,1,crazygames,2024,296911,,,,,,,,,,0.0039,0.0,0.0,0.0,0.0,0.0,0.0,0.0,0.0,0.0,,https://www.crazygames.com/game/mineenergy2,mineenergy
2066,Police vs Thief: 1&2 Players,stealth_heist,0.0005,1,crazygames,2026,296842,,,,,,,,,,0.0039,0.0,0.0,0.0,0.0,0.0,0.0,0.0,0.0,0.0,,https://www.crazygames.com/game/police-vs-thief-1-2-players,policevsthief
2067,Boat Attack,other,0.0005,1,crazygames,2020,296635,,,,,,,,,,0.0039,0.0,0.0,0.0,0.0,0.0,0.0,0.0,0.0,0.0,,https://www.crazygames.com/game/boat-attack,boatattack
2068,My bakery,time_mgmt_cooking,0.0005,1,crazygames,2026,296352,,,,,,,,,,0.0039,0.0,0.0,0.0,0.0,0.0,0.0,0.0,0.0,0.0,,https://www.crazygames.com/game/my-bakery,mybakery
2069,Snake 3D,other,0.0005,1,crazygames,2019,295683,,,,,,,,,,0.0039,0.0,0.0,0.0,0.0,0.0,0.0,0.0,0.0,0.0,,https://www.crazygames.com/game/nova-snake-3d,snake3d
2070,Nonogram Square,other,0.0005,1,crazygames,2026,295165,,,,,,,,,,0.0039,0.0,0.0,0.0,0.0,0.0,0.0,0.0,0.0,0.0,,https://www.crazygames.com/game/nonogram-square,nonogramsquare
2071,Human Resistance,other,0.0005,1,crazygames,2023,294489,,,,,,,,,,0.0039,0.0,0.0,0.0,0.0,0.0,0.0,0.0,0.0,0.0,,https://www.crazygames.com/game/human-resistance,humanresistance
2072,Serious Head 2,other,0.0005,1,crazygames,2024,293565,,,,,,,,,,0.0039,0.0,0.0,0.0,0.0,0.0,0.0,0.0,0.0,0.0,,https://www.crazygames.com/game/serious-head-2,serioushead
2073,Zom Strike,other,0.0005,1,crazygames,2025,291863,,,,,,,,,,0.0039,0.0,0.0,0.0,0.0,0.0,0.0,0.0,0.0,0.0,,https://www.crazygames.com/game/zom-strike-vvq,zomstrike
2074,Juice Factory - Fruit Farm,other,0.0005,1,crazygames,2025,291596,,,,,,,,,,0.0039,0.0,0.0,0.0,0.0,0.0,0.0,0.0,0.0,0.0,,https://www.crazygames.com/game/juice-factory---fruit-farm-3d-sel,juicefactory
2075,Gas Station 3D,other,0.0005,1,crazygames,2026,291053,,,,,,,,,,0.0039,0.0,0.0,0.0,0.0,0.0,0.0,0.0,0.0,0.0,,https://www.crazygames.com/game/gas-station-3d,gasstation3d
2076,Sniper For Brainrot,rbx_reverse,0.0005,1,crazygames,2026,289988,,,,,,,,,,0.0038,0.0,0.0,0.0,0.0,0.0,0.0,0.0,0.0,0.0,,https://www.crazygames.com/game/sniper-for-brainrot,sniperforbrainrot
2077,DUST - A Post Apocalyptic RPG,other,0.0005,1,crazygames,2019,288976,,,,,,,,,,0.0038,0.0,0.0,0.0,0.0,0.0,0.0,0.0,0.0,0.0,,https://www.crazygames.com/game/dust-a-post-apocalyptic-rpg,dust
2078,Army Warfare,other,0.0004,1,crazygames,2022,287257,,,,,,,,,,0.0038,0.0,0.0,0.0,0.0,0.0,0.0,0.0,0.0,0.0,,https://www.crazygames.com/game/army-warfare,armywarfare
2079,Steal Brainrot Arena,rbx_reverse,0.0004,1,y8,,,,,,100110,,,,,,0.0,0.0,0.0,0.0,0.0038,0.0,0.0,0.0,0.0,0.0,,https://www.y8.com/games/steal_brainrot_arena,stealbrainrotarena
2080,Guns and Magic,other,0.0004,1,crazygames,2022,285918,,,,,,,,,,0.0038,0.0,0.0,0.0,0.0,0.0,0.0,0.0,0.0,0.0,,https://www.crazygames.com/game/guns-and-magic,gunsandmagic
2081,Pong Clicker,idle_clicker,0.0004,1,crazygames,2026,284888,,,,,,,,,,0.0038,0.0,0.0,0.0,0.0,0.0,0.0,0.0,0.0,0.0,,https://www.crazygames.com/game/pong-clicker-nrt,pongclicker
2082,Rumblets GO,other,0.0004,1,crazygames,2025,284268,,,,,,,,,,0.0038,0.0,0.0,0.0,0.0,0.0,0.0,0.0,0.0,0.0,,https://www.crazygames.com/game/rumblets-go-exm,rumbletsgo
2083,Horror Clown - Scary Ghost,horror_escape,0.0004,1,crazygames,2026,284241,,,,,,,,,,0.0038,0.0,0.0,0.0,0.0,0.0,0.0,0.0,0.0,0.0,,https://www.crazygames.com/game/horror-clown--scary-ghost,horrorclown
2084,While We Sleep: Slendrina Is Here,other,0.0004,1,crazygames,2018,283227,,,,,,,,,,0.0038,0.0,0.0,0.0,0.0,0.0,0.0,0.0,0.0,0.0,,https://www.crazygames.com/game/while-we-sleep-slendrina-is-here,whilewesleep
2085,Mechacraft.io,sandbox_voxel,0.0004,1,crazygames,2026,282415,,,,,,,,,,0.0037,0.0,0.0,0.0,0.0,0.0,0.0,0.0,0.0,0.0,,https://www.crazygames.com/game/evergate-ivu,mechacraft
2086,Special Ops: GO,other,0.0004,2,crazygames;playgama,2026,282343,,,,,,,,,,0.0037,0.0,0.0,0.0,0.0,0.0,0.0,0.0,0.0,0.0,,https://www.crazygames.com/game/special-ops-go,specialops
2087,Limited Defense,other,0.0004,1,crazygames,2025,282271,,,,,,,,,,0.0037,0.0,0.0,0.0,0.0,0.0,0.0,0.0,0.0,0.0,,https://www.crazygames.com/game/limited-defense,limiteddefense
2088,Eternal Siege,physics_destruction,0.0004,1,crazygames,2025,281755,,,,,,,,,,0.0037,0.0,0.0,0.0,0.0,0.0,0.0,0.0,0.0,0.0,,https://www.crazygames.com/game/eternal-siege,eternalsiege
2089,Create Your Beach,other,0.0004,1,crazygames,2024,281438,,,,,,,,,,0.0037,0.0,0.0,0.0,0.0,0.0,0.0,0.0,0.0,0.0,,https://www.crazygames.com/game/create-your-beach,createyourbeach
2090,Fighter Legends Duo,other,0.0004,1,crazygames,2023,280556,,,,,,,,,,0.0037,0.0,0.0,0.0,0.0,0.0,0.0,0.0,0.0,0.0,,https://www.crazygames.com/game/fighter-legends-duo,fighterlegendsduo
2091,Furniture Master: Idle Tycoon,idle_clicker,0.0004,2,crazygames;playgama,2026,278285,,,,,,,,,,0.0037,0.0,0.0,0.0,0.0,0.0,0.0,0.0,0.0,0.0,,https://www.crazygames.com/game/furniture-master-idle-tycoon,furnituremaster
2092,BladeOrbit.io,other,0.0004,1,crazygames,2026,277502,,,,,,,,,,0.0037,0.0,0.0,0.0,0.0,0.0,0.0,0.0,0.0,0.0,,https://www.crazygames.com/game/bladeorbit-io,bladeorbit
2093,3D Sandbox: Battle of the Kingdoms,other,0.0004,1,crazygames,2025,276537,,,,,,,,,,0.0037,0.0,0.0,0.0,0.0,0.0,0.0,0.0,0.0,0.0,,https://www.crazygames.com/game/3d-sandbox-battle-of-the-kingdoms,3dsandbox
2094,Impossible Mega Ramp Car Stunt,other,0.0004,1,crazygames,2024,276510,,,,,,,,,,0.0037,0.0,0.0,0.0,0.0,0.0,0.0,0.0,0.0,0.0,,https://www.crazygames.com/game/impossible-mega-ramp-car-stunt,impossiblemegarampcarstunt
2095,Silent Insanity Psychological Trauma,other,0.0004,1,crazygames,2018,273175,,,,,,,,,,0.0036,0.0,0.0,0.0,0.0,0.0,0.0,0.0,0.0,0.0,,https://www.crazygames.com/game/silent-insanity-p-t-psychological-trauma,silentinsanitypsychologicaltrauma
2096,Crazy Flasher 3,other,0.0004,1,crazygames,,273119,,,,,,,,,,0.0036,0.0,0.0,0.0,0.0,0.0,0.0,0.0,0.0,0.0,,https://www.crazygames.com/game/crazy-flasher-3,crazyflasher
2097,Knife Tower,other,0.0004,1,crazygames,2026,271557,,,,,,,,,,0.0036,0.0,0.0,0.0,0.0,0.0,0.0,0.0,0.0,0.0,,https://www.crazygames.com/game/knife-tower,knifetower
2098,The Range 3D,other,0.0004,1,crazygames,2023,268385,,,,,,,,,,0.0036,0.0,0.0,0.0,0.0,0.0,0.0,0.0,0.0,0.0,,https://www.crazygames.com/game/the-range-3d,therange3d
2099,Armored Robot,other,0.0004,1,crazygames,2026,263435,,,,,,,,,,0.0035,0.0,0.0,0.0,0.0,0.0,0.0,0.0,0.0,0.0,,https://www.crazygames.com/game/armored-robot,armoredrobot
2100,Street Racers Nitro Extreme,car_stunt_drift,0.0004,1,crazygames,2024,262826,,,,,,,,,,0.0035,0.0,0.0,0.0,0.0,0.0,0.0,0.0,0.0,0.0,,https://www.crazygames.com/game/street-racers-nitro-extreme,streetracersnitroextreme
2101,Hospital: Survive the Night,other,0.0004,1,crazygames,2022,262000,,,,,,,,,,0.0035,0.0,0.0,0.0,0.0,0.0,0.0,0.0,0.0,0.0,,https://www.crazygames.com/game/hospital-survive-the-night,hospital
2102,456 Challenge: Survival master,other,0.0004,1,crazygames,2026,260978,,,,,,,,,,0.0035,0.0,0.0,0.0,0.0,0.0,0.0,0.0,0.0,0.0,,https://www.crazygames.com/game/456-challenge-surval-master,456challenge
2103,Cookin'Truck,time_mgmt_cooking,0.0004,1,crazygames,2019,260675,,,,,,,,,,0.0035,0.0,0.0,0.0,0.0,0.0,0.0,0.0,0.0,0.0,,https://www.crazygames.com/game/cookin-truck,cookintruck
2104,Heroes of the Wasteland,other,0.0004,1,crazygames,2024,255506,,,,,,,,,,0.0034,0.0,0.0,0.0,0.0,0.0,0.0,0.0,0.0,0.0,,https://www.crazygames.com/game/heroes-of-the-wasteland,heroesofthewasteland
2105,Tap Away Story,other,0.0004,1,crazygames,2026,252970,,,,,,,,,,0.0034,0.0,0.0,0.0,0.0,0.0,0.0,0.0,0.0,0.0,,https://www.crazygames.com/game/tile-away-story,tapawaystory
2106,A Slime Hut,other,0.0004,1,crazygames,2019,251555,,,,,,,,,,0.0033,0.0,0.0,0.0,0.0,0.0,0.0,0.0,0.0,0.0,,https://www.crazygames.com/game/a-slime-hut,aslimehut
2107,Zombie Space Episode 2,other,0.0004,2,crazygames;playgama,2025,251347,,,,,,,,,,0.0033,0.0,0.0,0.0,0.0,0.0,0.0,0.0,0.0,0.0,Zombie Space Episode II,https://www.crazygames.com/game/zombie-space-episode-2-ajp,zombiespaceepisode
2108,Arrows,other,0.0004,3,crazygames;lagged;playgama,2026,250825,,,,,,,,,,0.0033,0.0,0.0,0.0,0.0,0.0,0.0,0.0,0.0,0.0,Arrows: Relax Game,https://www.crazygames.com/game/arrows-bmj,arrows
2109,Chicken Strike,other,0.0004,1,crazygames,2025,249689,,,,,,,,,,0.0033,0.0,0.0,0.0,0.0,0.0,0.0,0.0,0.0,0.0,,https://www.crazygames.com/game/chicken-strike-hfm,chickenstrike
2110,Water Pool Heroes.io,pool_billiards,0.0004,1,crazygames,2023,249255,,,,,,,,,,0.0033,0.0,0.0,0.0,0.0,0.0,0.0,0.0,0.0,0.0,,https://www.crazygames.com/game/water-pool-heroes-io,waterpoolheroes
2111,Find It: Hidden Object Puzzle,classic_board_card,0.0004,1,crazygames,2025,249025,,,,,,,,,,0.0033,0.0,0.0,0.0,0.0,0.0,0.0,0.0,0.0,0.0,,https://www.crazygames.com/game/find-it-hidden-object-puzzle,findit
2112,The Rooms: Escape Challenge,other,0.0004,1,crazygames,2022,248576,,,,,,,,,,0.0033,0.0,0.0,0.0,0.0,0.0,0.0,0.0,0.0,0.0,,https://www.crazygames.com/game/the-rooms-escape-challenge,therooms
2113,Crown & Cannon,launch_distance,0.0004,1,crazygames,2025,248389,,,,,,,,,,0.0033,0.0,0.0,0.0,0.0,0.0,0.0,0.0,0.0,0.0,,https://www.crazygames.com/game/crown-cannon,crowncannon
2114,Starbase Gunship,other,0.0004,1,crazygames,2021,248388,,,,,,,,,,0.0033,0.0,0.0,0.0,0.0,0.0,0.0,0.0,0.0,0.0,,https://www.crazygames.com/game/starbase-gunship,starbasegunship
2115,Last Bastion,other,0.0004,1,crazygames,2026,247950,,,,,,,,,,0.0033,0.0,0.0,0.0,0.0,0.0,0.0,0.0,0.0,0.0,,https://www.crazygames.com/game/last-bastion,lastbastion
2116,Demolition Inc.,physics_destruction,0.0004,1,crazygames,2026,245173,,,,,,,,,,0.0032,0.0,0.0,0.0,0.0,0.0,0.0,0.0,0.0,0.0,,https://www.crazygames.com/game/demolition-inc,demolitioninc
2117,Traffic Architect,other,0.0004,1,crazygames,2026,243273,,,,,,,,,,0.0032,0.0,0.0,0.0,0.0,0.0,0.0,0.0,0.0,0.0,,https://www.crazygames.com/game/traffic-architect-tic,trafficarchitect
2118,Gas Station Simulator,other,0.0004,1,crazygames,2025,242709,,,,,,,,,,0.0032,0.0,0.0,0.0,0.0,0.0,0.0,0.0,0.0,0.0,,https://www.crazygames.com/game/gas-station-dcp,gasstationsimulator
2119,Gang Brawlers,other,0.0004,1,crazygames,2023,242402,,,,,,,,,,0.0032,0.0,0.0,0.0,0.0,0.0,0.0,0.0,0.0,0.0,,https://www.crazygames.com/game/gang-brawlers,gangbrawlers
2120,Ashline Racing: Born To Burn,car_stunt_drift,0.0004,1,crazygames,2025,240859,,,,,,,,,,0.0032,0.0,0.0,0.0,0.0,0.0,0.0,0.0,0.0,0.0,,https://www.crazygames.com/game/ashline-racing-born-to-burn-tmr,ashlineracing
2121,Cubox.io,other,0.0004,1,crazygames,2024,240484,,,,,,,,,,0.0032,0.0,0.0,0.0,0.0,0.0,0.0,0.0,0.0,0.0,,https://www.crazygames.com/game/cubox-io-fgt,cubox
2122,+1 Speed Keyboard Obby,rbx_reverse,0.0004,1,crazygames,2026,240127,,,,,,,,,,0.0032,0.0,0.0,0.0,0.0,0.0,0.0,0.0,0.0,0.0,,https://www.crazygames.com/game/1-speed-keyboard-obby,1speedkeyboardobby
2123,Arcade Empire,other,0.0004,1,crazygames,2024,238871,,,,,,,,,,0.0032,0.0,0.0,0.0,0.0,0.0,0.0,0.0,0.0,0.0,,https://www.crazygames.com/game/arcade-empire,arcadeempire
2124,Rocket Fling,other,0.0004,1,crazygames,2026,238404,,,,,,,,,,0.0032,0.0,0.0,0.0,0.0,0.0,0.0,0.0,0.0,0.0,,https://www.crazygames.com/game/rocket-fling,rocketfling
2125,Vacuum.io,other,0.0004,1,crazygames,2026,237486,,,,,,,,,,0.0031,0.0,0.0,0.0,0.0,0.0,0.0,0.0,0.0,0.0,,https://www.crazygames.com/game/vacuum-io-ple,vacuum
2126,Horseback Survival,other,0.0004,1,crazygames,2024,233811,,,,,,,,,,0.0031,0.0,0.0,0.0,0.0,0.0,0.0,0.0,0.0,0.0,,https://www.crazygames.com/game/horseback-survival,horsebacksurvival
2127,Car Clash 2,other,0.0004,1,crazygames,2024,233444,,,,,,,,,,0.0031,0.0,0.0,0.0,0.0,0.0,0.0,0.0,0.0,0.0,,https://www.crazygames.com/game/car-clash-2,carclash
2128,The Island,other,0.0004,1,crazygames,2022,230946,,,,,,,,,,0.0031,0.0,0.0,0.0,0.0,0.0,0.0,0.0,0.0,0.0,,https://www.crazygames.com/game/the-island,theisland
2129,North Kingdom: Siege Castle,physics_destruction,0.0004,1,crazygames,2023,230803,,,,,,,,,,0.0031,0.0,0.0,0.0,0.0,0.0,0.0,0.0,0.0,0.0,,https://www.crazygames.com/game/north-kingdom---siege-castle,northkingdom
2130,Train Adventure,other,0.0004,1,crazygames,2022,230566,,,,,,,,,,0.0031,0.0,0.0,0.0,0.0,0.0,0.0,0.0,0.0,0.0,,https://www.crazygames.com/game/train-adventure,trainadventure
2131,Top Clash,other,0.0004,1,crazygames,2026,228872,,,,,,,,,,0.003,0.0,0.0,0.0,0.0,0.0,0.0,0.0,0.0,0.0,,https://www.crazygames.com/game/top-clash,topclash
2132,Realistic Racing,car_stunt_drift,0.0004,1,crazygames,2026,228708,,,,,,,,,,0.003,0.0,0.0,0.0,0.0,0.0,0.0,0.0,0.0,0.0,,https://www.crazygames.com/game/realistic-racing,realisticracing
2133,Pickaxe Crusher Idle,idle_clicker,0.0004,1,crazygames,2026,228302,,,,,,,,,,0.003,0.0,0.0,0.0,0.0,0.0,0.0,0.0,0.0,0.0,,https://www.crazygames.com/game/pickaxe-crusher-idle,pickaxecrusheridle
2134,Snake Out: Maze Escape,other,0.0004,1,crazygames,2026,227896,,,,,,,,,,0.003,0.0,0.0,0.0,0.0,0.0,0.0,0.0,0.0,0.0,,https://www.crazygames.com/game/snake-out-maze-escape,snakeout
2135,Gadget Universe,other,0.0004,1,crazygames,2025,227188,,,,,,,,,,0.003,0.0,0.0,0.0,0.0,0.0,0.0,0.0,0.0,0.0,,https://www.crazygames.com/game/gadget-universe,gadgetuniverse
2136,Escape from Zombies,other,0.0004,1,crazygames,2023,226852,,,,,,,,,,0.003,0.0,0.0,0.0,0.0,0.0,0.0,0.0,0.0,0.0,,https://www.crazygames.com/game/escape-from-zombies,escapefromzombies
2137,Magic Merge: Tower Defense 3D,tower_defense,0.0004,1,crazygames,2024,226652,,,,,,,,,,0.003,0.0,0.0,0.0,0.0,0.0,0.0,0.0,0.0,0.0,,https://www.crazygames.com/game/magic-merge-tower-defense-3d,magicmerge
2138,Fashion Factory,dress_up_makeover,0.0003,1,crazygames,2025,224501,,,,,,,,,,0.003,0.0,0.0,0.0,0.0,0.0,0.0,0.0,0.0,0.0,,https://www.crazygames.com/game/fashion-factory,fashionfactory
2139,Wall Wars,other,0.0003,1,crazygames,2026,223293,,,,,,,,,,0.003,0.0,0.0,0.0,0.0,0.0,0.0,0.0,0.0,0.0,,https://www.crazygames.com/game/wall-wars,wallwars
2140,Gothic Story RPG,other,0.0003,1,crazygames,2025,223265,,,,,,,,,,0.003,0.0,0.0,0.0,0.0,0.0,0.0,0.0,0.0,0.0,,https://www.crazygames.com/game/gothic-story-rpg,gothicstoryrpg
2141,Heroes of the Arena,other,0.0003,1,crazygames,2025,222916,,,,,,,,,,0.003,0.0,0.0,0.0,0.0,0.0,0.0,0.0,0.0,0.0,,https://www.crazygames.com/game/heroes-of-the-arena,heroesofthearena
2142,Motocross Dirt Bike Race Games,bike_trials,0.0003,1,crazygames,2024,222439,,,,,,,,,,0.0029,0.0,0.0,0.0,0.0,0.0,0.0,0.0,0.0,0.0,,https://www.crazygames.com/game/motocross-dirt-bike-race-games,motocrossdirtbikeracegames
2143,Bat Hero: Immortal Legend Crime Fighter,other,0.0003,1,crazygames,2018,221983,,,,,,,,,,0.0029,0.0,0.0,0.0,0.0,0.0,0.0,0.0,0.0,0.0,,https://www.crazygames.com/game/bat-hero-immortal-legend-crime-fighter,bathero
2144,Beach Ball,other,0.0003,1,crazygames,2023,216719,,,,,,,,,,0.0029,0.0,0.0,0.0,0.0,0.0,0.0,0.0,0.0,0.0,,https://www.crazygames.com/game/beach-ball,beachball
2145,Felon Play: Ragdoll Sandbox,ragdoll_gore_course,0.0003,1,crazygames,2026,215537,,,,,,,,,,0.0029,0.0,0.0,0.0,0.0,0.0,0.0,0.0,0.0,0.0,,https://www.crazygames.com/game/felon-play-ragdoll-sandbox-ffi,felonplay
2146,Jackal Zombie Survival,other,0.0003,1,crazygames,2025,215389,,,,,,,,,,0.0029,0.0,0.0,0.0,0.0,0.0,0.0,0.0,0.0,0.0,,https://www.crazygames.com/game/jackal-zombie-survival,jackalzombiesurvival
2147,Zombie Road,io_arena_shooter,0.0003,2,crazygames;pacogames,2026,215352,,,,,,,,,,0.0029,0.0,0.0,0.0,0.0,0.0,0.0,0.0,0.0,0.0,Zombie Road: Shooter with Destruction,https://www.crazygames.com/game/zombie-road-qgl,zombieroad
2148,The Lava Tsunami,rbx_reverse,0.0003,1,crazygames,2026,213772,,,,,,,,,,0.0028,0.0,0.0,0.0,0.0,0.0,0.0,0.0,0.0,0.0,,https://www.crazygames.com/game/the-lava-tsunami,thelavatsunami
2149,Bum Ben,other,0.0003,1,crazygames,2024,212721,,,,,,,,,,0.0028,0.0,0.0,0.0,0.0,0.0,0.0,0.0,0.0,0.0,,https://www.crazygames.com/game/bum-ben,bumben
2150,Captain Blast,other,0.0003,1,crazygames,2026,211752,,,,,,,,,,0.0028,0.0,0.0,0.0,0.0,0.0,0.0,0.0,0.0,0.0,,https://www.crazygames.com/game/captain-blast,captainblast
2151,EmberQuest.io,other,0.0003,1,crazygames,2026,211669,,,,,,,,,,0.0028,0.0,0.0,0.0,0.0,0.0,0.0,0.0,0.0,0.0,,https://www.crazygames.com/game/emberquest-io,emberquest
2152,Blocky Parkour: Only Up Adventure,troll_platformer,0.0003,1,crazygames,2023,211578,,,,,,,,,,0.0028,0.0,0.0,0.0,0.0,0.0,0.0,0.0,0.0,0.0,,https://www.crazygames.com/game/blocky-parkour-only-up-adventure,blockyparkour
2153,Drift Zero,car_stunt_drift,0.0003,1,crazygames,2024,210791,,,,,,,,,,0.0028,0.0,0.0,0.0,0.0,0.0,0.0,0.0,0.0,0.0,,https://www.crazygames.com/game/drift-zero,driftzero
2154,Balloons.io,other,0.0003,1,crazygames,2017,210708,,,,,,,,,,0.0028,0.0,0.0,0.0,0.0,0.0,0.0,0.0,0.0,0.0,,https://www.crazygames.com/game/balloonsio,balloons
2155,Warlord: Fantasy RPG,other,0.0003,1,crazygames,2024,210158,,,,,,,,,,0.0028,0.0,0.0,0.0,0.0,0.0,0.0,0.0,0.0,0.0,,https://www.crazygames.com/game/warlord-fantasy-rpg,warlord
2156,Human Leap: Evolution,other,0.0003,1,crazygames,2026,208181,,,,,,,,,,0.0028,0.0,0.0,0.0,0.0,0.0,0.0,0.0,0.0,0.0,,https://www.crazygames.com/game/human-leap-evolution,humanleap
2157,Zombie Mayhem,other,0.0003,1,crazygames,2022,208163,,,,,,,,,,0.0028,0.0,0.0,0.0,0.0,0.0,0.0,0.0,0.0,0.0,Zombie Mayhem Online,https://www.crazygames.com/game/zombie-mayhem-online,zombiemayhem
2158,Zombies 4 Weapon Merge,merge_drop,0.0003,1,crazygames,2026,206987,,,,,,,,,,0.0027,0.0,0.0,0.0,0.0,0.0,0.0,0.0,0.0,0.0,,https://www.crazygames.com/game/zombies-4-weapon-merge,zombies4weaponmerge
2159,Airplane Manager,other,0.0003,1,crazygames,2026,206302,,,,,,,,,,0.0027,0.0,0.0,0.0,0.0,0.0,0.0,0.0,0.0,0.0,,https://www.crazygames.com/game/airplane-manager,airplanemanager
2160,Stupid Zombies,other,0.0003,1,crazygames,2024,204362,,,,,,,,,,0.0027,0.0,0.0,0.0,0.0,0.0,0.0,0.0,0.0,0.0,,https://www.crazygames.com/game/stupid-zombies-ybg,stupidzombies
2161,Owner is Dead 2,other,0.0003,1,crazygames,2022,204151,,,,,,,,,,0.0027,0.0,0.0,0.0,0.0,0.0,0.0,0.0,0.0,0.0,,https://www.crazygames.com/game/owner-is-dead-2,ownerisdead
2162,Obby Steal an Egg,rbx_reverse,0.0003,1,crazygames,2026,203298,,,,,,,,,,0.0027,0.0,0.0,0.0,0.0,0.0,0.0,0.0,0.0,0.0,,https://www.crazygames.com/game/obby-steal-an-egg,obbystealanegg
2163,Spider Boy Run,precision_platformer,0.0003,1,crazygames,2023,202951,,,,,,,,,,0.0027,0.0,0.0,0.0,0.0,0.0,0.0,0.0,0.0,0.0,,https://www.crazygames.com/game/spider-boy-run,spiderboyrun
2164,Realm Traveler,other,0.0003,1,crazygames,2026,202489,,,,,,,,,,0.0027,0.0,0.0,0.0,0.0,0.0,0.0,0.0,0.0,0.0,,https://www.crazygames.com/game/realm-traveler,realmtraveler
2165,Snake Fit,other,0.0003,1,crazygames,2022,199749,,,,,,,,,,0.0026,0.0,0.0,0.0,0.0,0.0,0.0,0.0,0.0,0.0,,https://www.crazygames.com/game/snake-fit,snakefit
2166,Soccer Lat: 3D Football Online,other,0.0003,1,crazygames,2026,198700,,,,,,,,,,0.0026,0.0,0.0,0.0,0.0,0.0,0.0,0.0,0.0,0.0,,https://www.crazygames.com/game/soccer-lat-3d-football-online,soccerlat
2167,Merge Fantasy,merge_drop,0.0003,1,crazygames,2025,198601,,,,,,,,,,0.0026,0.0,0.0,0.0,0.0,0.0,0.0,0.0,0.0,0.0,,https://www.crazygames.com/game/merge-fantasy,mergefantasy
2168,Battle Fleet World,other,0.0003,1,crazygames,2026,196930,,,,,,,,,,0.0026,0.0,0.0,0.0,0.0,0.0,0.0,0.0,0.0,0.0,,https://www.crazygames.com/game/battle-fleet-world-qzp,battlefleetworld
2169,Clean The Supermarket,time_mgmt_cooking,0.0003,1,crazygames,2026,195994,,,,,,,,,,0.0026,0.0,0.0,0.0,0.0,0.0,0.0,0.0,0.0,0.0,,https://www.crazygames.com/game/clean-the-supermarket,cleanthesupermarket
2170,My Arcade Center,other,0.0003,1,crazygames,2025,195581,,,,,,,,,,0.0026,0.0,0.0,0.0,0.0,0.0,0.0,0.0,0.0,0.0,,https://www.crazygames.com/game/my-arcade-center,myarcadecenter
2171,Backwoods,other,0.0003,1,crazygames,2022,195349,,,,,,,,,,0.0026,0.0,0.0,0.0,0.0,0.0,0.0,0.0,0.0,0.0,,https://www.crazygames.com/game/backwoods,backwoods
2172,REDLINE: Idle Front,idle_clicker,0.0003,1,crazygames,2025,194836,,,,,,,,,,0.0026,0.0,0.0,0.0,0.0,0.0,0.0,0.0,0.0,0.0,,https://www.crazygames.com/game/redline-idle-front,redline
2173,Robby: Many Games,rbx_reverse,0.0003,2,crazygames;playgama,2026,194827,,,,,,,,,,0.0026,0.0,0.0,0.0,0.0,0.0,0.0,0.0,0.0,0.0,Robby: Double jump for brainrots,https://www.crazygames.com/game/robby-many-games,robby
2174,SYNTAXIA,other,0.0003,1,crazygames,2025,193112,,,,,,,,,,0.0026,0.0,0.0,0.0,0.0,0.0,0.0,0.0,0.0,0.0,,https://www.crazygames.com/game/syntaxia,syntaxia
2175,Element Playground,ragdoll_gore_course,0.0003,1,crazygames,2026,191944,,,,,,,,,,0.0025,0.0,0.0,0.0,0.0,0.0,0.0,0.0,0.0,0.0,,https://www.crazygames.com/game/element-playground-nej,elementplayground
2176,Paint or Seek,other,0.0003,1,crazygames,2026,190775,,,,,,,,,,0.0025,0.0,0.0,0.0,0.0,0.0,0.0,0.0,0.0,0.0,,https://www.crazygames.com/game/paint-or-seek,paintorseek
2177,Elvenrage,troll_platformer,0.0003,1,crazygames,2025,187741,,,,,,,,,,0.0025,0.0,0.0,0.0,0.0,0.0,0.0,0.0,0.0,0.0,,https://www.crazygames.com/game/elvenrage,elvenrage
2178,Survive Lava for Brainrots,rbx_reverse,0.0003,1,y8,,,,,,65335,,,,,,0.0,0.0,0.0,0.0,0.0025,0.0,0.0,0.0,0.0,0.0,,https://www.y8.com/games/survive_lava_for_brainrots,survivelavaforbrainrots
2179,Sqube Darkness,other,0.0003,1,crazygames,2025,186572,,,,,,,,,,0.0025,0.0,0.0,0.0,0.0,0.0,0.0,0.0,0.0,0.0,,https://www.crazygames.com/game/sqube-darkness,squbedarkness
2180,Ball Roll,other,0.0003,1,crazygames,2026,186535,,,,,,,,,,0.0025,0.0,0.0,0.0,0.0,0.0,0.0,0.0,0.0,0.0,,https://www.crazygames.com/game/ball-roll-bbr,ballroll
2181,CraftSlayer: Apocalypse,sandbox_voxel,0.0003,1,crazygames,2026,186358,,,,,,,,,,0.0025,0.0,0.0,0.0,0.0,0.0,0.0,0.0,0.0,0.0,,https://www.crazygames.com/game/craftslayer-apocalypse,craftslayer
2182,Defenders of the Realm: An Epic War,other,0.0003,1,crazygames,2022,186297,,,,,,,,,,0.0025,0.0,0.0,0.0,0.0,0.0,0.0,0.0,0.0,0.0,,https://www.crazygames.com/game/defenders-of-the-realm-an-epic-war,defendersoftherealm
2183,Infection Z,other,0.0003,1,crazygames,2022,185088,,,,,,,,,,0.0025,0.0,0.0,0.0,0.0,0.0,0.0,0.0,0.0,0.0,,https://www.crazygames.com/game/infection-z,infectionz
2184,Five-O,other,0.0003,1,crazygames,2025,184209,,,,,,,,,,0.0024,0.0,0.0,0.0,0.0,0.0,0.0,0.0,0.0,0.0,,https://www.crazygames.com/game/five-o,fiveo
2185,Global Transport Tycoon Idle,idle_clicker,0.0003,1,crazygames,2025,182762,,,,,,,,,,0.0024,0.0,0.0,0.0,0.0,0.0,0.0,0.0,0.0,0.0,,https://www.crazygames.com/game/global-transport-tycoon-idle,globaltransporttycoonidle
2186,Tunnel 54,other,0.0003,1,crazygames,2022,182754,,,,,,,,,,0.0024,0.0,0.0,0.0,0.0,0.0,0.0,0.0,0.0,0.0,,https://www.crazygames.com/game/tunnel-54,tunnel
2187,Taxi Tycoon: Idle Business,idle_clicker,0.0003,1,crazygames,2023,181515,,,,,,,,,,0.0024,0.0,0.0,0.0,0.0,0.0,0.0,0.0,0.0,0.0,,https://www.crazygames.com/game/taxi-tycoon---idle-business,taxitycoon
2188,Supermarket Manager,time_mgmt_cooking,0.0003,1,crazygames,2026,181432,,,,,,,,,,0.0024,0.0,0.0,0.0,0.0,0.0,0.0,0.0,0.0,0.0,,https://www.crazygames.com/game/supermarket-manager,supermarketmanager
2189,Brainrot Mega Parkour,rbx_reverse,0.0003,1,crazygames,2026,180189,,,,,,,,,,0.0024,0.0,0.0,0.0,0.0,0.0,0.0,0.0,0.0,0.0,,https://www.crazygames.com/game/brainrot-mega-parkour,brainrotmegaparkour
2190,Guns vs Zombies,other,0.0003,1,crazygames,2025,178902,,,,,,,,,,0.0024,0.0,0.0,0.0,0.0,0.0,0.0,0.0,0.0,0.0,,https://www.crazygames.com/game/guns-vs-zombies-merge-game-wsr,gunsvszombies
2191,Pikto.fun,other,0.0003,1,crazygames,2026,178169,,,,,,,,,,0.0024,0.0,0.0,0.0,0.0,0.0,0.0,0.0,0.0,0.0,,https://www.crazygames.com/game/pikto-fun,piktofun
2192,Idle Magic Academy Tycoon,idle_clicker,0.0003,1,crazygames,2025,177834,,,,,,,,,,0.0024,0.0,0.0,0.0,0.0,0.0,0.0,0.0,0.0,0.0,,https://www.crazygames.com/game/idle-magic-academy-tycoon,idlemagicacademytycoon
2193,Go Kart Racing 3D,kart_battle,0.0003,1,crazygames,2023,177790,,,,,,,,,,0.0024,0.0,0.0,0.0,0.0,0.0,0.0,0.0,0.0,0.0,,https://www.crazygames.com/game/go-kart-racing-3d,gokartracing3d
2194,Football is Life,other,0.0003,1,crazygames,2026,176511,,,,,,,,,,0.0023,0.0,0.0,0.0,0.0,0.0,0.0,0.0,0.0,0.0,,https://www.crazygames.com/game/football-is-life,footballislife
2195,Runefall,other,0.0003,1,crazygames,2025,176338,,,,,,,,,,0.0023,0.0,0.0,0.0,0.0,0.0,0.0,0.0,0.0,0.0,,https://www.crazygames.com/game/runefall,runefall
2196,Escape School Duel,other,0.0003,1,crazygames,2026,175954,,,,,,,,,,0.0023,0.0,0.0,0.0,0.0,0.0,0.0,0.0,0.0,0.0,,https://www.crazygames.com/game/escape-school-duel,escapeschoolduel
2197,Tower Archer,artillery_turn,0.0003,1,crazygames,2018,175884,,,,,,,,,,0.0023,0.0,0.0,0.0,0.0,0.0,0.0,0.0,0.0,0.0,,https://www.crazygames.com/game/tower-archer,towerarcher
2198,EmberWars.io,other,0.0003,1,crazygames,2026,175235,,,,,,,,,,0.0023,0.0,0.0,0.0,0.0,0.0,0.0,0.0,0.0,0.0,,https://www.crazygames.com/game/emberwars-io,emberwars
2199,Brainrot Tower Defence,rbx_reverse,0.0003,1,crazygames,2026,174653,,,,,,,,,,0.0023,0.0,0.0,0.0,0.0,0.0,0.0,0.0,0.0,0.0,,https://www.crazygames.com/game/brainrot-tower-defence,brainrottowerdefence
2200,Deads on the Road,other,0.0003,1,crazygames,2023,172963,,,,,,,,,,0.0023,0.0,0.0,0.0,0.0,0.0,0.0,0.0,0.0,0.0,,https://www.crazygames.com/game/deads-on-the-road,deadsontheroad
2201,Road Rage,troll_platformer,0.0003,1,crazygames,2026,171313,,,,,,,,,,0.0023,0.0,0.0,0.0,0.0,0.0,0.0,0.0,0.0,0.0,,https://www.crazygames.com/game/road-rage-hva,roadrage
2202,Clash of Memes,other,0.0003,1,crazygames,2025,170215,,,,,,,,,,0.0023,0.0,0.0,0.0,0.0,0.0,0.0,0.0,0.0,0.0,,https://www.crazygames.com/game/clash-of-memes,clashofmemes
2203,Harbor Tycoon,idle_clicker,0.0003,1,crazygames,2026,169983,,,,,,,,,,0.0023,0.0,0.0,0.0,0.0,0.0,0.0,0.0,0.0,0.0,,https://www.crazygames.com/game/harbor-tycoon-fcb,harbortycoon
2204,We Not Survive,other,0.0003,1,crazygames,2023,169040,,,,,,,,,,0.0022,0.0,0.0,0.0,0.0,0.0,0.0,0.0,0.0,0.0,,https://www.crazygames.com/game/we-not-survive,wenotsurvive
2205,Mine Idle Clicker,idle_clicker,0.0003,1,crazygames,2026,167250,,,,,,,,,,0.0022,0.0,0.0,0.0,0.0,0.0,0.0,0.0,0.0,0.0,,https://www.crazygames.com/game/mine-idle-clicker,mineidleclicker
2206,Bowling Champion,other,0.0003,1,crazygames,2023,167047,,,,,,,,,,0.0022,0.0,0.0,0.0,0.0,0.0,0.0,0.0,0.0,0.0,,https://www.crazygames.com/game/bowling-champion,bowlingchampion
2207,Simple Sandbox 3,other,0.0003,1,crazygames,2026,166455,,,,,,,,,,0.0022,0.0,0.0,0.0,0.0,0.0,0.0,0.0,0.0,0.0,,https://www.crazygames.com/game/simple-sandbox-3,simplesandbox
2208,Helix Snake,helix_stack_tap,0.0003,1,crazygames,2024,165974,,,,,,,,,,0.0022,0.0,0.0,0.0,0.0,0.0,0.0,0.0,0.0,0.0,,https://www.crazygames.com/game/helix-snake,helixsnake
2209,Factory Industrial,other,0.0003,1,crazygames,2025,165968,,,,,,,,,,0.0022,0.0,0.0,0.0,0.0,0.0,0.0,0.0,0.0,0.0,,https://www.crazygames.com/game/factory-industrial,factoryindustrial
2210,Brother Wake Up,other,0.0003,1,crazygames,2022,165011,,,,,,,,,,0.0022,0.0,0.0,0.0,0.0,0.0,0.0,0.0,0.0,0.0,,https://www.crazygames.com/game/brother-wake-up,brotherwakeup
2211,Monster Defense,other,0.0003,1,crazygames,2022,164005,,,,,,,,,,0.0022,0.0,0.0,0.0,0.0,0.0,0.0,0.0,0.0,0.0,,https://www.crazygames.com/game/monster-defense-kaf,monsterdefense
2212,Gods of Defense,other,0.0003,1,crazygames,2022,162234,,,,,,,,,,0.0021,0.0,0.0,0.0,0.0,0.0,0.0,0.0,0.0,0.0,,https://www.crazygames.com/game/gods-of-defense,godsofdefense
2213,PlanetCrush 2,other,0.0003,1,crazygames,2026,161223,,,,,,,,,,0.0021,0.0,0.0,0.0,0.0,0.0,0.0,0.0,0.0,0.0,,https://www.crazygames.com/game/planetcrush-2,planetcrush
2214,Fortress of the Wizard,other,0.0003,1,crazygames,2025,161011,,,,,,,,,,0.0021,0.0,0.0,0.0,0.0,0.0,0.0,0.0,0.0,0.0,,https://www.crazygames.com/game/fortress-of-the-wizard-mfx,fortressofthewizard
2215,Kick Brainrot Balls Online,rbx_reverse,0.0003,1,crazygames,2026,160991,,,,,,,,,,0.0021,0.0,0.0,0.0,0.0,0.0,0.0,0.0,0.0,0.0,,https://www.crazygames.com/game/kick-brainrot-balls-online,kickbrainrotballs
2216,Rumble Heroes,other,0.0003,1,crazygames,2026,160759,,,,,,,,,,0.0021,0.0,0.0,0.0,0.0,0.0,0.0,0.0,0.0,0.0,,https://www.crazygames.com/game/rumble-heroes,rumbleheroes
2217,Breaking the Silent Lies,other,0.0002,1,crazygames,2022,160122,,,,,,,,,,0.0021,0.0,0.0,0.0,0.0,0.0,0.0,0.0,0.0,0.0,,https://www.crazygames.com/game/breaking-the-silent-lies,breakingthesilentlies
2218,My Space Hotel: Tycoon,idle_clicker,0.0002,1,crazygames,2023,159333,,,,,,,,,,0.0021,0.0,0.0,0.0,0.0,0.0,0.0,0.0,0.0,0.0,,https://www.crazygames.com/game/my-space-hotel-tycoon,myspacehotel
2219,My Castle: Merge & Story,merge_drop,0.0002,2,agame;crazygames,2026,158679,,,,,,,,,,0.0021,0.0,0.0,0.0,0.0,0.0,0.0,0.0,0.0,0.0,My Castle: Merge and Story,https://www.crazygames.com/game/my-castle-merge-story,mycastle
2220,Wizard Puppy: Magic Sort,merge_drop,0.0002,1,crazygames,2026,158633,,,,,,,,,,0.0021,0.0,0.0,0.0,0.0,0.0,0.0,0.0,0.0,0.0,,https://www.crazygames.com/game/wizard-puppy-magic-sort,wizardpuppy
2221,Guardians of the Kingdom,other,0.0002,1,crazygames,2023,157152,,,,,,,,,,0.0021,0.0,0.0,0.0,0.0,0.0,0.0,0.0,0.0,0.0,,https://www.crazygames.com/game/guardians-of-the-kingdom,guardiansofthekingdom
2222,Cat Escape,other,0.0002,2,crazygames;lagged,2026,157061,,,,,,,,,,0.0021,0.0,0.0,0.0,0.0,0.0,0.0,0.0,0.0,0.0,,https://www.crazygames.com/game/cat-escape-ksv,catescape
2223,Idle Sand Castle,idle_clicker,0.0002,1,crazygames,2023,156836,,,,,,,,,,0.0021,0.0,0.0,0.0,0.0,0.0,0.0,0.0,0.0,0.0,,https://www.crazygames.com/game/idle-sand-castle,idlesandcastle
2224,Strange Cats,other,0.0002,1,crazygames,2026,156066,,,,,,,,,,0.0021,0.0,0.0,0.0,0.0,0.0,0.0,0.0,0.0,0.0,,https://www.crazygames.com/game/strange-cats,strangecats
2225,She is Mad,other,0.0002,1,crazygames,2025,155698,,,,,,,,,,0.0021,0.0,0.0,0.0,0.0,0.0,0.0,0.0,0.0,0.0,,https://www.crazygames.com/game/she-is-mad-eie,sheismad
2226,Medieval Escape,other,0.0002,1,crazygames,2024,154262,,,,,,,,,,0.002,0.0,0.0,0.0,0.0,0.0,0.0,0.0,0.0,0.0,,https://www.crazygames.com/game/medieval-escape,medievalescape
2227,Ghost Dorm,other,0.0002,1,crazygames,2026,154232,,,,,,,,,,0.002,0.0,0.0,0.0,0.0,0.0,0.0,0.0,0.0,0.0,,https://www.crazygames.com/game/ghost-dorm,ghostdorm
2228,He is Here,other,0.0002,1,crazygames,2026,153887,,,,,,,,,,0.002,0.0,0.0,0.0,0.0,0.0,0.0,0.0,0.0,0.0,,https://www.crazygames.com/game/he-is-here,heishere
2229,Car Speed Racing Tycoon,idle_clicker,0.0002,1,crazygames,2023,153781,,,,,,,,,,0.002,0.0,0.0,0.0,0.0,0.0,0.0,0.0,0.0,0.0,,https://www.crazygames.com/game/car-speed-racing-tycoon,carspeedracingtycoon
2230,Nightfall Drifters,car_stunt_drift,0.0002,1,crazygames,2023,153222,,,,,,,,,,0.002,0.0,0.0,0.0,0.0,0.0,0.0,0.0,0.0,0.0,,https://www.crazygames.com/game/nightfall-drifters,nightfalldrifters
2231,Embercry,other,0.0002,1,crazygames,2024,153145,,,,,,,,,,0.002,0.0,0.0,0.0,0.0,0.0,0.0,0.0,0.0,0.0,,https://www.crazygames.com/game/embercry,embercry
2232,Idle Medieval Tower Defense,tower_defense,0.0002,1,crazygames,2025,152643,,,,,,,,,,0.002,0.0,0.0,0.0,0.0,0.0,0.0,0.0,0.0,0.0,,https://www.crazygames.com/game/idle-medieval-tower-defense,idlemedievaltowerdefense
2233,Funny Ragdoll Wrestlers,other,0.0002,1,crazygames,2023,152306,,,,,,,,,,0.002,0.0,0.0,0.0,0.0,0.0,0.0,0.0,0.0,0.0,,https://www.crazygames.com/game/funny-ragdoll-wrestlers,funnyragdollwrestlers
2234,WKSP Rumble,other,0.0002,1,crazygames,2022,151385,,,,,,,,,,0.002,0.0,0.0,0.0,0.0,0.0,0.0,0.0,0.0,0.0,,https://www.crazygames.com/game/wksp-rumble,wksprumble
2235,Escape Portal,other,0.0002,1,crazygames,2025,150846,,,,,,,,,,0.002,0.0,0.0,0.0,0.0,0.0,0.0,0.0,0.0,0.0,,https://www.crazygames.com/game/escape-portal,escapeportal
2236,PLINKO!,other,0.0002,1,crazygames,2026,150487,,,,,,,,,,0.002,0.0,0.0,0.0,0.0,0.0,0.0,0.0,0.0,0.0,,https://www.crazygames.com/game/plinko-rpu,plinko
2237,SuperCity 3D,other,0.0002,1,crazygames,2026,150303,,,,,,,,,,0.002,0.0,0.0,0.0,0.0,0.0,0.0,0.0,0.0,0.0,,https://www.crazygames.com/game/supercity-3d,supercity3d
2238,Warrior Clash,other,0.0002,1,crazygames,2025,150043,,,,,,,,,,0.002,0.0,0.0,0.0,0.0,0.0,0.0,0.0,0.0,0.0,,https://www.crazygames.com/game/warrior-clash-pzu,warriorclash
2239,Dark Odyssey,other,0.0002,1,crazygames,2025,149788,,,,,,,,,,0.002,0.0,0.0,0.0,0.0,0.0,0.0,0.0,0.0,0.0,,https://www.crazygames.com/game/dark-odyssey-lzc,darkodyssey
2240,Only Up Craft,troll_platformer,0.0002,1,crazygames,2023,148836,,,,,,,,,,0.002,0.0,0.0,0.0,0.0,0.0,0.0,0.0,0.0,0.0,,https://www.crazygames.com/game/only-up-craft,onlyupcraft
2241,Fish IO,other,0.0002,1,crazygames,2025,148799,,,,,,,,,,0.002,0.0,0.0,0.0,0.0,0.0,0.0,0.0,0.0,0.0,,https://www.crazygames.com/game/fish-io-be-the-king,fish
2242,TNT Voxel,other,0.0002,1,crazygames,2026,148414,,,,,,,,,,0.002,0.0,0.0,0.0,0.0,0.0,0.0,0.0,0.0,0.0,,https://www.crazygames.com/game/tnt-voxel,tntvoxel
2243,Duck Playground 3D,ragdoll_gore_course,0.0002,1,crazygames,2026,148259,,,,,,,,,,0.002,0.0,0.0,0.0,0.0,0.0,0.0,0.0,0.0,0.0,,https://www.crazygames.com/game/duck-playground-3d-jeb,duckplayground3d
2244,Pencil Rush 3D,other,0.0002,1,y8,,,,,,51540,,,,,,0.0,0.0,0.0,0.0,0.002,0.0,0.0,0.0,0.0,0.0,,https://www.y8.com/games/pencil_rush_3d,pencilrush3d
2245,Basketball Shot,other,0.0002,1,crazygames,2025,147492,,,,,,,,,,0.002,0.0,0.0,0.0,0.0,0.0,0.0,0.0,0.0,0.0,,https://www.crazygames.com/game/basketball-shot,basketballshot
2246,Krakax,other,0.0002,1,crazygames,2024,147119,,,,,,,,,,0.0019,0.0,0.0,0.0,0.0,0.0,0.0,0.0,0.0,0.0,,https://www.crazygames.com/game/krakax-com,krakax
2247,Goblin Punk Tower Defense,tower_defense,0.0002,1,crazygames,2025,146670,,,,,,,,,,0.0019,0.0,0.0,0.0,0.0,0.0,0.0,0.0,0.0,0.0,,https://www.crazygames.com/game/goblin-punk-tower-defense,goblinpunktowerdefense
2248,Idle Clicker Runner,endless_runner,0.0002,1,crazygames,2026,146340,,,,,,,,,,0.0019,0.0,0.0,0.0,0.0,0.0,0.0,0.0,0.0,0.0,,https://www.crazygames.com/game/idle-clicker-runner,idleclickerrunner
2249,Drone Racing Championship,car_stunt_drift,0.0002,1,crazygames,2021,146161,,,,,,,,,,0.0019,0.0,0.0,0.0,0.0,0.0,0.0,0.0,0.0,0.0,,https://www.crazygames.com/game/drone-racing-championship,droneracingchampionship
2250,Xtreme Demolition Arena Derby,physics_destruction,0.0002,1,crazygames,2019,143773,,,,,,,,,,0.0019,0.0,0.0,0.0,0.0,0.0,0.0,0.0,0.0,0.0,,https://www.crazygames.com/game/xtreme-demolition-arena-derby,xtremedemolitionarenaderby
2251,Obstacle Course Ragdoll,other,0.0002,1,crazygames,2023,142114,,,,,,,,,,0.0019,0.0,0.0,0.0,0.0,0.0,0.0,0.0,0.0,0.0,,https://www.crazygames.com/game/obstacle-course-ragdoll,obstaclecourseragdoll
2252,Cavern: From the Fog,other,0.0002,1,crazygames,2024,141316,,,,,,,,,,0.0019,0.0,0.0,0.0,0.0,0.0,0.0,0.0,0.0,0.0,,https://www.crazygames.com/game/cavern-from-the-fog,cavern
2253,Real Cars Epic Stunts,other,0.0002,1,crazygames,2024,141122,,,,,,,,,,0.0019,0.0,0.0,0.0,0.0,0.0,0.0,0.0,0.0,0.0,,https://www.crazygames.com/game/real-cars-epic-stunts,realcarsepicstunts
2254,Dreamspace,other,0.0002,1,crazygames,2025,139983,,,,,,,,,,0.0019,0.0,0.0,0.0,0.0,0.0,0.0,0.0,0.0,0.0,,https://www.crazygames.com/game/dreamspace,dreamspace
2255,The Housefly,other,0.0002,1,crazygames,2021,139893,,,,,,,,,,0.0019,0.0,0.0,0.0,0.0,0.0,0.0,0.0,0.0,0.0,,https://www.crazygames.com/game/the-housefly,thehousefly
2256,Four Mini Kingdoms War,other,0.0002,1,crazygames,2024,139560,,,,,,,,,,0.0018,0.0,0.0,0.0,0.0,0.0,0.0,0.0,0.0,0.0,,https://www.crazygames.com/game/four-mini-kingdoms-war,fourminikingdomswar
2257,Jungle TD,other,0.0002,1,crazygames,2019,139370,,,,,,,,,,0.0018,0.0,0.0,0.0,0.0,0.0,0.0,0.0,0.0,0.0,,https://www.crazygames.com/game/jungle-td,jungletd
2258,Mojo Match 3D,classic_board_card,0.0002,1,crazygames,2025,138996,,,,,,,,,,0.0018,0.0,0.0,0.0,0.0,0.0,0.0,0.0,0.0,0.0,,https://www.crazygames.com/game/mojo-match-3d,mojomatch3d
2259,Sportia Football Cup,other,0.0002,1,crazygames,2026,138336,,,,,,,,,,0.0018,0.0,0.0,0.0,0.0,0.0,0.0,0.0,0.0,0.0,,https://www.crazygames.com/game/sportia-football-cup,sportiafootballcup
2260,Clash of Ages,other,0.0002,1,crazygames,2024,135419,,,,,,,,,,0.0018,0.0,0.0,0.0,0.0,0.0,0.0,0.0,0.0,0.0,,https://www.crazygames.com/game/clash-of-ages,clashofages
2261,Coloring Book,draw_guess_party,0.0002,1,y8,,,,,,46385,,,,,,0.0,0.0,0.0,0.0,0.0018,0.0,0.0,0.0,0.0,0.0,,https://www.y8.com/games/coloring_book_html,coloringbook
2262,Grow in the Hole,other,0.0002,1,crazygames,2019,132370,,,,,,,,,,0.0018,0.0,0.0,0.0,0.0,0.0,0.0,0.0,0.0,0.0,,https://www.crazygames.com/game/grow-in-the-hole,growinthehole
2263,Divine Clash,other,0.0002,1,crazygames,2026,131568,,,,,,,,,,0.0017,0.0,0.0,0.0,0.0,0.0,0.0,0.0,0.0,0.0,,https://www.crazygames.com/game/divine-clash,divineclash
2264,MergeDuel.io,merge_drop,0.0002,1,crazygames,2025,131291,,,,,,,,,,0.0017,0.0,0.0,0.0,0.0,0.0,0.0,0.0,0.0,0.0,,https://www.crazygames.com/game/merge-duel,mergeduel
2265,Nugget Royale,other,0.0002,1,crazygames,2026,130862,,,,,,,,,,0.0017,0.0,0.0,0.0,0.0,0.0,0.0,0.0,0.0,0.0,,https://www.crazygames.com/game/nugget-royale,nuggetroyale
2266,myDream Universe,other,0.0002,1,crazygames,2021,129953,,,,,,,,,,0.0017,0.0,0.0,0.0,0.0,0.0,0.0,0.0,0.0,0.0,,https://www.crazygames.com/game/mydream-universe,mydreamuniverse
2267,Slime Works,other,0.0002,1,crazygames,2026,127984,,,,,,,,,,0.0017,0.0,0.0,0.0,0.0,0.0,0.0,0.0,0.0,0.0,,https://www.crazygames.com/game/slime-works-cjj,slimeworks
2268,Juice Production Tycoon Remake,idle_clicker,0.0002,1,crazygames,2022,127978,,,,,,,,,,0.0017,0.0,0.0,0.0,0.0,0.0,0.0,0.0,0.0,0.0,,https://www.crazygames.com/game/juice-production-tycoon-remake,juiceproductiontycoonremake
2269,Cars vs Zombies,other,0.0002,1,crazygames,2026,127525,,,,,,,,,,0.0017,0.0,0.0,0.0,0.0,0.0,0.0,0.0,0.0,0.0,,https://www.crazygames.com/game/cars-vs-zombies,carsvszombies
2270,Smash Defense,other,0.0002,1,crazygames,2025,126628,,,,,,,,,,0.0017,0.0,0.0,0.0,0.0,0.0,0.0,0.0,0.0,0.0,,https://www.crazygames.com/game/smash-defense,smashdefense
2271,Dominators: Fighting Dinosaurs,other,0.0002,1,crazygames,2026,126260,,,,,,,,,,0.0017,0.0,0.0,0.0,0.0,0.0,0.0,0.0,0.0,0.0,,https://www.crazygames.com/game/dominators-fighting-dinosaurs-fyf,dominators
2272,Blitz Tanks,tank_maze_duel,0.0002,1,crazygames,2023,126146,,,,,,,,,,0.0017,0.0,0.0,0.0,0.0,0.0,0.0,0.0,0.0,0.0,,https://www.crazygames.com/game/blitz-tanks,blitztanks
2273,One Shot Duel: Snipe & Hide,other,0.0002,1,crazygames,2026,125179,,,,,,,,,,0.0017,0.0,0.0,0.0,0.0,0.0,0.0,0.0,0.0,0.0,,https://www.crazygames.com/game/one-shot-duel-snipe-hide,oneshotduel
2274,Pixel Mine Challenge,other,0.0002,1,crazygames,2022,123927,,,,,,,,,,0.0016,0.0,0.0,0.0,0.0,0.0,0.0,0.0,0.0,0.0,,https://www.crazygames.com/game/pixel-mine-challenge,pixelminechallenge
2275,Dino Realms,other,0.0002,1,crazygames,2026,123087,,,,,,,,,,0.0016,0.0,0.0,0.0,0.0,0.0,0.0,0.0,0.0,0.0,,https://www.crazygames.com/game/dino-realms-ets,dinorealms
2276,Spectre Command- AC130 Simulator,other,0.0002,1,crazygames,2026,122953,,,,,,,,,,0.0016,0.0,0.0,0.0,0.0,0.0,0.0,0.0,0.0,0.0,,https://www.crazygames.com/game/spectre-command--ac130-simulator,spectrecommand
2277,Zombie Protocol,other,0.0002,1,crazygames,2026,122762,,,,,,,,,,0.0016,0.0,0.0,0.0,0.0,0.0,0.0,0.0,0.0,0.0,,https://www.crazygames.com/game/zombie-protocol,zombieprotocol
2278,Dragon Hunter,other,0.0002,1,crazygames,2024,122507,,,,,,,,,,0.0016,0.0,0.0,0.0,0.0,0.0,0.0,0.0,0.0,0.0,,https://www.crazygames.com/game/let-s-journey,dragonhunter
2279,Random Cards: Tower Defense,tower_defense,0.0002,1,crazygames,2023,121976,,,,,,,,,,0.0016,0.0,0.0,0.0,0.0,0.0,0.0,0.0,0.0,0.0,,https://www.crazygames.com/game/random-cards-tower-defense,randomcards
2280,Llama Legends,other,0.0002,1,crazygames,2026,121483,,,,,,,,,,0.0016,0.0,0.0,0.0,0.0,0.0,0.0,0.0,0.0,0.0,,https://www.crazygames.com/game/llama-legends,llamalegends
2281,Reckon Days,other,0.0002,1,crazygames,2026,120909,,,,,,,,,,0.0016,0.0,0.0,0.0,0.0,0.0,0.0,0.0,0.0,0.0,,https://www.crazygames.com/game/reckon-days-tou,reckondays
2282,Trump Tower Defense,tower_defense,0.0002,1,crazygames,2018,120461,,,,,,,,,,0.0016,0.0,0.0,0.0,0.0,0.0,0.0,0.0,0.0,0.0,,https://www.crazygames.com/game/trump-tower-defense,trumptowerdefense
2283,Space Hex: War Merge Shooter,io_arena_shooter,0.0002,1,crazygames,2025,120153,,,,,,,,,,0.0016,0.0,0.0,0.0,0.0,0.0,0.0,0.0,0.0,0.0,,https://www.crazygames.com/game/space-hex-war-merge-shooter,spacehex
2284,Slender Clown: Be Afraid of It!,other,0.0002,1,crazygames,2018,119103,,,,,,,,,,0.0016,0.0,0.0,0.0,0.0,0.0,0.0,0.0,0.0,0.0,,https://www.crazygames.com/game/slender-clown-be-afraid-of-it,slenderclown
2285,BilliardX,pool_billiards,0.0002,1,crazygames,2026,118141,,,,,,,,,,0.0016,0.0,0.0,0.0,0.0,0.0,0.0,0.0,0.0,0.0,,https://www.crazygames.com/game/billiardx,billiardx
2286,Screw Sorting,merge_drop,0.0002,1,crazygames,2026,118079,,,,,,,,,,0.0016,0.0,0.0,0.0,0.0,0.0,0.0,0.0,0.0,0.0,,https://www.crazygames.com/game/screw-sort---fix-match-puzzle,screwsorting
2287,Combat Online 2,other,0.0002,1,crazygames,2026,117964,,,,,,,,,,0.0016,0.0,0.0,0.0,0.0,0.0,0.0,0.0,0.0,0.0,,https://www.crazygames.com/game/combat-online-2,combat
2288,Archers Battle,artillery_turn,0.0002,1,crazygames,2025,117698,,,,,,,,,,0.0016,0.0,0.0,0.0,0.0,0.0,0.0,0.0,0.0,0.0,,https://www.crazygames.com/game/archers-battle,archersbattle
2289,Pets Roll: Idle Clicker,idle_clicker,0.0002,1,crazygames,2026,117663,,,,,,,,,,0.0016,0.0,0.0,0.0,0.0,0.0,0.0,0.0,0.0,0.0,,https://www.crazygames.com/game/pets-roll-idle-clicker,petsroll
2290,Noob Parkour 3D,io_arena_shooter,0.0002,1,crazygames,2023,116941,,,,,,,,,,0.0015,0.0,0.0,0.0,0.0,0.0,0.0,0.0,0.0,0.0,,https://www.crazygames.com/game/noob-parkour-3d,noobparkour3d
2291,Super Number Defense,other,0.0002,1,crazygames,2023,116507,,,,,,,,,,0.0015,0.0,0.0,0.0,0.0,0.0,0.0,0.0,0.0,0.0,,https://www.crazygames.com/game/super-number-defense,supernumberdefense
2292,Lost Dungeon,other,0.0002,1,crazygames,2026,116149,,,,,,,,,,0.0015,0.0,0.0,0.0,0.0,0.0,0.0,0.0,0.0,0.0,,https://www.crazygames.com/game/lost-dungeon,lostdungeon
2293,Zombie War Survival,other,0.0002,1,crazygames,2026,115462,,,,,,,,,,0.0015,0.0,0.0,0.0,0.0,0.0,0.0,0.0,0.0,0.0,,https://www.crazygames.com/game/zombie-war-survival,zombiewarsurvival
2294,Battle for Resources,other,0.0002,1,crazygames,2026,114870,,,,,,,,,,0.0015,0.0,0.0,0.0,0.0,0.0,0.0,0.0,0.0,0.0,,https://www.crazygames.com/game/battle-for-resources,battleforresources
2295,+1 Speed Keyboard Lucky Escape,rbx_reverse,0.0002,4,crazygames;miniplay;playgama;twoplayergames,2026,114753,,,,,,,,,,0.0015,0.0,0.0,0.0,0.0,0.0,0.0,0.0,0.0,0.0,,https://www.crazygames.com/game/1-speed-keyboard-lucky-escape,1speedkeyboardluckyescape
2296,RCC Stunt Cars,car_stunt_drift,0.0002,1,crazygames,2018,113135,,,,,,,,,,0.0015,0.0,0.0,0.0,0.0,0.0,0.0,0.0,0.0,0.0,,https://www.crazygames.com/game/rcc-stunt-cars,rccstuntcars
2297,Armor Path,other,0.0002,1,crazygames,2025,112355,,,,,,,,,,0.0015,0.0,0.0,0.0,0.0,0.0,0.0,0.0,0.0,0.0,,https://www.crazygames.com/game/armor-path-ctb,armorpath
2298,Swing Sword for Brainrots,rbx_reverse,0.0002,1,crazygames,2026,112072,,,,,,,,,,0.0015,0.0,0.0,0.0,0.0,0.0,0.0,0.0,0.0,0.0,,https://www.crazygames.com/game/swing-sword-for-brainrots,swingswordforbrainrots
2299,Age of Steam Tower Defence,tower_defense,0.0002,1,crazygames,2025,111161,,,,,,,,,,0.0015,0.0,0.0,0.0,0.0,0.0,0.0,0.0,0.0,0.0,,https://www.crazygames.com/game/age-of-steam-tower-defence,ageofsteamtowerdefence
2300,Tap Fighter,other,0.0002,1,crazygames,2026,110430,,,,,,,,,,0.0015,0.0,0.0,0.0,0.0,0.0,0.0,0.0,0.0,0.0,,https://www.crazygames.com/game/tap-fighter,tapfighter
2301,DayCare Tycoon,idle_clicker,0.0002,1,crazygames,2024,109976,,,,,,,,,,0.0015,0.0,0.0,0.0,0.0,0.0,0.0,0.0,0.0,0.0,,https://www.crazygames.com/game/daycare-tycoon,daycaretycoon
2302,Lemony Cafe,time_mgmt_cooking,0.0002,1,crazygames,2025,109154,,,,,,,,,,0.0014,0.0,0.0,0.0,0.0,0.0,0.0,0.0,0.0,0.0,,https://www.crazygames.com/game/lemony-cafe,lemonycafe
2303,Axy Snake 3D,other,0.0002,1,crazygames,2024,109066,,,,,,,,,,0.0014,0.0,0.0,0.0,0.0,0.0,0.0,0.0,0.0,0.0,,https://www.crazygames.com/game/axy-snake-3d,axysnake3d
2304,Deep Space Horror: Outpost,horror_escape,0.0002,1,crazygames,2022,108460,,,,,,,,,,0.0014,0.0,0.0,0.0,0.0,0.0,0.0,0.0,0.0,0.0,,https://www.crazygames.com/game/deep-space-horror-outpost,deepspacehorror
2305,Fish Catch Idle,idle_clicker,0.0002,1,crazygames,2026,107586,,,,,,,,,,0.0014,0.0,0.0,0.0,0.0,0.0,0.0,0.0,0.0,0.0,,https://www.crazygames.com/game/fish-catch-idle,fishcatchidle
2306,Dragon Joust (.io),other,0.0002,1,crazygames,2022,107441,,,,,,,,,,0.0014,0.0,0.0,0.0,0.0,0.0,0.0,0.0,0.0,0.0,,https://www.crazygames.com/game/dragon-joust,dragonjoust
2307,GYROBLADE,other,0.0002,1,crazygames,2026,106245,,,,,,,,,,0.0014,0.0,0.0,0.0,0.0,0.0,0.0,0.0,0.0,0.0,,https://www.crazygames.com/game/gyroblade,gyroblade
2308,UnderDark: Defense,other,0.0002,1,crazygames,2026,106242,,,,,,,,,,0.0014,0.0,0.0,0.0,0.0,0.0,0.0,0.0,0.0,0.0,,https://www.crazygames.com/game/underdark-defense,underdark
2309,My Cake Shop,other,0.0002,1,crazygames,2026,105249,,,,,,,,,,0.0014,0.0,0.0,0.0,0.0,0.0,0.0,0.0,0.0,0.0,,https://www.crazygames.com/game/my-cake-shop,mycakeshop
2310,Raccoon Legend,other,0.0002,1,crazygames,2025,104201,,,,,,,,,,0.0014,0.0,0.0,0.0,0.0,0.0,0.0,0.0,0.0,0.0,,https://www.crazygames.com/game/raccoon-legend,raccoonlegend
2311,SWAT Cats,other,0.0002,1,crazygames,2025,104044,,,,,,,,,,0.0014,0.0,0.0,0.0,0.0,0.0,0.0,0.0,0.0,0.0,,https://www.crazygames.com/game/swat-cats,swatcats
2312,Puppet Soccer 2026 Football,other,0.0002,1,crazygames,2026,103813,,,,,,,,,,0.0014,0.0,0.0,0.0,0.0,0.0,0.0,0.0,0.0,0.0,,https://www.crazygames.com/game/puppet-soccer-2026-football,puppetsoccerfootball
2313,Mob Rush,other,0.0002,1,crazygames,2026,103559,,,,,,,,,,0.0014,0.0,0.0,0.0,0.0,0.0,0.0,0.0,0.0,0.0,,https://www.crazygames.com/game/mob-rush,mobrush
2314,Chess Duel,classic_board_card,0.0002,1,y8,,,,,,36044,,,,,,0.0,0.0,0.0,0.0,0.0014,0.0,0.0,0.0,0.0,0.0,,https://www.y8.com/games/chess_duel,chessduel
2315,Aero Mania,other,0.0002,1,crazygames,2025,102591,,,,,,,,,,0.0014,0.0,0.0,0.0,0.0,0.0,0.0,0.0,0.0,0.0,,https://www.crazygames.com/game/hyper-drone-racer,aeromania
2316,Blocky Cars in Real World,other,0.0002,1,crazygames,2018,102376,,,,,,,,,,0.0014,0.0,0.0,0.0,0.0,0.0,0.0,0.0,0.0,0.0,,https://www.crazygames.com/game/blocky-cars-in-real-world,blockycarsinrealworld
2317,Animal Merge Zoo Park,merge_drop,0.0002,1,crazygames,2026,102352,,,,,,,,,,0.0014,0.0,0.0,0.0,0.0,0.0,0.0,0.0,0.0,0.0,,https://www.crazygames.com/game/animal-merge-zoo-park,animalmergezoopark
2318,Nightfall Survivors,other,0.0002,1,crazygames,2026,102121,,,,,,,,,,0.0014,0.0,0.0,0.0,0.0,0.0,0.0,0.0,0.0,0.0,,https://www.crazygames.com/game/nightfall-survivors-imo,nightfallsurvivors
2319,Fantasy Idle Tycoon,idle_clicker,0.0002,1,crazygames,2022,101411,,,,,,,,,,0.0013,0.0,0.0,0.0,0.0,0.0,0.0,0.0,0.0,0.0,,https://www.crazygames.com/game/fantasy-idle-tycoon,fantasyidletycoon
2320,Zombie Lab Escape,other,0.0002,1,crazygames,2026,99628,,,,,,,,,,0.0013,0.0,0.0,0.0,0.0,0.0,0.0,0.0,0.0,0.0,,https://www.crazygames.com/game/zombie-lab-escape,zombielabescape
2321,Snake Wiggle Master!,other,0.0002,1,crazygames,2026,99617,,,,,,,,,,0.0013,0.0,0.0,0.0,0.0,0.0,0.0,0.0,0.0,0.0,,https://www.crazygames.com/game/snake-wiggle-master,snakewigglemaster
2322,Color Cube Puzzle,other,0.0002,1,crazygames,2026,99301,,,,,,,,,,0.0013,0.0,0.0,0.0,0.0,0.0,0.0,0.0,0.0,0.0,,https://www.crazygames.com/game/color-cube-puzzle,colorcubepuzzle
2323,Plinko Idle,idle_clicker,0.0002,1,crazygames,2026,97543,,,,,,,,,,0.0013,0.0,0.0,0.0,0.0,0.0,0.0,0.0,0.0,0.0,,https://www.crazygames.com/game/plinko-idle-aku,plinkoidle
2324,Vortex.io,other,0.0002,1,crazygames,2023,97347,,,,,,,,,,0.0013,0.0,0.0,0.0,0.0,0.0,0.0,0.0,0.0,0.0,,https://www.crazygames.com/game/vortex-io,vortex
2325,Sugar Rush,other,0.0002,1,crazygames,2023,97222,,,,,,,,,,0.0013,0.0,0.0,0.0,0.0,0.0,0.0,0.0,0.0,0.0,,https://www.crazygames.com/game/sugar-rush,sugarrush
2326,OreCrusher,other,0.0002,1,crazygames,2026,96267,,,,,,,,,,0.0013,0.0,0.0,0.0,0.0,0.0,0.0,0.0,0.0,0.0,OreCrusher 2,https://www.crazygames.com/game/orecrusher,orecrusher
2327,Car Race: 3D,other,0.0001,1,crazygames,2024,95335,,,,,,,,,,0.0013,0.0,0.0,0.0,0.0,0.0,0.0,0.0,0.0,0.0,,https://www.crazygames.com/game/car-race-3d-racing-cars-games,carrace
2328,Unscrew Drop: Satisfying Puzzle,merge_drop,0.0001,1,crazygames,2026,95315,,,,,,,,,,0.0013,0.0,0.0,0.0,0.0,0.0,0.0,0.0,0.0,0.0,,https://www.crazygames.com/game/unscrew-drop-satisfying-puzzle,unscrewdrop
2329,Zombo Buster Rising Remastered,other,0.0001,1,crazygames,2014,94357,,,,,,,,,,0.0013,0.0,0.0,0.0,0.0,0.0,0.0,0.0,0.0,0.0,,https://www.crazygames.com/game/zombo-buster-rising,zombobusterrising
2330,Legion of Zombie Terrors,other,0.0001,1,crazygames,2025,93395,,,,,,,,,,0.0012,0.0,0.0,0.0,0.0,0.0,0.0,0.0,0.0,0.0,,https://www.crazygames.com/game/legion-of-zombie-terrors,legionofzombieterrors
2331,Agents.io,other,0.0001,1,crazygames,2023,92785,,,,,,,,,,0.0012,0.0,0.0,0.0,0.0,0.0,0.0,0.0,0.0,0.0,,https://www.crazygames.com/game/agents-io,agents
2332,Cricket Smash 3D,other,0.0001,1,crazygames,2026,92463,,,,,,,,,,0.0012,0.0,0.0,0.0,0.0,0.0,0.0,0.0,0.0,0.0,,https://www.crazygames.com/game/cricket-smash-3d,cricketsmash3d
2333,Rage Fruits Tower Defense,troll_platformer,0.0001,1,crazygames,2025,91061,,,,,,,,,,0.0012,0.0,0.0,0.0,0.0,0.0,0.0,0.0,0.0,0.0,,https://www.crazygames.com/game/fruit-tower-defense,ragefruitstowerdefense
2334,Mahjong Monster Arena,classic_board_card,0.0001,1,crazygames,2022,90504,,,,,,,,,,0.0012,0.0,0.0,0.0,0.0,0.0,0.0,0.0,0.0,0.0,,https://www.crazygames.com/game/mahjong-monster-arena,mahjongmonsterarena
2335,Brainrot Tower Defense,rbx_reverse,0.0001,1,crazygames,2026,89833,,,,,,,,,,0.0012,0.0,0.0,0.0,0.0,0.0,0.0,0.0,0.0,0.0,,https://www.crazygames.com/game/brainrot-tower-defense,brainrottowerdefense
2336,Sorcerers Refuge,other,0.0001,1,crazygames,2025,89798,,,,,,,,,,0.0012,0.0,0.0,0.0,0.0,0.0,0.0,0.0,0.0,0.0,,https://www.crazygames.com/game/sorcerers-refuge,sorcerersrefuge
2337,The Garbaggio Hotel,other,0.0001,1,crazygames,2026,88585,,,,,,,,,,0.0012,0.0,0.0,0.0,0.0,0.0,0.0,0.0,0.0,0.0,,https://www.crazygames.com/game/the-garbaggio-hotel,thegarbaggiohotel
2338,Ultimate Football Cup,other,0.0001,1,crazygames,2026,88276,,,,,,,,,,0.0012,0.0,0.0,0.0,0.0,0.0,0.0,0.0,0.0,0.0,,https://www.crazygames.com/game/ultimate-football-cup,ultimatefootballcup
2339,Idle Car Service: Tycoon,idle_clicker,0.0001,1,crazygames,2026,86776,,,,,,,,,,0.0011,0.0,0.0,0.0,0.0,0.0,0.0,0.0,0.0,0.0,,https://www.crazygames.com/game/idle-car-service-tycoon,idlecarservice
2340,Cop Simulator: My Prison 3D,other,0.0001,3,agame;crazygames;lagged,2026,85929,,,,,,,,,,0.0011,0.0,0.0,0.0,0.0,0.0,0.0,0.0,0.0,0.0,,https://www.crazygames.com/game/cop-simulator-my-prison-3d,copsimulator
2341,Turbo Trail,other,0.0001,1,crazygames,2026,84881,,,,,,,,,,0.0011,0.0,0.0,0.0,0.0,0.0,0.0,0.0,0.0,0.0,,https://www.crazygames.com/game/turbo-trail-txl,turbotrail
2342,Merge Archers,merge_drop,0.0001,1,crazygames,2026,84755,,,,,,,,,,0.0011,0.0,0.0,0.0,0.0,0.0,0.0,0.0,0.0,0.0,,https://www.crazygames.com/game/merge-archers,mergearchers
2343,Capy Cafe,time_mgmt_cooking,0.0001,1,crazygames,2026,84592,,,,,,,,,,0.0011,0.0,0.0,0.0,0.0,0.0,0.0,0.0,0.0,0.0,,https://www.crazygames.com/game/capy-cafe,capycafe
2344,Raid & Rush,other,0.0001,1,crazygames,2026,84490,,,,,,,,,,0.0011,0.0,0.0,0.0,0.0,0.0,0.0,0.0,0.0,0.0,,https://www.crazygames.com/game/raid-rush,raidrush
2345,Starsmith Idle,idle_clicker,0.0001,1,crazygames,2026,81773,,,,,,,,,,0.0011,0.0,0.0,0.0,0.0,0.0,0.0,0.0,0.0,0.0,,https://www.crazygames.com/game/starsmith-idle,starsmithidle
2346,Forest Spirit: Farm & Fight,other,0.0001,1,crazygames,2025,81148,,,,,,,,,,0.0011,0.0,0.0,0.0,0.0,0.0,0.0,0.0,0.0,0.0,,https://www.crazygames.com/game/forest-spirit-farm-fight,forestspirit
2347,Trash Vacuum Idle Clicker,idle_clicker,0.0001,1,crazygames,2026,80691,,,,,,,,,,0.0011,0.0,0.0,0.0,0.0,0.0,0.0,0.0,0.0,0.0,,https://www.crazygames.com/game/trash-vacuum-idle-clicker,trashvacuumidleclicker
2348,Monster Mixer Idle,idle_clicker,0.0001,1,crazygames,2026,78961,,,,,,,,,,0.001,0.0,0.0,0.0,0.0,0.0,0.0,0.0,0.0,0.0,,https://www.crazygames.com/game/monster-mixer-idle,monstermixeridle
2349,Void Siege,physics_destruction,0.0001,1,crazygames,2025,78866,,,,,,,,,,0.001,0.0,0.0,0.0,0.0,0.0,0.0,0.0,0.0,0.0,,https://www.crazygames.com/game/void-siege-jze,voidsiege
2350,Zombie Cafe,time_mgmt_cooking,0.0001,1,crazygames,2025,78527,,,,,,,,,,0.001,0.0,0.0,0.0,0.0,0.0,0.0,0.0,0.0,0.0,,https://www.crazygames.com/game/zombie-cafe,zombiecafe
2351,Knightmare Tower,other,0.0001,1,crazygames,2023,78048,,,,,,,,,,0.001,0.0,0.0,0.0,0.0,0.0,0.0,0.0,0.0,0.0,,https://www.crazygames.com/game/knightmare-tower,knightmaretower
2352,Shop Rush 3D,other,0.0001,1,crazygames,2026,77487,,,,,,,,,,0.001,0.0,0.0,0.0,0.0,0.0,0.0,0.0,0.0,0.0,,https://www.crazygames.com/game/shop-rush-3d,shoprush3d
2353,Island Racer,car_stunt_drift,0.0001,1,crazygames,2023,76856,,,,,,,,,,0.001,0.0,0.0,0.0,0.0,0.0,0.0,0.0,0.0,0.0,,https://www.crazygames.com/game/island-racer,islandracer
2354,Runic Rampage,other,0.0001,1,crazygames,2026,75334,,,,,,,,,,0.001,0.0,0.0,0.0,0.0,0.0,0.0,0.0,0.0,0.0,,https://www.crazygames.com/game/runic-rampage,runicrampage
2355,Space Swarm,other,0.0001,1,crazygames,2023,74979,,,,,,,,,,0.001,0.0,0.0,0.0,0.0,0.0,0.0,0.0,0.0,0.0,,https://www.crazygames.com/game/space-swarm,spaceswarm
2356,The Last Lighthouse,other,0.0001,1,crazygames,2026,74874,,,,,,,,,,0.001,0.0,0.0,0.0,0.0,0.0,0.0,0.0,0.0,0.0,,https://www.crazygames.com/game/the-last-lighthouse,thelastlighthouse
2357,Infinite Blade: Rebirth,other,0.0001,1,crazygames,2026,73507,,,,,,,,,,0.001,0.0,0.0,0.0,0.0,0.0,0.0,0.0,0.0,0.0,,https://www.crazygames.com/game/infinite-blade-rebirth,infiniteblade
2358,Railway Empire,other,0.0001,1,crazygames,2026,73178,,,,,,,,,,0.001,0.0,0.0,0.0,0.0,0.0,0.0,0.0,0.0,0.0,,https://www.crazygames.com/game/railway-empire,railwayempire
2359,Car Seller: Life Simulator,other,0.0001,1,crazygames,2026,72997,,,,,,,,,,0.001,0.0,0.0,0.0,0.0,0.0,0.0,0.0,0.0,0.0,,https://www.crazygames.com/game/car-seller-life-simulator,carseller
2360,Crab Cove : Pixel Puzzle,other,0.0001,1,crazygames,2026,72778,,,,,,,,,,0.001,0.0,0.0,0.0,0.0,0.0,0.0,0.0,0.0,0.0,,https://www.crazygames.com/game/crab-cove-pixel-puzzle,crabcove
2361,HEX BOIS,other,0.0001,1,crazygames,2026,72578,,,,,,,,,,0.001,0.0,0.0,0.0,0.0,0.0,0.0,0.0,0.0,0.0,,https://www.crazygames.com/game/hex-bois,hexbois
2362,Ants Adventure,other,0.0001,1,crazygames,2023,71768,,,,,,,,,,0.001,0.0,0.0,0.0,0.0,0.0,0.0,0.0,0.0,0.0,,https://www.crazygames.com/game/ants-adventure,antsadventure
2363,Robby Superhero,rbx_reverse,0.0001,1,crazygames,2026,70670,,,,,,,,,,0.0009,0.0,0.0,0.0,0.0,0.0,0.0,0.0,0.0,0.0,,https://www.crazygames.com/game/robby-superhero,robbysuperhero
2364,Base Obby: Zombie Defense,rbx_reverse,0.0001,1,crazygames,2026,70369,,,,,,,,,,0.0009,0.0,0.0,0.0,0.0,0.0,0.0,0.0,0.0,0.0,,https://www.crazygames.com/game/base-obby-zombie-defense,baseobby
2365,Snowman Skiing Game,other,0.0001,1,coolmathgames,,,,,,,,,,1021,,0.0,0.0,0.0,0.0,0.0,0.0,0.0,0.0,0.0018,0.0,,https://www.coolmathgames.com/0-snowman-skiing,snowmanskiing
2366,Arcade Tycoon,idle_clicker,0.0001,1,crazygames,2025,68866,,,,,,,,,,0.0009,0.0,0.0,0.0,0.0,0.0,0.0,0.0,0.0,0.0,,https://www.crazygames.com/game/arcade-casino-tycoon,arcadetycoon
2367,Merge and Drive,merge_drop,0.0001,1,crazygames,2026,68393,,,,,,,,,,0.0009,0.0,0.0,0.0,0.0,0.0,0.0,0.0,0.0,0.0,,https://www.crazygames.com/game/merge-and-play-hxl,mergeanddrive
2368,The White Room 3D,other,0.0001,1,crazygames,2022,67476,,,,,,,,,,0.0009,0.0,0.0,0.0,0.0,0.0,0.0,0.0,0.0,0.0,,https://www.crazygames.com/game/the-white-room-3d,thewhiteroom3d
2369,Patchwork Farm,other,0.0001,1,crazygames,2026,66743,,,,,,,,,,0.0009,0.0,0.0,0.0,0.0,0.0,0.0,0.0,0.0,0.0,,https://www.crazygames.com/game/patchwork-farm,patchworkfarm
2370,Bike Trial Xtreme Forest,bike_trials,0.0001,1,crazygames,2019,66066,,,,,,,,,,0.0009,0.0,0.0,0.0,0.0,0.0,0.0,0.0,0.0,0.0,,https://www.crazygames.com/game/bike-trial-xtreme-forest,biketrialxtremeforest
2371,Mega Ragdoll Sandbox Simulator,ragdoll_gore_course,0.0001,1,crazygames,2024,65649,,,,,,,,,,0.0009,0.0,0.0,0.0,0.0,0.0,0.0,0.0,0.0,0.0,,https://www.crazygames.com/game/mega-ragdoll-sandbox-simulator,megaragdollsandboxsimulator
2372,Rainbow Snake,other,0.0001,1,crazygames,2023,65618,,,,,,,,,,0.0009,0.0,0.0,0.0,0.0,0.0,0.0,0.0,0.0,0.0,,https://www.crazygames.com/game/rainbow-snake,rainbowsnake
2373,Sports Store: Idle Business Tycoon,idle_clicker,0.0001,1,crazygames,2025,65572,,,,,,,,,,0.0009,0.0,0.0,0.0,0.0,0.0,0.0,0.0,0.0,0.0,,https://www.crazygames.com/game/sports-store-idle-business-tycoon,sportsstore
2374,Tanky.io,tank_maze_duel,0.0001,1,crazygames,2026,65289,,,,,,,,,,0.0009,0.0,0.0,0.0,0.0,0.0,0.0,0.0,0.0,0.0,,https://www.crazygames.com/game/tanky-io,tanky
2375,Arrow Slide Puzzle,other,0.0001,1,crazygames,2026,63987,,,,,,,,,,0.0008,0.0,0.0,0.0,0.0,0.0,0.0,0.0,0.0,0.0,,https://www.crazygames.com/game/arrow-slide-puzzle,arrowslidepuzzle
2376,Smash Block Arena,other,0.0001,1,crazygames,2025,63202,,,,,,,,,,0.0008,0.0,0.0,0.0,0.0,0.0,0.0,0.0,0.0,0.0,,https://www.crazygames.com/game/smash-block-arena,smashblockarena
2377,Jewel Coloring: Crystal Sorting,merge_drop,0.0001,3,crazygames;lagged;playgama,2026,62887,,,,,,,,,,0.0008,0.0,0.0,0.0,0.0,0.0,0.0,0.0,0.0,0.0,,https://www.crazygames.com/game/jewel-coloring-crystal-sorting,jewelcoloring
2378,Craft market,sandbox_voxel,0.0001,1,crazygames,2025,62830,,,,,,,,,,0.0008,0.0,0.0,0.0,0.0,0.0,0.0,0.0,0.0,0.0,,https://www.crazygames.com/game/cubic-shop,craftmarket
2379,Spot the Diff: Drama Style,other,0.0001,1,crazygames,2026,62138,,,,,,,,,,0.0008,0.0,0.0,0.0,0.0,0.0,0.0,0.0,0.0,0.0,,https://www.crazygames.com/game/spot-the-diff-drama-style-vrn,spotthediff
2380,putt.day,mini_golf,0.0001,1,crazygames,2026,60947,,,,,,,,,,0.0008,0.0,0.0,0.0,0.0,0.0,0.0,0.0,0.0,0.0,,https://www.crazygames.com/game/putt-day,puttday
2381,Shadow Survivors,other,0.0001,1,crazygames,2026,60838,,,,,,,,,,0.0008,0.0,0.0,0.0,0.0,0.0,0.0,0.0,0.0,0.0,,https://www.crazygames.com/game/shadow-survivors,shadowsurvivors
2382,Magnet Balls: Addictive,other,0.0001,1,crazygames,2026,60482,,,,,,,,,,0.0008,0.0,0.0,0.0,0.0,0.0,0.0,0.0,0.0,0.0,,https://www.crazygames.com/game/magnet-balls-addictive-zps,magnetballs
2383,ChopForge,fruit_slice,0.0001,1,crazygames,2023,60434,,,,,,,,,,0.0008,0.0,0.0,0.0,0.0,0.0,0.0,0.0,0.0,0.0,,https://www.crazygames.com/game/chopforge,chopforge
2384,Idle Physio Clinic Tycoon,idle_clicker,0.0001,1,crazygames,2026,60189,,,,,,,,,,0.0008,0.0,0.0,0.0,0.0,0.0,0.0,0.0,0.0,0.0,,https://www.crazygames.com/game/my-perfect-clinic,idlephysioclinictycoon
2385,Fly Me Hard,other,0.0001,1,crazygames,2025,59511,,,,,,,,,,0.0008,0.0,0.0,0.0,0.0,0.0,0.0,0.0,0.0,0.0,,https://www.crazygames.com/game/fly-me-hard,flymehard
2386,Forge of Gods,other,0.0001,1,crazygames,2026,59263,,,,,,,,,,0.0008,0.0,0.0,0.0,0.0,0.0,0.0,0.0,0.0,0.0,,https://www.crazygames.com/game/forge-of-gods,forgeofgods
2387,Dungeon Descent,other,0.0001,1,crazygames,2026,58958,,,,,,,,,,0.0008,0.0,0.0,0.0,0.0,0.0,0.0,0.0,0.0,0.0,,https://www.crazygames.com/game/dungeon-descent-jrx,dungeondescent
2388,Tankgank,tank_maze_duel,0.0001,1,crazygames,2025,58950,,,,,,,,,,0.0008,0.0,0.0,0.0,0.0,0.0,0.0,0.0,0.0,0.0,,https://www.crazygames.com/game/tankgank-com,tankgank
2389,Project Gatherwood,other,0.0001,1,crazygames,2026,58698,,,,,,,,,,0.0008,0.0,0.0,0.0,0.0,0.0,0.0,0.0,0.0,0.0,,https://www.crazygames.com/game/project-gatherwood-gou,projectgatherwood
2390,Devil's Road,other,0.0001,1,crazygames,2024,58515,,,,,,,,,,0.0008,0.0,0.0,0.0,0.0,0.0,0.0,0.0,0.0,0.0,,https://www.crazygames.com/game/devil-s-road,devilsroad
2391,Rumble High,other,0.0001,1,crazygames,2025,58328,,,,,,,,,,0.0008,0.0,0.0,0.0,0.0,0.0,0.0,0.0,0.0,0.0,,https://www.crazygames.com/game/rumble-high,rumblehigh
2392,Tap Out: Block Escape,other,0.0001,1,crazygames,2026,58219,,,,,,,,,,0.0008,0.0,0.0,0.0,0.0,0.0,0.0,0.0,0.0,0.0,,https://www.crazygames.com/game/tap-out-block-escape,tapout
2393,Monster Island,other,0.0001,1,crazygames,2026,57905,,,,,,,,,,0.0008,0.0,0.0,0.0,0.0,0.0,0.0,0.0,0.0,0.0,,https://www.crazygames.com/game/monster-island-fyy,monsterisland
2394,Slime Attack: Puzzle!,other,0.0001,1,crazygames,2025,57753,,,,,,,,,,0.0008,0.0,0.0,0.0,0.0,0.0,0.0,0.0,0.0,0.0,,https://www.crazygames.com/game/slime-attack-puzzle,slimeattack
2395,Plunder - Online Pirate Battle,other,0.0001,1,crazygames,2026,57486,,,,,,,,,,0.0008,0.0,0.0,0.0,0.0,0.0,0.0,0.0,0.0,0.0,,https://www.crazygames.com/game/plunder-2d---online-pirate-battle-brp,plunder
2396,The MOO Factory,other,0.0001,1,crazygames,2026,57191,,,,,,,,,,0.0008,0.0,0.0,0.0,0.0,0.0,0.0,0.0,0.0,0.0,,https://www.crazygames.com/game/the-moo-factory-dzw,themoofactory
2397,Beacon Under Siege,physics_destruction,0.0001,1,crazygames,2026,56138,,,,,,,,,,0.0007,0.0,0.0,0.0,0.0,0.0,0.0,0.0,0.0,0.0,,https://www.crazygames.com/game/beacon-under-siege,beaconundersiege
2398,Pixel Survivor,other,0.0001,1,crazygames,2026,55319,,,,,,,,,,0.0007,0.0,0.0,0.0,0.0,0.0,0.0,0.0,0.0,0.0,,https://www.crazygames.com/game/pixel-survivor-ppr,pixelsurvivor
2399,Heroes vs Monsters: Idle RPG,idle_clicker,0.0001,1,crazygames,2026,54906,,,,,,,,,,0.0007,0.0,0.0,0.0,0.0,0.0,0.0,0.0,0.0,0.0,,https://www.crazygames.com/game/heroes-vs-monsters-idle-rpg,heroesvsmonsters
2400,Police Car Town Chase,other,0.0001,1,crazygames,2018,53129,,,,,,,,,,0.0007,0.0,0.0,0.0,0.0,0.0,0.0,0.0,0.0,0.0,,https://www.crazygames.com/game/police-town-car-chase,policecartownchase
2401,Village of Heroes: Roguelike TD,other,0.0001,1,crazygames,2024,52729,,,,,,,,,,0.0007,0.0,0.0,0.0,0.0,0.0,0.0,0.0,0.0,0.0,,https://www.crazygames.com/game/village-of-heroes-roguelike-td,villageofheroes
2402,Merge Elementals: Castle Defense,merge_drop,0.0001,1,crazygames,2026,52590,,,,,,,,,,0.0007,0.0,0.0,0.0,0.0,0.0,0.0,0.0,0.0,0.0,,https://www.crazygames.com/game/merge-elementals-castle-defense,mergeelementals
2403,Smash and Break,other,0.0001,1,crazygames,2026,51963,,,,,,,,,,0.0007,0.0,0.0,0.0,0.0,0.0,0.0,0.0,0.0,0.0,,https://www.crazygames.com/game/smash-and-break,smashandbreak
2404,Iron Bastion: Tower Defense,tower_defense,0.0001,1,crazygames,2024,51897,,,,,,,,,,0.0007,0.0,0.0,0.0,0.0,0.0,0.0,0.0,0.0,0.0,,https://www.crazygames.com/game/iron-bastion-tower-defense,ironbastion
2405,Stickman Strike Force,run_gun_coop,0.0001,1,crazygames,2026,51673,,,,,,,,,,0.0007,0.0,0.0,0.0,0.0,0.0,0.0,0.0,0.0,0.0,,https://www.crazygames.com/game/stickman-strike-force-online-fps,stickmanstrikeforce
2406,Yeetcat,other,0.0001,1,crazygames,2026,51246,,,,,,,,,,0.0007,0.0,0.0,0.0,0.0,0.0,0.0,0.0,0.0,0.0,,https://www.crazygames.com/game/yeetcat,yeetcat
2407,Music Band,other,0.0001,1,crazygames,2026,51057,,,,,,,,,,0.0007,0.0,0.0,0.0,0.0,0.0,0.0,0.0,0.0,0.0,,https://www.crazygames.com/game/music-band,musicband
2408,Crystal Saga: Nova,other,0.0001,1,crazygames,2026,50871,,,,,,,,,,0.0007,0.0,0.0,0.0,0.0,0.0,0.0,0.0,0.0,0.0,,https://www.crazygames.com/game/crystal-saga-nova,crystalsaga
2409,Cabin Crew Tycoon,idle_clicker,0.0001,1,crazygames,2026,50354,,,,,,,,,,0.0007,0.0,0.0,0.0,0.0,0.0,0.0,0.0,0.0,0.0,,https://www.crazygames.com/game/cabin-crew-tycoon-ebb,cabincrewtycoon
2410,ZombieStrike,other,0.0001,1,crazygames,2026,49779,,,,,,,,,,0.0007,0.0,0.0,0.0,0.0,0.0,0.0,0.0,0.0,0.0,,https://www.crazygames.com/game/zombiestrike,zombiestrike
2411,Flux GP: Anti-Gravity Racing,car_stunt_drift,0.0001,1,crazygames,2026,48938,,,,,,,,,,0.0006,0.0,0.0,0.0,0.0,0.0,0.0,0.0,0.0,0.0,,https://www.crazygames.com/game/flux-gp-anti-gravity-racing-udh,fluxgp
2412,Aura Clicker,idle_clicker,0.0001,1,crazygames,2026,47736,,,,,,,,,,0.0006,0.0,0.0,0.0,0.0,0.0,0.0,0.0,0.0,0.0,,https://www.crazygames.com/game/aura-clicker-pld,auraclicker
2413,Smashing Bottles DEMO,other,0.0001,1,crazygames,2026,47721,,,,,,,,,,0.0006,0.0,0.0,0.0,0.0,0.0,0.0,0.0,0.0,0.0,,https://www.crazygames.com/game/smashing-bottles,smashingbottlesdemo
2414,Stellar Bastion,other,0.0001,1,crazygames,2026,46428,,,,,,,,,,0.0006,0.0,0.0,0.0,0.0,0.0,0.0,0.0,0.0,0.0,,https://www.crazygames.com/game/stellar-bastion,stellarbastion
2415,Snake Blockade,other,0.0001,1,crazygames,2023,46233,,,,,,,,,,0.0006,0.0,0.0,0.0,0.0,0.0,0.0,0.0,0.0,0.0,,https://www.crazygames.com/game/snake-blockade,snakeblockade
2416,Idle Dairy Tycoon,idle_clicker,0.0001,1,crazygames,2026,45448,,,,,,,,,,0.0006,0.0,0.0,0.0,0.0,0.0,0.0,0.0,0.0,0.0,,https://www.crazygames.com/game/idle-dairy-tycoon,idledairytycoon
2417,Party Tycoon,idle_clicker,0.0001,1,crazygames,2026,44693,,,,,,,,,,0.0006,0.0,0.0,0.0,0.0,0.0,0.0,0.0,0.0,0.0,,https://www.crazygames.com/game/party-tycoon,partytycoon
2418,Alien Attack,other,0.0001,1,crazygames,2026,44099,,,,,,,,,,0.0006,0.0,0.0,0.0,0.0,0.0,0.0,0.0,0.0,0.0,,https://www.crazygames.com/game/alien-attack-zad,alienattack
2419,Blocky: Dead Waves,other,0.0001,1,crazygames,2026,44000,,,,,,,,,,0.0006,0.0,0.0,0.0,0.0,0.0,0.0,0.0,0.0,0.0,,https://www.crazygames.com/game/blocky-dead-waves,blocky
2420,Zombie Garden Vs Plants Defence,other,0.0001,1,y8,,,,,,15297,,,,,,0.0,0.0,0.0,0.0,0.0006,0.0,0.0,0.0,0.0,0.0,,https://www.y8.com/games/zombie_garden_vs_plants_defence,zombiegardenvsplantsdefence
2421,Obby Stranded Survivor,rbx_reverse,0.0001,1,crazygames,2026,43829,,,,,,,,,,0.0006,0.0,0.0,0.0,0.0,0.0,0.0,0.0,0.0,0.0,,https://www.crazygames.com/game/obby-stranded-survivor,obbystrandedsurvivor
2422,Attack of the Dead,other,0.0001,1,crazygames,2023,43579,,,,,,,,,,0.0006,0.0,0.0,0.0,0.0,0.0,0.0,0.0,0.0,0.0,,https://www.crazygames.com/game/attack-of-the-dead,attackofthedead
2423,Mr. Stretch and the Stolen Fortune,other,0.0001,1,crazygames,2023,42658,,,,,,,,,,0.0006,0.0,0.0,0.0,0.0,0.0,0.0,0.0,0.0,0.0,,https://www.crazygames.com/game/mr-stretch-and-the-stolen-fortune,mrstretchandthestolenfortune
2424,Night Of The Living Dread,other,0.0001,1,crazygames,2026,42077,,,,,,,,,,0.0006,0.0,0.0,0.0,0.0,0.0,0.0,0.0,0.0,0.0,,https://www.crazygames.com/game/night-of-the-living-dread-nhc,nightofthelivingdread
2425,Around The Core,other,0.0001,1,kongregate,,,,,,,,,,,1800,0.0,0.0,0.0,0.0,0.0,0.0,0.0,0.0,0.0,0.0011,,https://www.kongregate.com/en/games/draftentropy/around-the-core,aroundthecore
2426,Loop Farm,other,0.0001,1,crazygames,2026,40901,,,,,,,,,,0.0005,0.0,0.0,0.0,0.0,0.0,0.0,0.0,0.0,0.0,,https://www.crazygames.com/game/loop-farm,loopfarm
2427,Panic Patrol,other,0.0001,1,crazygames,2026,40665,,,,,,,,,,0.0005,0.0,0.0,0.0,0.0,0.0,0.0,0.0,0.0,0.0,,https://www.crazygames.com/game/panic-patrol,panicpatrol
2428,Sword Master: Shadow Hunter,classic_board_card,0.0001,1,crazygames,2026,40287,,,,,,,,,,0.0005,0.0,0.0,0.0,0.0,0.0,0.0,0.0,0.0,0.0,,https://www.crazygames.com/game/sword-master-shadow-hunter,swordmaster
2429,Brainrot Factory Tycoon,rbx_reverse,0.0001,1,crazygames,2026,39799,,,,,,,,,,0.0005,0.0,0.0,0.0,0.0,0.0,0.0,0.0,0.0,0.0,,https://www.crazygames.com/game/brainrot-factory-tycoon,brainrotfactorytycoon
2430,Cowboy Lasso Master,other,0.0001,1,crazygames,2026,38949,,,,,,,,,,0.0005,0.0,0.0,0.0,0.0,0.0,0.0,0.0,0.0,0.0,,https://www.crazygames.com/game/cowboy-lasso-hunting-idle-tycoon,cowboylassomaster
2431,Desert Tycoon,idle_clicker,0.0001,1,crazygames,2026,38681,,,,,,,,,,0.0005,0.0,0.0,0.0,0.0,0.0,0.0,0.0,0.0,0.0,,https://www.crazygames.com/game/desert-tycoon-zov,deserttycoon
2432,Need for Sheep: Idle Clicker,idle_clicker,0.0001,1,crazygames,2026,38178,,,,,,,,,,0.0005,0.0,0.0,0.0,0.0,0.0,0.0,0.0,0.0,0.0,,https://www.crazygames.com/game/need-for-sheep-idle-clicker,needforsheep
2433,Boba Shop,other,0.0001,1,crazygames,2026,38050,,,,,,,,,,0.0005,0.0,0.0,0.0,0.0,0.0,0.0,0.0,0.0,0.0,,https://www.crazygames.com/game/boba-shop-kck,bobashop
2434,Automata Protocol,other,0.0001,1,crazygames,2026,37545,,,,,,,,,,0.0005,0.0,0.0,0.0,0.0,0.0,0.0,0.0,0.0,0.0,,https://www.crazygames.com/game/automata-protocol-uri,automataprotocol
2435,Merge Home Mania,merge_drop,0.0001,1,crazygames,2026,37518,,,,,,,,,,0.0005,0.0,0.0,0.0,0.0,0.0,0.0,0.0,0.0,0.0,,https://www.crazygames.com/game/merge-home-mania,mergehomemania
2436,Panda Palace,other,0.0001,1,crazygames,2025,37113,,,,,,,,,,0.0005,0.0,0.0,0.0,0.0,0.0,0.0,0.0,0.0,0.0,,https://www.crazygames.com/game/panda-palace,pandapalace
2437,Push the Box,classic_board_card,0.0001,1,coolmathgames,,,,,,,,,,548,,0.0,0.0,0.0,0.0,0.0,0.0,0.0,0.0,0.001,0.0,,https://www.coolmathgames.com/0-push-the-box,pushthebox
2438,Obby Memes Grow Fruits,rbx_reverse,0.0001,1,crazygames,2026,36282,,,,,,,,,,0.0005,0.0,0.0,0.0,0.0,0.0,0.0,0.0,0.0,0.0,,https://www.crazygames.com/game/obby-memes-grow-fruits,obbymemesgrowfruits
2439,Revolution Farm Idle,idle_clicker,0.0001,1,crazygames,2026,36051,,,,,,,,,,0.0005,0.0,0.0,0.0,0.0,0.0,0.0,0.0,0.0,0.0,,https://www.crazygames.com/game/revolution-farm-idle,revolutionfarmidle
2440,Classroom.io,other,0.0001,1,crazygames,2026,35673,,,,,,,,,,0.0005,0.0,0.0,0.0,0.0,0.0,0.0,0.0,0.0,0.0,,https://www.crazygames.com/game/classroom-io,classroom
2441,Voltspire: Idle Tower Defense,tower_defense,0.0001,1,crazygames,2026,35061,,,,,,,,,,0.0005,0.0,0.0,0.0,0.0,0.0,0.0,0.0,0.0,0.0,,https://www.crazygames.com/game/voltspire-idle-tower-defense,voltspire
2442,Rustlight,other,0.0001,1,crazygames,2026,34460,,,,,,,,,,0.0005,0.0,0.0,0.0,0.0,0.0,0.0,0.0,0.0,0.0,,https://www.crazygames.com/game/rustlight-zqy,rustlight
2443,Forge Heat-Glow,other,0.0001,1,crazygames,2026,34359,,,,,,,,,,0.0005,0.0,0.0,0.0,0.0,0.0,0.0,0.0,0.0,0.0,,https://www.crazygames.com/game/forge-heat-glow,forgeheatglow
2444,FlyCraft,sandbox_voxel,0.0001,1,crazygames,2026,34149,,,,,,,,,,0.0005,0.0,0.0,0.0,0.0,0.0,0.0,0.0,0.0,0.0,,https://www.crazygames.com/game/flycraft--crazy-flying-machines,flycraft
2445,Mob Farm Tycoon,idle_clicker,0.0001,1,crazygames,2026,33651,,,,,,,,,,0.0004,0.0,0.0,0.0,0.0,0.0,0.0,0.0,0.0,0.0,,https://www.crazygames.com/game/mob-farm-tycoon-zqe,mobfarmtycoon
2446,Hyper Fliplation,other,0.0001,1,crazygames,2026,33036,,,,,,,,,,0.0004,0.0,0.0,0.0,0.0,0.0,0.0,0.0,0.0,0.0,,https://www.crazygames.com/game/hyper-fliplation,hyperfliplation
2447,Lawn Mower Idle,idle_clicker,0.0001,1,crazygames,2026,32949,,,,,,,,,,0.0004,0.0,0.0,0.0,0.0,0.0,0.0,0.0,0.0,0.0,,https://www.crazygames.com/game/lawn-mower-idle,lawnmoweridle
2448,Wildlife Haven: Sandbox Safari,other,0.0001,1,crazygames,2023,32340,,,,,,,,,,0.0004,0.0,0.0,0.0,0.0,0.0,0.0,0.0,0.0,0.0,,https://www.crazygames.com/game/wildlife-haven---sandbox-safari,wildlifehaven
2449,Boss Stickman - Fighting Stick It,other,0.0,1,crazygames,2026,31223,,,,,,,,,,0.0004,0.0,0.0,0.0,0.0,0.0,0.0,0.0,0.0,0.0,,https://www.crazygames.com/game/boss-stickman---fighting-stick-it,bossstickman
2450,Tzared,other,0.0,1,crazygames,2025,31118,,,,,,,,,,0.0004,0.0,0.0,0.0,0.0,0.0,0.0,0.0,0.0,0.0,,https://www.crazygames.com/game/tzared-kqa,tzared
2451,Knockout Legends: Battle Streets,other,0.0,1,crazygames,2026,30996,,,,,,,,,,0.0004,0.0,0.0,0.0,0.0,0.0,0.0,0.0,0.0,0.0,,https://www.crazygames.com/game/knockout-legends-battle-streets,knockoutlegends
2452,Color Screw Rescue Puzzle,merge_drop,0.0,2,agame;crazygames,2026,29355,,,,,,,,,,0.0004,0.0,0.0,0.0,0.0,0.0,0.0,0.0,0.0,0.0,,https://www.crazygames.com/game/color-screw-rescue-puzzle-nfb,colorscrewrescuepuzzle
2453,My Monsters Zoo,other,0.0,1,crazygames,2025,28317,,,,,,,,,,0.0004,0.0,0.0,0.0,0.0,0.0,0.0,0.0,0.0,0.0,,https://www.crazygames.com/game/my-monsters-zoo,mymonsterszoo
2454,Johnny vs Zombies,other,0.0,1,crazygames,2026,28225,,,,,,,,,,0.0004,0.0,0.0,0.0,0.0,0.0,0.0,0.0,0.0,0.0,,https://www.crazygames.com/game/johnny-vs-zombies,johnnyvszombies
2455,Apochess,classic_board_card,0.0,1,crazygames,2026,27981,,,,,,,,,,0.0004,0.0,0.0,0.0,0.0,0.0,0.0,0.0,0.0,0.0,,https://www.crazygames.com/game/apochess-opa,apochess
2456,Sandwich Rush Serve and Grow,other,0.0,1,crazygames,2026,27434,,,,,,,,,,0.0004,0.0,0.0,0.0,0.0,0.0,0.0,0.0,0.0,0.0,,https://www.crazygames.com/game/sandwich-rush-serve-and-grow,sandwichrushserveandgrow
2457,Godslayer Idle,idle_clicker,0.0,1,crazygames,2026,27269,,,,,,,,,,0.0004,0.0,0.0,0.0,0.0,0.0,0.0,0.0,0.0,0.0,,https://www.crazygames.com/game/godslayer-idle-jln,godslayeridle
2458,Card Billionaire: Idle Tycoon,idle_clicker,0.0,1,crazygames,2026,26664,,,,,,,,,,0.0004,0.0,0.0,0.0,0.0,0.0,0.0,0.0,0.0,0.0,,https://www.crazygames.com/game/card-billionaire-idle-tycoon,cardbillionaire
2459,Stop Time: Next vs Eggs,other,0.0,1,crazygames,2026,26029,,,,,,,,,,0.0003,0.0,0.0,0.0,0.0,0.0,0.0,0.0,0.0,0.0,,https://www.crazygames.com/game/stop-time-next-vs-eggs,stoptime
2460,Sketchi,other,0.0,1,crazygames,2026,25609,,,,,,,,,,0.0003,0.0,0.0,0.0,0.0,0.0,0.0,0.0,0.0,0.0,,https://www.crazygames.com/game/sketchi,sketchi
2461,Pulseboard,other,0.0,1,crazygames,2026,25323,,,,,,,,,,0.0003,0.0,0.0,0.0,0.0,0.0,0.0,0.0,0.0,0.0,,https://www.crazygames.com/game/pulseboard-qed,pulseboard
2462,Sky Raft Survival,other,0.0,1,crazygames,2026,24962,,,,,,,,,,0.0003,0.0,0.0,0.0,0.0,0.0,0.0,0.0,0.0,0.0,,https://www.crazygames.com/game/sky-raft-survival,skyraftsurvival
2463,Pixel Cup 26,other,0.0,1,crazygames,2026,24943,,,,,,,,,,0.0003,0.0,0.0,0.0,0.0,0.0,0.0,0.0,0.0,0.0,,https://www.crazygames.com/game/pixel-cup-26,pixelcup
2464,Power Players: Defenders,other,0.0,1,crazygames,2023,24465,,,,,,,,,,0.0003,0.0,0.0,0.0,0.0,0.0,0.0,0.0,0.0,0.0,,https://www.crazygames.com/game/power-players-defenders,powerplayers
2465,Eternal Fury,other,0.0,1,crazygames,2026,23843,,,,,,,,,,0.0003,0.0,0.0,0.0,0.0,0.0,0.0,0.0,0.0,0.0,,https://www.crazygames.com/game/eternal-fury-eu,eternalfury
2466,Dashers.io,other,0.0,1,crazygames,2026,23187,,,,,,,,,,0.0003,0.0,0.0,0.0,0.0,0.0,0.0,0.0,0.0,0.0,,https://www.crazygames.com/game/dashers-io-jwo,dashers
2467,Slime Horde TD,other,0.0,1,crazygames,2026,21241,,,,,,,,,,0.0003,0.0,0.0,0.0,0.0,0.0,0.0,0.0,0.0,0.0,,https://www.crazygames.com/game/slime-horde-td,slimehordetd
2468,Pickaxe 3D Idle Miner,idle_clicker,0.0,1,crazygames,2026,21088,,,,,,,,,,0.0003,0.0,0.0,0.0,0.0,0.0,0.0,0.0,0.0,0.0,,https://www.crazygames.com/game/pickaxe-3d-idle-miner,pickaxe3didleminer
2469,Idle Retro Arcade,idle_clicker,0.0,1,crazygames,2026,20840,,,,,,,,,,0.0003,0.0,0.0,0.0,0.0,0.0,0.0,0.0,0.0,0.0,,https://www.crazygames.com/game/idle-retro-arcade-jwq,idleretroarcade
2470,Crabby Fishes,other,0.0,1,crazygames,2026,19911,,,,,,,,,,0.0003,0.0,0.0,0.0,0.0,0.0,0.0,0.0,0.0,0.0,,https://www.crazygames.com/game/crabby-fishes,crabbyfishes
2471,Merge Defense: Army Behind the Wall,merge_drop,0.0,2,crazygames;playgama,2026,19106,,,,,,,,,,0.0003,0.0,0.0,0.0,0.0,0.0,0.0,0.0,0.0,0.0,,https://www.crazygames.com/game/merge-defense-army-behind-the-wall,mergedefense
2472,Magic Mahjong,classic_board_card,0.0,1,crazygames,2026,19043,,,,,,,,,,0.0003,0.0,0.0,0.0,0.0,0.0,0.0,0.0,0.0,0.0,,https://www.crazygames.com/game/magic-mahjong-gyr,magicmahjong
2473,Panda Food Business,other,0.0,1,crazygames,2026,18817,,,,,,,,,,0.0002,0.0,0.0,0.0,0.0,0.0,0.0,0.0,0.0,0.0,,https://www.crazygames.com/game/panda-food-business,pandafoodbusiness
2474,Core Defender,other,0.0,1,crazygames,2026,18808,,,,,,,,,,0.0002,0.0,0.0,0.0,0.0,0.0,0.0,0.0,0.0,0.0,,https://www.crazygames.com/game/core-defender-iam,coredefender
2475,Blob Battalion,io_eat_grow,0.0,1,crazygames,2026,18762,,,,,,,,,,0.0002,0.0,0.0,0.0,0.0,0.0,0.0,0.0,0.0,0.0,,https://www.crazygames.com/game/blob-battalion,blobbattalion
2476,Ludus Aeternus,other,0.0,1,crazygames,2026,18380,,,,,,,,,,0.0002,0.0,0.0,0.0,0.0,0.0,0.0,0.0,0.0,0.0,,https://www.crazygames.com/game/ludus-aeternus-uzh,ludusaeternus
2477,"Kill A Brainrot: Bosses, Eggs, Pets!",rbx_reverse,0.0,1,crazygames,2026,17925,,,,,,,,,,0.0002,0.0,0.0,0.0,0.0,0.0,0.0,0.0,0.0,0.0,,https://www.crazygames.com/game/kill-a-brainrot-bosses-eggs-pets-oqo,killabrainrot
2478,Merge Beach,merge_drop,0.0,1,crazygames,2026,16385,,,,,,,,,,0.0002,0.0,0.0,0.0,0.0,0.0,0.0,0.0,0.0,0.0,,https://www.crazygames.com/game/merge-beach,mergebeach
2479,Catch Lucky Block,rbx_reverse,0.0,1,crazygames,2026,16106,,,,,,,,,,0.0002,0.0,0.0,0.0,0.0,0.0,0.0,0.0,0.0,0.0,,https://www.crazygames.com/game/catch-lucky-block,catchluckyblock
2480,Waddle's Quest,other,0.0,1,crazygames,2026,15559,,,,,,,,,,0.0002,0.0,0.0,0.0,0.0,0.0,0.0,0.0,0.0,0.0,,https://www.crazygames.com/game/waddle-s-quest,waddlesquest
2481,Blocky Tower Defense 2D,tower_defense,0.0,1,crazygames,2026,14188,,,,,,,,,,0.0002,0.0,0.0,0.0,0.0,0.0,0.0,0.0,0.0,0.0,,https://www.crazygames.com/game/blocky-tower-defense-2d,blockytowerdefense2d
2482,Aquadome Defense,other,0.0,1,crazygames,2026,12431,,,,,,,,,,0.0002,0.0,0.0,0.0,0.0,0.0,0.0,0.0,0.0,0.0,,https://www.crazygames.com/game/aquadome-defense,aquadomedefense
2483,Merge Idle War,idle_clicker,0.0,1,crazygames,2026,12362,,,,,,,,,,0.0002,0.0,0.0,0.0,0.0,0.0,0.0,0.0,0.0,0.0,,https://www.crazygames.com/game/merge-idle-war,mergeidlewar
2484,Dungeon Desk Job,other,0.0,1,crazygames,2026,12129,,,,,,,,,,0.0002,0.0,0.0,0.0,0.0,0.0,0.0,0.0,0.0,0.0,,https://www.crazygames.com/game/dungeon-desk-job,dungeondeskjob
2485,Slurp,other,0.0,1,crazygames,2026,11779,,,,,,,,,,0.0002,0.0,0.0,0.0,0.0,0.0,0.0,0.0,0.0,0.0,,https://www.crazygames.com/game/slurp,slurp
2486,Lowpoly Digger,other,0.0,1,crazygames,2026,11340,,,,,,,,,,0.0002,0.0,0.0,0.0,0.0,0.0,0.0,0.0,0.0,0.0,,https://www.crazygames.com/game/lowpoly-digger,lowpolydigger
2487,Alchemist's Shop: Rune Defense,other,0.0,1,crazygames,2026,10258,,,,,,,,,,0.0001,0.0,0.0,0.0,0.0,0.0,0.0,0.0,0.0,0.0,,https://www.crazygames.com/game/alchemist-s-shop-rune-defense,alchemistsshop
2488,Shadow Knights,other,0.0,1,crazygames,2026,9999,,,,,,,,,,0.0001,0.0,0.0,0.0,0.0,0.0,0.0,0.0,0.0,0.0,,https://www.crazygames.com/game/shadow-knights-kbg,shadowknights
2489,Night Signal,other,0.0,1,crazygames,2026,5889,,,,,,,,,,0.0001,0.0,0.0,0.0,0.0,0.0,0.0,0.0,0.0,0.0,,https://www.crazygames.com/game/night-signal,nightsignal
2490,Maze Evolution HTML,other,0.0,1,kongregate,,,,,,,,,,,232,0.0,0.0,0.0,0.0,0.0,0.0,0.0,0.0,0.0,0.0001,,https://www.kongregate.com/en/games/Amogoose_/maze-evolution-html,mazeevolution
2491,Mine Clicker RNG,idle_clicker,0.0,1,crazygames,2026,4353,,,,,,,,,,0.0001,0.0,0.0,0.0,0.0,0.0,0.0,0.0,0.0,0.0,,https://www.crazygames.com/game/mine-clicker-rng,mineclickerrng
2492,Concepto,other,0.0,1,y8,,,,,,914,,,,,,0.0,0.0,0.0,0.0,0.0,0.0,0.0,0.0,0.0,0.0,,https://www.y8.com/games/concepto,concepto
2493,Hellgate 1993,other,0.0,1,kongregate,,,,,,,,,,,38,0.0,0.0,0.0,0.0,0.0,0.0,0.0,0.0,0.0,0.0,,https://www.kongregate.com/en/games/breymantech/hellgate-1993,hellgate
2494,全民主公2,mmo_pet_social,0.0,1,7k7k,,,,,,,,,,,,0.0,0.0,0.0,0.0,0.0,0.0,0.0,0.0,0.0,0.0,,https://h5.7k7k.com/mb/mb2/cbbdf830397a2f7a4bcb596b8f7b8809.html?gid=31260f02379737d0278ea269169a40e3&tid=96141&qs=1,全民主公
2495,全民雷霆战机,other,0.0,1,7k7k,,,,,,,,,,,,0.0,0.0,0.0,0.0,0.0,0.0,0.0,0.0,0.0,0.0,,https://h5.7k7k.com/mb/mb2/157df06d05356ef3781350175ecca097.html?gid=1ebedffbf06745be5e5f2eef54e5d01c&tid=96138&qs=1,全民雷霆战机
2496,自在江湖,mmo_pet_social,0.0,1,7k7k,,,,,,,,,,,,0.0,0.0,0.0,0.0,0.0,0.0,0.0,0.0,0.0,0.0,,https://h5.7k7k.com/mb/mb2/18fdeb887d9e14b2d5fe2c1b1c6db0f5.html?gid=caf6a6556e5cbb6fa45fce336f080c7f&tid=96132&qs=1,自在江湖
2497,闯关专家,other,0.0,1,7k7k,,,,,,,,,,,,0.0,0.0,0.0,0.0,0.0,0.0,0.0,0.0,0.0,0.0,,https://h5.7k7k.com/mb/mb2/5688cfa6421c9d0bffbaed7cb388d7f0.html?gid=029e3a77e3a654225c1dbe7626ed866d&tid=96135&qs=1,闯关专家
2498,英雄防线,tower_defense,0.0,1,7k7k,,,,,,,,,,,,0.0,0.0,0.0,0.0,0.0,0.0,0.0,0.0,0.0,0.0,,https://h5.7k7k.com/mb/mb2/3a15c60713fd2bb83a619130f024965f.html?gid=6d504b45b32e6a909478228cd416b0ef&tid=96129&qs=1,英雄防线
2499,苍空物语,other,0.0,1,7k7k,,,,,,,,,,,,0.0,0.0,0.0,0.0,0.0,0.0,0.0,0.0,0.0,0.0,,https://h5.7k7k.com/mb/mb2/1b0a51d299de2675c027359103c1bca7.html?gid=4ddfce27813ab67b87f4fa09174b9f8b&tid=96126&qs=1,苍空物语
2500,洪荒傲剑,other,0.0,1,7k7k,,,,,,,,,,,,0.0,0.0,0.0,0.0,0.0,0.0,0.0,0.0,0.0,0.0,,https://h5.7k7k.com/mb/mb2/db87bd9d528f7a02d7b356cde29a2ca1.html?gid=d88aa852824e39eb0d551c0a88422357&tid=96120&qs=1,洪荒傲剑
2501,山海封神,mmo_pet_social,0.0,1,7k7k,,,,,,,,,,,,0.0,0.0,0.0,0.0,0.0,0.0,0.0,0.0,0.0,0.0,,https://h5.7k7k.com/mb/mb2/d41be2ce181748a7ed0b71a879506f7e.html?gid=20ad092ebdf9f3141c7ff496dca0d9f9&tid=96082&qs=1,山海封神
2502,源战役,other,0.0,1,7k7k,,,,,,,,,,,,0.0,0.0,0.0,0.0,0.0,0.0,0.0,0.0,0.0,0.0,,https://h5.7k7k.com/mb/mb2/37f71fdbb1ccd6b9a7b74b3a9677fe36.html?gid=16b73eeab1a851652cdb298af427f24a&tid=96079&qs=1,源战役
2503,遮天：帝路争锋,other,0.0,1,7k7k,,,,,,,,,,,,0.0,0.0,0.0,0.0,0.0,0.0,0.0,0.0,0.0,0.0,,https://h5.7k7k.com/mb/mb2/6019da77038e84dffe3491a919a06ca2.html?gid=2d4492d6c361516099ab30401c8624d4&tid=96071&qs=1,遮天帝路争锋
2504,天穹骄子,other,0.0,1,7k7k,,,,,,,,,,,,0.0,0.0,0.0,0.0,0.0,0.0,0.0,0.0,0.0,0.0,,https://h5.7k7k.com/mb/mb2/e66a531a0cbef8a706413bb93aeabc42.html?gid=2c24910aed72b3ea9644f421fbb8c465&tid=96058&qs=1,天穹骄子
2505,幻灵召唤师,other,0.0,1,7k7k,,,,,,,,,,,,0.0,0.0,0.0,0.0,0.0,0.0,0.0,0.0,0.0,0.0,,https://h5.7k7k.com/mb/mb2/e86df532add3506fb901dc177f5e9b9d.html?gid=09bba28a929096dd692e96c4d19d3391&tid=96064&qs=1,幻灵召唤师
2506,仙境传说：破晓,other,0.0,1,7k7k,,,,,,,,,,,,0.0,0.0,0.0,0.0,0.0,0.0,0.0,0.0,0.0,0.0,,https://h5.7k7k.com/mb/mb2/d7112e93f43f33fe2154ed5e5966582d.html?gid=1b7920d593cf899abb6f326cc315271b&tid=96061&qs=1,仙境传说破晓
2507,萌回三国,other,0.0,1,7k7k,,,,,,,,,,,,0.0,0.0,0.0,0.0,0.0,0.0,0.0,0.0,0.0,0.0,,https://h5.7k7k.com/mb/mb2/7824de7f1dfe8ae591e9dd1327842cde.html?gid=8b2bd7221c6aa7461634deb62f9f722e&tid=96055&qs=1,萌回三国
2508,武侠称霸,other,0.0,1,7k7k,,,,,,,,,,,,0.0,0.0,0.0,0.0,0.0,0.0,0.0,0.0,0.0,0.0,,https://h5.7k7k.com/mb/mb2/c671f67f5eab7d46c0580deab6803cef.html?gid=f17a468913e1e9f4d8bea65c6aebdeaa&tid=96052&qs=1,武侠称霸
2509,坠落守望者,other,0.0,1,7k7k,,,,,,,,,,,,0.0,0.0,0.0,0.0,0.0,0.0,0.0,0.0,0.0,0.0,,https://h5.7k7k.com/mb/mb2/8e336fc1138c958b4225b55ce35b5256.html?gid=c1e78e9b327c288d6182e15c03360b2a&tid=96048&qs=1,坠落守望者
2510,天梦轮回,other,0.0,1,7k7k,,,,,,,,,,,,0.0,0.0,0.0,0.0,0.0,0.0,0.0,0.0,0.0,0.0,,https://h5.7k7k.com/mb/mb2/efebc8f978b90939b083403f0c330c00.html?gid=37b06d357636b0fdab395727f1547929&tid=96043&qs=1,天梦轮回
2511,咻咻咻军团,other,0.0,1,7k7k,,,,,,,,,,,,0.0,0.0,0.0,0.0,0.0,0.0,0.0,0.0,0.0,0.0,,https://h5.7k7k.com/mb/mb2/fa6024dcdc927c28cace7a6cb2e6b790.html?gid=044c4c95ccb4e9ccacc662c697a058cc&tid=96040&qs=1,咻咻咻军团
2512,帕瓦勇者传说,other,0.0,1,7k7k,,,,,,,,,,,,0.0,0.0,0.0,0.0,0.0,0.0,0.0,0.0,0.0,0.0,,https://h5.7k7k.com/mb/mb2/886a656517cf5383b56d19d6121d89a7.html?gid=f42b6f387a4f966629a8c37f1c4bd4c5&tid=96037&qs=1,帕瓦勇者传说
2513,烟雨剑影,other,0.0,1,7k7k,,,,,,,,,,,,0.0,0.0,0.0,0.0,0.0,0.0,0.0,0.0,0.0,0.0,,https://h5.7k7k.com/mb/mb2/d92c5e50de2366a09f64e3072a523c2f.html?gid=b57ad71a4e7faed9e9e0637276169683&tid=96034&qs=1,烟雨剑影
2514,逆天纪,other,0.0,1,7k7k,,,,,,,,,,,,0.0,0.0,0.0,0.0,0.0,0.0,0.0,0.0,0.0,0.0,,https://h5.7k7k.com/mb/mb2/91722882d3bd1c54b8ed92df12363f86.html?gid=e347fd3f5f7db67b0430d429e633ab5e&tid=96028&qs=1,逆天纪
2515,战歌与剑,other,0.0,1,7k7k,,,,,,,,,,,,0.0,0.0,0.0,0.0,0.0,0.0,0.0,0.0,0.0,0.0,,https://h5.7k7k.com/mb/mb2/d6c8ec77667b34cdfdd2344a19c09a5b.html?gid=b7d6689542047266776a855527ea6d47&tid=96022&qs=1,战歌与剑
2516,飘在江湖,mmo_pet_social,0.0,1,7k7k,,,,,,,,,,,,0.0,0.0,0.0,0.0,0.0,0.0,0.0,0.0,0.0,0.0,,https://h5.7k7k.com/mb/mb2/c23811332c2b8ce4e49b6a51069e1dde.html?gid=7c054285223ce394d972b04a7ed43876&tid=96016&qs=1,飘在江湖
2517,火海逐日,other,0.0,1,7k7k,,,,,,,,,,,,0.0,0.0,0.0,0.0,0.0,0.0,0.0,0.0,0.0,0.0,,https://h5.7k7k.com/mb/mb2/241dd31629dae5c4f36566fc85684529.html?gid=28d3d02cbf390fed92bedece03c00590&tid=96007&qs=1,火海逐日
2518,魔物迷宫,other,0.0,1,7k7k,,,,,,,,,,,,0.0,0.0,0.0,0.0,0.0,0.0,0.0,0.0,0.0,0.0,,https://h5.7k7k.com/mb/mb2/477c35fed21a40e9199d3e6c8c7e216a.html?gid=41ff594d85eca8c2da5ad2294d47602c&tid=96004&qs=1,魔物迷宫
2519,异星战舰,other,0.0,1,7k7k,,,,,,,,,,,,0.0,0.0,0.0,0.0,0.0,0.0,0.0,0.0,0.0,0.0,,https://h5.7k7k.com/mb/mb2/997b658da8d6ec74984435a8294d7460.html?gid=4b10c0bc86377ba21d49011365b74c8a&tid=96001&qs=1,异星战舰
2520,网红游戏,other,0.0,1,7k7k,,,,,,,,,,,,0.0,0.0,0.0,0.0,0.0,0.0,0.0,0.0,0.0,0.0,,/tag/3390/,网红游戏
2521,双人,other,0.0,1,7k7k,,,,,,,,,,,,0.0,0.0,0.0,0.0,0.0,0.0,0.0,0.0,0.0,0.0,,/tag/62/,双人
2522,格斗,stickman_brawler,0.0,1,7k7k,,,,,,,,,,,,0.0,0.0,0.0,0.0,0.0,0.0,0.0,0.0,0.0,0.0,,/tag/17/,格斗
2523,角色扮演,other,0.0,1,7k7k,,,,,,,,,,,,0.0,0.0,0.0,0.0,0.0,0.0,0.0,0.0,0.0,0.0,,/tag/66/,角色扮演
2524,冒险,other,0.0,1,7k7k,,,,,,,,,,,,0.0,0.0,0.0,0.0,0.0,0.0,0.0,0.0,0.0,0.0,,/tag/236/,冒险
2525,益智,other,0.0,1,7k7k,,,,,,,,,,,,0.0,0.0,0.0,0.0,0.0,0.0,0.0,0.0,0.0,0.0,,/tag/253/,益智
2526,单人,other,0.0,1,7k7k,,,,,,,,,,,,0.0,0.0,0.0,0.0,0.0,0.0,0.0,0.0,0.0,0.0,,/tag/422/,单人
2527,过关,other,0.0,1,7k7k,,,,,,,,,,,,0.0,0.0,0.0,0.0,0.0,0.0,0.0,0.0,0.0,0.0,,/tag/134/,过关
2528,敏捷,other,0.0,1,7k7k,,,,,,,,,,,,0.0,0.0,0.0,0.0,0.0,0.0,0.0,0.0,0.0,0.0,,/tag/245/,敏捷
2529,闯关,other,0.0,1,7k7k,,,,,,,,,,,,0.0,0.0,0.0,0.0,0.0,0.0,0.0,0.0,0.0,0.0,单人闯关,/tag/2727/,闯关
2530,休闲,other,0.0,1,7k7k,,,,,,,,,,,,0.0,0.0,0.0,0.0,0.0,0.0,0.0,0.0,0.0,0.0,,/tag/408/,休闲
2531,战争,other,0.0,1,7k7k,,,,,,,,,,,,0.0,0.0,0.0,0.0,0.0,0.0,0.0,0.0,0.0,0.0,,/tag/30/,战争
2532,挑战,other,0.0,1,7k7k,,,,,,,,,,,,0.0,0.0,0.0,0.0,0.0,0.0,0.0,0.0,0.0,0.0,,/tag/106/,挑战
2533,3D,other,0.0,1,7k7k,,,,,,,,,,,,0.0,0.0,0.0,0.0,0.0,0.0,0.0,0.0,0.0,0.0,,/tag/276/,3d
2534,射击,other,0.0,1,7k7k,,,,,,,,,,,,0.0,0.0,0.0,0.0,0.0,0.0,0.0,0.0,0.0,0.0,,/tag/246/,射击
2535,体育,other,0.0,1,7k7k,,,,,,,,,,,,0.0,0.0,0.0,0.0,0.0,0.0,0.0,0.0,0.0,0.0,,/tag/252/,体育
2536,机器人,other,0.0,1,7k7k,,,,,,,,,,,,0.0,0.0,0.0,0.0,0.0,0.0,0.0,0.0,0.0,0.0,,/tag/383/,机器人
2537,棋牌,other,0.0,1,7k7k,,,,,,,,,,,,0.0,0.0,0.0,0.0,0.0,0.0,0.0,0.0,0.0,0.0,,/tag/92/,棋牌
2538,坦克,other,0.0,1,7k7k,,,,,,,,,,,,0.0,0.0,0.0,0.0,0.0,0.0,0.0,0.0,0.0,0.0,,/tag/49/,坦克
2539,吃东西,other,0.0,1,7k7k,,,,,,,,,,,,0.0,0.0,0.0,0.0,0.0,0.0,0.0,0.0,0.0,0.0,,/tag/110/,吃东西
2540,小动物,other,0.0,1,7k7k,,,,,,,,,,,,0.0,0.0,0.0,0.0,0.0,0.0,0.0,0.0,0.0,0.0,,/tag/227/,小动物
2541,换装,dress_up_makeover,0.0,1,7k7k,,,,,,,,,,,,0.0,0.0,0.0,0.0,0.0,0.0,0.0,0.0,0.0,0.0,,/tag/3/,换装
2542,合金前线,run_gun_coop,0.0,1,7k7k,,,,,,,,,,,,0.0,0.0,0.0,0.0,0.0,0.0,0.0,0.0,0.0,0.0,,/tag/58/,合金前线
2543,连连看,classic_board_card,0.0,1,7k7k,,,,,,,,,,,,0.0,0.0,0.0,0.0,0.0,0.0,0.0,0.0,0.0,0.0,,/tag/1/,连连看
2544,消除游戏,classic_board_card,0.0,1,7k7k,,,,,,,,,,,,0.0,0.0,0.0,0.0,0.0,0.0,0.0,0.0,0.0,0.0,,/tag/3899/,消除游戏
2545,美女,dress_up_makeover,0.0,1,7k7k,,,,,,,,,,,,0.0,0.0,0.0,0.0,0.0,0.0,0.0,0.0,0.0,0.0,,/tag/7/,美女
2546,找东西,other,0.0,1,7k7k,,,,,,,,,,,,0.0,0.0,0.0,0.0,0.0,0.0,0.0,0.0,0.0,0.0,,/tag/117/,找东西
2547,塔防,tower_defense,0.0,1,7k7k,,,,,,,,,,,,0.0,0.0,0.0,0.0,0.0,0.0,0.0,0.0,0.0,0.0,,/tag/1946/,塔防
2548,赛车,car_stunt_drift,0.0,1,7k7k,,,,,,,,,,,,0.0,0.0,0.0,0.0,0.0,0.0,0.0,0.0,0.0,0.0,,/tag/12/,赛车
2549,双人3D四驱车赛,car_stunt_drift,0.0,1,7k7k,,,,,,,,,,,,0.0,0.0,0.0,0.0,0.0,0.0,0.0,0.0,0.0,0.0,,https://www.7k7k.com/flash/99114.htm,3d四驱车赛
2550,疯狂公路汽车赛,car_stunt_drift,0.0,1,7k7k,,,,,,,,,,,,0.0,0.0,0.0,0.0,0.0,0.0,0.0,0.0,0.0,0.0,,https://www.7k7k.com/flash/23487.htm,疯狂公路汽车赛
2551,货车送货,car_stunt_drift,0.0,1,7k7k,,,,,,,,,,,,0.0,0.0,0.0,0.0,0.0,0.0,0.0,0.0,0.0,0.0,,https://www.7k7k.com/flash/42773.htm,货车送货
2552,肥猫天使,other,0.0,1,7k7k,,,,,,,,,,,,0.0,0.0,0.0,0.0,0.0,0.0,0.0,0.0,0.0,0.0,,https://www.7k7k.com/flash/200900.htm,肥猫天使
2553,反恐精英狙击手,io_arena_shooter,0.0,1,7k7k,,,,,,,,,,,,0.0,0.0,0.0,0.0,0.0,0.0,0.0,0.0,0.0,0.0,,https://www.7k7k.com/flash/20333.htm,反恐精英狙击手
2554,快艇射击,other,0.0,1,7k7k,,,,,,,,,,,,0.0,0.0,0.0,0.0,0.0,0.0,0.0,0.0,0.0,0.0,,https://www.7k7k.com/flash/141276.htm,快艇射击
2555,狼牙特种狙击队,io_arena_shooter,0.0,1,7k7k,,,,,,,,,,,,0.0,0.0,0.0,0.0,0.0,0.0,0.0,0.0,0.0,0.0,,https://www.7k7k.com/flash/109081.htm,狼牙特种狙击队
2556,干掉太阳,physics_destruction,0.0,1,7k7k,,,,,,,,,,,,0.0,0.0,0.0,0.0,0.0,0.0,0.0,0.0,0.0,0.0,,https://www.7k7k.com/flash/152283.htm,干掉太阳
2557,炮打气球4,launch_distance,0.0,1,7k7k,,,,,,,,,,,,0.0,0.0,0.0,0.0,0.0,0.0,0.0,0.0,0.0,0.0,,https://www.7k7k.com/flash/100627.htm,炮打气球
2558,水上游乐园打水战,other,0.0,1,7k7k,,,,,,,,,,,,0.0,0.0,0.0,0.0,0.0,0.0,0.0,0.0,0.0,0.0,,https://www.7k7k.com/flash/95728.htm,水上游乐园打水战
2559,未来战士3无敌版,run_gun_coop,0.0,1,7k7k,,,,,,,,,,,,0.0,0.0,0.0,0.0,0.0,0.0,0.0,0.0,0.0,0.0,,https://www.7k7k.com/flash/135852.htm,未来战士
2560,梦幻超人,run_gun_coop,0.0,1,7k7k,,,,,,,,,,,,0.0,0.0,0.0,0.0,0.0,0.0,0.0,0.0,0.0,0.0,,https://www.7k7k.com/flash/14176.htm,梦幻超人
2561,机器人大决斗,other,0.0,1,7k7k,,,,,,,,,,,,0.0,0.0,0.0,0.0,0.0,0.0,0.0,0.0,0.0,0.0,,https://www.7k7k.com/flash/32023.htm,机器人大决斗
2562,DNF2.8中文无敌版,run_gun_coop,0.0,1,7k7k,,,,,,,,,,,,0.0,0.0,0.0,0.0,0.0,0.0,0.0,0.0,0.0,0.0,,https://www.7k7k.com/flash/100915.htm,dnf中文
2563,铁拳暴龙无敌版,stickman_brawler,0.0,1,7k7k,,,,,,,,,,,,0.0,0.0,0.0,0.0,0.0,0.0,0.0,0.0,0.0,0.0,,https://www.7k7k.com/flash/95752.htm,铁拳暴龙
2564,乐高忍者格斗无敌版,stickman_brawler,0.0,1,7k7k,,,,,,,,,,,,0.0,0.0,0.0,0.0,0.0,0.0,0.0,0.0,0.0,0.0,,https://www.7k7k.com/flash/95684.htm,乐高忍者格斗
2565,卡西龙之龙传奇,mmo_pet_social,0.0,1,7k7k,,,,,,,,,,,,0.0,0.0,0.0,0.0,0.0,0.0,0.0,0.0,0.0,0.0,,https://www.7k7k.com/flash/84893.htm,卡西龙之龙传奇
2566,乐高幻影忍者,run_gun_coop,0.0,1,7k7k,,,,,,,,,,,,0.0,0.0,0.0,0.0,0.0,0.0,0.0,0.0,0.0,0.0,,https://www.7k7k.com/flash/132467.htm,乐高幻影忍者
2567,火柴人大决斗,stickman_brawler,0.0,1,7k7k,,,,,,,,,,,,0.0,0.0,0.0,0.0,0.0,0.0,0.0,0.0,0.0,0.0,,https://www.7k7k.com/flash/173214.htm,火柴人大决斗
2568,城市正义英雄,run_gun_coop,0.0,1,7k7k,,,,,,,,,,,,0.0,0.0,0.0,0.0,0.0,0.0,0.0,0.0,0.0,0.0,,https://www.7k7k.com/flash/210672.htm,城市正义英雄
2569,7k7k决战沙邑,other,0.0,1,7k7k,,,,,,,,,,,,0.0,0.0,0.0,0.0,0.0,0.0,0.0,0.0,0.0,0.0,,https://www.7k7k.com/swf/184505.htm,决战沙邑
2570,火柴人生死大逃亡,other,0.0,1,7k7k,,,,,,,,,,,,0.0,0.0,0.0,0.0,0.0,0.0,0.0,0.0,0.0,0.0,,https://www.7k7k.com/flash/160948.htm,火柴人生死大逃亡
2571,亚当寻找夏娃3,classic_board_card,0.0,1,7k7k,,,,,,,,,,,,0.0,0.0,0.0,0.0,0.0,0.0,0.0,0.0,0.0,0.0,,https://www.7k7k.com/flash/142513.htm,亚当寻找夏娃
2572,火柴人逃狱记中文版,stealth_heist,0.0,1,7k7k,,,,,,,,,,,,0.0,0.0,0.0,0.0,0.0,0.0,0.0,0.0,0.0,0.0,,https://www.7k7k.com/flash/178278.htm,火柴人逃狱记
2573,机械迷城完整中文版,classic_board_card,0.0,1,7k7k,,,,,,,,,,,,0.0,0.0,0.0,0.0,0.0,0.0,0.0,0.0,0.0,0.0,,https://www.7k7k.com/flash/93052.htm,机械迷城完整
2574,逃出美女宿舍,classic_board_card,0.0,1,7k7k,,,,,,,,,,,,0.0,0.0,0.0,0.0,0.0,0.0,0.0,0.0,0.0,0.0,,https://www.7k7k.com/flash/21188.htm,逃出美女宿舍
2575,逃出可爱的卫生间,classic_board_card,0.0,1,7k7k,,,,,,,,,,,,0.0,0.0,0.0,0.0,0.0,0.0,0.0,0.0,0.0,0.0,,https://www.7k7k.com/flash/48047.htm,逃出可爱的卫生间
2576,爸爸把我手机藏起来了,classic_board_card,0.0,1,7k7k,,,,,,,,,,,,0.0,0.0,0.0,0.0,0.0,0.0,0.0,0.0,0.0,0.0,,https://www.7k7k.com/flash/198927.htm,爸爸把我手机藏起来了
2577,疯狂戴夫逃离小院,other,0.0,1,7k7k,,,,,,,,,,,,0.0,0.0,0.0,0.0,0.0,0.0,0.0,0.0,0.0,0.0,,https://www.7k7k.com/flash/92524.htm,疯狂戴夫逃离小院
2578,史上最坑爹的游戏12,troll_platformer,0.0,1,7k7k,,,,,,,,,,,,0.0,0.0,0.0,0.0,0.0,0.0,0.0,0.0,0.0,0.0,,https://www.7k7k.com/flash/178138.htm,史上最坑爹的游戏
2579,家里的故事中文版,classic_board_card,0.0,1,7k7k,,,,,,,,,,,,0.0,0.0,0.0,0.0,0.0,0.0,0.0,0.0,0.0,0.0,,https://www.7k7k.com/flash/182368.htm,家里的故事
2580,小汽车总动员8,car_stunt_drift,0.0,1,7k7k,,,,,,,,,,,,0.0,0.0,0.0,0.0,0.0,0.0,0.0,0.0,0.0,0.0,,https://www.7k7k.com/flash/174398.htm,小汽车总动员
2581,史上最贱小游戏TV秀,troll_platformer,0.0,1,7k7k,,,,,,,,,,,,0.0,0.0,0.0,0.0,0.0,0.0,0.0,0.0,0.0,0.0,,https://www.7k7k.com/flash/179026.htm,史上最贱小游戏tv秀
2582,史上最贱恶搞小游戏,troll_platformer,0.0,1,7k7k,,,,,,,,,,,,0.0,0.0,0.0,0.0,0.0,0.0,0.0,0.0,0.0,0.0,,https://www.7k7k.com/flash/173994.htm,史上最贱恶搞小游戏
2583,老爹冰淇淋店中文版,time_mgmt_cooking,0.0,1,7k7k,,,,,,,,,,,,0.0,0.0,0.0,0.0,0.0,0.0,0.0,0.0,0.0,0.0,,https://www.7k7k.com/flash/142262.htm,老爹冰淇淋店
2584,盖房子,other,0.0,1,7k7k,,,,,,,,,,,,0.0,0.0,0.0,0.0,0.0,0.0,0.0,0.0,0.0,0.0,,https://www.7k7k.com/flash/16277.htm,盖房子
2585,建设乐高岛,run_gun_coop,0.0,1,7k7k,,,,,,,,,,,,0.0,0.0,0.0,0.0,0.0,0.0,0.0,0.0,0.0,0.0,,https://www.7k7k.com/flash/94164.htm,建设乐高岛
2586,乐高加油站,run_gun_coop,0.0,1,7k7k,,,,,,,,,,,,0.0,0.0,0.0,0.0,0.0,0.0,0.0,0.0,0.0,0.0,,https://www.7k7k.com/flash/110907.htm,乐高加油站
2587,小宝宝开拖拉机,classic_board_card,0.0,1,7k7k,,,,,,,,,,,,0.0,0.0,0.0,0.0,0.0,0.0,0.0,0.0,0.0,0.0,,https://www.7k7k.com/flash/99497.htm,小宝宝开拖拉机
2588,叫醒老爷爷,other,0.0,1,7k7k,,,,,,,,,,,,0.0,0.0,0.0,0.0,0.0,0.0,0.0,0.0,0.0,0.0,,https://www.7k7k.com/flash/92599.htm,叫醒老爷爷
2589,奇妙画板,draw_guess_party,0.0,1,7k7k,,,,,,,,,,,,0.0,0.0,0.0,0.0,0.0,0.0,0.0,0.0,0.0,0.0,,https://www.7k7k.com/flash/41965.htm,奇妙画板
2590,乐高岛搭积木,run_gun_coop,0.0,1,7k7k,,,,,,,,,,,,0.0,0.0,0.0,0.0,0.0,0.0,0.0,0.0,0.0,0.0,,https://www.7k7k.com/flash/96645.htm,乐高岛搭积木
2591,小鸭子游泳赛,train_and_race,0.0,1,7k7k,,,,,,,,,,,,0.0,0.0,0.0,0.0,0.0,0.0,0.0,0.0,0.0,0.0,,https://www.7k7k.com/flash/93279.htm,小鸭子游泳赛
2592,一起学钢琴,rhythm_music,0.0,1,7k7k,,,,,,,,,,,,0.0,0.0,0.0,0.0,0.0,0.0,0.0,0.0,0.0,0.0,,https://www.7k7k.com/flash/100421.htm,一起学钢琴
2593,可爱宝贝的游泳时光,other,0.0,1,7k7k,,,,,,,,,,,,0.0,0.0,0.0,0.0,0.0,0.0,0.0,0.0,0.0,0.0,,https://www.7k7k.com/flash/139396.htm,可爱宝贝的游泳时光
2594,黄金花园,other,0.0,1,7k7k,,,,,,,,,,,,0.0,0.0,0.0,0.0,0.0,0.0,0.0,0.0,0.0,0.0,,https://www.7k7k.com/flash/94797.htm,黄金花园
2595,可爱宝贝去夏令营,other,0.0,1,7k7k,,,,,,,,,,,,0.0,0.0,0.0,0.0,0.0,0.0,0.0,0.0,0.0,0.0,,https://www.7k7k.com/flash/138653.htm,可爱宝贝去夏令营
2596,守卫村庄无敌版,tower_defense,0.0,1,7k7k,,,,,,,,,,,,0.0,0.0,0.0,0.0,0.0,0.0,0.0,0.0,0.0,0.0,,https://www.7k7k.com/flash/91892.htm,守卫村庄
2597,骷髅军队2中文版,other,0.0,1,7k7k,,,,,,,,,,,,0.0,0.0,0.0,0.0,0.0,0.0,0.0,0.0,0.0,0.0,,https://www.7k7k.com/flash/86295.htm,骷髅军队
2598,小猴子守城5无敌版,tower_defense,0.0,1,7k7k,,,,,,,,,,,,0.0,0.0,0.0,0.0,0.0,0.0,0.0,0.0,0.0,0.0,,https://www.7k7k.com/flash/105425.htm,小猴子守城
2599,疯狂机械人2,other,0.0,1,7k7k,,,,,,,,,,,,0.0,0.0,0.0,0.0,0.0,0.0,0.0,0.0,0.0,0.0,,https://www.7k7k.com/flash/17524.htm,疯狂机械人
2600,阿sue要迟到,dress_up_makeover,0.0,1,7k7k,,,,,,,,,,,,0.0,0.0,0.0,0.0,0.0,0.0,0.0,0.0,0.0,0.0,,https://www.7k7k.com/flash/7397.htm,阿sue要迟到
2601,阿sue来化妆,dress_up_makeover,0.0,1,7k7k,,,,,,,,,,,,0.0,0.0,0.0,0.0,0.0,0.0,0.0,0.0,0.0,0.0,,https://www.7k7k.com/flash/50186.htm,阿sue来化妆
2602,创意眼影,dress_up_makeover,0.0,1,7k7k,,,,,,,,,,,,0.0,0.0,0.0,0.0,0.0,0.0,0.0,0.0,0.0,0.0,,https://www.7k7k.com/flash/106373.htm,创意眼影
2603,冬季的百合公主,dress_up_makeover,0.0,1,7k7k,,,,,,,,,,,,0.0,0.0,0.0,0.0,0.0,0.0,0.0,0.0,0.0,0.0,,https://www.7k7k.com/flash/106263.htm,冬季的百合公主
2604,美女试衣间,dress_up_makeover,0.0,1,7k7k,,,,,,,,,,,,0.0,0.0,0.0,0.0,0.0,0.0,0.0,0.0,0.0,0.0,,https://www.7k7k.com/flash/120827.htm,美女试衣间
2605,小美眉做发型2,dress_up_makeover,0.0,1,7k7k,,,,,,,,,,,,0.0,0.0,0.0,0.0,0.0,0.0,0.0,0.0,0.0,0.0,,https://www.7k7k.com/flash/19666.htm,小美眉做发型
2606,妮妮公主要出嫁,dress_up_makeover,0.0,1,7k7k,,,,,,,,,,,,0.0,0.0,0.0,0.0,0.0,0.0,0.0,0.0,0.0,0.0,,https://www.7k7k.com/flash/22506.htm,妮妮公主要出嫁
2607,宝石鞋,other,0.0,1,7k7k,,,,,,,,,,,,0.0,0.0,0.0,0.0,0.0,0.0,0.0,0.0,0.0,0.0,,https://www.7k7k.com/flash/103388.htm,宝石鞋
2608,七夕仙女约会,dress_up_makeover,0.0,1,7k7k,,,,,,,,,,,,0.0,0.0,0.0,0.0,0.0,0.0,0.0,0.0,0.0,0.0,,https://www.7k7k.com/flash/14641.htm,七夕仙女约会
2609,购物狂进军伦敦,other,0.0,1,7k7k,,,,,,,,,,,,0.0,0.0,0.0,0.0,0.0,0.0,0.0,0.0,0.0,0.0,,https://www.7k7k.com/flash/122751.htm,购物狂进军伦敦
2610,卡哇伊小新娘,dress_up_makeover,0.0,1,7k7k,,,,,,,,,,,,0.0,0.0,0.0,0.0,0.0,0.0,0.0,0.0,0.0,0.0,,https://www.7k7k.com/flash/109804.htm,卡哇伊小新娘
2611,为女孩化妆,dress_up_makeover,0.0,1,7k7k,,,,,,,,,,,,0.0,0.0,0.0,0.0,0.0,0.0,0.0,0.0,0.0,0.0,,https://www.7k7k.com/flash/107255.htm,为女孩化妆
2612,出门化个妆,other,0.0,1,7k7k,,,,,,,,,,,,0.0,0.0,0.0,0.0,0.0,0.0,0.0,0.0,0.0,0.0,,https://www.7k7k.com/flash/158344.htm,出门化个妆
2613,印度奶油鸡,time_mgmt_cooking,0.0,1,7k7k,,,,,,,,,,,,0.0,0.0,0.0,0.0,0.0,0.0,0.0,0.0,0.0,0.0,,https://www.7k7k.com/flash/46490.htm,印度奶油鸡
2614,每一堵墙,other,0.0,1,7k7k,,,,,,,,,,,,0.0,0.0,0.0,0.0,0.0,0.0,0.0,0.0,0.0,0.0,,https://www.7k7k.com/flash/213912.htm,每一堵墙
2615,贴纸房间,other,0.0,1,7k7k,,,,,,,,,,,,0.0,0.0,0.0,0.0,0.0,0.0,0.0,0.0,0.0,0.0,,https://www.7k7k.com/flash/213911.htm,贴纸房间
2616,方块剑,merge_drop,0.0,1,7k7k,,,,,,,,,,,,0.0,0.0,0.0,0.0,0.0,0.0,0.0,0.0,0.0,0.0,,https://www.7k7k.com/flash/213909.htm,方块剑
2617,职业拉力赛,car_stunt_drift,0.0,1,7k7k,,,,,,,,,,,,0.0,0.0,0.0,0.0,0.0,0.0,0.0,0.0,0.0,0.0,,https://www.7k7k.com/flash/213908.htm,职业拉力赛
2618,椰子捕手,other,0.0,1,7k7k,,,,,,,,,,,,0.0,0.0,0.0,0.0,0.0,0.0,0.0,0.0,0.0,0.0,,https://www.7k7k.com/flash/213907.htm,椰子捕手
2619,传递烛火,other,0.0,1,7k7k,,,,,,,,,,,,0.0,0.0,0.0,0.0,0.0,0.0,0.0,0.0,0.0,0.0,,https://www.7k7k.com/flash/213906.htm,传递烛火
2620,圆球分装工厂,merge_drop,0.0,1,7k7k,,,,,,,,,,,,0.0,0.0,0.0,0.0,0.0,0.0,0.0,0.0,0.0,0.0,,https://www.7k7k.com/flash/213905.htm,圆球分装工厂
2621,弹跳球冒险,helix_stack_tap,0.0,1,7k7k,,,,,,,,,,,,0.0,0.0,0.0,0.0,0.0,0.0,0.0,0.0,0.0,0.0,,https://www.7k7k.com/flash/213904.htm,弹跳球冒险
2622,勇士小队,other,0.0,1,7k7k,,,,,,,,,,,,0.0,0.0,0.0,0.0,0.0,0.0,0.0,0.0,0.0,0.0,,https://www.7k7k.com/flash/213903.htm,勇士小队
2623,森林的路径,other,0.0,1,7k7k,,,,,,,,,,,,0.0,0.0,0.0,0.0,0.0,0.0,0.0,0.0,0.0,0.0,,https://www.7k7k.com/flash/213902.htm,森林的路径
2624,扑克贴纸,classic_board_card,0.0,1,7k7k,,,,,,,,,,,,0.0,0.0,0.0,0.0,0.0,0.0,0.0,0.0,0.0,0.0,,https://www.7k7k.com/flash/213901.htm,扑克贴纸
2625,迷你娃娃屋,other,0.0,1,7k7k,,,,,,,,,,,,0.0,0.0,0.0,0.0,0.0,0.0,0.0,0.0,0.0,0.0,,https://www.7k7k.com/flash/213900.htm,迷你娃娃屋
2626,史莱姆入侵,other,0.0,1,7k7k,,,,,,,,,,,,0.0,0.0,0.0,0.0,0.0,0.0,0.0,0.0,0.0,0.0,,https://www.7k7k.com/flash/213898.htm,史莱姆入侵
2627,伤害转移,other,0.0,1,7k7k,,,,,,,,,,,,0.0,0.0,0.0,0.0,0.0,0.0,0.0,0.0,0.0,0.0,,https://www.7k7k.com/flash/213897.htm,伤害转移
2628,领地之争,io_territory,0.0,1,7k7k,,,,,,,,,,,,0.0,0.0,0.0,0.0,0.0,0.0,0.0,0.0,0.0,0.0,,https://www.7k7k.com/flash/213896.htm,领地之争
2629,逗小猴开心系列1076,classic_board_card,0.0,1,7k7k,,,,,,,,,,,,0.0,0.0,0.0,0.0,0.0,0.0,0.0,0.0,0.0,0.0,逗小猴开心系列1075,https://www.7k7k.com/flash/213894.htm,逗小猴开心系列
2630,太空点击器,idle_clicker,0.0,1,7k7k,,,,,,,,,,,,0.0,0.0,0.0,0.0,0.0,0.0,0.0,0.0,0.0,0.0,,https://www.7k7k.com/flash/213893.htm,太空点击器
2631,切块砸笑脸,fruit_slice,0.0,1,7k7k,,,,,,,,,,,,0.0,0.0,0.0,0.0,0.0,0.0,0.0,0.0,0.0,0.0,,https://www.7k7k.com/flash/213892.htm,切块砸笑脸
2632,吃水果的小蛇,io_eat_grow,0.0,1,7k7k,,,,,,,,,,,,0.0,0.0,0.0,0.0,0.0,0.0,0.0,0.0,0.0,0.0,,https://www.7k7k.com/flash/213891.htm,吃水果的小蛇
2633,火车列车长,car_stunt_drift,0.0,1,7k7k,,,,,,,,,,,,0.0,0.0,0.0,0.0,0.0,0.0,0.0,0.0,0.0,0.0,,https://www.7k7k.com/flash/213890.htm,火车列车长
2634,企鹅农场,other,0.0,1,7k7k,,,,,,,,,,,,0.0,0.0,0.0,0.0,0.0,0.0,0.0,0.0,0.0,0.0,,https://www.7k7k.com/flash/213888.htm,企鹅农场
2635,人偶足球2026,other,0.0,1,7k7k,,,,,,,,,,,,0.0,0.0,0.0,0.0,0.0,0.0,0.0,0.0,0.0,0.0,,https://www.7k7k.com/flash/213887.htm,人偶足球
2636,阿sue娃娃机H5,dress_up_makeover,0.0,1,7k7k,,,,,,,,,,,,0.0,0.0,0.0,0.0,0.0,0.0,0.0,0.0,0.0,0.0,,https://www.7k7k.com/flash/213886.htm,阿sue娃娃机
2637,纱线图画,other,0.0,1,7k7k,,,,,,,,,,,,0.0,0.0,0.0,0.0,0.0,0.0,0.0,0.0,0.0,0.0,,https://www.7k7k.com/flash/213885.htm,纱线图画
2638,贴纸小镇,other,0.0,1,7k7k,,,,,,,,,,,,0.0,0.0,0.0,0.0,0.0,0.0,0.0,0.0,0.0,0.0,,https://www.7k7k.com/flash/213884.htm,贴纸小镇
2639,扫地机模拟器,other,0.0,1,7k7k,,,,,,,,,,,,0.0,0.0,0.0,0.0,0.0,0.0,0.0,0.0,0.0,0.0,,https://www.7k7k.com/flash/213883.htm,扫地机模拟器
2640,挖沙大师,other,0.0,1,7k7k,,,,,,,,,,,,0.0,0.0,0.0,0.0,0.0,0.0,0.0,0.0,0.0,0.0,,https://www.7k7k.com/flash/213882.htm,挖沙大师
2641,打击皮纳塔,helix_stack_tap,0.0,1,7k7k,,,,,,,,,,,,0.0,0.0,0.0,0.0,0.0,0.0,0.0,0.0,0.0,0.0,,https://www.7k7k.com/flash/213881.htm,打击皮纳塔
2642,神圣家园,other,0.0,1,7k7k,,,,,,,,,,,,0.0,0.0,0.0,0.0,0.0,0.0,0.0,0.0,0.0,0.0,,https://www.7k7k.com/flash/213880.htm,神圣家园
2643,大书库,other,0.0,1,7k7k,,,,,,,,,,,,0.0,0.0,0.0,0.0,0.0,0.0,0.0,0.0,0.0,0.0,,https://www.7k7k.com/flash/213879.htm,大书库
2644,幽灵小镇的小麻烦,other,0.0,1,7k7k,,,,,,,,,,,,0.0,0.0,0.0,0.0,0.0,0.0,0.0,0.0,0.0,0.0,,https://www.7k7k.com/flash/213877.htm,幽灵小镇的小麻烦
2645,过马路的传说,other,0.0,1,7k7k,,,,,,,,,,,,0.0,0.0,0.0,0.0,0.0,0.0,0.0,0.0,0.0,0.0,,https://www.7k7k.com/flash/213875.htm,过马路的传说
2646,列车来连接,car_stunt_drift,0.0,1,7k7k,,,,,,,,,,,,0.0,0.0,0.0,0.0,0.0,0.0,0.0,0.0,0.0,0.0,,https://www.7k7k.com/flash/213874.htm,列车来连接
2647,清洁狗狗,other,0.0,1,7k7k,,,,,,,,,,,,0.0,0.0,0.0,0.0,0.0,0.0,0.0,0.0,0.0,0.0,,https://www.7k7k.com/flash/213872.htm,清洁狗狗
2648,发条钟楼,other,0.0,1,7k7k,,,,,,,,,,,,0.0,0.0,0.0,0.0,0.0,0.0,0.0,0.0,0.0,0.0,,https://www.7k7k.com/flash/213871.htm,发条钟楼
2649,装饰梦想房间,other,0.0,1,7k7k,,,,,,,,,,,,0.0,0.0,0.0,0.0,0.0,0.0,0.0,0.0,0.0,0.0,,https://www.7k7k.com/flash/213870.htm,装饰梦想房间
2650,滑动滚球,other,0.0,1,7k7k,,,,,,,,,,,,0.0,0.0,0.0,0.0,0.0,0.0,0.0,0.0,0.0,0.0,,https://www.7k7k.com/flash/213869.htm,滑动滚球
2651,卡牌归类,other,0.0,1,7k7k,,,,,,,,,,,,0.0,0.0,0.0,0.0,0.0,0.0,0.0,0.0,0.0,0.0,,https://www.7k7k.com/flash/213868.htm,卡牌归类
2652,峡谷穿越者,other,0.0,1,7k7k,,,,,,,,,,,,0.0,0.0,0.0,0.0,0.0,0.0,0.0,0.0,0.0,0.0,,https://www.7k7k.com/flash/213867.htm,峡谷穿越者
2653,拼豆挑战,other,0.0,1,7k7k,,,,,,,,,,,,0.0,0.0,0.0,0.0,0.0,0.0,0.0,0.0,0.0,0.0,,https://www.7k7k.com/flash/213866.htm,拼豆挑战
2654,潜浮冒险,other,0.0,1,7k7k,,,,,,,,,,,,0.0,0.0,0.0,0.0,0.0,0.0,0.0,0.0,0.0,0.0,,https://www.7k7k.com/flash/213865.htm,潜浮冒险
2655,阿sue填色本H5,dress_up_makeover,0.0,1,7k7k,,,,,,,,,,,,0.0,0.0,0.0,0.0,0.0,0.0,0.0,0.0,0.0,0.0,,https://www.7k7k.com/flash/213864.htm,阿sue填色本
2656,茂密的草丛,other,0.0,1,7k7k,,,,,,,,,,,,0.0,0.0,0.0,0.0,0.0,0.0,0.0,0.0,0.0,0.0,,https://www.7k7k.com/flash/213863.htm,茂密的草丛
2657,格斗火柴人训练营,stickman_brawler,0.0,1,7k7k,,,,,,,,,,,,0.0,0.0,0.0,0.0,0.0,0.0,0.0,0.0,0.0,0.0,,https://www.7k7k.com/flash/213862.htm,格斗火柴人训练营
2658,Interlocked: Puzzle Islands,other,0.0,1,armorgames,,,,,,,,,,,,0.0,0.0,0.0,0.0,0.0,0.0,0.0,0.0,0.0,0.0,,https://armorgames.com/interlocked-puzzle-islands-game/19701,interlocked
2659,How Hungry?,other,0.0,1,armorgames,,,,,,,,,,,,0.0,0.0,0.0,0.0,0.0,0.0,0.0,0.0,0.0,0.0,,https://armorgames.com/how-hungry-game/19729,howhungry
2660,Idle Wizard,idle_clicker,0.0,1,armorgames,,,,,,,,,,,,0.0,0.0,0.0,0.0,0.0,0.0,0.0,0.0,0.0,0.0,,https://armorgames.com/idle-wizard-game/19722,idlewizard
2661,Planet Flipper,other,0.0,1,armorgames,,,,,,,,,,,,0.0,0.0,0.0,0.0,0.0,0.0,0.0,0.0,0.0,0.0,,https://armorgames.com/planet-flipper-game/19715,planetflipper
2662,Scorching Light,other,0.0,1,armorgames,,,,,,,,,,,,0.0,0.0,0.0,0.0,0.0,0.0,0.0,0.0,0.0,0.0,,https://armorgames.com/scorching-light-game/19726,scorchinglight
2663,Grazed - Incremental Arcade,idle_clicker,0.0,1,armorgames,,,,,,,,,,,,0.0,0.0,0.0,0.0,0.0,0.0,0.0,0.0,0.0,0.0,,https://armorgames.com/grazed-incremental-arcade-game/19723,grazed
2664,One Bullet Factory,other,0.0,1,armorgames,,,,,,,,,,,,0.0,0.0,0.0,0.0,0.0,0.0,0.0,0.0,0.0,0.0,,https://armorgames.com/one-bullet-factory-game/19725,onebulletfactory
2665,"Cheese, Please!",other,0.0,1,armorgames,,,,,,,,,,,,0.0,0.0,0.0,0.0,0.0,0.0,0.0,0.0,0.0,0.0,,https://armorgames.com/cheese-please-game/19724,cheeseplease
2666,Frogs Aren't Fresh,other,0.0,1,armorgames,,,,,,,,,,,,0.0,0.0,0.0,0.0,0.0,0.0,0.0,0.0,0.0,0.0,,https://armorgames.com/frogs-arent-fresh-game/19721,frogsarentfresh
2667,Monster Flipper,other,0.0,1,armorgames,,,,,,,,,,,,0.0,0.0,0.0,0.0,0.0,0.0,0.0,0.0,0.0,0.0,,https://armorgames.com/monster-flipper-game/19680,monsterflipper
2668,Laser Nodes,other,0.0,1,armorgames,,,,,,,,,,,,0.0,0.0,0.0,0.0,0.0,0.0,0.0,0.0,0.0,0.0,,https://armorgames.com/laser-nodes-game/19714,lasernodes
2669,The Crow's Path,other,0.0,1,armorgames,,,,,,,,,,,,0.0,0.0,0.0,0.0,0.0,0.0,0.0,0.0,0.0,0.0,,https://armorgames.com/the-crows-path-game/19719,thecrowspath
2670,Path of Ice,other,0.0,1,armorgames,,,,,,,,,,,,0.0,0.0,0.0,0.0,0.0,0.0,0.0,0.0,0.0,0.0,,https://armorgames.com/path-of-ice-game/19716,pathofice
2671,Pinata Smash: Incremental Circus,idle_clicker,0.0,1,armorgames,,,,,,,,,,,,0.0,0.0,0.0,0.0,0.0,0.0,0.0,0.0,0.0,0.0,,https://armorgames.com/pinata-smash-incremental-circus-game/19717,pinatasmash
2672,Bouncy Egg,other,0.0,1,armorgames,,,,,,,,,,,,0.0,0.0,0.0,0.0,0.0,0.0,0.0,0.0,0.0,0.0,,https://armorgames.com/bouncy-egg-game/19713,bouncyegg
2673,Rick Henderson: Eternal Arena DEMO,other,0.0,1,armorgames,,,,,,,,,,,,0.0,0.0,0.0,0.0,0.0,0.0,0.0,0.0,0.0,0.0,,https://armorgames.com/rick-henderson-eternal-arena-demo-game/19712,rickhenderson
2674,Cosmic Ship,other,0.0,1,armorgames,,,,,,,,,,,,0.0,0.0,0.0,0.0,0.0,0.0,0.0,0.0,0.0,0.0,,https://armorgames.com/cosmic-ship-game/19711,cosmicship
2675,Spreader,other,0.0,1,armorgames,,,,,,,,,,,,0.0,0.0,0.0,0.0,0.0,0.0,0.0,0.0,0.0,0.0,,https://armorgames.com/spreader-game/19710,spreader
2676,Photomites!,other,0.0,1,armorgames,,,,,,,,,,,,0.0,0.0,0.0,0.0,0.0,0.0,0.0,0.0,0.0,0.0,,https://armorgames.com/photomites-game/19709,photomites
2677,Club Soko Demo,other,0.0,1,armorgames,,,,,,,,,,,,0.0,0.0,0.0,0.0,0.0,0.0,0.0,0.0,0.0,0.0,,https://armorgames.com/club-soko-demo-game/19704,clubsokodemo
2678,DON'T FLIP THE DOOM CARD,other,0.0,1,armorgames,,,,,,,,,,,,0.0,0.0,0.0,0.0,0.0,0.0,0.0,0.0,0.0,0.0,,https://armorgames.com/dont-flip-the-doom-card-game/19707,dontflipthedoomcard
2679,Patterned,other,0.0,1,armorgames,,,,,,,,,,,,0.0,0.0,0.0,0.0,0.0,0.0,0.0,0.0,0.0,0.0,,https://armorgames.com/patterned-game/19708,patterned
2680,Gongffelof,other,0.0,1,armorgames,,,,,,,,,,,,0.0,0.0,0.0,0.0,0.0,0.0,0.0,0.0,0.0,0.0,,https://armorgames.com/gongffelof-game/19706,gongffelof
2681,SLORL,other,0.0,1,armorgames,,,,,,,,,,,,0.0,0.0,0.0,0.0,0.0,0.0,0.0,0.0,0.0,0.0,,https://armorgames.com/slorl-game/19703,slorl
2682,Planet No More,other,0.0,1,armorgames,,,,,,,,,,,,0.0,0.0,0.0,0.0,0.0,0.0,0.0,0.0,0.0,0.0,,https://armorgames.com/planet-no-more-game/19702,planetnomore
2683,Pegote,other,0.0,1,armorgames,,,,,,,,,,,,0.0,0.0,0.0,0.0,0.0,0.0,0.0,0.0,0.0,0.0,,https://armorgames.com/pegote-game/19698,pegote
2684,Boxo Boxi,other,0.0,1,armorgames,,,,,,,,,,,,0.0,0.0,0.0,0.0,0.0,0.0,0.0,0.0,0.0,0.0,,https://armorgames.com/boxo-boxi-game/19699,boxoboxi
2685,Parcel Master,other,0.0,1,armorgames,,,,,,,,,,,,0.0,0.0,0.0,0.0,0.0,0.0,0.0,0.0,0.0,0.0,,https://armorgames.com/parcel-master-game/19697,parcelmaster
2686,Lander 3D,other,0.0,1,armorgames,,,,,,,,,,,,0.0,0.0,0.0,0.0,0.0,0.0,0.0,0.0,0.0,0.0,,https://armorgames.com/lander-3d-game/19689,lander3d
2687,Cakefoot,other,0.0,1,armorgames,,,,,,,,,,,,0.0,0.0,0.0,0.0,0.0,0.0,0.0,0.0,0.0,0.0,,https://armorgames.com/cakefoot-game/19694,cakefoot
2688,The Freak Circus,other,0.0,1,itch.io,,,,,,,,,,,,0.0,0.0,0.0,0.0,0.0,0.0,0.0,0.0,0.0,0.0,,https://garula.itch.io/the-freak-circus,thefreakcircus
2689,Adventures With Anxiety!,other,0.0,1,itch.io,,,,,,,,,,,,0.0,0.0,0.0,0.0,0.0,0.0,0.0,0.0,0.0,0.0,,https://ncase.itch.io/anxiety,adventureswithanxiety
2690,Serenitrove,other,0.0,1,itch.io,,,,,,,,,,,,0.0,0.0,0.0,0.0,0.0,0.0,0.0,0.0,0.0,0.0,,https://alfredncy.itch.io/serenitrove,serenitrove
2691,We Become What We Behold,other,0.0,1,itch.io,,,,,,,,,,,,0.0,0.0,0.0,0.0,0.0,0.0,0.0,0.0,0.0,0.0,,https://ncase.itch.io/wbwwb,webecomewhatwebehold
2692,"goodbye, doggy",other,0.0,1,itch.io,,,,,,,,,,,,0.0,0.0,0.0,0.0,0.0,0.0,0.0,0.0,0.0,0.0,,https://picogram.itch.io/goodbye-doggy,goodbyedoggy
2693,Six Cats Under,other,0.0,1,itch.io,,,,,,,,,,,,0.0,0.0,0.0,0.0,0.0,0.0,0.0,0.0,0.0,0.0,,https://teambeanloop.itch.io/six-cats-under,sixcatsunder
2694,Sort the Court!,merge_drop,0.0,1,itch.io,,,,,,,,,,,,0.0,0.0,0.0,0.0,0.0,0.0,0.0,0.0,0.0,0.0,,https://graebor.itch.io/sort-the-court,sortthecourt
2695,last seen online,other,0.0,1,itch.io,,,,,,,,,,,,0.0,0.0,0.0,0.0,0.0,0.0,0.0,0.0,0.0,0.0,,https://qwook.itch.io/last-seen-online,lastseen
2696,A Tale of Crowns,other,0.0,1,itch.io,,,,,,,,,,,,0.0,0.0,0.0,0.0,0.0,0.0,0.0,0.0,0.0,0.0,,https://qeresi.itch.io/a-tale-of-crowns,ataleofcrowns
2697,Lookouts,other,0.0,1,itch.io,,,,,,,,,,,,0.0,0.0,0.0,0.0,0.0,0.0,0.0,0.0,0.0,0.0,,https://paranoidhawk.itch.io/lookouts,lookouts
2698,Dating Killmulator,other,0.0,1,itch.io,,,,,,,,,,,,0.0,0.0,0.0,0.0,0.0,0.0,0.0,0.0,0.0,0.0,Dating Killmulator 2,https://coolom-games.itch.io/dating-killmulator-2,datingkillmulator
2699,Dragonsweeper,other,0.0,1,itch.io,,,,,,,,,,,,0.0,0.0,0.0,0.0,0.0,0.0,0.0,0.0,0.0,0.0,,https://danielben.itch.io/dragonsweeper,dragonsweeper
2700,Wayfarer,other,0.0,1,itch.io,,,,,,,,,,,,0.0,0.0,0.0,0.0,0.0,0.0,0.0,0.0,0.0,0.0,,https://idrellegames.itch.io/wayfarer,wayfarer
2701,"Flesh, Blood, & Concrete",other,0.0,1,itch.io,,,,,,,,,,,,0.0,0.0,0.0,0.0,0.0,0.0,0.0,0.0,0.0,0.0,,https://waxwing0.itch.io/fbc,fleshbloodconcrete
2702,Moss Moss,other,0.0,1,itch.io,,,,,,,,,,,,0.0,0.0,0.0,0.0,0.0,0.0,0.0,0.0,0.0,0.0,,https://noelcody.itch.io/moss-moss,mossmoss
2703,purrgatory,other,0.0,1,itch.io,,,,,,,,,,,,0.0,0.0,0.0,0.0,0.0,0.0,0.0,0.0,0.0,0.0,,https://nivrad00.itch.io/purrgatory,purrgatory
2704,Type Help,other,0.0,1,itch.io,,,,,,,,,,,,0.0,0.0,0.0,0.0,0.0,0.0,0.0,0.0,0.0,0.0,,https://william-rous.itch.io/type-help,typehelp
2705,The Archives of Trevosa,other,0.0,1,itch.io,,,,,,,,,,,,0.0,0.0,0.0,0.0,0.0,0.0,0.0,0.0,0.0,0.0,,https://jamwitch.itch.io/trevosa,thearchivesoftrevosa
2706,Backpack Hero,other,0.0,1,itch.io,,,,,,,,,,,,0.0,0.0,0.0,0.0,0.0,0.0,0.0,0.0,0.0,0.0,,https://thejaspel.itch.io/backpack-hero,backpackhero
2707,When Twilight Strikes,other,0.0,1,itch.io,,,,,,,,,,,,0.0,0.0,0.0,0.0,0.0,0.0,0.0,0.0,0.0,0.0,,https://evertides.itch.io/when-twilight-strikes,whentwilightstrikes
2708,Peggy's Post,other,0.0,1,itch.io,,,,,,,,,,,,0.0,0.0,0.0,0.0,0.0,0.0,0.0,0.0,0.0,0.0,,https://digitarium.itch.io/peggys-post,peggyspost
2709,Scout: An Apocalypse Story,other,0.0,1,itch.io,,,,,,,,,,,,0.0,0.0,0.0,0.0,0.0,0.0,0.0,0.0,0.0,0.0,,https://anya-writes.itch.io/scout-an-apocalypse-story,scout
2710,irori,other,0.0,1,itch.io,,,,,,,,,,,,0.0,0.0,0.0,0.0,0.0,0.0,0.0,0.0,0.0,0.0,,https://pomepomelo.itch.io/irori,irori
2711,Vampire Survivors,other,0.0,1,itch.io,,,,,,,,,,,,0.0,0.0,0.0,0.0,0.0,0.0,0.0,0.0,0.0,0.0,,https://poncle.itch.io/vampire-survivors,vampiresurvivors
2712,b-e-e-t-l-e,other,0.0,1,itch.io,,,,,,,,,,,,0.0,0.0,0.0,0.0,0.0,0.0,0.0,0.0,0.0,0.0,,https://paulandviv.itch.io/b-e-e-t-l-e,beetle
2713,Speaker,other,0.0,1,itch.io,,,,,,,,,,,,0.0,0.0,0.0,0.0,0.0,0.0,0.0,0.0,0.0,0.0,,https://speakergame.itch.io/speaker,speaker
2714,Dominion of Darkness,other,0.0,1,itch.io,,,,,,,,,,,,0.0,0.0,0.0,0.0,0.0,0.0,0.0,0.0,0.0,0.0,,https://adeptus7.itch.io/dominion,dominionofdarkness
2715,Horse Magnifier: Jam Edition,other,0.0,1,itch.io,,,,,,,,,,,,0.0,0.0,0.0,0.0,0.0,0.0,0.0,0.0,0.0,0.0,,https://sketbordcat.itch.io/horse-magnifier,horsemagnifier
2716,The Ratchelor: A Rat Dating Sim,other,0.0,1,itch.io,,,,,,,,,,,,0.0,0.0,0.0,0.0,0.0,0.0,0.0,0.0,0.0,0.0,,https://algorat.itch.io/the-ratchelor-a-rat-dating-sim,theratchelor
2717,Die in the Dungeon CLASSIC,other,0.0,1,itch.io,,,,,,,,,,,,0.0,0.0,0.0,0.0,0.0,0.0,0.0,0.0,0.0,0.0,,https://alarts.itch.io/die-in-the-dungeon,dieinthedungeon
2718,novena,other,0.0,1,itch.io,,,,,,,,,,,,0.0,0.0,0.0,0.0,0.0,0.0,0.0,0.0,0.0,0.0,,https://haraiva.itch.io/novena,novena
2719,her tears were my light,other,0.0,1,itch.io,,,,,,,,,,,,0.0,0.0,0.0,0.0,0.0,0.0,0.0,0.0,0.0,0.0,,https://nomnomnami.itch.io/her-tears-were-my-light,hertearsweremylight
2720,Coming Out Simulator 2014,other,0.0,1,itch.io,,,,,,,,,,,,0.0,0.0,0.0,0.0,0.0,0.0,0.0,0.0,0.0,0.0,,https://ncase.itch.io/coming-out-simulator-2014,comingoutsimulator
2721,Toss Office,other,0.0,1,itch.io,,,,,,,,,,,,0.0,0.0,0.0,0.0,0.0,0.0,0.0,0.0,0.0,0.0,,https://ravenous-den.itch.io/toss-office,tossoffice
2722,Alpine,other,0.0,1,itch.io,,,,,,,,,,,,0.0,0.0,0.0,0.0,0.0,0.0,0.0,0.0,0.0,0.0,,https://oddly-shaped-pixels.itch.io/alpine,alpine
2723,sweet instincts,other,0.0,1,itch.io,,,,,,,,,,,,0.0,0.0,0.0,0.0,0.0,0.0,0.0,0.0,0.0,0.0,,https://3005jin.itch.io/sweet-instincts,sweetinstincts
2724,"Yes, Comrade.",other,0.0,1,itch.io,,,,,,,,,,,,0.0,0.0,0.0,0.0,0.0,0.0,0.0,0.0,0.0,0.0,,https://hugimugi7.itch.io/yes-comrade,yescomrade
2725,Rulehouse,other,0.0,1,itch.io,,,,,,,,,,,,0.0,0.0,0.0,0.0,0.0,0.0,0.0,0.0,0.0,0.0,,https://dalichrome.itch.io/house-rules,rulehouse
2726,OVERD0SE,other,0.0,1,itch.io,,,,,,,,,,,,0.0,0.0,0.0,0.0,0.0,0.0,0.0,0.0,0.0,0.0,,https://mookichuu.itch.io/overdose,overd0se
2727,Quackyard,other,0.0,1,itch.io,,,,,,,,,,,,0.0,0.0,0.0,0.0,0.0,0.0,0.0,0.0,0.0,0.0,,https://hugimugi7.itch.io/quackyard,quackyard
2728,Alien Crab in the Extamaze,other,0.0,1,itch.io,,,,,,,,,,,,0.0,0.0,0.0,0.0,0.0,0.0,0.0,0.0,0.0,0.0,,https://jebouin.itch.io/alien-crab-3,aliencrabintheextamaze
2729,Bite Your Tongue,other,0.0,1,itch.io,,,,,,,,,,,,0.0,0.0,0.0,0.0,0.0,0.0,0.0,0.0,0.0,0.0,,https://try-froggery.itch.io/bite-your-tongue,biteyourtongue
2730,Knee Deep! [DEMO],other,0.0,1,itch.io,,,,,,,,,,,,0.0,0.0,0.0,0.0,0.0,0.0,0.0,0.0,0.0,0.0,,https://comfortkuma.itch.io/knee-deep,kneedeepdemo
2731,FNaF: DAYBREAK,horror_escape,0.0,1,itch.io,,,,,,,,,,,,0.0,0.0,0.0,0.0,0.0,0.0,0.0,0.0,0.0,0.0,,https://snowyrey.itch.io/fnaf-daybreak,fnaf
2732,The Commander Can't Communicate,other,0.0,1,itch.io,,,,,,,,,,,,0.0,0.0,0.0,0.0,0.0,0.0,0.0,0.0,0.0,0.0,,https://futotori.itch.io/the-commander-cant-communicate,thecommandercantcommunicate
2733,Fear Me [Jeff the Killer's Dating Sim],other,0.0,1,itch.io,,,,,,,,,,,,0.0,0.0,0.0,0.0,0.0,0.0,0.0,0.0,0.0,0.0,,https://neesacomplex.itch.io/fear-me-jeff-the-killers-dating-sim,fearmejeffthekillersdatingsim
2734,How to Date an Entity (and stay alive),other,0.0,1,itch.io,,,,,,,,,,,,0.0,0.0,0.0,0.0,0.0,0.0,0.0,0.0,0.0,0.0,,https://sfour-s4.itch.io/how-to-date-an-entity,howtodateanentity
2735,Open Doctrines,other,0.0,1,itch.io,,,,,,,,,,,,0.0,0.0,0.0,0.0,0.0,0.0,0.0,0.0,0.0,0.0,,https://pr1nted.itch.io/open-doctrines,opendoctrines
2736,Before the Darkness,other,0.0,1,itch.io,,,,,,,,,,,,0.0,0.0,0.0,0.0,0.0,0.0,0.0,0.0,0.0,0.0,,https://khywae.itch.io/before-the-darkness,beforethedarkness
2737,Gentle Fall [Demo],other,0.0,1,itch.io,,,,,,,,,,,,0.0,0.0,0.0,0.0,0.0,0.0,0.0,0.0,0.0,0.0,,https://isattt.itch.io/gentle-fall,gentlefalldemo
2738,My Own Sweet Dionaea,other,0.0,1,itch.io,,,,,,,,,,,,0.0,0.0,0.0,0.0,0.0,0.0,0.0,0.0,0.0,0.0,,https://ossuario.itch.io/my-own-sweet-dionaea,myownsweetdionaea
2739,Trapped with Jester,other,0.0,1,itch.io,,,,,,,,,,,,0.0,0.0,0.0,0.0,0.0,0.0,0.0,0.0,0.0,0.0,,https://ant-san.itch.io/jester,trappedwithjester
2740,Fear Assessment,other,0.0,1,itch.io,,,,,,,,,,,,0.0,0.0,0.0,0.0,0.0,0.0,0.0,0.0,0.0,0.0,,https://alexander-wiseman.itch.io/fear-assessment,fearassessment
2741,Maybe... I'll go to the beach (demo),other,0.0,1,itch.io,,,,,,,,,,,,0.0,0.0,0.0,0.0,0.0,0.0,0.0,0.0,0.0,0.0,,https://bilgetbd.itch.io/maybe-ill-go-to-the-beach,maybeillgotothebeach
2742,The Margot Collapse,other,0.0,1,itch.io,,,,,,,,,,,,0.0,0.0,0.0,0.0,0.0,0.0,0.0,0.0,0.0,0.0,,https://funday-games.itch.io/the-margot-collapse,themargotcollapse
2743,KittyToy,other,0.0,1,itch.io,,,,,,,,,,,,0.0,0.0,0.0,0.0,0.0,0.0,0.0,0.0,0.0,0.0,,https://rakqoi.itch.io/kittytoy,kittytoy
2744,A Dance of Fire and Ice,other,0.0,1,itch.io,,,,,,,,,,,,0.0,0.0,0.0,0.0,0.0,0.0,0.0,0.0,0.0,0.0,,https://fizzd.itch.io/a-dance-of-fire-and-ice,adanceoffireandice
2745,Frogfall,other,0.0,1,itch.io,,,,,,,,,,,,0.0,0.0,0.0,0.0,0.0,0.0,0.0,0.0,0.0,0.0,,https://kultisti.itch.io/frogfall,frogfall
2746,The Roottrees are Dead,other,0.0,1,itch.io,,,,,,,,,,,,0.0,0.0,0.0,0.0,0.0,0.0,0.0,0.0,0.0,0.0,,https://jjohnstongames.itch.io/the-roottrees-are-dead,theroottreesaredead
2747,"Welcome, Dear Human [Demo]",other,0.0,1,itch.io,,,,,,,,,,,,0.0,0.0,0.0,0.0,0.0,0.0,0.0,0.0,0.0,0.0,,https://ronkad.itch.io/welcome-dear-human,welcomedearhumandemo
2748,Going Live!,other,0.0,1,itch.io,,,,,,,,,,,,0.0,0.0,0.0,0.0,0.0,0.0,0.0,0.0,0.0,0.0,,https://jennyvipham.itch.io/going-live,goinglive
2749,Cantata,other,0.0,1,itch.io,,,,,,,,,,,,0.0,0.0,0.0,0.0,0.0,0.0,0.0,0.0,0.0,0.0,,https://firfireweed.itch.io/cantata,cantata
2750,Waterworks!,other,0.0,1,itch.io,,,,,,,,,,,,0.0,0.0,0.0,0.0,0.0,0.0,0.0,0.0,0.0,0.0,,https://scriptwelder.itch.io/waterworks,waterworks
2751,UNDER A STAR CALLED SUN,other,0.0,1,itch.io,,,,,,,,,,,,0.0,0.0,0.0,0.0,0.0,0.0,0.0,0.0,0.0,0.0,,https://haraiva.itch.io/under-a-star-called-sun,underastarcalledsun
2752,Platformer Toolkit,other,0.0,1,itch.io,,,,,,,,,,,,0.0,0.0,0.0,0.0,0.0,0.0,0.0,0.0,0.0,0.0,,https://gmtk.itch.io/platformer-toolkit,platformertoolkit
2753,Devil Express,other,0.0,1,itch.io,,,,,,,,,,,,0.0,0.0,0.0,0.0,0.0,0.0,0.0,0.0,0.0,0.0,,https://bad-pet.itch.io/devil-express,devilexpress
2754,Soul Void,other,0.0,1,itch.io,,,,,,,,,,,,0.0,0.0,0.0,0.0,0.0,0.0,0.0,0.0,0.0,0.0,,https://kadabura.itch.io/soul-void,soulvoid
2755,Goodnight Meowmie,other,0.0,1,itch.io,,,,,,,,,,,,0.0,0.0,0.0,0.0,0.0,0.0,0.0,0.0,0.0,0.0,,https://ddrkirbyisq.itch.io/goodnight-meowmie,goodnightmeowmie
2756,God-Cursed: Demo,other,0.0,1,itch.io,,,,,,,,,,,,0.0,0.0,0.0,0.0,0.0,0.0,0.0,0.0,0.0,0.0,,https://wings-of-ink.itch.io/god-cursed,godcursed
2757,answer these 10 questions and i'll tell you what kind of lover you are,other,0.0,1,itch.io,,,,,,,,,,,,0.0,0.0,0.0,0.0,0.0,0.0,0.0,0.0,0.0,0.0,,https://frannym.itch.io/10questions,answerthese10questionsandilltellyouwhatkindofloveryouare
2758,intertwine,other,0.0,1,itch.io,,,,,,,,,,,,0.0,0.0,0.0,0.0,0.0,0.0,0.0,0.0,0.0,0.0,,https://crescence-studio.itch.io/intertwine,intertwine
2759,Syrup and the Ultimate Sweet,other,0.0,1,itch.io,,,,,,,,,,,,0.0,0.0,0.0,0.0,0.0,0.0,0.0,0.0,0.0,0.0,,https://nomnomnami.itch.io/syrup-and-the-ultimate-sweet,syrupandtheultimatesweet
2760,NSMB - Mario Vs Luigi Online,other,0.0,1,itch.io,,,,,,,,,,,,0.0,0.0,0.0,0.0,0.0,0.0,0.0,0.0,0.0,0.0,,https://ipodtouch0218.itch.io/nsmb-mariovsluigi,nsmb
2761,Dungeons & Degenerate Gamblers,other,0.0,1,itch.io,,,,,,,,,,,,0.0,0.0,0.0,0.0,0.0,0.0,0.0,0.0,0.0,0.0,,https://purplemosscollectors.itch.io/dndg,dungeonsdegenerategamblers
2762,CHAINSAW DANCE DEMO,other,0.0,1,itch.io,,,,,,,,,,,,0.0,0.0,0.0,0.0,0.0,0.0,0.0,0.0,0.0,0.0,,https://benedique.itch.io/chainsaw-dance,chainsawdancedemo
2763,Lo-Fi Room,other,0.0,1,itch.io,,,,,,,,,,,,0.0,0.0,0.0,0.0,0.0,0.0,0.0,0.0,0.0,0.0,,https://bearmask.itch.io/lofi-room,lofiroom
2764,Contract Demon,other,0.0,1,itch.io,,,,,,,,,,,,0.0,0.0,0.0,0.0,0.0,0.0,0.0,0.0,0.0,0.0,,https://nomnomnami.itch.io/contract-demon,contractdemon
2765,CaptchaWare,other,0.0,1,itch.io,,,,,,,,,,,,0.0,0.0,0.0,0.0,0.0,0.0,0.0,0.0,0.0,0.0,,https://paperhatprojects.itch.io/captchaware,captchaware
2766,"Cupid's Kiss: a short, romance comedy",other,0.0,1,itch.io,,,,,,,,,,,,0.0,0.0,0.0,0.0,0.0,0.0,0.0,0.0,0.0,0.0,,https://marysuegames.itch.io/cupids-kiss,cupidskiss
2767,Raide,other,0.0,1,itch.io,,,,,,,,,,,,0.0,0.0,0.0,0.0,0.0,0.0,0.0,0.0,0.0,0.0,,https://kultisti.itch.io/raide,raide
2768,Kill the Ice Age Baby Adventure: The Game,other,0.0,1,itch.io,,,,,,,,,,,,0.0,0.0,0.0,0.0,0.0,0.0,0.0,0.0,0.0,0.0,,https://kypello.itch.io/kill-the-ice-age-baby-adventure-the-game,killtheiceagebabyadventure
2769,Nothing to Say,other,0.0,1,itch.io,,,,,,,,,,,,0.0,0.0,0.0,0.0,0.0,0.0,0.0,0.0,0.0,0.0,,https://celia14.itch.io/nothing-to-say,nothingtosay
2770,Silver Thread : Episode I,other,0.0,1,itch.io,,,,,,,,,,,,0.0,0.0,0.0,0.0,0.0,0.0,0.0,0.0,0.0,0.0,,https://spicaze.itch.io/silver-thread,silverthread
2771,SNAGGEMON - A Grunt Dating Sim,other,0.0,1,itch.io,,,,,,,,,,,,0.0,0.0,0.0,0.0,0.0,0.0,0.0,0.0,0.0,0.0,,https://reecebridger.itch.io/snaggemon-a-grunt-dating-sim,snaggemon
2772,Shogun Showdown - Alpha,other,0.0,1,itch.io,,,,,,,,,,,,0.0,0.0,0.0,0.0,0.0,0.0,0.0,0.0,0.0,0.0,,https://roboatino.itch.io/shogunshowdown,shogunshowdown
2773,what body?,other,0.0,1,itch.io,,,,,,,,,,,,0.0,0.0,0.0,0.0,0.0,0.0,0.0,0.0,0.0,0.0,,https://bun-tired.itch.io/what-body,whatbody
2774,Off Day,other,0.0,1,itch.io,,,,,,,,,,,,0.0,0.0,0.0,0.0,0.0,0.0,0.0,0.0,0.0,0.0,,https://viv-url.itch.io/off-day,offday
2775,P.E. Noire,other,0.0,1,itch.io,,,,,,,,,,,,0.0,0.0,0.0,0.0,0.0,0.0,0.0,0.0,0.0,0.0,,https://picogram.itch.io/pe-noire,penoire
2776,Blackout,other,0.0,1,itch.io,,,,,,,,,,,,0.0,0.0,0.0,0.0,0.0,0.0,0.0,0.0,0.0,0.0,,https://freshgames.itch.io/blackout,blackout
2777,George and the Printer,other,0.0,1,itch.io,,,,,,,,,,,,0.0,0.0,0.0,0.0,0.0,0.0,0.0,0.0,0.0,0.0,,https://sixrobin.itch.io/georgeandtheprinter,georgeandtheprinter
2778,Pack,other,0.0,1,itch.io,,,,,,,,,,,,0.0,0.0,0.0,0.0,0.0,0.0,0.0,0.0,0.0,0.0,,https://plasmastarfish.itch.io/pack,pack
2779,Instagram,other,0.0,1,friv,,,,,,,,,,,,0.0,0.0,0.0,0.0,0.0,0.0,0.0,0.0,0.0,0.0,,https://www.friv.com/,instagram
2780,"+ games[i][0].replace(/ /g, '-') +",other,0.0,1,friv,,,,,,,,,,,,0.0,0.0,0.0,0.0,0.0,0.0,0.0,0.0,0.0,0.0,,https://www.friv.com/,gamesi0replace
2781,Most Addicting,other,0.0,1,addictinggames,,,,,,,,,,,,0.0,0.0,0.0,0.0,0.0,0.0,0.0,0.0,0.0,0.0,,https://www.addictinggames.com/,mostaddicting
2782,Indie Spotlight,other,0.0,1,addictinggames,,,,,,,,,,,,0.0,0.0,0.0,0.0,0.0,0.0,0.0,0.0,0.0,0.0,,https://www.addictinggames.com/,indiespotlight
2783,Trending,other,0.0,1,addictinggames,,,,,,,,,,,,0.0,0.0,0.0,0.0,0.0,0.0,0.0,0.0,0.0,0.0,,https://www.addictinggames.com/,trending
2784,Top 100,other,0.0,1,addictinggames,,,,,,,,,,,,0.0,0.0,0.0,0.0,0.0,0.0,0.0,0.0,0.0,0.0,,https://www.addictinggames.com/,top
2785,Your Favorites,other,0.0,1,addictinggames,,,,,,,,,,,,0.0,0.0,0.0,0.0,0.0,0.0,0.0,0.0,0.0,0.0,,https://www.addictinggames.com/,yourfavorites
2786,Played Games,other,0.0,1,addictinggames,,,,,,,,,,,,0.0,0.0,0.0,0.0,0.0,0.0,0.0,0.0,0.0,0.0,,https://www.addictinggames.com/,playedgames
2787,See more,other,0.0,1,addictinggames,,,,,,,,,,,,0.0,0.0,0.0,0.0,0.0,0.0,0.0,0.0,0.0,0.0,,https://www.addictinggames.com/,seemore
2788,Contact Us,other,0.0,1,addictinggames,,,,,,,,,,,,0.0,0.0,0.0,0.0,0.0,0.0,0.0,0.0,0.0,0.0,,https://www.addictinggames.com/,contactus
2789,Advertising,other,0.0,1,addictinggames,,,,,,,,,,,,0.0,0.0,0.0,0.0,0.0,0.0,0.0,0.0,0.0,0.0,,https://www.addictinggames.com/,advertising
2790,Adventure games,other,0.0,3,addictinggames;agame;pacogames,,,,,,,,,,,,0.0,0.0,0.0,0.0,0.0,0.0,0.0,0.0,0.0,0.0,Adventure Games,https://www.addictinggames.com/,adventuregames
2791,Arcade games,other,0.0,3,addictinggames;lagged;pacogames,,,,,,,,,,,,0.0,0.0,0.0,0.0,0.0,0.0,0.0,0.0,0.0,0.0,Arcade Games,https://www.addictinggames.com/,arcadegames
2792,Arena games,other,0.0,1,addictinggames,,,,,,,,,,,,0.0,0.0,0.0,0.0,0.0,0.0,0.0,0.0,0.0,0.0,,https://www.addictinggames.com/,arenagames
2793,Avoider games,other,0.0,1,addictinggames,,,,,,,,,,,,0.0,0.0,0.0,0.0,0.0,0.0,0.0,0.0,0.0,0.0,,https://www.addictinggames.com/,avoidergames
2794,Balance games,other,0.0,1,addictinggames,,,,,,,,,,,,0.0,0.0,0.0,0.0,0.0,0.0,0.0,0.0,0.0,0.0,,https://www.addictinggames.com/,balancegames
2795,Block games,other,0.0,1,addictinggames,,,,,,,,,,,,0.0,0.0,0.0,0.0,0.0,0.0,0.0,0.0,0.0,0.0,,https://www.addictinggames.com/,blockgames
2796,Bloody games,other,0.0,1,addictinggames,,,,,,,,,,,,0.0,0.0,0.0,0.0,0.0,0.0,0.0,0.0,0.0,0.0,,https://www.addictinggames.com/,bloodygames
2797,Brain Teasers games,other,0.0,1,addictinggames,,,,,,,,,,,,0.0,0.0,0.0,0.0,0.0,0.0,0.0,0.0,0.0,0.0,,https://www.addictinggames.com/,brainteasersgames
2798,Brainrot games,rbx_reverse,0.0,1,addictinggames,,,,,,,,,,,,0.0,0.0,0.0,0.0,0.0,0.0,0.0,0.0,0.0,0.0,,https://www.addictinggames.com/,brainrotgames
2799,Card games,other,0.0,2,addictinggames;pacogames,,,,,,,,,,,,0.0,0.0,0.0,0.0,0.0,0.0,0.0,0.0,0.0,0.0,Card Games,https://www.addictinggames.com/,cardgames
2800,Celebrity games,other,0.0,1,addictinggames,,,,,,,,,,,,0.0,0.0,0.0,0.0,0.0,0.0,0.0,0.0,0.0,0.0,,https://www.addictinggames.com/,celebritygames
2801,IO games,merge_drop,0.0,3,addictinggames;agame;pacogames,,,,,,,,,,,,0.0,0.0,0.0,0.0,0.0,0.0,0.0,0.0,0.0,0.0,.io Games / 2048 Games / Classic games / Flash Games / Flash games / HTML5 games / IO Games / Multiplayer Games / Multiplayer games,https://www.addictinggames.com/,games
2802,Clicker games,idle_clicker,0.0,2,addictinggames;pacogames,,,,,,,,,,,,0.0,0.0,0.0,0.0,0.0,0.0,0.0,0.0,0.0,0.0,Clicker Games,https://www.addictinggames.com/,clickergames
2803,Controller Supported games,troll_platformer,0.0,1,addictinggames,,,,,,,,,,,,0.0,0.0,0.0,0.0,0.0,0.0,0.0,0.0,0.0,0.0,,https://www.addictinggames.com/,controllersupportedgames
2804,Cute games,other,0.0,1,addictinggames,,,,,,,,,,,,0.0,0.0,0.0,0.0,0.0,0.0,0.0,0.0,0.0,0.0,,https://www.addictinggames.com/,cutegames
2805,Daily games,other,0.0,1,addictinggames,,,,,,,,,,,,0.0,0.0,0.0,0.0,0.0,0.0,0.0,0.0,0.0,0.0,,https://www.addictinggames.com/,dailygames
2806,Demo games,other,0.0,1,addictinggames,,,,,,,,,,,,0.0,0.0,0.0,0.0,0.0,0.0,0.0,0.0,0.0,0.0,,https://www.addictinggames.com/,demogames
2807,Dress Up games,dress_up_makeover,0.0,3,addictinggames;lagged;pacogames,,,,,,,,,,,,0.0,0.0,0.0,0.0,0.0,0.0,0.0,0.0,0.0,0.0,Dress Up Games,https://www.addictinggames.com/,dressupgames
2808,Easy games,other,0.0,1,addictinggames,,,,,,,,,,,,0.0,0.0,0.0,0.0,0.0,0.0,0.0,0.0,0.0,0.0,,https://www.addictinggames.com/,easygames
2809,Educational games,other,0.0,1,addictinggames,,,,,,,,,,,,0.0,0.0,0.0,0.0,0.0,0.0,0.0,0.0,0.0,0.0,,https://www.addictinggames.com/,educationalgames
2810,Embeddable games,other,0.0,1,addictinggames,,,,,,,,,,,,0.0,0.0,0.0,0.0,0.0,0.0,0.0,0.0,0.0,0.0,,https://www.addictinggames.com/,embeddablegames
2811,Escape games,classic_board_card,0.0,1,addictinggames,,,,,,,,,,,,0.0,0.0,0.0,0.0,0.0,0.0,0.0,0.0,0.0,0.0,,https://www.addictinggames.com/,escapegames
2812,Fighting games,other,0.0,2,addictinggames;pacogames,,,,,,,,,,,,0.0,0.0,0.0,0.0,0.0,0.0,0.0,0.0,0.0,0.0,Fighting Games,https://www.addictinggames.com/,fightinggames
2813,First Person games,precision_platformer,0.0,1,addictinggames,,,,,,,,,,,,0.0,0.0,0.0,0.0,0.0,0.0,0.0,0.0,0.0,0.0,,https://www.addictinggames.com/,firstpersongames
2814,First Person Shooter games,io_arena_shooter,0.0,2,addictinggames;agame,,,,,,,,,,,,0.0,0.0,0.0,0.0,0.0,0.0,0.0,0.0,0.0,0.0,First-Person Shooter Games,https://www.addictinggames.com/,firstpersonshootergames
2815,Flying games,other,0.0,1,addictinggames,,,,,,,,,,,,0.0,0.0,0.0,0.0,0.0,0.0,0.0,0.0,0.0,0.0,,https://www.addictinggames.com/,flyinggames
2816,Free For All games,other,0.0,1,addictinggames,,,,,,,,,,,,0.0,0.0,0.0,0.0,0.0,0.0,0.0,0.0,0.0,0.0,,https://www.addictinggames.com/,forallgames
2817,Gross games,other,0.0,1,addictinggames,,,,,,,,,,,,0.0,0.0,0.0,0.0,0.0,0.0,0.0,0.0,0.0,0.0,,https://www.addictinggames.com/,grossgames
2818,Hard games,other,0.0,1,addictinggames,,,,,,,,,,,,0.0,0.0,0.0,0.0,0.0,0.0,0.0,0.0,0.0,0.0,,https://www.addictinggames.com/,hardgames
2819,High Scores games,other,0.0,1,addictinggames,,,,,,,,,,,,0.0,0.0,0.0,0.0,0.0,0.0,0.0,0.0,0.0,0.0,,https://www.addictinggames.com/,highscoresgames
2820,Idle games,idle_clicker,0.0,1,addictinggames,,,,,,,,,,,,0.0,0.0,0.0,0.0,0.0,0.0,0.0,0.0,0.0,0.0,,https://www.addictinggames.com/,idlegames
2821,Incremental games,idle_clicker,0.0,1,addictinggames,,,,,,,,,,,,0.0,0.0,0.0,0.0,0.0,0.0,0.0,0.0,0.0,0.0,,https://www.addictinggames.com/,incrementalgames
2822,Indie Spotlight games,other,0.0,1,addictinggames,,,,,,,,,,,,0.0,0.0,0.0,0.0,0.0,0.0,0.0,0.0,0.0,0.0,,https://www.addictinggames.com/,indiespotlightgames
2823,Instant games,other,0.0,1,addictinggames,,,,,,,,,,,,0.0,0.0,0.0,0.0,0.0,0.0,0.0,0.0,0.0,0.0,,https://www.addictinggames.com/,instantgames
2824,Jewel games,classic_board_card,0.0,1,addictinggames,,,,,,,,,,,,0.0,0.0,0.0,0.0,0.0,0.0,0.0,0.0,0.0,0.0,,https://www.addictinggames.com/,jewelgames
2825,Mahjong games,classic_board_card,0.0,2,addictinggames;pacogames,,,,,,,,,,,,0.0,0.0,0.0,0.0,0.0,0.0,0.0,0.0,0.0,0.0,Mahjong Games,https://www.addictinggames.com/,mahjonggames
2826,Make Your Own games,precision_platformer,0.0,1,addictinggames,,,,,,,,,,,,0.0,0.0,0.0,0.0,0.0,0.0,0.0,0.0,0.0,0.0,,https://www.addictinggames.com/,makeyourowngames
2827,Match 3 games,classic_board_card,0.0,1,addictinggames,,,,,,,,,,,,0.0,0.0,0.0,0.0,0.0,0.0,0.0,0.0,0.0,0.0,,https://www.addictinggames.com/,match3games
2828,Mobile games,other,0.0,1,addictinggames,,,,,,,,,,,,0.0,0.0,0.0,0.0,0.0,0.0,0.0,0.0,0.0,0.0,,https://www.addictinggames.com/,mobilegames
2829,Motorsports games,other,0.0,1,addictinggames,,,,,,,,,,,,0.0,0.0,0.0,0.0,0.0,0.0,0.0,0.0,0.0,0.0,,https://www.addictinggames.com/,motorsportsgames
2830,Mystery games,other,0.0,1,addictinggames,,,,,,,,,,,,0.0,0.0,0.0,0.0,0.0,0.0,0.0,0.0,0.0,0.0,,https://www.addictinggames.com/,mysterygames
2831,Obstacle games,other,0.0,1,addictinggames,,,,,,,,,,,,0.0,0.0,0.0,0.0,0.0,0.0,0.0,0.0,0.0,0.0,,https://www.addictinggames.com/,obstaclegames
2832,Physics games,other,0.0,1,addictinggames,,,,,,,,,,,,0.0,0.0,0.0,0.0,0.0,0.0,0.0,0.0,0.0,0.0,,https://www.addictinggames.com/,physicsgames
2833,Platform games,other,0.0,1,addictinggames,,,,,,,,,,,,0.0,0.0,0.0,0.0,0.0,0.0,0.0,0.0,0.0,0.0,,https://www.addictinggames.com/,platformgames
2834,Political games,other,0.0,1,addictinggames,,,,,,,,,,,,0.0,0.0,0.0,0.0,0.0,0.0,0.0,0.0,0.0,0.0,,https://www.addictinggames.com/,politicalgames
2835,Racing games,car_stunt_drift,0.0,4,addictinggames;agame;lagged;pacogames,,,,,,,,,,,,0.0,0.0,0.0,0.0,0.0,0.0,0.0,0.0,0.0,0.0,Racing Games,https://www.addictinggames.com/,racinggames
2836,Random games,other,0.0,1,addictinggames,,,,,,,,,,,,0.0,0.0,0.0,0.0,0.0,0.0,0.0,0.0,0.0,0.0,,https://www.addictinggames.com/,randomgames
2837,Roguelite games,other,0.0,1,addictinggames,,,,,,,,,,,,0.0,0.0,0.0,0.0,0.0,0.0,0.0,0.0,0.0,0.0,,https://www.addictinggames.com/,roguelitegames
2838,Runner games,endless_runner,0.0,1,addictinggames,,,,,,,,,,,,0.0,0.0,0.0,0.0,0.0,0.0,0.0,0.0,0.0,0.0,,https://www.addictinggames.com/,runnergames
2839,Scary games,horror_escape,0.0,2,addictinggames;pacogames,,,,,,,,,,,,0.0,0.0,0.0,0.0,0.0,0.0,0.0,0.0,0.0,0.0,Scary Games,https://www.addictinggames.com/,scarygames
2840,Seasonal games,other,0.0,1,addictinggames,,,,,,,,,,,,0.0,0.0,0.0,0.0,0.0,0.0,0.0,0.0,0.0,0.0,,https://www.addictinggames.com/,seasonalgames
2841,Shooter games,io_arena_shooter,0.0,1,addictinggames,,,,,,,,,,,,0.0,0.0,0.0,0.0,0.0,0.0,0.0,0.0,0.0,0.0,,https://www.addictinggames.com/,shootergames
2842,Stacking games,helix_stack_tap,0.0,1,addictinggames,,,,,,,,,,,,0.0,0.0,0.0,0.0,0.0,0.0,0.0,0.0,0.0,0.0,,https://www.addictinggames.com/,stackinggames
2843,Stick Figure games,other,0.0,1,addictinggames,,,,,,,,,,,,0.0,0.0,0.0,0.0,0.0,0.0,0.0,0.0,0.0,0.0,,https://www.addictinggames.com/,stickfiguregames
2844,Strategy games,other,0.0,1,addictinggames,,,,,,,,,,,,0.0,0.0,0.0,0.0,0.0,0.0,0.0,0.0,0.0,0.0,,https://www.addictinggames.com/,strategygames
2845,Survival games,other,0.0,2,addictinggames;pacogames,,,,,,,,,,,,0.0,0.0,0.0,0.0,0.0,0.0,0.0,0.0,0.0,0.0,Survival Games,https://www.addictinggames.com/,survivalgames
2846,Survivorslike games,other,0.0,1,addictinggames,,,,,,,,,,,,0.0,0.0,0.0,0.0,0.0,0.0,0.0,0.0,0.0,0.0,,https://www.addictinggames.com/,survivorslikegames
2847,Tank games,tank_maze_duel,0.0,2,addictinggames;pacogames,,,,,,,,,,,,0.0,0.0,0.0,0.0,0.0,0.0,0.0,0.0,0.0,0.0,Tank Games,https://www.addictinggames.com/,tankgames
2848,Team games,other,0.0,1,addictinggames,,,,,,,,,,,,0.0,0.0,0.0,0.0,0.0,0.0,0.0,0.0,0.0,0.0,,https://www.addictinggames.com/,teamgames
2849,Teens games,other,0.0,1,addictinggames,,,,,,,,,,,,0.0,0.0,0.0,0.0,0.0,0.0,0.0,0.0,0.0,0.0,,https://www.addictinggames.com/,teensgames
2850,Tower Defense games,tower_defense,0.0,2,addictinggames;pacogames,,,,,,,,,,,,0.0,0.0,0.0,0.0,0.0,0.0,0.0,0.0,0.0,0.0,Tower Defense Games,https://www.addictinggames.com/,towerdefensegames
2851,Two-Player games,other,0.0,2,addictinggames;lagged,,,,,,,,,,,,0.0,0.0,0.0,0.0,0.0,0.0,0.0,0.0,0.0,0.0,Two Player Games,https://www.addictinggames.com/,twoplayergames
2852,Tycoon games,precision_platformer,0.0,1,addictinggames,,,,,,,,,,,,0.0,0.0,0.0,0.0,0.0,0.0,0.0,0.0,0.0,0.0,,https://www.addictinggames.com/,tycoongames
2853,War games,other,0.0,1,addictinggames,,,,,,,,,,,,0.0,0.0,0.0,0.0,0.0,0.0,0.0,0.0,0.0,0.0,,https://www.addictinggames.com/,wargames
2854,Word games,classic_board_card,0.0,1,addictinggames,,,,,,,,,,,,0.0,0.0,0.0,0.0,0.0,0.0,0.0,0.0,0.0,0.0,,https://www.addictinggames.com/,wordgames
2855,Nelly Jellies: Cozy Merge,merge_drop,0.0,1,addictinggames,,,,,,,,,,,,0.0,0.0,0.0,0.0,0.0,0.0,0.0,0.0,0.0,0.0,,https://www.addictinggames.com/,nellyjellies
2856,Cute,other,0.0,1,addictinggames,,,,,,,,,,,,0.0,0.0,0.0,0.0,0.0,0.0,0.0,0.0,0.0,0.0,,https://www.addictinggames.com/,cute
2857,High Scores,other,0.0,1,addictinggames,,,,,,,,,,,,0.0,0.0,0.0,0.0,0.0,0.0,0.0,0.0,0.0,0.0,,https://www.addictinggames.com/,highscores
2858,HTML5,other,0.0,1,addictinggames,,,,,,,,,,,,0.0,0.0,0.0,0.0,0.0,0.0,0.0,0.0,0.0,0.0,,https://www.addictinggames.com/,html5
2859,Mobile,other,0.0,1,addictinggames,,,,,,,,,,,,0.0,0.0,0.0,0.0,0.0,0.0,0.0,0.0,0.0,0.0,,https://www.addictinggames.com/,mobile
2860,Physics,other,0.0,1,addictinggames,,,,,,,,,,,,0.0,0.0,0.0,0.0,0.0,0.0,0.0,0.0,0.0,0.0,,https://www.addictinggames.com/,physics
2861,Strategy,other,0.0,2,addictinggames;kizi,,,,,,,,,,,,0.0,0.0,0.0,0.0,0.0,0.0,0.0,0.0,0.0,0.0,,https://www.addictinggames.com/,strategy
2862,Arcade,other,0.0,1,addictinggames,,,,,,,,,,,,0.0,0.0,0.0,0.0,0.0,0.0,0.0,0.0,0.0,0.0,,https://www.addictinggames.com/,arcade
2863,Orbs of Mycenae Demo,other,0.0,1,addictinggames,,,,,,,,,,,,0.0,0.0,0.0,0.0,0.0,0.0,0.0,0.0,0.0,0.0,,https://www.addictinggames.com/,orbsofmycenaedemo
2864,Demo,other,0.0,1,addictinggames,,,,,,,,,,,,0.0,0.0,0.0,0.0,0.0,0.0,0.0,0.0,0.0,0.0,,https://www.addictinggames.com/,demo
2865,Mobu Demo,other,0.0,1,addictinggames,,,,,,,,,,,,0.0,0.0,0.0,0.0,0.0,0.0,0.0,0.0,0.0,0.0,,https://www.addictinggames.com/,mobudemo
2866,Controller Supported,troll_platformer,0.0,1,addictinggames,,,,,,,,,,,,0.0,0.0,0.0,0.0,0.0,0.0,0.0,0.0,0.0,0.0,,https://www.addictinggames.com/,controllersupported
2867,Roguelite,other,0.0,1,addictinggames,,,,,,,,,,,,0.0,0.0,0.0,0.0,0.0,0.0,0.0,0.0,0.0,0.0,,https://www.addictinggames.com/,roguelite
2868,Shooter,io_arena_shooter,0.0,1,addictinggames,,,,,,,,,,,,0.0,0.0,0.0,0.0,0.0,0.0,0.0,0.0,0.0,0.0,,https://www.addictinggames.com/,shooter
2869,Avoider,other,0.0,1,addictinggames,,,,,,,,,,,,0.0,0.0,0.0,0.0,0.0,0.0,0.0,0.0,0.0,0.0,,https://www.addictinggames.com/,avoider
2870,iogames.space,other,0.0,1,iogames.space,,,,,,,,,,,,0.0,0.0,0.0,0.0,0.0,0.0,0.0,0.0,0.0,0.0,,https://iogames.space/,iogamesspace
2871,Pop Safari,other,0.0,1,iogames.space,,,,,,,,,,,,0.0,0.0,0.0,0.0,0.0,0.0,0.0,0.0,0.0,0.0,,https://iogames.space/,popsafari
2872,Turret Tumblers!,other,0.0,1,iogames.space,,,,,,,,,,,,0.0,0.0,0.0,0.0,0.0,0.0,0.0,0.0,0.0,0.0,,https://iogames.space/,turrettumblers
2873,Bubble Shoot Merge Box 2048,merge_drop,0.0,1,iogames.space,,,,,,,,,,,,0.0,0.0,0.0,0.0,0.0,0.0,0.0,0.0,0.0,0.0,,https://iogames.space/,bubbleshootmergebox
2874,Wasted Lands,other,0.0,1,iogames.space,,,,,,,,,,,,0.0,0.0,0.0,0.0,0.0,0.0,0.0,0.0,0.0,0.0,,https://iogames.space/,wastedlands
2875,Salmonz.io,io_eat_grow,0.0,1,iogames.space,,,,,,,,,,,,0.0,0.0,0.0,0.0,0.0,0.0,0.0,0.0,0.0,0.0,,https://iogames.space/,salmonz
2876,Strike Tactics,other,0.0,1,iogames.space,,,,,,,,,,,,0.0,0.0,0.0,0.0,0.0,0.0,0.0,0.0,0.0,0.0,,https://iogames.space/,striketactics
2877,LittleBigSnake.io,io_eat_grow,0.0,1,iogames.space,,,,,,,,,,,,0.0,0.0,0.0,0.0,0.0,0.0,0.0,0.0,0.0,0.0,,https://iogames.space/,littlebigsnake
2878,Cocky.io,other,0.0,1,iogames.space,,,,,,,,,,,,0.0,0.0,0.0,0.0,0.0,0.0,0.0,0.0,0.0,0.0,,https://iogames.space/,cocky
2879,Crash Gambling Sites,other,0.0,1,iogames.space,,,,,,,,,,,,0.0,0.0,0.0,0.0,0.0,0.0,0.0,0.0,0.0,0.0,,https://iogames.space/,crashgamblingsites
2880,Mega Moolah,other,0.0,1,iogames.space,,,,,,,,,,,,0.0,0.0,0.0,0.0,0.0,0.0,0.0,0.0,0.0,0.0,,https://iogames.space/,megamoolah
2881,A Night With Cleo,other,0.0,1,iogames.space,,,,,,,,,,,,0.0,0.0,0.0,0.0,0.0,0.0,0.0,0.0,0.0,0.0,,https://iogames.space/,anightwithcleo
2882,Cash Bandits 3,other,0.0,1,iogames.space,,,,,,,,,,,,0.0,0.0,0.0,0.0,0.0,0.0,0.0,0.0,0.0,0.0,,https://iogames.space/,cashbandits
2883,Immortal Romance,other,0.0,1,iogames.space,,,,,,,,,,,,0.0,0.0,0.0,0.0,0.0,0.0,0.0,0.0,0.0,0.0,,https://iogames.space/,immortalromance
2884,Starburst,other,0.0,1,iogames.space,,,,,,,,,,,,0.0,0.0,0.0,0.0,0.0,0.0,0.0,0.0,0.0,0.0,,https://iogames.space/,starburst
2885,1001games.com,other,0.0,1,1001games,,,,,,,,,,,,0.0,0.0,0.0,0.0,0.0,0.0,0.0,0.0,0.0,0.0,,https://www.1001games.com/,1001gamescom
2886,<%= item.title %>,other,0.0,1,1001games,,,,,,,,,,,,0.0,0.0,0.0,0.0,0.0,0.0,0.0,0.0,0.0,0.0,,https://www.1001games.com/,itemtitle
2887,Top Games,other,0.0,1,kizi,,,,,,,,,,,,0.0,0.0,0.0,0.0,0.0,0.0,0.0,0.0,0.0,0.0,,https://kizi.com/,topgames
2888,Favorite Games,other,0.0,1,kizi,,,,,,,,,,,,0.0,0.0,0.0,0.0,0.0,0.0,0.0,0.0,0.0,0.0,,https://kizi.com/,favoritegames
2889,PC Games,other,0.0,1,kizi,,,,,,,,,,,,0.0,0.0,0.0,0.0,0.0,0.0,0.0,0.0,0.0,0.0,,https://kizi.com/,pcgames
2890,Puzzle,other,0.0,1,kizi,,,,,,,,,,,,0.0,0.0,0.0,0.0,0.0,0.0,0.0,0.0,0.0,0.0,,https://kizi.com/,puzzle
2891,Girls,other,0.0,1,kizi,,,,,,,,,,,,0.0,0.0,0.0,0.0,0.0,0.0,0.0,0.0,0.0,0.0,,https://kizi.com/,girls
2892,Action,other,0.0,1,kizi,,,,,,,,,,,,0.0,0.0,0.0,0.0,0.0,0.0,0.0,0.0,0.0,0.0,,https://kizi.com/,action
2893,Dress Up,dress_up_makeover,0.0,1,kizi,,,,,,,,,,,,0.0,0.0,0.0,0.0,0.0,0.0,0.0,0.0,0.0,0.0,,https://kizi.com/,dressup
2894,2 Player,other,0.0,1,kizi,,,,,,,,,,,,0.0,0.0,0.0,0.0,0.0,0.0,0.0,0.0,0.0,0.0,,https://kizi.com/,2player
2895,Gun,other,0.0,1,kizi,,,,,,,,,,,,0.0,0.0,0.0,0.0,0.0,0.0,0.0,0.0,0.0,0.0,,https://kizi.com/,gun
2896,Airplane,other,0.0,1,kizi,,,,,,,,,,,,0.0,0.0,0.0,0.0,0.0,0.0,0.0,0.0,0.0,0.0,,https://kizi.com/,airplane
2897,Kids,other,0.0,1,kizi,,,,,,,,,,,,0.0,0.0,0.0,0.0,0.0,0.0,0.0,0.0,0.0,0.0,,https://kizi.com/,kids
2898,Skill,other,0.0,1,kizi,,,,,,,,,,,,0.0,0.0,0.0,0.0,0.0,0.0,0.0,0.0,0.0,0.0,,https://kizi.com/,skill
2899,Snail Bob,classic_board_card,0.0,2,kizi;pacogames,,,,,,,,,,,,0.0,0.0,0.0,0.0,0.0,0.0,0.0,0.0,0.0,0.0,Snail Bob 1: Finding Home,https://kizi.com/,snailbob
2900,Make Over,other,0.0,1,kizi,,,,,,,,,,,,0.0,0.0,0.0,0.0,0.0,0.0,0.0,0.0,0.0,0.0,,https://kizi.com/,makeover
2901,Car,other,0.0,1,kizi,,,,,,,,,,,,0.0,0.0,0.0,0.0,0.0,0.0,0.0,0.0,0.0,0.0,,https://kizi.com/,car
2902,Multiplayer,other,0.0,1,kizi,,,,,,,,,,,,0.0,0.0,0.0,0.0,0.0,0.0,0.0,0.0,0.0,0.0,,https://kizi.com/,multiplayer
2903,Parking,parking_traffic_puzzle,0.0,1,kizi,,,,,,,,,,,,0.0,0.0,0.0,0.0,0.0,0.0,0.0,0.0,0.0,0.0,,https://kizi.com/,parking
2904,Dynamons,other,0.0,1,kizi,,,,,,,,,,,,0.0,0.0,0.0,0.0,0.0,0.0,0.0,0.0,0.0,0.0,Dynamons 5,https://kizi.com/,dynamons
2905,Fireboy and Watergirl,coop_duo_puzzle,0.0,4,kizi;lagged;miniplay;twoplayergames,,,,,,,,,,,,0.0,0.0,0.0,0.0,0.0,0.0,0.0,0.0,0.0,0.0,FireBoy and WaterGirl: The Forest Temple / Fireboy and Watergirl 1 - The Forest Temple / Fireboy and Watergirl 2 - The Light Temple / Fireboy and Watergirl 3 - ,https://kizi.com/,fireboyandwatergirl
2906,Bomb It,bomberman,0.0,2,agame;kizi,,,,,,,,,,,,0.0,0.0,0.0,0.0,0.0,0.0,0.0,0.0,0.0,0.0,Bomb It 6 / Bomb It 7,https://kizi.com/,bombit
2907,Adventure,other,0.0,1,kizi,,,,,,,,,,,,0.0,0.0,0.0,0.0,0.0,0.0,0.0,0.0,0.0,0.0,,https://kizi.com/,adventure
2908,Ball,other,0.0,1,kizi,,,,,,,,,,,,0.0,0.0,0.0,0.0,0.0,0.0,0.0,0.0,0.0,0.0,,https://kizi.com/,ball
2909,Shooting,other,0.0,1,kizi,,,,,,,,,,,,0.0,0.0,0.0,0.0,0.0,0.0,0.0,0.0,0.0,0.0,,https://kizi.com/,shooting
2910,Driving,other,0.0,1,kizi,,,,,,,,,,,,0.0,0.0,0.0,0.0,0.0,0.0,0.0,0.0,0.0,0.0,,https://kizi.com/,driving
2911,Cooking,time_mgmt_cooking,0.0,1,kizi,,,,,,,,,,,,0.0,0.0,0.0,0.0,0.0,0.0,0.0,0.0,0.0,0.0,,https://kizi.com/,cooking
2912,Bike,other,0.0,1,kizi,,,,,,,,,,,,0.0,0.0,0.0,0.0,0.0,0.0,0.0,0.0,0.0,0.0,,https://kizi.com/,bike
2913,Food,other,0.0,1,kizi,,,,,,,,,,,,0.0,0.0,0.0,0.0,0.0,0.0,0.0,0.0,0.0,0.0,,https://kizi.com/,food
2914,3 Pandas,coop_duo_puzzle,0.0,1,kizi,,,,,,,,,,,,0.0,0.0,0.0,0.0,0.0,0.0,0.0,0.0,0.0,0.0,,https://kizi.com/,3pandas
2915,Fighting,other,0.0,1,kizi,,,,,,,,,,,,0.0,0.0,0.0,0.0,0.0,0.0,0.0,0.0,0.0,0.0,,https://kizi.com/,fighting
2916,Kizi The Alien,other,0.0,1,kizi,,,,,,,,,,,,0.0,0.0,0.0,0.0,0.0,0.0,0.0,0.0,0.0,0.0,,https://kizi.com/,kizithealien
2917,Motorcycle,other,0.0,1,kizi,,,,,,,,,,,,0.0,0.0,0.0,0.0,0.0,0.0,0.0,0.0,0.0,0.0,,https://kizi.com/,motorcycle
2918,Management,other,0.0,1,kizi,,,,,,,,,,,,0.0,0.0,0.0,0.0,0.0,0.0,0.0,0.0,0.0,0.0,,https://kizi.com/,management
2919,Papa Louie,time_mgmt_cooking,0.0,1,kizi,,,,,,,,,,,,0.0,0.0,0.0,0.0,0.0,0.0,0.0,0.0,0.0,0.0,,https://kizi.com/,papalouie
2920,Animal,other,0.0,1,kizi,,,,,,,,,,,,0.0,0.0,0.0,0.0,0.0,0.0,0.0,0.0,0.0,0.0,,https://kizi.com/,animal
2921,Simulation,other,0.0,1,kizi,,,,,,,,,,,,0.0,0.0,0.0,0.0,0.0,0.0,0.0,0.0,0.0,0.0,,https://kizi.com/,simulation
2922,Running,other,0.0,1,kizi,,,,,,,,,,,,0.0,0.0,0.0,0.0,0.0,0.0,0.0,0.0,0.0,0.0,,https://kizi.com/,running
2923,Football,other,0.0,1,kizi,,,,,,,,,,,,0.0,0.0,0.0,0.0,0.0,0.0,0.0,0.0,0.0,0.0,,https://kizi.com/,football
2924,Sports,other,0.0,1,kizi,,,,,,,,,,,,0.0,0.0,0.0,0.0,0.0,0.0,0.0,0.0,0.0,0.0,,https://kizi.com/,sports
2925,Barbie,other,0.0,1,kizi,,,,,,,,,,,,0.0,0.0,0.0,0.0,0.0,0.0,0.0,0.0,0.0,0.0,,https://kizi.com/,barbie
2926,Skateboard,other,0.0,1,kizi,,,,,,,,,,,,0.0,0.0,0.0,0.0,0.0,0.0,0.0,0.0,0.0,0.0,,https://kizi.com/,skateboard
2927,Zombie,other,0.0,1,kizi,,,,,,,,,,,,0.0,0.0,0.0,0.0,0.0,0.0,0.0,0.0,0.0,0.0,,https://kizi.com/,zombie
2928,Money Movers,coop_duo_puzzle,0.0,1,kizi,,,,,,,,,,,,0.0,0.0,0.0,0.0,0.0,0.0,0.0,0.0,0.0,0.0,Money Movers 1 / Money Movers 2 / Money Movers 3,https://kizi.com/,moneymovers
2929,Truck,other,0.0,1,kizi,,,,,,,,,,,,0.0,0.0,0.0,0.0,0.0,0.0,0.0,0.0,0.0,0.0,,https://kizi.com/,truck
2930,Halloween,other,0.0,1,kizi,,,,,,,,,,,,0.0,0.0,0.0,0.0,0.0,0.0,0.0,0.0,0.0,0.0,,https://kizi.com/,halloween
2931,War,other,0.0,1,kizi,,,,,,,,,,,,0.0,0.0,0.0,0.0,0.0,0.0,0.0,0.0,0.0,0.0,,https://kizi.com/,war
2932,Coloring,draw_guess_party,0.0,1,kizi,,,,,,,,,,,,0.0,0.0,0.0,0.0,0.0,0.0,0.0,0.0,0.0,0.0,Coloring: Mosaic By Symbols,https://kizi.com/,coloring
2933,Fishing,fishing_timing,0.0,1,kizi,,,,,,,,,,,,0.0,0.0,0.0,0.0,0.0,0.0,0.0,0.0,0.0,0.0,,https://kizi.com/,fishing
2934,Christmas,other,0.0,1,kizi,,,,,,,,,,,,0.0,0.0,0.0,0.0,0.0,0.0,0.0,0.0,0.0,0.0,,https://kizi.com/,christmas
2935,Cat,other,0.0,1,kizi,,,,,,,,,,,,0.0,0.0,0.0,0.0,0.0,0.0,0.0,0.0,0.0,0.0,,https://kizi.com/,cat
2936,Alien,other,0.0,1,kizi,,,,,,,,,,,,0.0,0.0,0.0,0.0,0.0,0.0,0.0,0.0,0.0,0.0,,https://kizi.com/,alien
2937,Shark,other,0.0,1,kizi,,,,,,,,,,,,0.0,0.0,0.0,0.0,0.0,0.0,0.0,0.0,0.0,0.0,,https://kizi.com/,shark
2938,Baby,other,0.0,1,kizi,,,,,,,,,,,,0.0,0.0,0.0,0.0,0.0,0.0,0.0,0.0,0.0,0.0,,https://kizi.com/,baby
2939,Princess Juliet,other,0.0,1,kizi,,,,,,,,,,,,0.0,0.0,0.0,0.0,0.0,0.0,0.0,0.0,0.0,0.0,,https://kizi.com/,princessjuliet
2940,Monster,other,0.0,1,kizi,,,,,,,,,,,,0.0,0.0,0.0,0.0,0.0,0.0,0.0,0.0,0.0,0.0,,https://kizi.com/,monster
2941,Horror,horror_escape,0.0,1,kizi,,,,,,,,,,,,0.0,0.0,0.0,0.0,0.0,0.0,0.0,0.0,0.0,0.0,,https://kizi.com/,horror
2942,Basketball,other,0.0,1,kizi,,,,,,,,,,,,0.0,0.0,0.0,0.0,0.0,0.0,0.0,0.0,0.0,0.0,,https://kizi.com/,basketball
2943,Building,other,0.0,1,kizi,,,,,,,,,,,,0.0,0.0,0.0,0.0,0.0,0.0,0.0,0.0,0.0,0.0,,https://kizi.com/,building
2944,Love Test,other,0.0,1,kizi,,,,,,,,,,,,0.0,0.0,0.0,0.0,0.0,0.0,0.0,0.0,0.0,0.0,,https://kizi.com/,lovetest
2945,Hunting,other,0.0,1,kizi,,,,,,,,,,,,0.0,0.0,0.0,0.0,0.0,0.0,0.0,0.0,0.0,0.0,,https://kizi.com/,hunting
2946,Dirt Bike,bike_trials,0.0,1,kizi,,,,,,,,,,,,0.0,0.0,0.0,0.0,0.0,0.0,0.0,0.0,0.0,0.0,,https://kizi.com/,dirtbike
2947,Word,classic_board_card,0.0,1,kizi,,,,,,,,,,,,0.0,0.0,0.0,0.0,0.0,0.0,0.0,0.0,0.0,0.0,,https://kizi.com/,word
2948,Card,other,0.0,1,kizi,,,,,,,,,,,,0.0,0.0,0.0,0.0,0.0,0.0,0.0,0.0,0.0,0.0,,https://kizi.com/,card
2949,Army,other,0.0,1,kizi,,,,,,,,,,,,0.0,0.0,0.0,0.0,0.0,0.0,0.0,0.0,0.0,0.0,,https://kizi.com/,army
2950,Math,other,0.0,1,kizi,,,,,,,,,,,,0.0,0.0,0.0,0.0,0.0,0.0,0.0,0.0,0.0,0.0,,https://kizi.com/,math
2951,Board,other,0.0,1,kizi,,,,,,,,,,,,0.0,0.0,0.0,0.0,0.0,0.0,0.0,0.0,0.0,0.0,,https://kizi.com/,board
2952,Golf,mini_golf,0.0,1,kizi,,,,,,,,,,,,0.0,0.0,0.0,0.0,0.0,0.0,0.0,0.0,0.0,0.0,,https://kizi.com/,golf
2953,Dog,other,0.0,1,kizi,,,,,,,,,,,,0.0,0.0,0.0,0.0,0.0,0.0,0.0,0.0,0.0,0.0,,https://kizi.com/,dog
2954,Scary,horror_escape,0.0,1,kizi,,,,,,,,,,,,0.0,0.0,0.0,0.0,0.0,0.0,0.0,0.0,0.0,0.0,,https://kizi.com/,scary
2955,Boxing,other,0.0,1,kizi,,,,,,,,,,,,0.0,0.0,0.0,0.0,0.0,0.0,0.0,0.0,0.0,0.0,,https://kizi.com/,boxing
2956,Bejeweled,classic_board_card,0.0,1,kizi,,,,,,,,,,,,0.0,0.0,0.0,0.0,0.0,0.0,0.0,0.0,0.0,0.0,,https://kizi.com/,bejeweled
2957,American Football,other,0.0,1,kizi,,,,,,,,,,,,0.0,0.0,0.0,0.0,0.0,0.0,0.0,0.0,0.0,0.0,,https://kizi.com/,americanfootball
2958,Papa,other,0.0,1,kizi,,,,,,,,,,,,0.0,0.0,0.0,0.0,0.0,0.0,0.0,0.0,0.0,0.0,,https://kizi.com/,papa
2959,Horse,other,0.0,1,kizi,,,,,,,,,,,,0.0,0.0,0.0,0.0,0.0,0.0,0.0,0.0,0.0,0.0,,https://kizi.com/,horse
2960,Drawing,other,0.0,1,kizi,,,,,,,,,,,,0.0,0.0,0.0,0.0,0.0,0.0,0.0,0.0,0.0,0.0,,https://kizi.com/,drawing
2961,Social,other,0.0,1,kizi,,,,,,,,,,,,0.0,0.0,0.0,0.0,0.0,0.0,0.0,0.0,0.0,0.0,,https://kizi.com/,social
2962,Monster Truck,other,0.0,1,kizi,,,,,,,,,,,,0.0,0.0,0.0,0.0,0.0,0.0,0.0,0.0,0.0,0.0,,https://kizi.com/,monstertruck
2963,Typing,other,0.0,1,kizi,,,,,,,,,,,,0.0,0.0,0.0,0.0,0.0,0.0,0.0,0.0,0.0,0.0,,https://kizi.com/,typing
2964,Pool,pool_billiards,0.0,1,kizi,,,,,,,,,,,,0.0,0.0,0.0,0.0,0.0,0.0,0.0,0.0,0.0,0.0,,https://kizi.com/,pool
2965,Police,other,0.0,1,kizi,,,,,,,,,,,,0.0,0.0,0.0,0.0,0.0,0.0,0.0,0.0,0.0,0.0,,https://kizi.com/,police
2966,Fancy Pants,other,0.0,1,kizi,,,,,,,,,,,,0.0,0.0,0.0,0.0,0.0,0.0,0.0,0.0,0.0,0.0,,https://kizi.com/,fancypants
2967,Strikeforce Kitty,other,0.0,1,kizi,,,,,,,,,,,,0.0,0.0,0.0,0.0,0.0,0.0,0.0,0.0,0.0,0.0,,https://kizi.com/,strikeforcekitty
2968,Search,other,0.0,1,kizi,,,,,,,,,,,,0.0,0.0,0.0,0.0,0.0,0.0,0.0,0.0,0.0,0.0,,https://kizi.com/,search
2969,Login / Signup,other,0.0,1,kizi,,,,,,,,,,,,0.0,0.0,0.0,0.0,0.0,0.0,0.0,0.0,0.0,0.0,,https://kizi.com/,loginsignup
2970,Flip Duel,physics_random_duel,0.0,3,agame;kizi;twoplayergames,,,,,,,,,,,,0.0,0.0,0.0,0.0,0.0,0.0,0.0,0.0,0.0,0.0,,https://kizi.com/,flipduel
2971,Train Station 2,other,0.0,2,agame;kizi,,,,,,,,,,,,0.0,0.0,0.0,0.0,0.0,0.0,0.0,0.0,0.0,0.0,,https://kizi.com/,trainstation
2972,Source of Flip Duel Game Image,physics_random_duel,0.0,1,kizi,,,,,,,,,,,,0.0,0.0,0.0,0.0,0.0,0.0,0.0,0.0,0.0,0.0,,https://kizi.com/,sourceofflipduelimage
2973,Source of Fireboy and Watergirl 7: and Friends Game Image,coop_duo_puzzle,0.0,1,kizi,,,,,,,,,,,,0.0,0.0,0.0,0.0,0.0,0.0,0.0,0.0,0.0,0.0,,https://kizi.com/,sourceoffireboyandwatergirl
2974,Source of Train Station 2 Game Image,other,0.0,1,kizi,,,,,,,,,,,,0.0,0.0,0.0,0.0,0.0,0.0,0.0,0.0,0.0,0.0,,https://kizi.com/,sourceoftrainstation2image
2975,Adam & Eve 7,other,0.0,1,kizi,,,,,,,,,,,,0.0,0.0,0.0,0.0,0.0,0.0,0.0,0.0,0.0,0.0,,https://kizi.com/,adameve
2976,460 Plays,other,0.0,1,kizi,,,,,,,,,,,,0.0,0.0,0.0,0.0,0.0,0.0,0.0,0.0,0.0,0.0,,https://kizi.com/,460plays
2977,Cursed Gift,other,0.0,1,kizi,,,,,,,,,,,,0.0,0.0,0.0,0.0,0.0,0.0,0.0,0.0,0.0,0.0,,https://kizi.com/,cursedgift
2978,289 Plays,other,0.0,1,kizi,,,,,,,,,,,,0.0,0.0,0.0,0.0,0.0,0.0,0.0,0.0,0.0,0.0,,https://kizi.com/,289plays
2979,478 Plays,other,0.0,1,kizi,,,,,,,,,,,,0.0,0.0,0.0,0.0,0.0,0.0,0.0,0.0,0.0,0.0,,https://kizi.com/,478plays
2980,K-Pop Halloween Dress Up,dress_up_makeover,0.0,1,kizi,,,,,,,,,,,,0.0,0.0,0.0,0.0,0.0,0.0,0.0,0.0,0.0,0.0,,https://kizi.com/,kpophalloweendressup
2981,416 Plays,other,0.0,1,kizi,,,,,,,,,,,,0.0,0.0,0.0,0.0,0.0,0.0,0.0,0.0,0.0,0.0,,https://kizi.com/,416plays
2982,Farm Blast 2,other,0.0,1,kizi,,,,,,,,,,,,0.0,0.0,0.0,0.0,0.0,0.0,0.0,0.0,0.0,0.0,,https://kizi.com/,farmblast
2983,434 Plays,other,0.0,1,kizi,,,,,,,,,,,,0.0,0.0,0.0,0.0,0.0,0.0,0.0,0.0,0.0,0.0,,https://kizi.com/,434plays
2984,ZipZap,other,0.0,1,kizi,,,,,,,,,,,,0.0,0.0,0.0,0.0,0.0,0.0,0.0,0.0,0.0,0.0,,https://kizi.com/,zipzap
2985,602 Plays,other,0.0,1,kizi,,,,,,,,,,,,0.0,0.0,0.0,0.0,0.0,0.0,0.0,0.0,0.0,0.0,,https://kizi.com/,602plays
2986,Heist Crew,stealth_heist,0.0,1,kizi,,,,,,,,,,,,0.0,0.0,0.0,0.0,0.0,0.0,0.0,0.0,0.0,0.0,,https://kizi.com/,heistcrew
2987,738 Plays,other,0.0,1,kizi,,,,,,,,,,,,0.0,0.0,0.0,0.0,0.0,0.0,0.0,0.0,0.0,0.0,,https://kizi.com/,738plays
2988,Ninja Platformer Rage,troll_platformer,0.0,1,kizi,,,,,,,,,,,,0.0,0.0,0.0,0.0,0.0,0.0,0.0,0.0,0.0,0.0,,https://kizi.com/,ninjaplatformerrage
2989,390 Plays,other,0.0,1,kizi,,,,,,,,,,,,0.0,0.0,0.0,0.0,0.0,0.0,0.0,0.0,0.0,0.0,,https://kizi.com/,390plays
2990,Jewels Blitz 7,classic_board_card,0.0,1,kizi,,,,,,,,,,,,0.0,0.0,0.0,0.0,0.0,0.0,0.0,0.0,0.0,0.0,Jewels Blitz 3,https://kizi.com/,jewelsblitz
2991,1549 Plays,other,0.0,1,kizi,,,,,,,,,,,,0.0,0.0,0.0,0.0,0.0,0.0,0.0,0.0,0.0,0.0,,https://kizi.com/,1549plays
2992,Movie Night Glam Dress Up,dress_up_makeover,0.0,1,kizi,,,,,,,,,,,,0.0,0.0,0.0,0.0,0.0,0.0,0.0,0.0,0.0,0.0,,https://kizi.com/,movienightglamdressup
2993,913 Plays,other,0.0,1,kizi,,,,,,,,,,,,0.0,0.0,0.0,0.0,0.0,0.0,0.0,0.0,0.0,0.0,,https://kizi.com/,913plays
2994,Spooky Block Blast,merge_drop,0.0,1,kizi,,,,,,,,,,,,0.0,0.0,0.0,0.0,0.0,0.0,0.0,0.0,0.0,0.0,,https://kizi.com/,spookyblockblast
2995,960 Plays,other,0.0,1,kizi,,,,,,,,,,,,0.0,0.0,0.0,0.0,0.0,0.0,0.0,0.0,0.0,0.0,,https://kizi.com/,960plays
2996,Bubble Shooter Fruits,io_arena_shooter,0.0,1,kizi,,,,,,,,,,,,0.0,0.0,0.0,0.0,0.0,0.0,0.0,0.0,0.0,0.0,,https://kizi.com/,bubbleshooterfruits
2997,530 Plays,other,0.0,1,kizi,,,,,,,,,,,,0.0,0.0,0.0,0.0,0.0,0.0,0.0,0.0,0.0,0.0,,https://kizi.com/,530plays
2998,Farm Triple Match 2,other,0.0,2,agame;kizi,,,,,,,,,,,,0.0,0.0,0.0,0.0,0.0,0.0,0.0,0.0,0.0,0.0,,https://kizi.com/,farmtriplematch
2999,1358 Plays,other,0.0,1,kizi,,,,,,,,,,,,0.0,0.0,0.0,0.0,0.0,0.0,0.0,0.0,0.0,0.0,,https://kizi.com/,1358plays
3000,Sea Survivor,other,0.0,1,kizi,,,,,,,,,,,,0.0,0.0,0.0,0.0,0.0,0.0,0.0,0.0,0.0,0.0,,https://kizi.com/,seasurvivor
3001,727 Plays,other,0.0,1,kizi,,,,,,,,,,,,0.0,0.0,0.0,0.0,0.0,0.0,0.0,0.0,0.0,0.0,,https://kizi.com/,727plays
3002,Pharaoh Runner: Ancient Escape,endless_runner,0.0,1,kizi,,,,,,,,,,,,0.0,0.0,0.0,0.0,0.0,0.0,0.0,0.0,0.0,0.0,,https://kizi.com/,pharaohrunner
3003,1366 Plays,other,0.0,1,kizi,,,,,,,,,,,,0.0,0.0,0.0,0.0,0.0,0.0,0.0,0.0,0.0,0.0,,https://kizi.com/,1366plays
3004,Galaxy Tank Battle,tank_maze_duel,0.0,1,kizi,,,,,,,,,,,,0.0,0.0,0.0,0.0,0.0,0.0,0.0,0.0,0.0,0.0,,https://kizi.com/,galaxytankbattle
3005,2241 Plays,other,0.0,1,kizi,,,,,,,,,,,,0.0,0.0,0.0,0.0,0.0,0.0,0.0,0.0,0.0,0.0,,https://kizi.com/,2241plays
3006,826 Plays,other,0.0,1,kizi,,,,,,,,,,,,0.0,0.0,0.0,0.0,0.0,0.0,0.0,0.0,0.0,0.0,,https://kizi.com/,826plays
3007,Lumen Ruin Runner,endless_runner,0.0,1,kizi,,,,,,,,,,,,0.0,0.0,0.0,0.0,0.0,0.0,0.0,0.0,0.0,0.0,,https://kizi.com/,lumenruinrunner
3008,987 Plays,other,0.0,1,kizi,,,,,,,,,,,,0.0,0.0,0.0,0.0,0.0,0.0,0.0,0.0,0.0,0.0,,https://kizi.com/,987plays
3009,Scraps!,other,0.0,1,kizi,,,,,,,,,,,,0.0,0.0,0.0,0.0,0.0,0.0,0.0,0.0,0.0,0.0,,https://kizi.com/,scraps
3010,2119 Plays,other,0.0,1,kizi,,,,,,,,,,,,0.0,0.0,0.0,0.0,0.0,0.0,0.0,0.0,0.0,0.0,,https://kizi.com/,2119plays
3011,Void Tapper Clicker,idle_clicker,0.0,1,kizi,,,,,,,,,,,,0.0,0.0,0.0,0.0,0.0,0.0,0.0,0.0,0.0,0.0,,https://kizi.com/,voidtapperclicker
3012,1517 Plays,other,0.0,1,kizi,,,,,,,,,,,,0.0,0.0,0.0,0.0,0.0,0.0,0.0,0.0,0.0,0.0,,https://kizi.com/,1517plays
3013,Supermarket Management Simulator,time_mgmt_cooking,0.0,1,kizi,,,,,,,,,,,,0.0,0.0,0.0,0.0,0.0,0.0,0.0,0.0,0.0,0.0,,https://kizi.com/,supermarketmanagementsimulator
3014,1935 Plays,other,0.0,1,kizi,,,,,,,,,,,,0.0,0.0,0.0,0.0,0.0,0.0,0.0,0.0,0.0,0.0,,https://kizi.com/,1935plays
3015,Hotpot Loop Sort,merge_drop,0.0,1,kizi,,,,,,,,,,,,0.0,0.0,0.0,0.0,0.0,0.0,0.0,0.0,0.0,0.0,,https://kizi.com/,hotpotloopsort
3016,2151 Plays,other,0.0,1,kizi,,,,,,,,,,,,0.0,0.0,0.0,0.0,0.0,0.0,0.0,0.0,0.0,0.0,,https://kizi.com/,2151plays
3017,Chainline,other,0.0,1,kizi,,,,,,,,,,,,0.0,0.0,0.0,0.0,0.0,0.0,0.0,0.0,0.0,0.0,,https://kizi.com/,chainline
3018,2792 Plays,other,0.0,1,kizi,,,,,,,,,,,,0.0,0.0,0.0,0.0,0.0,0.0,0.0,0.0,0.0,0.0,,https://kizi.com/,2792plays
3019,Needle in a Haystack,helix_stack_tap,0.0,1,kizi,,,,,,,,,,,,0.0,0.0,0.0,0.0,0.0,0.0,0.0,0.0,0.0,0.0,,https://kizi.com/,needleinahaystack
3020,1826 Plays,other,0.0,1,kizi,,,,,,,,,,,,0.0,0.0,0.0,0.0,0.0,0.0,0.0,0.0,0.0,0.0,,https://kizi.com/,1826plays
3021,Goose Rescue: Screw Sort,merge_drop,0.0,1,kizi,,,,,,,,,,,,0.0,0.0,0.0,0.0,0.0,0.0,0.0,0.0,0.0,0.0,,https://kizi.com/,gooserescue
3022,3698 Plays,other,0.0,1,kizi,,,,,,,,,,,,0.0,0.0,0.0,0.0,0.0,0.0,0.0,0.0,0.0,0.0,,https://kizi.com/,3698plays
3023,3D Supermarket Tycoon,time_mgmt_cooking,0.0,1,kizi,,,,,,,,,,,,0.0,0.0,0.0,0.0,0.0,0.0,0.0,0.0,0.0,0.0,,https://kizi.com/,3dsupermarkettycoon
3024,1205 Plays,other,0.0,1,kizi,,,,,,,,,,,,0.0,0.0,0.0,0.0,0.0,0.0,0.0,0.0,0.0,0.0,,https://kizi.com/,1205plays
3025,Bubble Rush 2,other,0.0,1,kizi,,,,,,,,,,,,0.0,0.0,0.0,0.0,0.0,0.0,0.0,0.0,0.0,0.0,,https://kizi.com/,bubblerush
3026,2805 Plays,other,0.0,1,kizi,,,,,,,,,,,,0.0,0.0,0.0,0.0,0.0,0.0,0.0,0.0,0.0,0.0,,https://kizi.com/,2805plays
3027,Landing Hero,other,0.0,1,kizi,,,,,,,,,,,,0.0,0.0,0.0,0.0,0.0,0.0,0.0,0.0,0.0,0.0,,https://kizi.com/,landinghero
3028,3785 Plays,other,0.0,1,kizi,,,,,,,,,,,,0.0,0.0,0.0,0.0,0.0,0.0,0.0,0.0,0.0,0.0,,https://kizi.com/,3785plays
3029,Bestie Sleepover Party,dress_up_makeover,0.0,1,kizi,,,,,,,,,,,,0.0,0.0,0.0,0.0,0.0,0.0,0.0,0.0,0.0,0.0,,https://kizi.com/,bestiesleepoverparty
3030,1778 Plays,other,0.0,1,kizi,,,,,,,,,,,,0.0,0.0,0.0,0.0,0.0,0.0,0.0,0.0,0.0,0.0,,https://kizi.com/,1778plays
3031,3659 Plays,other,0.0,1,kizi,,,,,,,,,,,,0.0,0.0,0.0,0.0,0.0,0.0,0.0,0.0,0.0,0.0,,https://kizi.com/,3659plays
3032,Sweep Maze,other,0.0,1,kizi,,,,,,,,,,,,0.0,0.0,0.0,0.0,0.0,0.0,0.0,0.0,0.0,0.0,,https://kizi.com/,sweepmaze
3033,1661 Plays,other,0.0,1,kizi,,,,,,,,,,,,0.0,0.0,0.0,0.0,0.0,0.0,0.0,0.0,0.0,0.0,,https://kizi.com/,1661plays
3034,Save My Human,other,0.0,1,kizi,,,,,,,,,,,,0.0,0.0,0.0,0.0,0.0,0.0,0.0,0.0,0.0,0.0,,https://kizi.com/,savemyhuman
3035,1145 Plays,other,0.0,1,kizi,,,,,,,,,,,,0.0,0.0,0.0,0.0,0.0,0.0,0.0,0.0,0.0,0.0,,https://kizi.com/,1145plays
3036,Solitaire Witch,classic_board_card,0.0,1,kizi,,,,,,,,,,,,0.0,0.0,0.0,0.0,0.0,0.0,0.0,0.0,0.0,0.0,,https://kizi.com/,solitairewitch
3037,1770 Plays,other,0.0,1,kizi,,,,,,,,,,,,0.0,0.0,0.0,0.0,0.0,0.0,0.0,0.0,0.0,0.0,,https://kizi.com/,1770plays
3038,Stack Bounce 3D,helix_stack_tap,0.0,1,kizi,,,,,,,,,,,,0.0,0.0,0.0,0.0,0.0,0.0,0.0,0.0,0.0,0.0,,https://kizi.com/,stackbounce3d
3039,1384 Plays,other,0.0,1,kizi,,,,,,,,,,,,0.0,0.0,0.0,0.0,0.0,0.0,0.0,0.0,0.0,0.0,,https://kizi.com/,1384plays
3040,Ram Rush,other,0.0,1,kizi,,,,,,,,,,,,0.0,0.0,0.0,0.0,0.0,0.0,0.0,0.0,0.0,0.0,,https://kizi.com/,ramrush
3041,3179 Plays,other,0.0,1,kizi,,,,,,,,,,,,0.0,0.0,0.0,0.0,0.0,0.0,0.0,0.0,0.0,0.0,,https://kizi.com/,3179plays
3042,Acox,other,0.0,1,kizi,,,,,,,,,,,,0.0,0.0,0.0,0.0,0.0,0.0,0.0,0.0,0.0,0.0,,https://kizi.com/,acox
3043,3501 Plays,other,0.0,1,kizi,,,,,,,,,,,,0.0,0.0,0.0,0.0,0.0,0.0,0.0,0.0,0.0,0.0,,https://kizi.com/,3501plays
3044,Autumn Onet Connect,other,0.0,1,kizi,,,,,,,,,,,,0.0,0.0,0.0,0.0,0.0,0.0,0.0,0.0,0.0,0.0,,https://kizi.com/,autumnonetconnect
3045,1823 Plays,other,0.0,1,kizi,,,,,,,,,,,,0.0,0.0,0.0,0.0,0.0,0.0,0.0,0.0,0.0,0.0,,https://kizi.com/,1823plays
3046,Bug Barrow Wars,other,0.0,1,kizi,,,,,,,,,,,,0.0,0.0,0.0,0.0,0.0,0.0,0.0,0.0,0.0,0.0,,https://kizi.com/,bugbarrowwars
3047,4534 Plays,other,0.0,1,kizi,,,,,,,,,,,,0.0,0.0,0.0,0.0,0.0,0.0,0.0,0.0,0.0,0.0,,https://kizi.com/,4534plays
3048,Yarn Art Loop,other,0.0,1,kizi,,,,,,,,,,,,0.0,0.0,0.0,0.0,0.0,0.0,0.0,0.0,0.0,0.0,,https://kizi.com/,yarnartloop
3049,3717 Plays,other,0.0,1,kizi,,,,,,,,,,,,0.0,0.0,0.0,0.0,0.0,0.0,0.0,0.0,0.0,0.0,,https://kizi.com/,3717plays
3050,Shadows of the Forest: Reign of Triduja,other,0.0,1,kizi,,,,,,,,,,,,0.0,0.0,0.0,0.0,0.0,0.0,0.0,0.0,0.0,0.0,,https://kizi.com/,shadowsoftheforest
3051,4134 Plays,other,0.0,1,kizi,,,,,,,,,,,,0.0,0.0,0.0,0.0,0.0,0.0,0.0,0.0,0.0,0.0,,https://kizi.com/,4134plays
3052,Barbee Fashion Influencer,dress_up_makeover,0.0,1,kizi,,,,,,,,,,,,0.0,0.0,0.0,0.0,0.0,0.0,0.0,0.0,0.0,0.0,,https://kizi.com/,barbeefashioninfluencer
3053,1728 Plays,other,0.0,1,kizi,,,,,,,,,,,,0.0,0.0,0.0,0.0,0.0,0.0,0.0,0.0,0.0,0.0,,https://kizi.com/,1728plays
3054,Cannon Smash Fest,launch_distance,0.0,1,kizi,,,,,,,,,,,,0.0,0.0,0.0,0.0,0.0,0.0,0.0,0.0,0.0,0.0,,https://kizi.com/,cannonsmashfest
3055,3008 Plays,other,0.0,1,kizi,,,,,,,,,,,,0.0,0.0,0.0,0.0,0.0,0.0,0.0,0.0,0.0,0.0,,https://kizi.com/,3008plays
3056,Stickman Warrior Superhero Fight,other,0.0,1,kizi,,,,,,,,,,,,0.0,0.0,0.0,0.0,0.0,0.0,0.0,0.0,0.0,0.0,,https://kizi.com/,stickmanwarriorsuperherofight
3057,1872 Plays,other,0.0,1,kizi,,,,,,,,,,,,0.0,0.0,0.0,0.0,0.0,0.0,0.0,0.0,0.0,0.0,,https://kizi.com/,1872plays
3058,Ocean Bubble Sort,merge_drop,0.0,1,kizi,,,,,,,,,,,,0.0,0.0,0.0,0.0,0.0,0.0,0.0,0.0,0.0,0.0,,https://kizi.com/,oceanbubblesort
3059,1313 Plays,other,0.0,1,kizi,,,,,,,,,,,,0.0,0.0,0.0,0.0,0.0,0.0,0.0,0.0,0.0,0.0,,https://kizi.com/,1313plays
3060,Hexa Associations,other,0.0,1,kizi,,,,,,,,,,,,0.0,0.0,0.0,0.0,0.0,0.0,0.0,0.0,0.0,0.0,,https://kizi.com/,hexaassociations
3061,Kizi,other,0.0,1,kizi,,,,,,,,,,,,0.0,0.0,0.0,0.0,0.0,0.0,0.0,0.0,0.0,0.0,,https://kizi.com/,kizi
3062,Fireboy & Watergirl,coop_duo_puzzle,0.0,2,agame;kizi,,,,,,,,,,,,0.0,0.0,0.0,0.0,0.0,0.0,0.0,0.0,0.0,0.0,Fireboy & Watergirl 7: and Friends,https://kizi.com/,fireboywatergirl
3063,284479 Plays,other,0.0,1,kizi,,,,,,,,,,,,0.0,0.0,0.0,0.0,0.0,0.0,0.0,0.0,0.0,0.0,,https://kizi.com/,284479plays
3064,Star Stable,other,0.0,1,kizi,,,,,,,,,,,,0.0,0.0,0.0,0.0,0.0,0.0,0.0,0.0,0.0,0.0,,https://kizi.com/,starstable
3065,194180 Plays,other,0.0,1,kizi,,,,,,,,,,,,0.0,0.0,0.0,0.0,0.0,0.0,0.0,0.0,0.0,0.0,,https://kizi.com/,194180plays
3066,Puzzle Blocks Classic,other,0.0,1,kizi,,,,,,,,,,,,0.0,0.0,0.0,0.0,0.0,0.0,0.0,0.0,0.0,0.0,,https://kizi.com/,puzzleblocks
3067,181558 Plays,other,0.0,1,kizi,,,,,,,,,,,,0.0,0.0,0.0,0.0,0.0,0.0,0.0,0.0,0.0,0.0,,https://kizi.com/,181558plays
3068,Bubble Shooter Billiard Pool,io_arena_shooter,0.0,1,kizi,,,,,,,,,,,,0.0,0.0,0.0,0.0,0.0,0.0,0.0,0.0,0.0,0.0,,https://kizi.com/,bubbleshooterbilliardpool
3069,83420 Plays,other,0.0,1,kizi,,,,,,,,,,,,0.0,0.0,0.0,0.0,0.0,0.0,0.0,0.0,0.0,0.0,,https://kizi.com/,83420plays
3070,Kings and Queens Match 2,other,0.0,1,kizi,,,,,,,,,,,,0.0,0.0,0.0,0.0,0.0,0.0,0.0,0.0,0.0,0.0,,https://kizi.com/,kingsandqueensmatch
3071,130340 Plays,other,0.0,1,kizi,,,,,,,,,,,,0.0,0.0,0.0,0.0,0.0,0.0,0.0,0.0,0.0,0.0,,https://kizi.com/,130340plays
3072,Wonders of Egypt Match,other,0.0,1,kizi,,,,,,,,,,,,0.0,0.0,0.0,0.0,0.0,0.0,0.0,0.0,0.0,0.0,,https://kizi.com/,wondersofegyptmatch
3073,66642 Plays,other,0.0,1,kizi,,,,,,,,,,,,0.0,0.0,0.0,0.0,0.0,0.0,0.0,0.0,0.0,0.0,,https://kizi.com/,66642plays
3074,Wild West Match 2: The Gold Rush,other,0.0,1,kizi,,,,,,,,,,,,0.0,0.0,0.0,0.0,0.0,0.0,0.0,0.0,0.0,0.0,,https://kizi.com/,wildwestmatch
3075,273345 Plays,other,0.0,1,kizi,,,,,,,,,,,,0.0,0.0,0.0,0.0,0.0,0.0,0.0,0.0,0.0,0.0,,https://kizi.com/,273345plays
3076,Mustang City Driver,other,0.0,1,kizi,,,,,,,,,,,,0.0,0.0,0.0,0.0,0.0,0.0,0.0,0.0,0.0,0.0,,https://kizi.com/,mustangcitydriver
3077,177767 Plays,other,0.0,1,kizi,,,,,,,,,,,,0.0,0.0,0.0,0.0,0.0,0.0,0.0,0.0,0.0,0.0,,https://kizi.com/,177767plays
3078,Citymix Solitaire,classic_board_card,0.0,1,kizi,,,,,,,,,,,,0.0,0.0,0.0,0.0,0.0,0.0,0.0,0.0,0.0,0.0,,https://kizi.com/,citymixsolitaire
3079,587682 Plays,other,0.0,1,kizi,,,,,,,,,,,,0.0,0.0,0.0,0.0,0.0,0.0,0.0,0.0,0.0,0.0,,https://kizi.com/,587682plays
3080,Machine City Balls,other,0.0,1,kizi,,,,,,,,,,,,0.0,0.0,0.0,0.0,0.0,0.0,0.0,0.0,0.0,0.0,,https://kizi.com/,machinecityballs
3081,828705 Plays,other,0.0,1,kizi,,,,,,,,,,,,0.0,0.0,0.0,0.0,0.0,0.0,0.0,0.0,0.0,0.0,,https://kizi.com/,828705plays
3082,DOP Stickman Jailbreak,other,0.0,1,kizi,,,,,,,,,,,,0.0,0.0,0.0,0.0,0.0,0.0,0.0,0.0,0.0,0.0,,https://kizi.com/,dopstickmanjailbreak
3083,445895 Plays,other,0.0,1,kizi,,,,,,,,,,,,0.0,0.0,0.0,0.0,0.0,0.0,0.0,0.0,0.0,0.0,,https://kizi.com/,445895plays
3084,625787 Plays,other,0.0,1,kizi,,,,,,,,,,,,0.0,0.0,0.0,0.0,0.0,0.0,0.0,0.0,0.0,0.0,,https://kizi.com/,625787plays
3085,Save the Baby: Home Rush,other,0.0,1,kizi,,,,,,,,,,,,0.0,0.0,0.0,0.0,0.0,0.0,0.0,0.0,0.0,0.0,,https://kizi.com/,savethebaby
3086,382807 Plays,other,0.0,1,kizi,,,,,,,,,,,,0.0,0.0,0.0,0.0,0.0,0.0,0.0,0.0,0.0,0.0,,https://kizi.com/,382807plays
3087,Skibidi Laboratory,other,0.0,1,kizi,,,,,,,,,,,,0.0,0.0,0.0,0.0,0.0,0.0,0.0,0.0,0.0,0.0,,https://kizi.com/,skibidilaboratory
3088,606178 Plays,other,0.0,1,kizi,,,,,,,,,,,,0.0,0.0,0.0,0.0,0.0,0.0,0.0,0.0,0.0,0.0,,https://kizi.com/,606178plays
3089,Park Me,other,0.0,1,kizi,,,,,,,,,,,,0.0,0.0,0.0,0.0,0.0,0.0,0.0,0.0,0.0,0.0,,https://kizi.com/,parkme
3090,707077 Plays,other,0.0,1,kizi,,,,,,,,,,,,0.0,0.0,0.0,0.0,0.0,0.0,0.0,0.0,0.0,0.0,,https://kizi.com/,707077plays
3091,Protect My Dog,other,0.0,1,kizi,,,,,,,,,,,,0.0,0.0,0.0,0.0,0.0,0.0,0.0,0.0,0.0,0.0,,https://kizi.com/,protectmydog
3092,352726 Plays,other,0.0,1,kizi,,,,,,,,,,,,0.0,0.0,0.0,0.0,0.0,0.0,0.0,0.0,0.0,0.0,,https://kizi.com/,352726plays
3093,State.io - Conquer the World,io_territory,0.0,1,kizi,,,,,,,,,,,,0.0,0.0,0.0,0.0,0.0,0.0,0.0,0.0,0.0,0.0,,https://kizi.com/,state
3094,207653 Plays,other,0.0,1,kizi,,,,,,,,,,,,0.0,0.0,0.0,0.0,0.0,0.0,0.0,0.0,0.0,0.0,,https://kizi.com/,207653plays
3095,Om Nom Bounce,helix_stack_tap,0.0,1,kizi,,,,,,,,,,,,0.0,0.0,0.0,0.0,0.0,0.0,0.0,0.0,0.0,0.0,,https://kizi.com/,omnombounce
3096,1398222 Plays,other,0.0,1,kizi,,,,,,,,,,,,0.0,0.0,0.0,0.0,0.0,0.0,0.0,0.0,0.0,0.0,,https://kizi.com/,1398222plays
3097,125155 Plays,other,0.0,1,kizi,,,,,,,,,,,,0.0,0.0,0.0,0.0,0.0,0.0,0.0,0.0,0.0,0.0,,https://kizi.com/,125155plays
3098,1460871 Plays,other,0.0,1,kizi,,,,,,,,,,,,0.0,0.0,0.0,0.0,0.0,0.0,0.0,0.0,0.0,0.0,,https://kizi.com/,1460871plays
3099,Going Balls,endless_runner,0.0,3,agame;kizi;lagged,,,,,,,,,,,,0.0,0.0,0.0,0.0,0.0,0.0,0.0,0.0,0.0,0.0,,https://kizi.com/,goingballs
3100,1085118 Plays,other,0.0,1,kizi,,,,,,,,,,,,0.0,0.0,0.0,0.0,0.0,0.0,0.0,0.0,0.0,0.0,,https://kizi.com/,1085118plays
3101,Goodgame Big Farm,other,0.0,2,agame;kizi,,,,,,,,,,,,0.0,0.0,0.0,0.0,0.0,0.0,0.0,0.0,0.0,0.0,,https://kizi.com/,goodgamebigfarm
3102,2150949 Plays,other,0.0,1,kizi,,,,,,,,,,,,0.0,0.0,0.0,0.0,0.0,0.0,0.0,0.0,0.0,0.0,,https://kizi.com/,2150949plays
3103,My Dolphin Show,other,0.0,1,kizi,,,,,,,,,,,,0.0,0.0,0.0,0.0,0.0,0.0,0.0,0.0,0.0,0.0,,https://kizi.com/,mydolphinshow
3104,18926006 Plays,other,0.0,1,kizi,,,,,,,,,,,,0.0,0.0,0.0,0.0,0.0,0.0,0.0,0.0,0.0,0.0,,https://kizi.com/,18926006plays
3105,8922459 Plays,other,0.0,1,kizi,,,,,,,,,,,,0.0,0.0,0.0,0.0,0.0,0.0,0.0,0.0,0.0,0.0,,https://kizi.com/,8922459plays
3106,3210184 Plays,other,0.0,1,kizi,,,,,,,,,,,,0.0,0.0,0.0,0.0,0.0,0.0,0.0,0.0,0.0,0.0,,https://kizi.com/,3210184plays
3107,8788816 Plays,other,0.0,1,kizi,,,,,,,,,,,,0.0,0.0,0.0,0.0,0.0,0.0,0.0,0.0,0.0,0.0,,https://kizi.com/,8788816plays
3108,5583353 Plays,other,0.0,1,kizi,,,,,,,,,,,,0.0,0.0,0.0,0.0,0.0,0.0,0.0,0.0,0.0,0.0,,https://kizi.com/,5583353plays
3109,11253524 Plays,other,0.0,1,kizi,,,,,,,,,,,,0.0,0.0,0.0,0.0,0.0,0.0,0.0,0.0,0.0,0.0,,https://kizi.com/,11253524plays
3110,358658 Plays,other,0.0,1,kizi,,,,,,,,,,,,0.0,0.0,0.0,0.0,0.0,0.0,0.0,0.0,0.0,0.0,,https://kizi.com/,358658plays
3111,Real Flight Simulator 3D,launch_distance,0.0,1,kizi,,,,,,,,,,,,0.0,0.0,0.0,0.0,0.0,0.0,0.0,0.0,0.0,0.0,,https://kizi.com/,realflightsimulator3d
3112,4577888 Plays,other,0.0,1,kizi,,,,,,,,,,,,0.0,0.0,0.0,0.0,0.0,0.0,0.0,0.0,0.0,0.0,,https://kizi.com/,4577888plays
3113,30449 Plays,other,0.0,1,kizi,,,,,,,,,,,,0.0,0.0,0.0,0.0,0.0,0.0,0.0,0.0,0.0,0.0,,https://kizi.com/,30449plays
3114,Bubble Shooter Candy Wheel Level Pack,io_arena_shooter,0.0,1,kizi,,,,,,,,,,,,0.0,0.0,0.0,0.0,0.0,0.0,0.0,0.0,0.0,0.0,,https://kizi.com/,bubbleshootercandywheellevelpack
3115,4156590 Plays,other,0.0,1,kizi,,,,,,,,,,,,0.0,0.0,0.0,0.0,0.0,0.0,0.0,0.0,0.0,0.0,,https://kizi.com/,4156590plays
3116,Motorbike Simulator,other,0.0,1,kizi,,,,,,,,,,,,0.0,0.0,0.0,0.0,0.0,0.0,0.0,0.0,0.0,0.0,,https://kizi.com/,motorbikesimulator
3117,75766 Plays,other,0.0,1,kizi,,,,,,,,,,,,0.0,0.0,0.0,0.0,0.0,0.0,0.0,0.0,0.0,0.0,,https://kizi.com/,75766plays
3118,6211497 Plays,other,0.0,1,kizi,,,,,,,,,,,,0.0,0.0,0.0,0.0,0.0,0.0,0.0,0.0,0.0,0.0,,https://kizi.com/,6211497plays
3119,20892 Plays,other,0.0,1,kizi,,,,,,,,,,,,0.0,0.0,0.0,0.0,0.0,0.0,0.0,0.0,0.0,0.0,,https://kizi.com/,20892plays
3120,Summer Triple Mahjong,classic_board_card,0.0,1,kizi,,,,,,,,,,,,0.0,0.0,0.0,0.0,0.0,0.0,0.0,0.0,0.0,0.0,,https://kizi.com/,summertriplemahjong
3121,8669011 Plays,other,0.0,1,kizi,,,,,,,,,,,,0.0,0.0,0.0,0.0,0.0,0.0,0.0,0.0,0.0,0.0,,https://kizi.com/,8669011plays
3122,431676 Plays,other,0.0,1,kizi,,,,,,,,,,,,0.0,0.0,0.0,0.0,0.0,0.0,0.0,0.0,0.0,0.0,,https://kizi.com/,431676plays
3123,ArmedForces.io,other,0.0,2,agame;kizi,,,,,,,,,,,,0.0,0.0,0.0,0.0,0.0,0.0,0.0,0.0,0.0,0.0,,https://kizi.com/,armedforces
3124,463229 Plays,other,0.0,1,kizi,,,,,,,,,,,,0.0,0.0,0.0,0.0,0.0,0.0,0.0,0.0,0.0,0.0,,https://kizi.com/,463229plays
3125,Smash Hit,other,0.0,1,kizi,,,,,,,,,,,,0.0,0.0,0.0,0.0,0.0,0.0,0.0,0.0,0.0,0.0,,https://kizi.com/,smashhit
3126,100916 Plays,other,0.0,1,kizi,,,,,,,,,,,,0.0,0.0,0.0,0.0,0.0,0.0,0.0,0.0,0.0,0.0,,https://kizi.com/,100916plays
3127,Contract Deer Hunter,other,0.0,1,kizi,,,,,,,,,,,,0.0,0.0,0.0,0.0,0.0,0.0,0.0,0.0,0.0,0.0,,https://kizi.com/,contractdeerhunter
3128,3136137 Plays,other,0.0,1,kizi,,,,,,,,,,,,0.0,0.0,0.0,0.0,0.0,0.0,0.0,0.0,0.0,0.0,,https://kizi.com/,3136137plays
3129,81358 Plays,other,0.0,1,kizi,,,,,,,,,,,,0.0,0.0,0.0,0.0,0.0,0.0,0.0,0.0,0.0,0.0,,https://kizi.com/,81358plays
3130,ASMR Girl Livestream Mukbang,other,0.0,1,kizi,,,,,,,,,,,,0.0,0.0,0.0,0.0,0.0,0.0,0.0,0.0,0.0,0.0,,https://kizi.com/,asmrgirllivestreammukbang
3131,2694361 Plays,other,0.0,1,kizi,,,,,,,,,,,,0.0,0.0,0.0,0.0,0.0,0.0,0.0,0.0,0.0,0.0,,https://kizi.com/,2694361plays
3132,1820484 Plays,merge_drop,0.0,1,kizi,,,,,,,,,,,,0.0,0.0,0.0,0.0,0.0,0.0,0.0,0.0,0.0,0.0,,https://kizi.com/,1820484plays
3133,2269194 Plays,other,0.0,1,kizi,,,,,,,,,,,,0.0,0.0,0.0,0.0,0.0,0.0,0.0,0.0,0.0,0.0,,https://kizi.com/,2269194plays
3134,1694983 Plays,other,0.0,1,kizi,,,,,,,,,,,,0.0,0.0,0.0,0.0,0.0,0.0,0.0,0.0,0.0,0.0,,https://kizi.com/,1694983plays
3135,PUBG Pixel,other,0.0,1,kizi,,,,,,,,,,,,0.0,0.0,0.0,0.0,0.0,0.0,0.0,0.0,0.0,0.0,,https://kizi.com/,pubgpixel
3136,24412 Plays,other,0.0,1,kizi,,,,,,,,,,,,0.0,0.0,0.0,0.0,0.0,0.0,0.0,0.0,0.0,0.0,,https://kizi.com/,24412plays
3137,Supermarket Sort N Match,time_mgmt_cooking,0.0,1,kizi,,,,,,,,,,,,0.0,0.0,0.0,0.0,0.0,0.0,0.0,0.0,0.0,0.0,,https://kizi.com/,supermarketsortnmatch
3138,1794583 Plays,other,0.0,1,kizi,,,,,,,,,,,,0.0,0.0,0.0,0.0,0.0,0.0,0.0,0.0,0.0,0.0,,https://kizi.com/,1794583plays
3139,388628 Plays,other,0.0,1,kizi,,,,,,,,,,,,0.0,0.0,0.0,0.0,0.0,0.0,0.0,0.0,0.0,0.0,,https://kizi.com/,388628plays
3140,DIY Makeup Salon - Spa Makeover Studio,dress_up_makeover,0.0,1,kizi,,,,,,,,,,,,0.0,0.0,0.0,0.0,0.0,0.0,0.0,0.0,0.0,0.0,,https://kizi.com/,diymakeupsalon
3141,3370785 Plays,other,0.0,1,kizi,,,,,,,,,,,,0.0,0.0,0.0,0.0,0.0,0.0,0.0,0.0,0.0,0.0,,https://kizi.com/,3370785plays
3142,4947734 Plays,other,0.0,1,kizi,,,,,,,,,,,,0.0,0.0,0.0,0.0,0.0,0.0,0.0,0.0,0.0,0.0,,https://kizi.com/,4947734plays
3143,Dynamons World,other,0.0,2,kizi;miniplay,,,,,,,,,,,,0.0,0.0,0.0,0.0,0.0,0.0,0.0,0.0,0.0,0.0,,https://kizi.com/,dynamonsworld
3144,929511 Plays,other,0.0,1,kizi,,,,,,,,,,,,0.0,0.0,0.0,0.0,0.0,0.0,0.0,0.0,0.0,0.0,,https://kizi.com/,929511plays
3145,Super Stacker 2,helix_stack_tap,0.0,1,kizi,,,,,,,,,,,,0.0,0.0,0.0,0.0,0.0,0.0,0.0,0.0,0.0,0.0,,https://kizi.com/,superstacker
3146,10025518 Plays,other,0.0,1,kizi,,,,,,,,,,,,0.0,0.0,0.0,0.0,0.0,0.0,0.0,0.0,0.0,0.0,,https://kizi.com/,10025518plays
3147,898674 Plays,other,0.0,1,kizi,,,,,,,,,,,,0.0,0.0,0.0,0.0,0.0,0.0,0.0,0.0,0.0,0.0,,https://kizi.com/,898674plays
3148,527281 Plays,other,0.0,1,kizi,,,,,,,,,,,,0.0,0.0,0.0,0.0,0.0,0.0,0.0,0.0,0.0,0.0,,https://kizi.com/,527281plays
3149,Boeing Flight Simulator 3D,launch_distance,0.0,1,kizi,,,,,,,,,,,,0.0,0.0,0.0,0.0,0.0,0.0,0.0,0.0,0.0,0.0,,https://kizi.com/,boeingflightsimulator3d
3150,3142450 Plays,other,0.0,1,kizi,,,,,,,,,,,,0.0,0.0,0.0,0.0,0.0,0.0,0.0,0.0,0.0,0.0,,https://kizi.com/,3142450plays
3151,Impostor,other,0.0,1,kizi,,,,,,,,,,,,0.0,0.0,0.0,0.0,0.0,0.0,0.0,0.0,0.0,0.0,,https://kizi.com/,impostor
3152,2053474 Plays,other,0.0,1,kizi,,,,,,,,,,,,0.0,0.0,0.0,0.0,0.0,0.0,0.0,0.0,0.0,0.0,,https://kizi.com/,2053474plays
3153,Penguin Diner,time_mgmt_cooking,0.0,2,kizi;miniplay,,,,,,,,,,,,0.0,0.0,0.0,0.0,0.0,0.0,0.0,0.0,0.0,0.0,Penguin Diner 2,https://kizi.com/,penguindiner
3154,4820956 Plays,other,0.0,1,kizi,,,,,,,,,,,,0.0,0.0,0.0,0.0,0.0,0.0,0.0,0.0,0.0,0.0,,https://kizi.com/,4820956plays
3155,10495 Plays,other,0.0,1,kizi,,,,,,,,,,,,0.0,0.0,0.0,0.0,0.0,0.0,0.0,0.0,0.0,0.0,,https://kizi.com/,10495plays
3156,Halloween Tiles Mahjong,classic_board_card,0.0,1,kizi,,,,,,,,,,,,0.0,0.0,0.0,0.0,0.0,0.0,0.0,0.0,0.0,0.0,,https://kizi.com/,halloweentilesmahjong
3157,Next,other,0.0,1,kizi,,,,,,,,,,,,0.0,0.0,0.0,0.0,0.0,0.0,0.0,0.0,0.0,0.0,,https://kizi.com/,next
3158,Last Page,other,0.0,1,kizi,,,,,,,,,,,,0.0,0.0,0.0,0.0,0.0,0.0,0.0,0.0,0.0,0.0,,https://kizi.com/,lastpage
3159,Follow Us On Instagram,other,0.0,1,kizi,,,,,,,,,,,,0.0,0.0,0.0,0.0,0.0,0.0,0.0,0.0,0.0,0.0,,https://kizi.com/,followusoninstagram
3160,kizi Notification,other,0.0,1,kizi,,,,,,,,,,,,0.0,0.0,0.0,0.0,0.0,0.0,0.0,0.0,0.0,0.0,,https://kizi.com/,kizinotification
3161,Stealth Silent Squid,stealth_heist,0.0,1,lagged,,,,,,,,,,,,0.0,0.0,0.0,0.0,0.0,0.0,0.0,0.0,0.0,0.0,,,stealthsilentsquid
3162,Roblox,rbx_reverse,0.0,2,lagged;miniplay,,,,,,,,,,,,0.0,0.0,0.0,0.0,0.0,0.0,0.0,0.0,0.0,0.0,,,roblox
3163,Draw This 2,draw_guess_party,0.0,1,lagged,,,,,,,,,,,,0.0,0.0,0.0,0.0,0.0,0.0,0.0,0.0,0.0,0.0,,,drawthis
3164,Dino Dash,endless_runner,0.0,1,lagged,,,,,,,,,,,,0.0,0.0,0.0,0.0,0.0,0.0,0.0,0.0,0.0,0.0,,,dinodash
3165,Magic Piano Tiles,rhythm_music,0.0,2,agame;lagged,,,,,,,,,,,,0.0,0.0,0.0,0.0,0.0,0.0,0.0,0.0,0.0,0.0,,,magicpianotiles
3166,Stick Maze,other,0.0,1,lagged,,,,,,,,,,,,0.0,0.0,0.0,0.0,0.0,0.0,0.0,0.0,0.0,0.0,,,stickmaze
3167,Traffic Run,precision_platformer,0.0,1,lagged,,,,,,,,,,,,0.0,0.0,0.0,0.0,0.0,0.0,0.0,0.0,0.0,0.0,,,trafficrun
3168,Deep Drill Run,precision_platformer,0.0,1,lagged,,,,,,,,,,,,0.0,0.0,0.0,0.0,0.0,0.0,0.0,0.0,0.0,0.0,,,deepdrillrun
3169,Obby Knife Duels,rbx_reverse,0.0,1,lagged,,,,,,,,,,,,0.0,0.0,0.0,0.0,0.0,0.0,0.0,0.0,0.0,0.0,,,obbyknifeduels
3170,Ball Shooter 2048,io_arena_shooter,0.0,1,lagged,,,,,,,,,,,,0.0,0.0,0.0,0.0,0.0,0.0,0.0,0.0,0.0,0.0,,,ballshooter
3171,Royal Smash,physics_destruction,0.0,1,lagged,,,,,,,,,,,,0.0,0.0,0.0,0.0,0.0,0.0,0.0,0.0,0.0,0.0,,,royalsmash
3172,Dig Gold Miner,gold_miner_claw,0.0,1,lagged,,,,,,,,,,,,0.0,0.0,0.0,0.0,0.0,0.0,0.0,0.0,0.0,0.0,,,diggoldminer
3173,Attack & Dash,other,0.0,1,lagged,,,,,,,,,,,,0.0,0.0,0.0,0.0,0.0,0.0,0.0,0.0,0.0,0.0,,,attackdash
3174,Steal Memerot: Zoo Tycoon,rbx_reverse,0.0,1,lagged,,,,,,,,,,,,0.0,0.0,0.0,0.0,0.0,0.0,0.0,0.0,0.0,0.0,,,stealmemerot
3175,Feed the Pick Me Girl,other,0.0,1,lagged,,,,,,,,,,,,0.0,0.0,0.0,0.0,0.0,0.0,0.0,0.0,0.0,0.0,,,feedthepickmegirl
3176,Island Cleaner Simulator,other,0.0,2,lagged;playgama,,,,,,,,,,,,0.0,0.0,0.0,0.0,0.0,0.0,0.0,0.0,0.0,0.0,,,islandcleanersimulator
3177,Robby Mini Games,rbx_reverse,0.0,1,lagged,,,,,,,,,,,,0.0,0.0,0.0,0.0,0.0,0.0,0.0,0.0,0.0,0.0,,,robbyminigames
3178,Domino Peak,classic_board_card,0.0,1,lagged,,,,,,,,,,,,0.0,0.0,0.0,0.0,0.0,0.0,0.0,0.0,0.0,0.0,,,dominopeak
3179,Bike Obby Draw Pencil,rbx_reverse,0.0,1,lagged,,,,,,,,,,,,0.0,0.0,0.0,0.0,0.0,0.0,0.0,0.0,0.0,0.0,,,bikeobbydrawpencil
3180,Draw an Obby,rbx_reverse,0.0,1,lagged,,,,,,,,,,,,0.0,0.0,0.0,0.0,0.0,0.0,0.0,0.0,0.0,0.0,,,drawanobby
3181,Poppy Playtime Remake,horror_escape,0.0,1,lagged,,,,,,,,,,,,0.0,0.0,0.0,0.0,0.0,0.0,0.0,0.0,0.0,0.0,,,poppyplaytimeremake
3182,Patty on Wheels,other,0.0,1,lagged,,,,,,,,,,,,0.0,0.0,0.0,0.0,0.0,0.0,0.0,0.0,0.0,0.0,,,pattyonwheels
3183,Color Shape Sort,merge_drop,0.0,1,lagged,,,,,,,,,,,,0.0,0.0,0.0,0.0,0.0,0.0,0.0,0.0,0.0,0.0,,,colorshapesort
3184,Water Flow,classic_board_card,0.0,1,lagged,,,,,,,,,,,,0.0,0.0,0.0,0.0,0.0,0.0,0.0,0.0,0.0,0.0,,,waterflow
3185,Shape Dudes,endless_runner,0.0,1,lagged,,,,,,,,,,,,0.0,0.0,0.0,0.0,0.0,0.0,0.0,0.0,0.0,0.0,,,shapedudes
3186,Jetpack Racing League,endless_runner,0.0,1,lagged,,,,,,,,,,,,0.0,0.0,0.0,0.0,0.0,0.0,0.0,0.0,0.0,0.0,,,jetpackracingleague
3187,Farm: Clear the Jam,parking_traffic_puzzle,0.0,1,lagged,,,,,,,,,,,,0.0,0.0,0.0,0.0,0.0,0.0,0.0,0.0,0.0,0.0,,,farm
3188,Bestie’s Y2K Butterfly Trends,dress_up_makeover,0.0,1,lagged,,,,,,,,,,,,0.0,0.0,0.0,0.0,0.0,0.0,0.0,0.0,0.0,0.0,,,bestiesy2kbutterflytrends
3189,Moto Extreme: Halloween Land,bike_trials,0.0,1,lagged,,,,,,,,,,,,0.0,0.0,0.0,0.0,0.0,0.0,0.0,0.0,0.0,0.0,,,motoextreme
3190,Murder Mystery 2 Online,rbx_reverse,0.0,1,lagged,,,,,,,,,,,,0.0,0.0,0.0,0.0,0.0,0.0,0.0,0.0,0.0,0.0,,,murdermystery
3191,Barry Prison: Parkour Escape,io_arena_shooter,0.0,1,lagged,,,,,,,,,,,,0.0,0.0,0.0,0.0,0.0,0.0,0.0,0.0,0.0,0.0,,,barryprison
3192,Ragdoll Playground,ragdoll_gore_course,0.0,1,lagged,,,,,,,,,,,,0.0,0.0,0.0,0.0,0.0,0.0,0.0,0.0,0.0,0.0,,,ragdollplayground
3193,Blob Opera,io_eat_grow,0.0,1,lagged,,,,,,,,,,,,0.0,0.0,0.0,0.0,0.0,0.0,0.0,0.0,0.0,0.0,,,blobopera
3194,Sprunki,rbx_reverse,0.0,1,lagged,,,,,,,,,,,,0.0,0.0,0.0,0.0,0.0,0.0,0.0,0.0,0.0,0.0,,,sprunki
3195,Stair Race 3D,endless_runner,0.0,1,lagged,,,,,,,,,,,,0.0,0.0,0.0,0.0,0.0,0.0,0.0,0.0,0.0,0.0,,,stairrace3d
3196,Hide the Evidence,classic_board_card,0.0,1,lagged,,,,,,,,,,,,0.0,0.0,0.0,0.0,0.0,0.0,0.0,0.0,0.0,0.0,,,hidetheevidence
3197,Ice Cream Stack Run,endless_runner,0.0,1,lagged,,,,,,,,,,,,0.0,0.0,0.0,0.0,0.0,0.0,0.0,0.0,0.0,0.0,,,icecreamstackrun
3198,Skateboard Surf,other,0.0,1,lagged,,,,,,,,,,,,0.0,0.0,0.0,0.0,0.0,0.0,0.0,0.0,0.0,0.0,,,skateboardsurf
3199,Cube Frenzy,other,0.0,1,lagged,,,,,,,,,,,,0.0,0.0,0.0,0.0,0.0,0.0,0.0,0.0,0.0,0.0,,,cubefrenzy
3200,Choir,rhythm_music,0.0,2,lagged;twoplayergames,,,,,,,,,,,,0.0,0.0,0.0,0.0,0.0,0.0,0.0,0.0,0.0,0.0,,,choir
3201,Bikini for Love,other,0.0,1,lagged,,,,,,,,,,,,0.0,0.0,0.0,0.0,0.0,0.0,0.0,0.0,0.0,0.0,,,bikiniforlove
3202,Sandwich Runner,endless_runner,0.0,1,lagged,,,,,,,,,,,,0.0,0.0,0.0,0.0,0.0,0.0,0.0,0.0,0.0,0.0,,,sandwichrunner
3203,Toilet Race,endless_runner,0.0,1,lagged,,,,,,,,,,,,0.0,0.0,0.0,0.0,0.0,0.0,0.0,0.0,0.0,0.0,,,toiletrace
3204,Cat Disco,other,0.0,1,lagged,,,,,,,,,,,,0.0,0.0,0.0,0.0,0.0,0.0,0.0,0.0,0.0,0.0,,,catdisco
3205,Om Nom Run,endless_runner,0.0,1,lagged,,,,,,,,,,,,0.0,0.0,0.0,0.0,0.0,0.0,0.0,0.0,0.0,0.0,,,omnomrun
3206,Lemon Opera,rhythm_music,0.0,1,lagged,,,,,,,,,,,,0.0,0.0,0.0,0.0,0.0,0.0,0.0,0.0,0.0,0.0,,,lemonopera
3207,TB World,other,0.0,2,lagged;playgama,,,,,,,,,,,,0.0,0.0,0.0,0.0,0.0,0.0,0.0,0.0,0.0,0.0,,,tbworld
3208,Tall Man Runner,endless_runner,0.0,1,lagged,,,,,,,,,,,,0.0,0.0,0.0,0.0,0.0,0.0,0.0,0.0,0.0,0.0,,,tallmanrunner
3209,Scary Neighbor Online,horror_escape,0.0,1,lagged,,,,,,,,,,,,0.0,0.0,0.0,0.0,0.0,0.0,0.0,0.0,0.0,0.0,,,scaryneighbor
3210,Draw to Save,classic_board_card,0.0,1,lagged,,,,,,,,,,,,0.0,0.0,0.0,0.0,0.0,0.0,0.0,0.0,0.0,0.0,,,drawtosave
3211,Tiles Hop,rhythm_auto_runner,0.0,1,lagged,,,,,,,,,,,,0.0,0.0,0.0,0.0,0.0,0.0,0.0,0.0,0.0,0.0,,,tileshop
3212,Troll Thief,troll_platformer,0.0,1,lagged,,,,,,,,,,,,0.0,0.0,0.0,0.0,0.0,0.0,0.0,0.0,0.0,0.0,,,trollthief
3213,Master of Numbers,other,0.0,1,lagged,,,,,,,,,,,,0.0,0.0,0.0,0.0,0.0,0.0,0.0,0.0,0.0,0.0,,,masterofnumbers
3214,Draw the Ways,classic_board_card,0.0,1,lagged,,,,,,,,,,,,0.0,0.0,0.0,0.0,0.0,0.0,0.0,0.0,0.0,0.0,,,drawtheways
3215,Counter Craft 2 Zombies,io_arena_shooter,0.0,1,lagged,,,,,,,,,,,,0.0,0.0,0.0,0.0,0.0,0.0,0.0,0.0,0.0,0.0,,,countercraft2zombies
3216,Puzzle Games,other,0.0,3,agame;lagged;pacogames,,,,,,,,,,,,0.0,0.0,0.0,0.0,0.0,0.0,0.0,0.0,0.0,0.0,,,puzzlegames
3217,Music Games,other,0.0,1,lagged,,,,,,,,,,,,0.0,0.0,0.0,0.0,0.0,0.0,0.0,0.0,0.0,0.0,,,musicgames
3218,Animal Games,other,0.0,2,lagged;pacogames,,,,,,,,,,,,0.0,0.0,0.0,0.0,0.0,0.0,0.0,0.0,0.0,0.0,,,animalgames
3219,Football Games,other,0.0,1,lagged,,,,,,,,,,,,0.0,0.0,0.0,0.0,0.0,0.0,0.0,0.0,0.0,0.0,,,footballgames
3220,Funny Games,other,0.0,1,lagged,,,,,,,,,,,,0.0,0.0,0.0,0.0,0.0,0.0,0.0,0.0,0.0,0.0,,,funnygames
3221,Girl Games,other,0.0,1,lagged,,,,,,,,,,,,0.0,0.0,0.0,0.0,0.0,0.0,0.0,0.0,0.0,0.0,,,girlgames
3222,Solitaire Games,classic_board_card,0.0,1,lagged,,,,,,,,,,,,0.0,0.0,0.0,0.0,0.0,0.0,0.0,0.0,0.0,0.0,,,solitairegames
3223,Weird Games,other,0.0,1,lagged,,,,,,,,,,,,0.0,0.0,0.0,0.0,0.0,0.0,0.0,0.0,0.0,0.0,,,weirdgames
3224,Miniplay,other,0.0,1,miniplay,,,,,,,,,,,,0.0,0.0,0.0,0.0,0.0,0.0,0.0,0.0,0.0,0.0,,,miniplay
3225,Mini Turbo Karts,kart_battle,0.0,1,miniplay,,,,,,,,,,,,0.0,0.0,0.0,0.0,0.0,0.0,0.0,0.0,0.0,0.0,,,miniturbokarts
3226,Find Nemo: Fishdoms Story,other,0.0,1,miniplay,,,,,,,,,,,,0.0,0.0,0.0,0.0,0.0,0.0,0.0,0.0,0.0,0.0,,,findnemo
3227,Shoot the Bubbles,other,0.0,1,miniplay,,,,,,,,,,,,0.0,0.0,0.0,0.0,0.0,0.0,0.0,0.0,0.0,0.0,,,shootthebubbles
3228,SKIP-PO,other,0.0,1,miniplay,,,,,,,,,,,,0.0,0.0,0.0,0.0,0.0,0.0,0.0,0.0,0.0,0.0,,,skippo
3229,Sand Tetris,merge_drop,0.0,1,miniplay,,,,,,,,,,,,0.0,0.0,0.0,0.0,0.0,0.0,0.0,0.0,0.0,0.0,,,sandtetris
3230,Bottle Logic,other,0.0,1,miniplay,,,,,,,,,,,,0.0,0.0,0.0,0.0,0.0,0.0,0.0,0.0,0.0,0.0,,,bottlelogic
3231,Crazy Marble League,other,0.0,1,miniplay,,,,,,,,,,,,0.0,0.0,0.0,0.0,0.0,0.0,0.0,0.0,0.0,0.0,,,crazymarbleleague
3232,Trail,other,0.0,1,miniplay,,,,,,,,,,,,0.0,0.0,0.0,0.0,0.0,0.0,0.0,0.0,0.0,0.0,,,trail
3233,Splash Sliders,other,0.0,1,miniplay,,,,,,,,,,,,0.0,0.0,0.0,0.0,0.0,0.0,0.0,0.0,0.0,0.0,,,splashsliders
3234,Bottle Jump 3D,other,0.0,2,miniplay;playgama,,,,,,,,,,,,0.0,0.0,0.0,0.0,0.0,0.0,0.0,0.0,0.0,0.0,,,bottlejump3d
3235,Ride Your Pet!,other,0.0,1,miniplay,,,,,,,,,,,,0.0,0.0,0.0,0.0,0.0,0.0,0.0,0.0,0.0,0.0,,,rideyourpet
3236,DBZ vs Marvel vs Capcom,other,0.0,1,miniplay,,,,,,,,,,,,0.0,0.0,0.0,0.0,0.0,0.0,0.0,0.0,0.0,0.0,,,dbzvsmarvelvscapcom
3237,MessCraft,sandbox_voxel,0.0,1,miniplay,,,,,,,,,,,,0.0,0.0,0.0,0.0,0.0,0.0,0.0,0.0,0.0,0.0,,,messcraft
3238,Loopix,other,0.0,1,miniplay,,,,,,,,,,,,0.0,0.0,0.0,0.0,0.0,0.0,0.0,0.0,0.0,0.0,,,loopix
3239,Copy Cats,other,0.0,1,miniplay,,,,,,,,,,,,0.0,0.0,0.0,0.0,0.0,0.0,0.0,0.0,0.0,0.0,,,copycats
3240,Friday Night Funkin' 2 Players,rhythm_music,0.0,1,miniplay,,,,,,,,,,,,0.0,0.0,0.0,0.0,0.0,0.0,0.0,0.0,0.0,0.0,,,fridaynightfunkin2players
3241,Steal a Dino Egg,rbx_reverse,0.0,1,miniplay,,,,,,,,,,,,0.0,0.0,0.0,0.0,0.0,0.0,0.0,0.0,0.0,0.0,,,stealadinoegg
3242,Lumberjack Simulator 3D,idle_clicker,0.0,1,miniplay,,,,,,,,,,,,0.0,0.0,0.0,0.0,0.0,0.0,0.0,0.0,0.0,0.0,,,lumberjacksimulator3d
3243,Crime Wars: Open World,other,0.0,1,miniplay,,,,,,,,,,,,0.0,0.0,0.0,0.0,0.0,0.0,0.0,0.0,0.0,0.0,,,crimewars
3244,Catch a Brainrot from Bosses,rbx_reverse,0.0,1,miniplay,,,,,,,,,,,,0.0,0.0,0.0,0.0,0.0,0.0,0.0,0.0,0.0,0.0,,,catchabrainrotfrombosses
3245,Backrooms Craft,sandbox_voxel,0.0,2,miniplay;playgama,,,,,,,,,,,,0.0,0.0,0.0,0.0,0.0,0.0,0.0,0.0,0.0,0.0,,,backroomscraft
3246,Sudoku Easy,classic_board_card,0.0,1,miniplay,,,,,,,,,,,,0.0,0.0,0.0,0.0,0.0,0.0,0.0,0.0,0.0,0.0,,,sudokueasy
3247,Car Eats Car 3D,other,0.0,2,agame;miniplay,,,,,,,,,,,,0.0,0.0,0.0,0.0,0.0,0.0,0.0,0.0,0.0,0.0,,,careatscar3d
3248,Pets and Paints: Logic Puzzle,other,0.0,1,miniplay,,,,,,,,,,,,0.0,0.0,0.0,0.0,0.0,0.0,0.0,0.0,0.0,0.0,,,petsandpaints
3249,Roller Coaster: Obby Race,rbx_reverse,0.0,2,agame;miniplay,,,,,,,,,,,,0.0,0.0,0.0,0.0,0.0,0.0,0.0,0.0,0.0,0.0,,,rollercoaster
3250,Crossy Road,helix_stack_tap,0.0,1,miniplay,,,,,,,,,,,,0.0,0.0,0.0,0.0,0.0,0.0,0.0,0.0,0.0,0.0,,,crossyroad
3251,Commando Force 2,other,0.0,3,agame;miniplay;playgama,,,,,,,,,,,,0.0,0.0,0.0,0.0,0.0,0.0,0.0,0.0,0.0,0.0,,,commandoforce
3252,Monsters' Wheels 2,other,0.0,2,agame;miniplay,,,,,,,,,,,,0.0,0.0,0.0,0.0,0.0,0.0,0.0,0.0,0.0,0.0,,,monsterswheels
3253,Pizza Now!,time_mgmt_cooking,0.0,1,miniplay,,,,,,,,,,,,0.0,0.0,0.0,0.0,0.0,0.0,0.0,0.0,0.0,0.0,,,pizzanow
3254,Ocean Bubbles,other,0.0,1,miniplay,,,,,,,,,,,,0.0,0.0,0.0,0.0,0.0,0.0,0.0,0.0,0.0,0.0,,,oceanbubbles
3255,RIVALS [Roblox],rbx_reverse,0.0,1,miniplay,,,,,,,,,,,,0.0,0.0,0.0,0.0,0.0,0.0,0.0,0.0,0.0,0.0,,,rivalsroblox
3256,Meccha Chameleon,other,0.0,1,miniplay,,,,,,,,,,,,0.0,0.0,0.0,0.0,0.0,0.0,0.0,0.0,0.0,0.0,,,mecchachameleon
3257,Let's fish,other,0.0,2,agame;miniplay,,,,,,,,,,,,0.0,0.0,0.0,0.0,0.0,0.0,0.0,0.0,0.0,0.0,Let's Fish!,,letsfish
3258,Steal an Egg,rbx_reverse,0.0,2,miniplay;playgama,,,,,,,,,,,,0.0,0.0,0.0,0.0,0.0,0.0,0.0,0.0,0.0,0.0,Steal An Egg - Grow Animals / Steal an Egg!,,stealanegg
3259,Bloxity.io,other,0.0,1,miniplay,,,,,,,,,,,,0.0,0.0,0.0,0.0,0.0,0.0,0.0,0.0,0.0,0.0,,,bloxity
3260,Slither.io,io_eat_grow,0.0,2,miniplay;playgama,,,,,,,,,,,,0.0,0.0,0.0,0.0,0.0,0.0,0.0,0.0,0.0,0.0,Slither Classic,,slither
3261,Rummikub,other,0.0,1,miniplay,,,,,,,,,,,,0.0,0.0,0.0,0.0,0.0,0.0,0.0,0.0,0.0,0.0,,,rummikub
3262,Free Fire,other,0.0,1,miniplay,,,,,,,,,,,,0.0,0.0,0.0,0.0,0.0,0.0,0.0,0.0,0.0,0.0,,,fire
3263,Brawl Stars,other,0.0,1,miniplay,,,,,,,,,,,,0.0,0.0,0.0,0.0,0.0,0.0,0.0,0.0,0.0,0.0,,,brawlstars
3264,Animal Hospital,other,0.0,1,miniplay,,,,,,,,,,,,0.0,0.0,0.0,0.0,0.0,0.0,0.0,0.0,0.0,0.0,,,animalhospital
3265,Google Popcorn,other,0.0,1,miniplay,,,,,,,,,,,,0.0,0.0,0.0,0.0,0.0,0.0,0.0,0.0,0.0,0.0,,,googlepopcorn
3266,BedWars: Bloxd.io,sandbox_voxel,0.0,1,miniplay,,,,,,,,,,,,0.0,0.0,0.0,0.0,0.0,0.0,0.0,0.0,0.0,0.0,,,bedwars
3267,Turball.io,other,0.0,1,miniplay,,,,,,,,,,,,0.0,0.0,0.0,0.0,0.0,0.0,0.0,0.0,0.0,0.0,,,turball
3268,Super Mario Bros.,precision_platformer,0.0,1,miniplay,,,,,,,,,,,,0.0,0.0,0.0,0.0,0.0,0.0,0.0,0.0,0.0,0.0,,,supermariobros
3269,Super Mario World Online,precision_platformer,0.0,1,miniplay,,,,,,,,,,,,0.0,0.0,0.0,0.0,0.0,0.0,0.0,0.0,0.0,0.0,,,supermarioworld
3270,Pacman,other,0.0,1,miniplay,,,,,,,,,,,,0.0,0.0,0.0,0.0,0.0,0.0,0.0,0.0,0.0,0.0,,,pacman
3271,Super Mario 64,precision_platformer,0.0,1,miniplay,,,,,,,,,,,,0.0,0.0,0.0,0.0,0.0,0.0,0.0,0.0,0.0,0.0,,,supermario
3272,Plants vs Zombies 2 Gardendless,tower_defense,0.0,1,miniplay,,,,,,,,,,,,0.0,0.0,0.0,0.0,0.0,0.0,0.0,0.0,0.0,0.0,,,plantsvszombies2gardendless
3273,Tekken 3,other,0.0,1,miniplay,,,,,,,,,,,,0.0,0.0,0.0,0.0,0.0,0.0,0.0,0.0,0.0,0.0,,,tekken
3274,Pokemon Quetzal,other,0.0,1,miniplay,,,,,,,,,,,,0.0,0.0,0.0,0.0,0.0,0.0,0.0,0.0,0.0,0.0,,,pokemonquetzal
3275,Sonic 3 & Knuckles: The Challenges,other,0.0,1,miniplay,,,,,,,,,,,,0.0,0.0,0.0,0.0,0.0,0.0,0.0,0.0,0.0,0.0,,,sonic3knuckles
3276,Sonic,other,0.0,1,miniplay,,,,,,,,,,,,0.0,0.0,0.0,0.0,0.0,0.0,0.0,0.0,0.0,0.0,Sonic: The Hedgehog Sega,,sonic
3277,Balatro,other,0.0,1,miniplay,,,,,,,,,,,,0.0,0.0,0.0,0.0,0.0,0.0,0.0,0.0,0.0,0.0,,,balatro
3278,Monopoly,other,0.0,1,miniplay,,,,,,,,,,,,0.0,0.0,0.0,0.0,0.0,0.0,0.0,0.0,0.0,0.0,,,monopoly
3279,Dominoes Classic,classic_board_card,0.0,1,miniplay,,,,,,,,,,,,0.0,0.0,0.0,0.0,0.0,0.0,0.0,0.0,0.0,0.0,,,dominoes
3280,Governor of Poker,other,0.0,1,miniplay,,,,,,,,,,,,0.0,0.0,0.0,0.0,0.0,0.0,0.0,0.0,0.0,0.0,Governor of Poker 2 / Governor of Poker 3,,governorofpoker
3281,Chinese Solitaire,classic_board_card,0.0,1,miniplay,,,,,,,,,,,,0.0,0.0,0.0,0.0,0.0,0.0,0.0,0.0,0.0,0.0,,,chinesesolitaire
3282,2 Player Battle,other,0.0,1,miniplay,,,,,,,,,,,,0.0,0.0,0.0,0.0,0.0,0.0,0.0,0.0,0.0,0.0,,,2playerbattle
3283,Poker Texas Hold,other,0.0,1,miniplay,,,,,,,,,,,,0.0,0.0,0.0,0.0,0.0,0.0,0.0,0.0,0.0,0.0,,,pokertexashold
3284,Ludo Hero,classic_board_card,0.0,1,miniplay,,,,,,,,,,,,0.0,0.0,0.0,0.0,0.0,0.0,0.0,0.0,0.0,0.0,,,ludohero
3285,Mario Party,other,0.0,1,miniplay,,,,,,,,,,,,0.0,0.0,0.0,0.0,0.0,0.0,0.0,0.0,0.0,0.0,,,marioparty
3286,Cuphead,other,0.0,2,miniplay;twoplayergames,,,,,,,,,,,,0.0,0.0,0.0,0.0,0.0,0.0,0.0,0.0,0.0,0.0,,,cuphead
3287,Bad Ice-Cream,coop_duo_puzzle,0.0,2,miniplay;twoplayergames,,,,,,,,,,,,0.0,0.0,0.0,0.0,0.0,0.0,0.0,0.0,0.0,0.0,,,badicecream
3288,Sports Heads: Football Championship,head_sports,0.0,1,miniplay,,,,,,,,,,,,0.0,0.0,0.0,0.0,0.0,0.0,0.0,0.0,0.0,0.0,,,sportsheads
3289,Crazy Zombie 9: The Last Heroes,other,0.0,1,miniplay,,,,,,,,,,,,0.0,0.0,0.0,0.0,0.0,0.0,0.0,0.0,0.0,0.0,,,crazyzombie
3290,Super Mario Bros. Mini,precision_platformer,0.0,1,miniplay,,,,,,,,,,,,0.0,0.0,0.0,0.0,0.0,0.0,0.0,0.0,0.0,0.0,,,supermariobrosmini
3291,Marvel vs Capcom: Clash of Super Heroes,other,0.0,1,miniplay,,,,,,,,,,,,0.0,0.0,0.0,0.0,0.0,0.0,0.0,0.0,0.0,0.0,,,marvelvscapcom
3292,Cars 3D,other,0.0,1,miniplay,,,,,,,,,,,,0.0,0.0,0.0,0.0,0.0,0.0,0.0,0.0,0.0,0.0,,,cars3d
3293,"2, 3, 4, Player Games",minigame_collection,0.0,2,miniplay;twoplayergames,,,,,,,,,,,,0.0,0.0,0.0,0.0,0.0,0.0,0.0,0.0,0.0,0.0,2-3-4 Player Games,,234playergames
3294,Garry's Mod,other,0.0,1,miniplay,,,,,,,,,,,,0.0,0.0,0.0,0.0,0.0,0.0,0.0,0.0,0.0,0.0,,,garrysmod
3295,FNF Character Test Playground Remake,ragdoll_gore_course,0.0,1,miniplay,,,,,,,,,,,,0.0,0.0,0.0,0.0,0.0,0.0,0.0,0.0,0.0,0.0,,,fnfcharactertestplaygroundremake
3296,Friday Night Funkin' vs Sonic.EXE,rhythm_music,0.0,1,miniplay,,,,,,,,,,,,0.0,0.0,0.0,0.0,0.0,0.0,0.0,0.0,0.0,0.0,,,fridaynightfunkinvssonicexe
3297,Friday Night Funkin vs Impostor Among Us,horror_escape,0.0,1,miniplay,,,,,,,,,,,,0.0,0.0,0.0,0.0,0.0,0.0,0.0,0.0,0.0,0.0,,,fridaynightfunkinvsimpostoramongus
3298,Friday Night Funkin' HD,rhythm_music,0.0,1,miniplay,,,,,,,,,,,,0.0,0.0,0.0,0.0,0.0,0.0,0.0,0.0,0.0,0.0,,,fridaynightfunkinhd
3299,Friday Night Funkin' vs Huggy Wuggy,rhythm_music,0.0,1,miniplay,,,,,,,,,,,,0.0,0.0,0.0,0.0,0.0,0.0,0.0,0.0,0.0,0.0,,,fridaynightfunkinvshuggywuggy
3300,Friday Night Funkin' Slendytubbies Mod vs TinkyWinky,rhythm_music,0.0,1,miniplay,,,,,,,,,,,,0.0,0.0,0.0,0.0,0.0,0.0,0.0,0.0,0.0,0.0,,,fridaynightfunkinslendytubbiesmodvstinkywinky
3301,Friday Night Funkin' Smoke 'Em Out Struggle!,rhythm_music,0.0,1,miniplay,,,,,,,,,,,,0.0,0.0,0.0,0.0,0.0,0.0,0.0,0.0,0.0,0.0,,,fridaynightfunkinsmokeemoutstruggle
3302,Hot Dog Bush,other,0.0,1,miniplay,,,,,,,,,,,,0.0,0.0,0.0,0.0,0.0,0.0,0.0,0.0,0.0,0.0,,,hotdogbush
3303,Spongebob Restaurant,time_mgmt_cooking,0.0,1,miniplay,,,,,,,,,,,,0.0,0.0,0.0,0.0,0.0,0.0,0.0,0.0,0.0,0.0,,,spongebobrestaurant
3304,Cooking Rage,troll_platformer,0.0,1,miniplay,,,,,,,,,,,,0.0,0.0,0.0,0.0,0.0,0.0,0.0,0.0,0.0,0.0,,,cookingrage
3305,Burger Restaurant 3,time_mgmt_cooking,0.0,1,miniplay,,,,,,,,,,,,0.0,0.0,0.0,0.0,0.0,0.0,0.0,0.0,0.0,0.0,,,burgerrestaurant
3306,Scary Shawarma Kiosk: the ANOMALY,horror_escape,0.0,1,miniplay,,,,,,,,,,,,0.0,0.0,0.0,0.0,0.0,0.0,0.0,0.0,0.0,0.0,,,scaryshawarmakiosk
3307,Haunt the House,other,0.0,1,miniplay,,,,,,,,,,,,0.0,0.0,0.0,0.0,0.0,0.0,0.0,0.0,0.0,0.0,,,hauntthehouse
3308,Café Panic,other,0.0,1,miniplay,,,,,,,,,,,,0.0,0.0,0.0,0.0,0.0,0.0,0.0,0.0,0.0,0.0,,,cafpanic
3309,Firestone Idle RPG,idle_clicker,0.0,1,miniplay,,,,,,,,,,,,0.0,0.0,0.0,0.0,0.0,0.0,0.0,0.0,0.0,0.0,,,firestoneidlerpg
3310,Grand Theft Auto: Vice City,other,0.0,1,miniplay,,,,,,,,,,,,0.0,0.0,0.0,0.0,0.0,0.0,0.0,0.0,0.0,0.0,,,grandtheftauto
3311,Melon Sandbox,other,0.0,1,miniplay,,,,,,,,,,,,0.0,0.0,0.0,0.0,0.0,0.0,0.0,0.0,0.0,0.0,,,melonsandbox
3312,Hollow Knight,other,0.0,1,miniplay,,,,,,,,,,,,0.0,0.0,0.0,0.0,0.0,0.0,0.0,0.0,0.0,0.0,,,hollowknight
3313,Hero Zero,other,0.0,1,miniplay,,,,,,,,,,,,0.0,0.0,0.0,0.0,0.0,0.0,0.0,0.0,0.0,0.0,,,herozero
3314,Sonic Mania Plus,other,0.0,1,miniplay,,,,,,,,,,,,0.0,0.0,0.0,0.0,0.0,0.0,0.0,0.0,0.0,0.0,,,sonicmaniaplus
3315,Archer vs Monsters,artillery_turn,0.0,1,miniplay,,,,,,,,,,,,0.0,0.0,0.0,0.0,0.0,0.0,0.0,0.0,0.0,0.0,,,archervsmonsters
3316,PokéRogue,other,0.0,1,miniplay,,,,,,,,,,,,0.0,0.0,0.0,0.0,0.0,0.0,0.0,0.0,0.0,0.0,,,pokrogue
3317,FIFA 99,other,0.0,1,miniplay,,,,,,,,,,,,0.0,0.0,0.0,0.0,0.0,0.0,0.0,0.0,0.0,0.0,FIFA 2000: Major League Soccer / FIFA: Road to World Cup 98,,fifa
3318,Goalkeeper Premier,other,0.0,1,miniplay,,,,,,,,,,,,0.0,0.0,0.0,0.0,0.0,0.0,0.0,0.0,0.0,0.0,,,goalkeeperpremier
3319,Toon Cup 2021,other,0.0,1,miniplay,,,,,,,,,,,,0.0,0.0,0.0,0.0,0.0,0.0,0.0,0.0,0.0,0.0,,,tooncup
3320,GoalHeads.io,other,0.0,2,miniplay;twoplayergames,,,,,,,,,,,,0.0,0.0,0.0,0.0,0.0,0.0,0.0,0.0,0.0,0.0,GoalHeads io,,goalheads
3321,Football 2026 World Cup,other,0.0,1,miniplay,,,,,,,,,,,,0.0,0.0,0.0,0.0,0.0,0.0,0.0,0.0,0.0,0.0,,,footballworldcup
3322,Granny,horror_escape,0.0,1,miniplay,,,,,,,,,,,,0.0,0.0,0.0,0.0,0.0,0.0,0.0,0.0,0.0,0.0,Granny 4 / Granny: Chapter Two,,granny
3323,Five Nights at Epstein's,horror_escape,0.0,1,miniplay,,,,,,,,,,,,0.0,0.0,0.0,0.0,0.0,0.0,0.0,0.0,0.0,0.0,,,fivenightsatepsteins
3324,Ultimate Custom Night,other,0.0,1,miniplay,,,,,,,,,,,,0.0,0.0,0.0,0.0,0.0,0.0,0.0,0.0,0.0,0.0,,,ultimatecustomnight
3325,Baldi's Basics in Education and Learning,other,0.0,1,miniplay,,,,,,,,,,,,0.0,0.0,0.0,0.0,0.0,0.0,0.0,0.0,0.0,0.0,,,baldisbasicsineducationandlearning
3326,Poppy Playtime,horror_escape,0.0,1,miniplay,,,,,,,,,,,,0.0,0.0,0.0,0.0,0.0,0.0,0.0,0.0,0.0,0.0,,,poppyplaytime
3327,The Baby in Yellow,other,0.0,1,miniplay,,,,,,,,,,,,0.0,0.0,0.0,0.0,0.0,0.0,0.0,0.0,0.0,0.0,,,thebabyinyellow
3328,Pokémon Ruby Version,other,0.0,1,miniplay,,,,,,,,,,,,0.0,0.0,0.0,0.0,0.0,0.0,0.0,0.0,0.0,0.0,,,pokmonrubyversion
3329,Pokémon: Let's Go Pikachu,other,0.0,1,miniplay,,,,,,,,,,,,0.0,0.0,0.0,0.0,0.0,0.0,0.0,0.0,0.0,0.0,,,pokmon
3330,Pokémon Sapphire,other,0.0,1,miniplay,,,,,,,,,,,,0.0,0.0,0.0,0.0,0.0,0.0,0.0,0.0,0.0,0.0,,,pokmonsapphire
3331,Pokémon Mega,other,0.0,1,miniplay,,,,,,,,,,,,0.0,0.0,0.0,0.0,0.0,0.0,0.0,0.0,0.0,0.0,,,pokmonmega
3332,Pokémon Unbound,other,0.0,1,miniplay,,,,,,,,,,,,0.0,0.0,0.0,0.0,0.0,0.0,0.0,0.0,0.0,0.0,,,pokmonunbound
3333,Pokémon Go,other,0.0,1,miniplay,,,,,,,,,,,,0.0,0.0,0.0,0.0,0.0,0.0,0.0,0.0,0.0,0.0,,,pokmongo
3334,Pokémon Emerald Version,other,0.0,1,miniplay,,,,,,,,,,,,0.0,0.0,0.0,0.0,0.0,0.0,0.0,0.0,0.0,0.0,,,pokmonemeraldversion
3335,Pokémon FireRed Version,other,0.0,1,miniplay,,,,,,,,,,,,0.0,0.0,0.0,0.0,0.0,0.0,0.0,0.0,0.0,0.0,,,pokmonfireredversion
3336,Pokémon Overlord,other,0.0,1,miniplay,,,,,,,,,,,,0.0,0.0,0.0,0.0,0.0,0.0,0.0,0.0,0.0,0.0,,,pokmonoverlord
3337,Incredibox Sprunki,rbx_reverse,0.0,1,miniplay,,,,,,,,,,,,0.0,0.0,0.0,0.0,0.0,0.0,0.0,0.0,0.0,0.0,,,incrediboxsprunki
3338,Toca Boca World,other,0.0,1,miniplay,,,,,,,,,,,,0.0,0.0,0.0,0.0,0.0,0.0,0.0,0.0,0.0,0.0,,,tocabocaworld
3339,Toca Life World,other,0.0,1,miniplay,,,,,,,,,,,,0.0,0.0,0.0,0.0,0.0,0.0,0.0,0.0,0.0,0.0,,,tocalifeworld
3340,Super Bear Adventure,other,0.0,2,miniplay;twoplayergames,,,,,,,,,,,,0.0,0.0,0.0,0.0,0.0,0.0,0.0,0.0,0.0,0.0,,,superbearadventure
3341,Sonic Classic Heroes,other,0.0,1,miniplay,,,,,,,,,,,,0.0,0.0,0.0,0.0,0.0,0.0,0.0,0.0,0.0,0.0,,,sonicheroes
3342,Sonic Mania,other,0.0,1,miniplay,,,,,,,,,,,,0.0,0.0,0.0,0.0,0.0,0.0,0.0,0.0,0.0,0.0,,,sonicmania
3343,Sonic CD,other,0.0,1,miniplay,,,,,,,,,,,,0.0,0.0,0.0,0.0,0.0,0.0,0.0,0.0,0.0,0.0,,,soniccd
3344,Sonic 3 Rebuilt,other,0.0,1,miniplay,,,,,,,,,,,,0.0,0.0,0.0,0.0,0.0,0.0,0.0,0.0,0.0,0.0,,,sonic3rebuilt
3345,White Sonic in Sonic 3 & Knuckles,other,0.0,1,miniplay,,,,,,,,,,,,0.0,0.0,0.0,0.0,0.0,0.0,0.0,0.0,0.0,0.0,,,whitesonicinsonic3knuckles
3346,Sonic 2 Heroes,other,0.0,1,miniplay,,,,,,,,,,,,0.0,0.0,0.0,0.0,0.0,0.0,0.0,0.0,0.0,0.0,,,sonic2heroes
3347,Sonic the Hedgehog 4,other,0.0,1,miniplay,,,,,,,,,,,,0.0,0.0,0.0,0.0,0.0,0.0,0.0,0.0,0.0,0.0,,,sonicthehedgehog
3348,Sonic Advance 3,other,0.0,1,miniplay,,,,,,,,,,,,0.0,0.0,0.0,0.0,0.0,0.0,0.0,0.0,0.0,0.0,,,sonicadvance
3349,Super Mario Kart,precision_platformer,0.0,1,miniplay,,,,,,,,,,,,0.0,0.0,0.0,0.0,0.0,0.0,0.0,0.0,0.0,0.0,,,supermariokart
3350,Mario Kart 64,kart_battle,0.0,1,miniplay,,,,,,,,,,,,0.0,0.0,0.0,0.0,0.0,0.0,0.0,0.0,0.0,0.0,,,mariokart
3351,Crash Team Racing,car_stunt_drift,0.0,1,miniplay,,,,,,,,,,,,0.0,0.0,0.0,0.0,0.0,0.0,0.0,0.0,0.0,0.0,,,crashteamracing
3352,Formula Speed,other,0.0,1,miniplay,,,,,,,,,,,,0.0,0.0,0.0,0.0,0.0,0.0,0.0,0.0,0.0,0.0,,,formulaspeed
3353,Top Gear,other,0.0,1,miniplay,,,,,,,,,,,,0.0,0.0,0.0,0.0,0.0,0.0,0.0,0.0,0.0,0.0,,,topgear
3354,BeamNG.drive,other,0.0,1,miniplay,,,,,,,,,,,,0.0,0.0,0.0,0.0,0.0,0.0,0.0,0.0,0.0,0.0,,,beamngdrive
3355,Hot Wheels: Race Off Multiplayer,other,0.0,1,miniplay,,,,,,,,,,,,0.0,0.0,0.0,0.0,0.0,0.0,0.0,0.0,0.0,0.0,,,hotwheels
3356,MX Offroad Mountain Bike,bike_trials,0.0,2,miniplay;twoplayergames,,,,,,,,,,,,0.0,0.0,0.0,0.0,0.0,0.0,0.0,0.0,0.0,0.0,MX OffRoad Mountain Bike,,mxoffroadmountainbike
3357,Wordle,classic_board_card,0.0,1,miniplay,,,,,,,,,,,,0.0,0.0,0.0,0.0,0.0,0.0,0.0,0.0,0.0,0.0,,,wordle
3358,Mini Sudoku,classic_board_card,0.0,1,miniplay,,,,,,,,,,,,0.0,0.0,0.0,0.0,0.0,0.0,0.0,0.0,0.0,0.0,,,minisudoku
3359,Fire and Water,coop_duo_puzzle,0.0,1,twoplayergames,,,,,,,,,,,,0.0,0.0,0.0,0.0,0.0,0.0,0.0,0.0,0.0,0.0,,,fireandwater
3360,Two Ball 3D,endless_runner,0.0,1,twoplayergames,,,,,,,,,,,,0.0,0.0,0.0,0.0,0.0,0.0,0.0,0.0,0.0,0.0,,,twoball3d
3361,G-Switch 3,precision_platformer,0.0,1,twoplayergames,,,,,,,,,,,,0.0,0.0,0.0,0.0,0.0,0.0,0.0,0.0,0.0,0.0,,,gswitch
3362,Steal Animal Eggs Online,rbx_reverse,0.0,1,twoplayergames,,,,,,,,,,,,0.0,0.0,0.0,0.0,0.0,0.0,0.0,0.0,0.0,0.0,,,stealanimaleggs
3363,Fish Eat Getting Big,io_eat_grow,0.0,1,twoplayergames,,,,,,,,,,,,0.0,0.0,0.0,0.0,0.0,0.0,0.0,0.0,0.0,0.0,,,fisheatgettingbig
3364,World Cup Soccer Caps,penalty_freekick,0.0,1,twoplayergames,,,,,,,,,,,,0.0,0.0,0.0,0.0,0.0,0.0,0.0,0.0,0.0,0.0,,,worldcupsoccercaps
3365,Pico Park Scratch,coop_duo_puzzle,0.0,1,twoplayergames,,,,,,,,,,,,0.0,0.0,0.0,0.0,0.0,0.0,0.0,0.0,0.0,0.0,,,picoparkscratch
3366,Kick Lucky Blocks Online,rbx_reverse,0.0,1,twoplayergames,,,,,,,,,,,,0.0,0.0,0.0,0.0,0.0,0.0,0.0,0.0,0.0,0.0,,,kickluckyblocks
3367,Fireboy and Watergirl in The Forest Temple,coop_duo_puzzle,0.0,1,twoplayergames,,,,,,,,,,,,0.0,0.0,0.0,0.0,0.0,0.0,0.0,0.0,0.0,0.0,,,fireboyandwatergirlintheforesttemple
3368,Grand Extreme Racing,car_stunt_drift,0.0,1,twoplayergames,,,,,,,,,,,,0.0,0.0,0.0,0.0,0.0,0.0,0.0,0.0,0.0,0.0,,,grandextremeracing
3369,Gun Mayhem 2 More Mayhem,stickman_brawler,0.0,1,twoplayergames,,,,,,,,,,,,0.0,0.0,0.0,0.0,0.0,0.0,0.0,0.0,0.0,0.0,,,gunmayhem2moremayhem
3370,Boxhead 2Play,run_gun_coop,0.0,1,twoplayergames,,,,,,,,,,,,0.0,0.0,0.0,0.0,0.0,0.0,0.0,0.0,0.0,0.0,,,boxhead2play
3371,Italian Brainrot Obby Parkour,rbx_reverse,0.0,1,twoplayergames,,,,,,,,,,,,0.0,0.0,0.0,0.0,0.0,0.0,0.0,0.0,0.0,0.0,,,italianbrainrotobbyparkour
3372,Paint or Hunt,hide_seek_prop,0.0,1,twoplayergames,,,,,,,,,,,,0.0,0.0,0.0,0.0,0.0,0.0,0.0,0.0,0.0,0.0,,,paintorhunt
3373,Football Legends 2026,head_sports,0.0,1,twoplayergames,,,,,,,,,,,,0.0,0.0,0.0,0.0,0.0,0.0,0.0,0.0,0.0,0.0,Football Legends 2021,,footballlegends
3374,Get on Top,physics_random_duel,0.0,1,twoplayergames,,,,,,,,,,,,0.0,0.0,0.0,0.0,0.0,0.0,0.0,0.0,0.0,0.0,,,getontop
3375,MechaStick Fighter,stickman_brawler,0.0,1,twoplayergames,,,,,,,,,,,,0.0,0.0,0.0,0.0,0.0,0.0,0.0,0.0,0.0,0.0,,,mechastickfighter
3376,Summer Rider 3D,endless_runner,0.0,1,twoplayergames,,,,,,,,,,,,0.0,0.0,0.0,0.0,0.0,0.0,0.0,0.0,0.0,0.0,,,summerrider3d
3377,Hook A Brainrot,rbx_reverse,0.0,1,twoplayergames,,,,,,,,,,,,0.0,0.0,0.0,0.0,0.0,0.0,0.0,0.0,0.0,0.0,,,hookabrainrot
3378,Tag Run,precision_platformer,0.0,1,twoplayergames,,,,,,,,,,,,0.0,0.0,0.0,0.0,0.0,0.0,0.0,0.0,0.0,0.0,,,tagrun
3379,Tsunami Brainrots Online,rbx_reverse,0.0,1,twoplayergames,,,,,,,,,,,,0.0,0.0,0.0,0.0,0.0,0.0,0.0,0.0,0.0,0.0,,,tsunamibrainrots
3380,Sniper for Brainrots,rbx_reverse,0.0,2,playgama;twoplayergames,,,,,,,,,,,,0.0,0.0,0.0,0.0,0.0,0.0,0.0,0.0,0.0,0.0,,,sniperforbrainrots
3381,Geometry Vibes X-Ball,rhythm_auto_runner,0.0,1,twoplayergames,,,,,,,,,,,,0.0,0.0,0.0,0.0,0.0,0.0,0.0,0.0,0.0,0.0,,,geometryvibesxball
3382,Stick Arena: Battle,stickman_brawler,0.0,1,twoplayergames,,,,,,,,,,,,0.0,0.0,0.0,0.0,0.0,0.0,0.0,0.0,0.0,0.0,,,stickarena
3383,Brainrots Lava Survive Online,rbx_reverse,0.0,1,twoplayergames,,,,,,,,,,,,0.0,0.0,0.0,0.0,0.0,0.0,0.0,0.0,0.0,0.0,,,brainrotslavasurvive
3384,Sports Heads Football 2,head_sports,0.0,1,twoplayergames,,,,,,,,,,,,0.0,0.0,0.0,0.0,0.0,0.0,0.0,0.0,0.0,0.0,,,sportsheadsfootball
3385,2P Dino Run,endless_runner,0.0,1,twoplayergames,,,,,,,,,,,,0.0,0.0,0.0,0.0,0.0,0.0,0.0,0.0,0.0,0.0,,,2pdinorun
3386,Hockey Bros,physics_random_duel,0.0,1,twoplayergames,,,,,,,,,,,,0.0,0.0,0.0,0.0,0.0,0.0,0.0,0.0,0.0,0.0,,,hockeybros
3387,Retro Sports Champion,minigame_collection,0.0,1,twoplayergames,,,,,,,,,,,,0.0,0.0,0.0,0.0,0.0,0.0,0.0,0.0,0.0,0.0,,,retrosportschampion
3388,MiniBattles 2-6 Players,minigame_collection,0.0,1,twoplayergames,,,,,,,,,,,,0.0,0.0,0.0,0.0,0.0,0.0,0.0,0.0,0.0,0.0,,,minibattles26players
3389,Tank Trouble,tank_maze_duel,0.0,1,twoplayergames,,,,,,,,,,,,0.0,0.0,0.0,0.0,0.0,0.0,0.0,0.0,0.0,0.0,,,tanktrouble
3390,Grand City Racing,car_stunt_drift,0.0,1,twoplayergames,,,,,,,,,,,,0.0,0.0,0.0,0.0,0.0,0.0,0.0,0.0,0.0,0.0,,,grandcityracing
3391,Stickman Battle Fighting,stickman_brawler,0.0,1,twoplayergames,,,,,,,,,,,,0.0,0.0,0.0,0.0,0.0,0.0,0.0,0.0,0.0,0.0,,,stickmanbattlefighting
3392,Football Bros,physics_random_duel,0.0,1,twoplayergames,,,,,,,,,,,,0.0,0.0,0.0,0.0,0.0,0.0,0.0,0.0,0.0,0.0,,,footballbros
3393,Stick War: Infinity Duel,tower_defense,0.0,1,twoplayergames,,,,,,,,,,,,0.0,0.0,0.0,0.0,0.0,0.0,0.0,0.0,0.0,0.0,,,stickwar
3394,Fireboy and Watergirl 4 The Crystal Temple,coop_duo_puzzle,0.0,1,twoplayergames,,,,,,,,,,,,0.0,0.0,0.0,0.0,0.0,0.0,0.0,0.0,0.0,0.0,,,fireboyandwatergirl4thecrystaltemple
3395,Two Punk Racing,car_stunt_drift,0.0,1,twoplayergames,,,,,,,,,,,,0.0,0.0,0.0,0.0,0.0,0.0,0.0,0.0,0.0,0.0,,,twopunkracing
3396,Stickman Battle 1-4 Players,stickman_brawler,0.0,1,twoplayergames,,,,,,,,,,,,0.0,0.0,0.0,0.0,0.0,0.0,0.0,0.0,0.0,0.0,,,stickmanbattle14players
3397,Janissary Battles,tower_defense,0.0,1,twoplayergames,,,,,,,,,,,,0.0,0.0,0.0,0.0,0.0,0.0,0.0,0.0,0.0,0.0,,,janissarybattles
3398,Ninja Obby Parkour,rbx_reverse,0.0,1,twoplayergames,,,,,,,,,,,,0.0,0.0,0.0,0.0,0.0,0.0,0.0,0.0,0.0,0.0,,,ninjaobbyparkour
3399,Snow Rush 3D,other,0.0,2,playgama;twoplayergames,,,,,,,,,,,,0.0,0.0,0.0,0.0,0.0,0.0,0.0,0.0,0.0,0.0,,,snowrush3d
3400,Ragdoll Football,other,0.0,1,twoplayergames,,,,,,,,,,,,0.0,0.0,0.0,0.0,0.0,0.0,0.0,0.0,0.0,0.0,,,ragdollfootball
3401,Obby on a Bike,rbx_reverse,0.0,1,twoplayergames,,,,,,,,,,,,0.0,0.0,0.0,0.0,0.0,0.0,0.0,0.0,0.0,0.0,,,obbyonabike
3402,Float for Brainrots,rbx_reverse,0.0,1,twoplayergames,,,,,,,,,,,,0.0,0.0,0.0,0.0,0.0,0.0,0.0,0.0,0.0,0.0,,,floatforbrainrots
3403,Italian Brainrot Bike Rush,rbx_reverse,0.0,1,twoplayergames,,,,,,,,,,,,0.0,0.0,0.0,0.0,0.0,0.0,0.0,0.0,0.0,0.0,,,italianbrainrotbikerush
3404,Steal Car Duel,other,0.0,1,twoplayergames,,,,,,,,,,,,0.0,0.0,0.0,0.0,0.0,0.0,0.0,0.0,0.0,0.0,,,stealcarduel
3405,Cool SuperCars Stunts,other,0.0,1,twoplayergames,,,,,,,,,,,,0.0,0.0,0.0,0.0,0.0,0.0,0.0,0.0,0.0,0.0,,,coolsupercarsstunts
3406,Two Player Gold Miner,gold_miner_claw,0.0,1,twoplayergames,,,,,,,,,,,,0.0,0.0,0.0,0.0,0.0,0.0,0.0,0.0,0.0,0.0,,,twoplayergoldminer
3407,Fish Eat Fish,io_eat_grow,0.0,1,twoplayergames,,,,,,,,,,,,0.0,0.0,0.0,0.0,0.0,0.0,0.0,0.0,0.0,0.0,,,fisheatfish
3408,Double Bike Battle,other,0.0,1,twoplayergames,,,,,,,,,,,,0.0,0.0,0.0,0.0,0.0,0.0,0.0,0.0,0.0,0.0,,,doublebikebattle
3409,Dragon Ball Z Battle,other,0.0,1,twoplayergames,,,,,,,,,,,,0.0,0.0,0.0,0.0,0.0,0.0,0.0,0.0,0.0,0.0,,,dragonballzbattle
3410,Dino Game,endless_runner,0.0,1,twoplayergames,,,,,,,,,,,,0.0,0.0,0.0,0.0,0.0,0.0,0.0,0.0,0.0,0.0,,,dino
3411,Baseball Bros,other,0.0,1,twoplayergames,,,,,,,,,,,,0.0,0.0,0.0,0.0,0.0,0.0,0.0,0.0,0.0,0.0,,,baseballbros
3412,Euro Soccer Cup,other,0.0,1,twoplayergames,,,,,,,,,,,,0.0,0.0,0.0,0.0,0.0,0.0,0.0,0.0,0.0,0.0,,,eurosoccercup
3413,City Bike Stunt 2,bike_trials,0.0,1,twoplayergames,,,,,,,,,,,,0.0,0.0,0.0,0.0,0.0,0.0,0.0,0.0,0.0,0.0,,,citybikestunt
3414,Bleach vs Naruto,other,0.0,1,twoplayergames,,,,,,,,,,,,0.0,0.0,0.0,0.0,0.0,0.0,0.0,0.0,0.0,0.0,,,bleachvsnaruto
3415,Collect Brainrot Arena,rbx_reverse,0.0,1,twoplayergames,,,,,,,,,,,,0.0,0.0,0.0,0.0,0.0,0.0,0.0,0.0,0.0,0.0,,,collectbrainrotarena
3416,Obby Tower Parkour Climb,rbx_reverse,0.0,1,twoplayergames,,,,,,,,,,,,0.0,0.0,0.0,0.0,0.0,0.0,0.0,0.0,0.0,0.0,,,obbytowerparkourclimb
3417,Tube Jumpers,physics_random_duel,0.0,1,twoplayergames,,,,,,,,,,,,0.0,0.0,0.0,0.0,0.0,0.0,0.0,0.0,0.0,0.0,,,tubejumpers
3418,Dragon Ball Fierce Fighting 2.9,other,0.0,1,twoplayergames,,,,,,,,,,,,0.0,0.0,0.0,0.0,0.0,0.0,0.0,0.0,0.0,0.0,,,dragonballfiercefighting
3419,Janissary Tower,tower_defense,0.0,1,twoplayergames,,,,,,,,,,,,0.0,0.0,0.0,0.0,0.0,0.0,0.0,0.0,0.0,0.0,,,janissarytower
3420,Obby Highest Jump Ever,rbx_reverse,0.0,1,twoplayergames,,,,,,,,,,,,0.0,0.0,0.0,0.0,0.0,0.0,0.0,0.0,0.0,0.0,,,obbyhighestjumpever
3421,PikWip,other,0.0,1,twoplayergames,,,,,,,,,,,,0.0,0.0,0.0,0.0,0.0,0.0,0.0,0.0,0.0,0.0,,,pikwip
3422,Escape the Alien Prison,other,0.0,1,twoplayergames,,,,,,,,,,,,0.0,0.0,0.0,0.0,0.0,0.0,0.0,0.0,0.0,0.0,,,escapethealienprison
3423,Soccer Physics World Cup,physics_random_duel,0.0,1,twoplayergames,,,,,,,,,,,,0.0,0.0,0.0,0.0,0.0,0.0,0.0,0.0,0.0,0.0,,,soccerphysicsworldcup
3424,2048 Duel,merge_drop,0.0,1,twoplayergames,,,,,,,,,,,,0.0,0.0,0.0,0.0,0.0,0.0,0.0,0.0,0.0,0.0,,,duel
3425,Pogo Masters,other,0.0,1,twoplayergames,,,,,,,,,,,,0.0,0.0,0.0,0.0,0.0,0.0,0.0,0.0,0.0,0.0,,,pogomasters
3426,Retakes io,other,0.0,1,twoplayergames,,,,,,,,,,,,0.0,0.0,0.0,0.0,0.0,0.0,0.0,0.0,0.0,0.0,,,retakes
3427,Cart Ride OBBY,rbx_reverse,0.0,1,twoplayergames,,,,,,,,,,,,0.0,0.0,0.0,0.0,0.0,0.0,0.0,0.0,0.0,0.0,,,cartrideobby
3428,Grazing Giraffe,other,0.0,1,twoplayergames,,,,,,,,,,,,0.0,0.0,0.0,0.0,0.0,0.0,0.0,0.0,0.0,0.0,,,grazinggiraffe
3429,Escape For Tsunami +1 Speed,rbx_reverse,0.0,1,twoplayergames,,,,,,,,,,,,0.0,0.0,0.0,0.0,0.0,0.0,0.0,0.0,0.0,0.0,,,escapefortsunami1speed
3430,Steal Lucky Blocks,rbx_reverse,0.0,1,twoplayergames,,,,,,,,,,,,0.0,0.0,0.0,0.0,0.0,0.0,0.0,0.0,0.0,0.0,,,stealluckyblocks
3431,Obby Mini Games,rbx_reverse,0.0,1,twoplayergames,,,,,,,,,,,,0.0,0.0,0.0,0.0,0.0,0.0,0.0,0.0,0.0,0.0,,,obbyminigames
3432,Math Obby,rbx_reverse,0.0,1,twoplayergames,,,,,,,,,,,,0.0,0.0,0.0,0.0,0.0,0.0,0.0,0.0,0.0,0.0,,,mathobby
3433,Last War: Survival,other,0.0,1,twoplayergames,,,,,,,,,,,,0.0,0.0,0.0,0.0,0.0,0.0,0.0,0.0,0.0,0.0,,,lastwar
3434,Lazy Bear,other,0.0,1,twoplayergames,,,,,,,,,,,,0.0,0.0,0.0,0.0,0.0,0.0,0.0,0.0,0.0,0.0,,,lazybear
3435,Run for Brainrots,rbx_reverse,0.0,1,twoplayergames,,,,,,,,,,,,0.0,0.0,0.0,0.0,0.0,0.0,0.0,0.0,0.0,0.0,,,runforbrainrots
3436,Richup io,other,0.0,1,twoplayergames,,,,,,,,,,,,0.0,0.0,0.0,0.0,0.0,0.0,0.0,0.0,0.0,0.0,,,richup
3437,Epic Escape from Barrys Prison,other,0.0,1,twoplayergames,,,,,,,,,,,,0.0,0.0,0.0,0.0,0.0,0.0,0.0,0.0,0.0,0.0,,,epicescapefrombarrysprison
3438,WorldGuessr,classic_board_card,0.0,1,twoplayergames,,,,,,,,,,,,0.0,0.0,0.0,0.0,0.0,0.0,0.0,0.0,0.0,0.0,,,worldguessr
3439,Eaglercraft,sandbox_voxel,0.0,1,twoplayergames,,,,,,,,,,,,0.0,0.0,0.0,0.0,0.0,0.0,0.0,0.0,0.0,0.0,,,eaglercraft
3440,Punch the Annoying Boss,other,0.0,1,twoplayergames,,,,,,,,,,,,0.0,0.0,0.0,0.0,0.0,0.0,0.0,0.0,0.0,0.0,,,punchtheannoyingboss
3441,Mineland,other,0.0,1,twoplayergames,,,,,,,,,,,,0.0,0.0,0.0,0.0,0.0,0.0,0.0,0.0,0.0,0.0,,,mineland
3442,Playgama AI,other,0.0,1,playgama,,,,,,,,,,,,0.0,0.0,0.0,0.0,0.0,0.0,0.0,0.0,0.0,0.0,,,playgamaai
3443,Emerland Solitaire,classic_board_card,0.0,1,playgama,,,,,,,,,,,,0.0,0.0,0.0,0.0,0.0,0.0,0.0,0.0,0.0,0.0,,,emerlandsolitaire
3444,Extreme Car Driving Simulator,other,0.0,1,playgama,,,,,,,,,,,,0.0,0.0,0.0,0.0,0.0,0.0,0.0,0.0,0.0,0.0,,,extremecardrivingsimulator
3445,Rebound Rascals,other,0.0,1,playgama,,,,,,,,,,,,0.0,0.0,0.0,0.0,0.0,0.0,0.0,0.0,0.0,0.0,,,reboundrascals
3446,Mystery Dumpling Go: Merge IO,merge_drop,0.0,1,playgama,,,,,,,,,,,,0.0,0.0,0.0,0.0,0.0,0.0,0.0,0.0,0.0,0.0,,,mysterydumplinggo
3447,+1 Speed Keyboard Escape: Obby,rbx_reverse,0.0,1,playgama,,,,,,,,,,,,0.0,0.0,0.0,0.0,0.0,0.0,0.0,0.0,0.0,0.0,,,1speedkeyboardescape
3448,Popping Candies,other,0.0,1,playgama,,,,,,,,,,,,0.0,0.0,0.0,0.0,0.0,0.0,0.0,0.0,0.0,0.0,,,poppingcandies
3449,Defender: Tanks Merge,tank_maze_duel,0.0,1,playgama,,,,,,,,,,,,0.0,0.0,0.0,0.0,0.0,0.0,0.0,0.0,0.0,0.0,,,defender
3450,Draw Crash Race,other,0.0,1,playgama,,,,,,,,,,,,0.0,0.0,0.0,0.0,0.0,0.0,0.0,0.0,0.0,0.0,,,drawcrashrace
3451,Fashion Princess - Dress Up for Girls,dress_up_makeover,0.0,1,playgama,,,,,,,,,,,,0.0,0.0,0.0,0.0,0.0,0.0,0.0,0.0,0.0,0.0,,,fashionprincess
3452,Fruit Merge: Juicy Drop Game,merge_drop,0.0,1,playgama,,,,,,,,,,,,0.0,0.0,0.0,0.0,0.0,0.0,0.0,0.0,0.0,0.0,,,fruitmerge
3453,Wild Horse Simulator Racing Games,car_stunt_drift,0.0,1,playgama,,,,,,,,,,,,0.0,0.0,0.0,0.0,0.0,0.0,0.0,0.0,0.0,0.0,,,wildhorsesimulatorracinggames
3454,Ball Eating Simulator,io_eat_grow,0.0,1,playgama,,,,,,,,,,,,0.0,0.0,0.0,0.0,0.0,0.0,0.0,0.0,0.0,0.0,,,balleatingsimulator
3455,Crazy Vikings Life,other,0.0,1,playgama,,,,,,,,,,,,0.0,0.0,0.0,0.0,0.0,0.0,0.0,0.0,0.0,0.0,,,crazyvikingslife
3456,Paper Doll Makeover & Dress Up,dress_up_makeover,0.0,1,playgama,,,,,,,,,,,,0.0,0.0,0.0,0.0,0.0,0.0,0.0,0.0,0.0,0.0,,,paperdollmakeoverdressup
3457,Sprunki Sandbox: Ragdoll Playground Mode,rbx_reverse,0.0,1,playgama,,,,,,,,,,,,0.0,0.0,0.0,0.0,0.0,0.0,0.0,0.0,0.0,0.0,,,sprunkisandbox
3458,Rise of the Dead,other,0.0,1,playgama,,,,,,,,,,,,0.0,0.0,0.0,0.0,0.0,0.0,0.0,0.0,0.0,0.0,,,riseofthedead
3459,Car Smash Simulator: Crash & Tune,other,0.0,1,playgama,,,,,,,,,,,,0.0,0.0,0.0,0.0,0.0,0.0,0.0,0.0,0.0,0.0,,,carsmashsimulator
3460,Car Crush: Realistic Destruction,physics_destruction,0.0,1,playgama,,,,,,,,,,,,0.0,0.0,0.0,0.0,0.0,0.0,0.0,0.0,0.0,0.0,,,carcrush
3461,Expand.io,other,0.0,1,playgama,,,,,,,,,,,,0.0,0.0,0.0,0.0,0.0,0.0,0.0,0.0,0.0,0.0,,,expand
3462,Abyss: Ragdoll Descent,other,0.0,1,playgama,,,,,,,,,,,,0.0,0.0,0.0,0.0,0.0,0.0,0.0,0.0,0.0,0.0,,,abyss
3463,Moto Escape: Keyboard +1 Speed,rbx_reverse,0.0,1,playgama,,,,,,,,,,,,0.0,0.0,0.0,0.0,0.0,0.0,0.0,0.0,0.0,0.0,,,motoescape
3464,Pregnant Mom Simulator,other,0.0,1,playgama,,,,,,,,,,,,0.0,0.0,0.0,0.0,0.0,0.0,0.0,0.0,0.0,0.0,,,pregnantmomsimulator
3465,Obby Escape: Gym Arm Wrestling,rbx_reverse,0.0,1,playgama,,,,,,,,,,,,0.0,0.0,0.0,0.0,0.0,0.0,0.0,0.0,0.0,0.0,,,obbyescape
3466,Dangerous Fellows,other,0.0,1,playgama,,,,,,,,,,,,0.0,0.0,0.0,0.0,0.0,0.0,0.0,0.0,0.0,0.0,,,dangerousfellows
3467,Vector Parkour Run,precision_platformer,0.0,1,playgama,,,,,,,,,,,,0.0,0.0,0.0,0.0,0.0,0.0,0.0,0.0,0.0,0.0,,,vectorparkourrun
3468,Aura Edit Arena Obby,rbx_reverse,0.0,1,playgama,,,,,,,,,,,,0.0,0.0,0.0,0.0,0.0,0.0,0.0,0.0,0.0,0.0,,,auraeditarenaobby
3469,Secret Hall: Hidden Objects,classic_board_card,0.0,1,playgama,,,,,,,,,,,,0.0,0.0,0.0,0.0,0.0,0.0,0.0,0.0,0.0,0.0,,,secrethall
3470,Break The Noob Completely!,other,0.0,1,playgama,,,,,,,,,,,,0.0,0.0,0.0,0.0,0.0,0.0,0.0,0.0,0.0,0.0,,,breakthenoobcompletely
3471,Idol Livestream: Doll Dress Up,dress_up_makeover,0.0,1,playgama,,,,,,,,,,,,0.0,0.0,0.0,0.0,0.0,0.0,0.0,0.0,0.0,0.0,,,idollivestream
3472,Bubble Pop Legend,other,0.0,1,playgama,,,,,,,,,,,,0.0,0.0,0.0,0.0,0.0,0.0,0.0,0.0,0.0,0.0,,,bubblepoplegend
3473,Pregnant Mother Simulator,other,0.0,1,playgama,,,,,,,,,,,,0.0,0.0,0.0,0.0,0.0,0.0,0.0,0.0,0.0,0.0,,,pregnantmothersimulator
3474,Elemental Monsters: Merge,merge_drop,0.0,1,playgama,,,,,,,,,,,,0.0,0.0,0.0,0.0,0.0,0.0,0.0,0.0,0.0,0.0,,,elementalmonsters
3475,Good Sort Master: Triple Match,merge_drop,0.0,1,playgama,,,,,,,,,,,,0.0,0.0,0.0,0.0,0.0,0.0,0.0,0.0,0.0,0.0,,,goodsortmaster
3476,Hedgies,other,0.0,1,playgama,,,,,,,,,,,,0.0,0.0,0.0,0.0,0.0,0.0,0.0,0.0,0.0,0.0,,,hedgies
3477,Millionaire Life,other,0.0,1,playgama,,,,,,,,,,,,0.0,0.0,0.0,0.0,0.0,0.0,0.0,0.0,0.0,0.0,,,millionairelife
3478,Word Finder,classic_board_card,0.0,1,playgama,,,,,,,,,,,,0.0,0.0,0.0,0.0,0.0,0.0,0.0,0.0,0.0,0.0,,,wordfinder
3479,Find the Frog - Hidden Objects,classic_board_card,0.0,1,playgama,,,,,,,,,,,,0.0,0.0,0.0,0.0,0.0,0.0,0.0,0.0,0.0,0.0,,,findthefrog
3480,Arrow Puzzle,other,0.0,1,playgama,,,,,,,,,,,,0.0,0.0,0.0,0.0,0.0,0.0,0.0,0.0,0.0,0.0,,,arrowpuzzle
3481,My Town Home: Family Playhouse,other,0.0,1,playgama,,,,,,,,,,,,0.0,0.0,0.0,0.0,0.0,0.0,0.0,0.0,0.0,0.0,,,mytownhome
3482,Cozy Garden,other,0.0,1,playgama,,,,,,,,,,,,0.0,0.0,0.0,0.0,0.0,0.0,0.0,0.0,0.0,0.0,,,cozygarden
3483,Hero vs Traps,other,0.0,1,playgama,,,,,,,,,,,,0.0,0.0,0.0,0.0,0.0,0.0,0.0,0.0,0.0,0.0,,,herovstraps
3484,Wrist Survivor,other,0.0,1,playgama,,,,,,,,,,,,0.0,0.0,0.0,0.0,0.0,0.0,0.0,0.0,0.0,0.0,,,wristsurvivor
3485,Next Gen 4x4 Offroad Simulator,car_stunt_drift,0.0,1,playgama,,,,,,,,,,,,0.0,0.0,0.0,0.0,0.0,0.0,0.0,0.0,0.0,0.0,,,nextgen4x4offroadsimulator
3486,Bone Throne,other,0.0,1,playgama,,,,,,,,,,,,0.0,0.0,0.0,0.0,0.0,0.0,0.0,0.0,0.0,0.0,,,bonethrone
3487,Lucky Dice,other,0.0,1,playgama,,,,,,,,,,,,0.0,0.0,0.0,0.0,0.0,0.0,0.0,0.0,0.0,0.0,,,luckydice
3488,Tactical Move,other,0.0,1,playgama,,,,,,,,,,,,0.0,0.0,0.0,0.0,0.0,0.0,0.0,0.0,0.0,0.0,,,tacticalmove
3489,Penguin Homerun,other,0.0,1,playgama,,,,,,,,,,,,0.0,0.0,0.0,0.0,0.0,0.0,0.0,0.0,0.0,0.0,,,penguinhomerun
3490,Car Inserter,other,0.0,1,playgama,,,,,,,,,,,,0.0,0.0,0.0,0.0,0.0,0.0,0.0,0.0,0.0,0.0,,,carinserter
3491,Jade Toss: Arrow Challenge,artillery_turn,0.0,1,playgama,,,,,,,,,,,,0.0,0.0,0.0,0.0,0.0,0.0,0.0,0.0,0.0,0.0,,,jadetoss
3492,Tidy Bot,other,0.0,1,playgama,,,,,,,,,,,,0.0,0.0,0.0,0.0,0.0,0.0,0.0,0.0,0.0,0.0,,,tidybot
3493,Chop or Grow,fruit_slice,0.0,1,playgama,,,,,,,,,,,,0.0,0.0,0.0,0.0,0.0,0.0,0.0,0.0,0.0,0.0,,,choporgrow
3494,Connect Tracks,other,0.0,1,playgama,,,,,,,,,,,,0.0,0.0,0.0,0.0,0.0,0.0,0.0,0.0,0.0,0.0,,,connecttracks
3495,Mahjong Lines,classic_board_card,0.0,1,playgama,,,,,,,,,,,,0.0,0.0,0.0,0.0,0.0,0.0,0.0,0.0,0.0,0.0,,,mahjonglines
3496,Kong Island,other,0.0,1,playgama,,,,,,,,,,,,0.0,0.0,0.0,0.0,0.0,0.0,0.0,0.0,0.0,0.0,,,kongisland
3497,Word Cross,classic_board_card,0.0,1,playgama,,,,,,,,,,,,0.0,0.0,0.0,0.0,0.0,0.0,0.0,0.0,0.0,0.0,,,wordcross
3498,My Fun Park,other,0.0,1,playgama,,,,,,,,,,,,0.0,0.0,0.0,0.0,0.0,0.0,0.0,0.0,0.0,0.0,,,myfunpark
3499,Cozy Coloring,draw_guess_party,0.0,1,playgama,,,,,,,,,,,,0.0,0.0,0.0,0.0,0.0,0.0,0.0,0.0,0.0,0.0,,,cozycoloring
3500,Bubble Word Jam,classic_board_card,0.0,1,playgama,,,,,,,,,,,,0.0,0.0,0.0,0.0,0.0,0.0,0.0,0.0,0.0,0.0,,,bubblewordjam
3501,Hero Wars,other,0.0,1,playgama,,,,,,,,,,,,0.0,0.0,0.0,0.0,0.0,0.0,0.0,0.0,0.0,0.0,,,herowars
3502,Deck Beasts,other,0.0,1,playgama,,,,,,,,,,,,0.0,0.0,0.0,0.0,0.0,0.0,0.0,0.0,0.0,0.0,,,deckbeasts
3503,Booblyc TD: Card Tower Defense,tower_defense,0.0,1,playgama,,,,,,,,,,,,0.0,0.0,0.0,0.0,0.0,0.0,0.0,0.0,0.0,0.0,,,booblyctd
3504,Pirate Raid,other,0.0,1,playgama,,,,,,,,,,,,0.0,0.0,0.0,0.0,0.0,0.0,0.0,0.0,0.0,0.0,,,pirateraid
3505,Hero Defense King,other,0.0,1,playgama,,,,,,,,,,,,0.0,0.0,0.0,0.0,0.0,0.0,0.0,0.0,0.0,0.0,,,herodefenseking
3506,Playground Man Mod! Web of Destruction!,ragdoll_gore_course,0.0,1,playgama,,,,,,,,,,,,0.0,0.0,0.0,0.0,0.0,0.0,0.0,0.0,0.0,0.0,,,playgroundmanmodwebofdestruction
3507,Orc Breach,other,0.0,1,playgama,,,,,,,,,,,,0.0,0.0,0.0,0.0,0.0,0.0,0.0,0.0,0.0,0.0,,,orcbreach
3508,Block Zero,other,0.0,1,playgama,,,,,,,,,,,,0.0,0.0,0.0,0.0,0.0,0.0,0.0,0.0,0.0,0.0,,,blockzero
3509,Gorbo the Orc: Crown Quest,other,0.0,1,playgama,,,,,,,,,,,,0.0,0.0,0.0,0.0,0.0,0.0,0.0,0.0,0.0,0.0,,,gorbotheorc
3510,Candy Crush Saga,classic_board_card,0.0,1,playgama,,,,,,,,,,,,0.0,0.0,0.0,0.0,0.0,0.0,0.0,0.0,0.0,0.0,,,candycrushsaga
3511,"Oh, Snack!",other,0.0,1,playgama,,,,,,,,,,,,0.0,0.0,0.0,0.0,0.0,0.0,0.0,0.0,0.0,0.0,,,ohsnack
3512,Looking For Aliens,other,0.0,1,playgama,,,,,,,,,,,,0.0,0.0,0.0,0.0,0.0,0.0,0.0,0.0,0.0,0.0,,,lookingforaliens
3513,Trivia Runner,endless_runner,0.0,1,playgama,,,,,,,,,,,,0.0,0.0,0.0,0.0,0.0,0.0,0.0,0.0,0.0,0.0,,,triviarunner
3514,Arrowscape: Arrow Puzzle,other,0.0,1,playgama,,,,,,,,,,,,0.0,0.0,0.0,0.0,0.0,0.0,0.0,0.0,0.0,0.0,,,arrowscape
3515,Smash the Piggy!,physics_destruction,0.0,1,playgama,,,,,,,,,,,,0.0,0.0,0.0,0.0,0.0,0.0,0.0,0.0,0.0,0.0,,,smashthepiggy
3516,Bublix: Bubble Hit,other,0.0,1,playgama,,,,,,,,,,,,0.0,0.0,0.0,0.0,0.0,0.0,0.0,0.0,0.0,0.0,,,bublix
3517,MegaZuma,classic_board_card,0.0,1,playgama,,,,,,,,,,,,0.0,0.0,0.0,0.0,0.0,0.0,0.0,0.0,0.0,0.0,,,megazuma
3518,Paws & Paths,other,0.0,1,playgama,,,,,,,,,,,,0.0,0.0,0.0,0.0,0.0,0.0,0.0,0.0,0.0,0.0,,,pawspaths
3519,Vampire Hotel: Tile Match,other,0.0,1,playgama,,,,,,,,,,,,0.0,0.0,0.0,0.0,0.0,0.0,0.0,0.0,0.0,0.0,,,vampirehotel
3520,Blockibo: Color Blocks,other,0.0,1,playgama,,,,,,,,,,,,0.0,0.0,0.0,0.0,0.0,0.0,0.0,0.0,0.0,0.0,,,blockibo
3521,Arrow Exit Puzzle,other,0.0,1,playgama,,,,,,,,,,,,0.0,0.0,0.0,0.0,0.0,0.0,0.0,0.0,0.0,0.0,,,arrowexitpuzzle
3522,Arrow Cube 3D,other,0.0,1,playgama,,,,,,,,,,,,0.0,0.0,0.0,0.0,0.0,0.0,0.0,0.0,0.0,0.0,,,arrowcube3d
3523,Car Destruction King,physics_destruction,0.0,1,playgama,,,,,,,,,,,,0.0,0.0,0.0,0.0,0.0,0.0,0.0,0.0,0.0,0.0,,,cardestructionking
3524,Extreme Car Driving Stunts,other,0.0,1,playgama,,,,,,,,,,,,0.0,0.0,0.0,0.0,0.0,0.0,0.0,0.0,0.0,0.0,,,extremecardrivingstunts
3525,Mega Ramp Stunt,other,0.0,1,playgama,,,,,,,,,,,,0.0,0.0,0.0,0.0,0.0,0.0,0.0,0.0,0.0,0.0,,,megarampstunt
3526,TRAFFIC Rush Online,other,0.0,1,playgama,,,,,,,,,,,,0.0,0.0,0.0,0.0,0.0,0.0,0.0,0.0,0.0,0.0,,,trafficrush
3527,Backflip Rooftops Survivor,other,0.0,1,playgama,,,,,,,,,,,,0.0,0.0,0.0,0.0,0.0,0.0,0.0,0.0,0.0,0.0,,,backfliprooftopssurvivor
3528,Sorter: Ragdoll Playground Shooter,ragdoll_gore_course,0.0,1,playgama,,,,,,,,,,,,0.0,0.0,0.0,0.0,0.0,0.0,0.0,0.0,0.0,0.0,,,sorter
3529,Clown Fiesta,other,0.0,1,playgama,,,,,,,,,,,,0.0,0.0,0.0,0.0,0.0,0.0,0.0,0.0,0.0,0.0,,,clownfiesta
3530,Slime Heroes,other,0.0,1,playgama,,,,,,,,,,,,0.0,0.0,0.0,0.0,0.0,0.0,0.0,0.0,0.0,0.0,,,slimeheroes
3531,Chess Tactics,classic_board_card,0.0,1,playgama,,,,,,,,,,,,0.0,0.0,0.0,0.0,0.0,0.0,0.0,0.0,0.0,0.0,,,chesstactics
3532,Sniper Attack2,io_arena_shooter,0.0,1,playgama,,,,,,,,,,,,0.0,0.0,0.0,0.0,0.0,0.0,0.0,0.0,0.0,0.0,,,sniperattack
3533,Sprunki World Online RP,rbx_reverse,0.0,1,playgama,,,,,,,,,,,,0.0,0.0,0.0,0.0,0.0,0.0,0.0,0.0,0.0,0.0,,,sprunkiworldrp
3534,+1 Speed: Escape Prison,rbx_reverse,0.0,1,playgama,,,,,,,,,,,,0.0,0.0,0.0,0.0,0.0,0.0,0.0,0.0,0.0,0.0,,,1speed
3535,Fiorella - Flower Shop,other,0.0,1,playgama,,,,,,,,,,,,0.0,0.0,0.0,0.0,0.0,0.0,0.0,0.0,0.0,0.0,,,fiorella
3536,Cooking Marina - cooking games,time_mgmt_cooking,0.0,1,playgama,,,,,,,,,,,,0.0,0.0,0.0,0.0,0.0,0.0,0.0,0.0,0.0,0.0,,,cookingmarina
3537,Cooking Tasty: Restaurant Game,time_mgmt_cooking,0.0,1,playgama,,,,,,,,,,,,0.0,0.0,0.0,0.0,0.0,0.0,0.0,0.0,0.0,0.0,,,cookingtasty
3538,Wild Love,other,0.0,1,playgama,,,,,,,,,,,,0.0,0.0,0.0,0.0,0.0,0.0,0.0,0.0,0.0,0.0,,,wildlove
3539,ASMR Girl: Livestream Mukbang,other,0.0,1,playgama,,,,,,,,,,,,0.0,0.0,0.0,0.0,0.0,0.0,0.0,0.0,0.0,0.0,,,asmrgirl
3540,Animal Hair Salon,dress_up_makeover,0.0,1,playgama,,,,,,,,,,,,0.0,0.0,0.0,0.0,0.0,0.0,0.0,0.0,0.0,0.0,,,animalhairsalon
3541,Playground Shooter! Shotgun vs. Ragdolls!,ragdoll_gore_course,0.0,1,playgama,,,,,,,,,,,,0.0,0.0,0.0,0.0,0.0,0.0,0.0,0.0,0.0,0.0,,,playgroundshootershotgunvsragdolls
3542,Merge Fruit Characters,merge_drop,0.0,1,playgama,,,,,,,,,,,,0.0,0.0,0.0,0.0,0.0,0.0,0.0,0.0,0.0,0.0,,,mergefruitcharacters
3543,Say Cheese!,other,0.0,1,playgama,,,,,,,,,,,,0.0,0.0,0.0,0.0,0.0,0.0,0.0,0.0,0.0,0.0,,,saycheese
3544,Break Stick Completely,other,0.0,1,playgama,,,,,,,,,,,,0.0,0.0,0.0,0.0,0.0,0.0,0.0,0.0,0.0,0.0,,,breakstickcompletely
3545,Fun Ragdoll Challenge! Mini Games Collection!,minigame_collection,0.0,1,playgama,,,,,,,,,,,,0.0,0.0,0.0,0.0,0.0,0.0,0.0,0.0,0.0,0.0,,,funragdollchallengeminigamescollection
3546,Sprunki Action Playground: Ragdoll Sandbox,rbx_reverse,0.0,1,playgama,,,,,,,,,,,,0.0,0.0,0.0,0.0,0.0,0.0,0.0,0.0,0.0,0.0,,,sprunkiactionplayground
3547,Ragdoll Soccer,physics_random_duel,0.0,1,playgama,,,,,,,,,,,,0.0,0.0,0.0,0.0,0.0,0.0,0.0,0.0,0.0,0.0,,,ragdollsoccer
3548,Baby Brainrots - Multiplayer with Friends!,rbx_reverse,0.0,1,playgama,,,,,,,,,,,,0.0,0.0,0.0,0.0,0.0,0.0,0.0,0.0,0.0,0.0,,,babybrainrots
3549,Dismount Ragdoll,ragdoll_gore_course,0.0,1,playgama,,,,,,,,,,,,0.0,0.0,0.0,0.0,0.0,0.0,0.0,0.0,0.0,0.0,,,dismountragdoll
3550,Italian Brainrot Find the Difference,rbx_reverse,0.0,1,playgama,,,,,,,,,,,,0.0,0.0,0.0,0.0,0.0,0.0,0.0,0.0,0.0,0.0,,,italianbrainrotfindthedifference
3551,TELETEXT: Bug Survivor,other,0.0,1,playgama,,,,,,,,,,,,0.0,0.0,0.0,0.0,0.0,0.0,0.0,0.0,0.0,0.0,,,teletext
3552,Night Shift,other,0.0,1,playgama,,,,,,,,,,,,0.0,0.0,0.0,0.0,0.0,0.0,0.0,0.0,0.0,0.0,,,nightshift
3553,Imposter 3D online horror,horror_escape,0.0,1,playgama,,,,,,,,,,,,0.0,0.0,0.0,0.0,0.0,0.0,0.0,0.0,0.0,0.0,,,imposter3dhorror
3554,The Tall Man,endless_runner,0.0,1,playgama,,,,,,,,,,,,0.0,0.0,0.0,0.0,0.0,0.0,0.0,0.0,0.0,0.0,,,thetallman
3555,Last Route,other,0.0,1,playgama,,,,,,,,,,,,0.0,0.0,0.0,0.0,0.0,0.0,0.0,0.0,0.0,0.0,,,lastroute
3556,Dream Reaper Defense,other,0.0,1,playgama,,,,,,,,,,,,0.0,0.0,0.0,0.0,0.0,0.0,0.0,0.0,0.0,0.0,,,dreamreaperdefense
3557,The Dream Trapper: Escape Game,classic_board_card,0.0,1,playgama,,,,,,,,,,,,0.0,0.0,0.0,0.0,0.0,0.0,0.0,0.0,0.0,0.0,,,thedreamtrapper
3558,Five Nights in the Digital Circus,horror_escape,0.0,1,playgama,,,,,,,,,,,,0.0,0.0,0.0,0.0,0.0,0.0,0.0,0.0,0.0,0.0,,,fivenightsinthedigitalcircus
3559,DON'T EAT THAT CANDY!,classic_board_card,0.0,1,playgama,,,,,,,,,,,,0.0,0.0,0.0,0.0,0.0,0.0,0.0,0.0,0.0,0.0,,,donteatthatcandy
3560,Schoolboy Runaway: room escape,other,0.0,1,playgama,,,,,,,,,,,,0.0,0.0,0.0,0.0,0.0,0.0,0.0,0.0,0.0,0.0,,,schoolboyrunaway
3561,99 Nights in the Forest. Horror Multiplayer,rbx_reverse,0.0,1,playgama,,,,,,,,,,,,0.0,0.0,0.0,0.0,0.0,0.0,0.0,0.0,0.0,0.0,,,99nightsintheforesthorror
3562,Scary Rooms: Idle Horror,idle_clicker,0.0,1,playgama,,,,,,,,,,,,0.0,0.0,0.0,0.0,0.0,0.0,0.0,0.0,0.0,0.0,,,scaryrooms
3563,Kubz.io,other,0.0,1,playgama,,,,,,,,,,,,0.0,0.0,0.0,0.0,0.0,0.0,0.0,0.0,0.0,0.0,,,kubz
3564,Skyblock 3D: Survival,other,0.0,1,playgama,,,,,,,,,,,,0.0,0.0,0.0,0.0,0.0,0.0,0.0,0.0,0.0,0.0,,,skyblock3d
3565,Mine Mining Islands: Skyblock Village!,other,0.0,1,playgama,,,,,,,,,,,,0.0,0.0,0.0,0.0,0.0,0.0,0.0,0.0,0.0,0.0,,,mineminingislands
3566,Mine Fight! Cut Mob Army!,other,0.0,1,playgama,,,,,,,,,,,,0.0,0.0,0.0,0.0,0.0,0.0,0.0,0.0,0.0,0.0,,,minefightcutmobarmy
3567,Sprunki Craft - Sandbox 3D,rbx_reverse,0.0,1,playgama,,,,,,,,,,,,0.0,0.0,0.0,0.0,0.0,0.0,0.0,0.0,0.0,0.0,,,sprunkicraft
3568,Island Expander,other,0.0,1,playgama,,,,,,,,,,,,0.0,0.0,0.0,0.0,0.0,0.0,0.0,0.0,0.0,0.0,,,islandexpander
3569,Voxel Terraform,other,0.0,1,playgama,,,,,,,,,,,,0.0,0.0,0.0,0.0,0.0,0.0,0.0,0.0,0.0,0.0,,,voxelterraform
3570,Nubik Mine-Dig Connect and Craft,sandbox_voxel,0.0,1,playgama,,,,,,,,,,,,0.0,0.0,0.0,0.0,0.0,0.0,0.0,0.0,0.0,0.0,,,nubikminedigconnectandcraft
3571,Block Battle - Noob vs Pro,other,0.0,1,playgama,,,,,,,,,,,,0.0,0.0,0.0,0.0,0.0,0.0,0.0,0.0,0.0,0.0,,,blockbattle
3572,Eat Blobs Simulator,io_eat_grow,0.0,1,playgama,,,,,,,,,,,,0.0,0.0,0.0,0.0,0.0,0.0,0.0,0.0,0.0,0.0,,,eatblobssimulator
3573,morphz.io,other,0.0,1,playgama,,,,,,,,,,,,0.0,0.0,0.0,0.0,0.0,0.0,0.0,0.0,0.0,0.0,,,morphz
3574,Age Arena,other,0.0,1,playgama,,,,,,,,,,,,0.0,0.0,0.0,0.0,0.0,0.0,0.0,0.0,0.0,0.0,,,agearena
3575,2048 Ball Arena,merge_drop,0.0,1,playgama,,,,,,,,,,,,0.0,0.0,0.0,0.0,0.0,0.0,0.0,0.0,0.0,0.0,,,ballarena
3576,ArrowsOut.io,other,0.0,1,playgama,,,,,,,,,,,,0.0,0.0,0.0,0.0,0.0,0.0,0.0,0.0,0.0,0.0,,,arrowsout
3577,Tall io,other,0.0,1,playgama,,,,,,,,,,,,0.0,0.0,0.0,0.0,0.0,0.0,0.0,0.0,0.0,0.0,,,tall
3578,Hole Feast,other,0.0,1,playgama,,,,,,,,,,,,0.0,0.0,0.0,0.0,0.0,0.0,0.0,0.0,0.0,0.0,,,holefeast
3579,Sworded io - Spin and Rub,classic_board_card,0.0,1,playgama,,,,,,,,,,,,0.0,0.0,0.0,0.0,0.0,0.0,0.0,0.0,0.0,0.0,,,sworded
3580,Crime and Vice City Police,other,0.0,1,playgama,,,,,,,,,,,,0.0,0.0,0.0,0.0,0.0,0.0,0.0,0.0,0.0,0.0,,,crimeandvicecitypolice
3581,Gangsta Island: Crime City,other,0.0,1,playgama,,,,,,,,,,,,0.0,0.0,0.0,0.0,0.0,0.0,0.0,0.0,0.0,0.0,,,gangstaisland
3582,Grand Shift Auto,other,0.0,2,pacogames;playgama,,,,,,,,,,,,0.0,0.0,0.0,0.0,0.0,0.0,0.0,0.0,0.0,0.0,,,grandshiftauto
3583,Police Car Simulator Game Criminal Case,other,0.0,1,playgama,,,,,,,,,,,,0.0,0.0,0.0,0.0,0.0,0.0,0.0,0.0,0.0,0.0,,,policecarsimulatorcriminalcase
3584,Grand Father Auto 6,other,0.0,1,playgama,,,,,,,,,,,,0.0,0.0,0.0,0.0,0.0,0.0,0.0,0.0,0.0,0.0,,,grandfatherauto
3585,Mafia Wars,other,0.0,1,playgama,,,,,,,,,,,,0.0,0.0,0.0,0.0,0.0,0.0,0.0,0.0,0.0,0.0,,,mafiawars
3586,Granny and Verity,horror_escape,0.0,1,playgama,,,,,,,,,,,,0.0,0.0,0.0,0.0,0.0,0.0,0.0,0.0,0.0,0.0,,,grannyandverity
3587,Criminal Russia 3D,other,0.0,1,playgama,,,,,,,,,,,,0.0,0.0,0.0,0.0,0.0,0.0,0.0,0.0,0.0,0.0,,,criminalrussia3d
3588,Granny in Space,horror_escape,0.0,1,playgama,,,,,,,,,,,,0.0,0.0,0.0,0.0,0.0,0.0,0.0,0.0,0.0,0.0,,,grannyinspace
3589,Police Chase: Cops vs Criminals,car_stunt_drift,0.0,1,playgama,,,,,,,,,,,,0.0,0.0,0.0,0.0,0.0,0.0,0.0,0.0,0.0,0.0,,,policechase
3590,Brookhaven RP,other,0.0,1,playgama,,,,,,,,,,,,0.0,0.0,0.0,0.0,0.0,0.0,0.0,0.0,0.0,0.0,,,brookhavenrp
3591,Journey beyond horizons,other,0.0,1,playgama,,,,,,,,,,,,0.0,0.0,0.0,0.0,0.0,0.0,0.0,0.0,0.0,0.0,,,journeybeyondhorizons
3592,Block Blast Master,merge_drop,0.0,1,playgama,,,,,,,,,,,,0.0,0.0,0.0,0.0,0.0,0.0,0.0,0.0,0.0,0.0,,,blockblastmaster
3593,Solar Smash,other,0.0,1,playgama,,,,,,,,,,,,0.0,0.0,0.0,0.0,0.0,0.0,0.0,0.0,0.0,0.0,,,solarsmash
3594,Italian Brainrot Hunting 3D,rbx_reverse,0.0,1,playgama,,,,,,,,,,,,0.0,0.0,0.0,0.0,0.0,0.0,0.0,0.0,0.0,0.0,,,italianbrainrothunting3d
3595,BeamNG Drive Challenge,other,0.0,1,playgama,,,,,,,,,,,,0.0,0.0,0.0,0.0,0.0,0.0,0.0,0.0,0.0,0.0,,,beamngdrivechallenge
3596,Garten Of BanBan 1 Escape,other,0.0,1,playgama,,,,,,,,,,,,0.0,0.0,0.0,0.0,0.0,0.0,0.0,0.0,0.0,0.0,,,gartenofbanban1escape
3597,Neon Ball Slope,endless_runner,0.0,1,playgama,,,,,,,,,,,,0.0,0.0,0.0,0.0,0.0,0.0,0.0,0.0,0.0,0.0,,,neonballslope
3598,Prop Hunt Together,hide_seek_prop,0.0,1,playgama,,,,,,,,,,,,0.0,0.0,0.0,0.0,0.0,0.0,0.0,0.0,0.0,0.0,,,prophunttogether
3599,Cool Tuning - Paint the Car,other,0.0,1,playgama,,,,,,,,,,,,0.0,0.0,0.0,0.0,0.0,0.0,0.0,0.0,0.0,0.0,,,cooltuning
3600,Chainsaw 3D,other,0.0,1,playgama,,,,,,,,,,,,0.0,0.0,0.0,0.0,0.0,0.0,0.0,0.0,0.0,0.0,,,chainsaw3d
3601,+1 Speed Keyboard Run!,rbx_reverse,0.0,1,playgama,,,,,,,,,,,,0.0,0.0,0.0,0.0,0.0,0.0,0.0,0.0,0.0,0.0,,,1speedkeyboardrun
3602,Sprunki Five Nights at Freddy's,rbx_reverse,0.0,1,playgama,,,,,,,,,,,,0.0,0.0,0.0,0.0,0.0,0.0,0.0,0.0,0.0,0.0,,,sprunkifivenightsatfreddys
3603,Wheelchair parkour: No limits,io_arena_shooter,0.0,1,playgama,,,,,,,,,,,,0.0,0.0,0.0,0.0,0.0,0.0,0.0,0.0,0.0,0.0,,,wheelchairparkour
3604,Math Meteors,other,0.0,1,playgama,,,,,,,,,,,,0.0,0.0,0.0,0.0,0.0,0.0,0.0,0.0,0.0,0.0,,,mathmeteors
3605,Makeup Mini Games: ASMR Skincare,dress_up_makeover,0.0,1,playgama,,,,,,,,,,,,0.0,0.0,0.0,0.0,0.0,0.0,0.0,0.0,0.0,0.0,,,makeupminigames
3606,Vials: ASMR Sand Sort Puzzle,merge_drop,0.0,1,playgama,,,,,,,,,,,,0.0,0.0,0.0,0.0,0.0,0.0,0.0,0.0,0.0,0.0,,,vials
3607,Standards Calculator Quiz,classic_board_card,0.0,1,playgama,,,,,,,,,,,,0.0,0.0,0.0,0.0,0.0,0.0,0.0,0.0,0.0,0.0,,,standardscalculatorquiz
3608,Animal Merge,merge_drop,0.0,1,playgama,,,,,,,,,,,,0.0,0.0,0.0,0.0,0.0,0.0,0.0,0.0,0.0,0.0,,,animalmerge
3609,Word Pieces,classic_board_card,0.0,1,playgama,,,,,,,,,,,,0.0,0.0,0.0,0.0,0.0,0.0,0.0,0.0,0.0,0.0,,,wordpieces
3610,Jigsaw Cards: Daily Puzzles,other,0.0,1,playgama,,,,,,,,,,,,0.0,0.0,0.0,0.0,0.0,0.0,0.0,0.0,0.0,0.0,,,jigsawcards
3611,Solitaire Crime Stories,classic_board_card,0.0,1,playgama,,,,,,,,,,,,0.0,0.0,0.0,0.0,0.0,0.0,0.0,0.0,0.0,0.0,,,solitairecrimestories
3612,Labubu Tic Tac Toe,classic_board_card,0.0,1,playgama,,,,,,,,,,,,0.0,0.0,0.0,0.0,0.0,0.0,0.0,0.0,0.0,0.0,,,labubutictactoe
3613,Mike Hidden Object World,classic_board_card,0.0,1,playgama,,,,,,,,,,,,0.0,0.0,0.0,0.0,0.0,0.0,0.0,0.0,0.0,0.0,,,mikehiddenobjectworld
3614,Cat simulator,other,0.0,1,playgama,,,,,,,,,,,,0.0,0.0,0.0,0.0,0.0,0.0,0.0,0.0,0.0,0.0,,,catsimulator
3615,Playgama Android,other,0.0,1,playgama,,,,,,,,,,,,0.0,0.0,0.0,0.0,0.0,0.0,0.0,0.0,0.0,0.0,,,playgamaandroid
3616,Your zone to play free online games,other,0.0,1,agame,,,,,,,,,,,,0.0,0.0,0.0,0.0,0.0,0.0,0.0,0.0,0.0,0.0,,,yourzonetoplaygames
3617,MahJongCon,classic_board_card,0.0,1,agame,,,,,,,,,,,,0.0,0.0,0.0,0.0,0.0,0.0,0.0,0.0,0.0,0.0,,,mahjongcon
3618,1001 Arabian Nights,other,0.0,1,agame,,,,,,,,,,,,0.0,0.0,0.0,0.0,0.0,0.0,0.0,0.0,0.0,0.0,,,1001arabiannights
3619,Kris Mahjong: Classic,classic_board_card,0.0,1,agame,,,,,,,,,,,,0.0,0.0,0.0,0.0,0.0,0.0,0.0,0.0,0.0,0.0,,,krismahjong
3620,Mahjong Link,classic_board_card,0.0,1,agame,,,,,,,,,,,,0.0,0.0,0.0,0.0,0.0,0.0,0.0,0.0,0.0,0.0,,,mahjonglink
3621,Treasures of the Mystic Sea,other,0.0,1,agame,,,,,,,,,,,,0.0,0.0,0.0,0.0,0.0,0.0,0.0,0.0,0.0,0.0,,,treasuresofthemysticsea
3622,Cake Sorting Deluxe,merge_drop,0.0,1,agame,,,,,,,,,,,,0.0,0.0,0.0,0.0,0.0,0.0,0.0,0.0,0.0,0.0,,,cakesortingdeluxe
3623,Solitaire Collection,classic_board_card,0.0,1,agame,,,,,,,,,,,,0.0,0.0,0.0,0.0,0.0,0.0,0.0,0.0,0.0,0.0,,,solitairecollection
3624,Fruit Match,other,0.0,1,agame,,,,,,,,,,,,0.0,0.0,0.0,0.0,0.0,0.0,0.0,0.0,0.0,0.0,,,fruitmatch
3625,Harvest Honors,other,0.0,1,agame,,,,,,,,,,,,0.0,0.0,0.0,0.0,0.0,0.0,0.0,0.0,0.0,0.0,,,harvesthonors
3626,Fun Race 3D,endless_runner,0.0,1,agame,,,,,,,,,,,,0.0,0.0,0.0,0.0,0.0,0.0,0.0,0.0,0.0,0.0,,,funrace3d
3627,Pool Clash: 8 Ball Billiards Snooker,pool_billiards,0.0,1,agame,,,,,,,,,,,,0.0,0.0,0.0,0.0,0.0,0.0,0.0,0.0,0.0,0.0,,,poolclash
3628,Vegas World,other,0.0,1,agame,,,,,,,,,,,,0.0,0.0,0.0,0.0,0.0,0.0,0.0,0.0,0.0,0.0,,,vegasworld
3629,Rummy World,other,0.0,1,agame,,,,,,,,,,,,0.0,0.0,0.0,0.0,0.0,0.0,0.0,0.0,0.0,0.0,,,rummyworld
3630,Sniper Combat,io_arena_shooter,0.0,1,agame,,,,,,,,,,,,0.0,0.0,0.0,0.0,0.0,0.0,0.0,0.0,0.0,0.0,,,snipercombat
3631,AZ Tank Game,tank_maze_duel,0.0,1,agame,,,,,,,,,,,,0.0,0.0,0.0,0.0,0.0,0.0,0.0,0.0,0.0,0.0,,,aztank
3632,Uphill Rush 7: Waterpark,other,0.0,1,agame,,,,,,,,,,,,0.0,0.0,0.0,0.0,0.0,0.0,0.0,0.0,0.0,0.0,,,uphillrush
3633,Wormate.io,other,0.0,1,agame,,,,,,,,,,,,0.0,0.0,0.0,0.0,0.0,0.0,0.0,0.0,0.0,0.0,,,wormate
3634,Car Parking City Duel,parking_traffic_puzzle,0.0,1,agame,,,,,,,,,,,,0.0,0.0,0.0,0.0,0.0,0.0,0.0,0.0,0.0,0.0,,,carparkingcityduel
3635,Miami Crime Simulator 3D,other,0.0,1,agame,,,,,,,,,,,,0.0,0.0,0.0,0.0,0.0,0.0,0.0,0.0,0.0,0.0,,,miamicrimesimulator3d
3636,Forge of Empires,other,0.0,1,agame,,,,,,,,,,,,0.0,0.0,0.0,0.0,0.0,0.0,0.0,0.0,0.0,0.0,,,forgeofempires
3637,Xcross Madness,run_gun_coop,0.0,1,agame,,,,,,,,,,,,0.0,0.0,0.0,0.0,0.0,0.0,0.0,0.0,0.0,0.0,,,xcrossmadness
3638,Horse Racing,car_stunt_drift,0.0,1,agame,,,,,,,,,,,,0.0,0.0,0.0,0.0,0.0,0.0,0.0,0.0,0.0,0.0,,,horseracing
3639,Traffic Tour,other,0.0,1,agame,,,,,,,,,,,,0.0,0.0,0.0,0.0,0.0,0.0,0.0,0.0,0.0,0.0,,,traffictour
3640,GT Traffic Racer,car_stunt_drift,0.0,1,agame,,,,,,,,,,,,0.0,0.0,0.0,0.0,0.0,0.0,0.0,0.0,0.0,0.0,,,gttrafficracer
3641,Boeing Flight Simulator,launch_distance,0.0,1,agame,,,,,,,,,,,,0.0,0.0,0.0,0.0,0.0,0.0,0.0,0.0,0.0,0.0,,,boeingflightsimulator
3642,Chrome Dino,other,0.0,1,agame,,,,,,,,,,,,0.0,0.0,0.0,0.0,0.0,0.0,0.0,0.0,0.0,0.0,,,chromedino
3643,Merge Lagoon,merge_drop,0.0,1,agame,,,,,,,,,,,,0.0,0.0,0.0,0.0,0.0,0.0,0.0,0.0,0.0,0.0,,,mergelagoon
3644,Vega Mix 2: Mystery of Island,other,0.0,1,agame,,,,,,,,,,,,0.0,0.0,0.0,0.0,0.0,0.0,0.0,0.0,0.0,0.0,,,vegamix
3645,Table Tennis Pro,racket_duel,0.0,1,agame,,,,,,,,,,,,0.0,0.0,0.0,0.0,0.0,0.0,0.0,0.0,0.0,0.0,,,tabletennispro
3646,Carrom With Buddies,other,0.0,1,agame,,,,,,,,,,,,0.0,0.0,0.0,0.0,0.0,0.0,0.0,0.0,0.0,0.0,,,carromwithbuddies
3647,Become a Referee,other,0.0,1,agame,,,,,,,,,,,,0.0,0.0,0.0,0.0,0.0,0.0,0.0,0.0,0.0,0.0,,,becomeareferee
3648,World Cup 2026 Soccer Game,other,0.0,1,agame,,,,,,,,,,,,0.0,0.0,0.0,0.0,0.0,0.0,0.0,0.0,0.0,0.0,,,worldcupsoccer
3649,Archery,artillery_turn,0.0,1,agame,,,,,,,,,,,,0.0,0.0,0.0,0.0,0.0,0.0,0.0,0.0,0.0,0.0,,,archery
3650,Tiles of the Unexpected,other,0.0,2,agame;pacogames,,,,,,,,,,,,0.0,0.0,0.0,0.0,0.0,0.0,0.0,0.0,0.0,0.0,,,tilesoftheunexpected
3651,Bubble Shooter Extreme,io_arena_shooter,0.0,1,agame,,,,,,,,,,,,0.0,0.0,0.0,0.0,0.0,0.0,0.0,0.0,0.0,0.0,,,bubbleshooterextreme
3652,Patterns Link,other,0.0,1,agame,,,,,,,,,,,,0.0,0.0,0.0,0.0,0.0,0.0,0.0,0.0,0.0,0.0,,,patternslink
3653,Goodgame Empire,other,0.0,2,agame;pacogames,,,,,,,,,,,,0.0,0.0,0.0,0.0,0.0,0.0,0.0,0.0,0.0,0.0,,,goodgameempire
3654,Charm Farm,other,0.0,1,agame,,,,,,,,,,,,0.0,0.0,0.0,0.0,0.0,0.0,0.0,0.0,0.0,0.0,,,charmfarm
3655,Family Relics,other,0.0,1,agame,,,,,,,,,,,,0.0,0.0,0.0,0.0,0.0,0.0,0.0,0.0,0.0,0.0,,,familyrelics
3656,Call of War,other,0.0,1,agame,,,,,,,,,,,,0.0,0.0,0.0,0.0,0.0,0.0,0.0,0.0,0.0,0.0,,,callofwar
3657,Conflict Of Nations,other,0.0,1,agame,,,,,,,,,,,,0.0,0.0,0.0,0.0,0.0,0.0,0.0,0.0,0.0,0.0,,,conflictofnations
3658,Jackpot,other,0.0,1,agame,,,,,,,,,,,,0.0,0.0,0.0,0.0,0.0,0.0,0.0,0.0,0.0,0.0,,,jackpot
3659,Solitaire Social,classic_board_card,0.0,1,agame,,,,,,,,,,,,0.0,0.0,0.0,0.0,0.0,0.0,0.0,0.0,0.0,0.0,,,solitairesocial
3660,Lady Popular,other,0.0,1,agame,,,,,,,,,,,,0.0,0.0,0.0,0.0,0.0,0.0,0.0,0.0,0.0,0.0,,,ladypopular
3661,Pet Connect,other,0.0,1,agame,,,,,,,,,,,,0.0,0.0,0.0,0.0,0.0,0.0,0.0,0.0,0.0,0.0,,,petconnect
3662,Mahjong King,classic_board_card,0.0,1,agame,,,,,,,,,,,,0.0,0.0,0.0,0.0,0.0,0.0,0.0,0.0,0.0,0.0,,,mahjongking
3663,Penalty Shootout: Euro Cup 2016,penalty_freekick,0.0,1,agame,,,,,,,,,,,,0.0,0.0,0.0,0.0,0.0,0.0,0.0,0.0,0.0,0.0,,,penaltyshootout
3664,Bubble Game 3: Deluxe,other,0.0,1,agame,,,,,,,,,,,,0.0,0.0,0.0,0.0,0.0,0.0,0.0,0.0,0.0,0.0,,,bubble
3665,My Free Zoo,other,0.0,1,agame,,,,,,,,,,,,0.0,0.0,0.0,0.0,0.0,0.0,0.0,0.0,0.0,0.0,,,myzoo
3666,Park Fever,other,0.0,1,agame,,,,,,,,,,,,0.0,0.0,0.0,0.0,0.0,0.0,0.0,0.0,0.0,0.0,,,parkfever
3667,Blankets,other,0.0,1,agame,,,,,,,,,,,,0.0,0.0,0.0,0.0,0.0,0.0,0.0,0.0,0.0,0.0,,,blankets
3668,Farmerama,other,0.0,1,agame,,,,,,,,,,,,0.0,0.0,0.0,0.0,0.0,0.0,0.0,0.0,0.0,0.0,,,farmerama
3669,Jewel Shuffle,classic_board_card,0.0,1,agame,,,,,,,,,,,,0.0,0.0,0.0,0.0,0.0,0.0,0.0,0.0,0.0,0.0,,,jewelshuffle
3670,Kings and Queens: Solitaire TriPeaks,classic_board_card,0.0,1,agame,,,,,,,,,,,,0.0,0.0,0.0,0.0,0.0,0.0,0.0,0.0,0.0,0.0,,,kingsandqueens
3671,Arkadium: Bubble Shooter,io_arena_shooter,0.0,1,agame,,,,,,,,,,,,0.0,0.0,0.0,0.0,0.0,0.0,0.0,0.0,0.0,0.0,,,arkadium
3672,Mahjong Dimension: 470 Seconds,classic_board_card,0.0,1,agame,,,,,,,,,,,,0.0,0.0,0.0,0.0,0.0,0.0,0.0,0.0,0.0,0.0,,,mahjongdimension
3673,Dominoes Deluxe,classic_board_card,0.0,1,agame,,,,,,,,,,,,0.0,0.0,0.0,0.0,0.0,0.0,0.0,0.0,0.0,0.0,,,dominoesdeluxe
3674,Classic Spider Solitaire,classic_board_card,0.0,1,agame,,,,,,,,,,,,0.0,0.0,0.0,0.0,0.0,0.0,0.0,0.0,0.0,0.0,,,spidersolitaire
3675,Back to Candyland 4: Lollipop Garden,classic_board_card,0.0,1,agame,,,,,,,,,,,,0.0,0.0,0.0,0.0,0.0,0.0,0.0,0.0,0.0,0.0,,,backtocandyland
3676,Paint.io,other,0.0,1,agame,,,,,,,,,,,,0.0,0.0,0.0,0.0,0.0,0.0,0.0,0.0,0.0,0.0,,,paint
3677,Farm Connect 2,other,0.0,1,agame,,,,,,,,,,,,0.0,0.0,0.0,0.0,0.0,0.0,0.0,0.0,0.0,0.0,,,farmconnect
3678,Train Driver Simulator,other,0.0,1,agame,,,,,,,,,,,,0.0,0.0,0.0,0.0,0.0,0.0,0.0,0.0,0.0,0.0,,,traindriversimulator
3679,Klondike Solitaire Card Game,classic_board_card,0.0,1,agame,,,,,,,,,,,,0.0,0.0,0.0,0.0,0.0,0.0,0.0,0.0,0.0,0.0,,,klondikesolitairecard
3680,Butterfly Kyodai Classic,other,0.0,1,agame,,,,,,,,,,,,0.0,0.0,0.0,0.0,0.0,0.0,0.0,0.0,0.0,0.0,,,butterflykyodai
3681,Jewel Burst,classic_board_card,0.0,1,agame,,,,,,,,,,,,0.0,0.0,0.0,0.0,0.0,0.0,0.0,0.0,0.0,0.0,,,jewelburst
3682,Deer Hunter,other,0.0,1,agame,,,,,,,,,,,,0.0,0.0,0.0,0.0,0.0,0.0,0.0,0.0,0.0,0.0,,,deerhunter
3683,Action Games,precision_platformer,0.0,1,agame,,,,,,,,,,,,0.0,0.0,0.0,0.0,0.0,0.0,0.0,0.0,0.0,0.0,,,actiongames
3684,Y8 Games,other,0.0,1,agame,,,,,,,,,,,,0.0,0.0,0.0,0.0,0.0,0.0,0.0,0.0,0.0,0.0,,,y8games
3685,Asteroids Games,other,0.0,1,agame,,,,,,,,,,,,0.0,0.0,0.0,0.0,0.0,0.0,0.0,0.0,0.0,0.0,,,asteroidsgames
3686,2 Player Games,other,0.0,2,agame;pacogames,,,,,,,,,,,,0.0,0.0,0.0,0.0,0.0,0.0,0.0,0.0,0.0,0.0,,,2playergames
3687,Social Games,other,0.0,1,agame,,,,,,,,,,,,0.0,0.0,0.0,0.0,0.0,0.0,0.0,0.0,0.0,0.0,,,socialgames
3688,Sports Games,other,0.0,1,agame,,,,,,,,,,,,0.0,0.0,0.0,0.0,0.0,0.0,0.0,0.0,0.0,0.0,,,sportsgames
3689,Bike Games,other,0.0,1,agame,,,,,,,,,,,,0.0,0.0,0.0,0.0,0.0,0.0,0.0,0.0,0.0,0.0,,,bikegames
3690,Sniper Games,io_arena_shooter,0.0,2,agame;pacogames,,,,,,,,,,,,0.0,0.0,0.0,0.0,0.0,0.0,0.0,0.0,0.0,0.0,,,snipergames
3691,Fireboy And Watergirl Games,coop_duo_puzzle,0.0,1,agame,,,,,,,,,,,,0.0,0.0,0.0,0.0,0.0,0.0,0.0,0.0,0.0,0.0,,,fireboyandwatergirlgames
3692,Brain Games,precision_platformer,0.0,1,agame,,,,,,,,,,,,0.0,0.0,0.0,0.0,0.0,0.0,0.0,0.0,0.0,0.0,,,braingames
3693,Skill Games,other,0.0,2,agame;pacogames,,,,,,,,,,,,0.0,0.0,0.0,0.0,0.0,0.0,0.0,0.0,0.0,0.0,,,skillgames
3694,Fun Online Games,other,0.0,1,agame,,,,,,,,,,,,0.0,0.0,0.0,0.0,0.0,0.0,0.0,0.0,0.0,0.0,,,fungames
3695,Soccer Games,other,0.0,1,agame,,,,,,,,,,,,0.0,0.0,0.0,0.0,0.0,0.0,0.0,0.0,0.0,0.0,,,soccergames
3696,Colored Blocks Games,other,0.0,1,agame,,,,,,,,,,,,0.0,0.0,0.0,0.0,0.0,0.0,0.0,0.0,0.0,0.0,,,coloredblocksgames
3697,Spilgames,other,0.0,1,agame,,,,,,,,,,,,0.0,0.0,0.0,0.0,0.0,0.0,0.0,0.0,0.0,0.0,,,spilgames
3698,PacoGames,other,0.0,1,pacogames,,,,,,,,,,,,0.0,0.0,0.0,0.0,0.0,0.0,0.0,0.0,0.0,0.0,,,pacogames
3699,Crazy games,other,0.0,1,pacogames,,,,,,,,,,,,0.0,0.0,0.0,0.0,0.0,0.0,0.0,0.0,0.0,0.0,,,crazygames
3700,Shooting Games,other,0.0,1,pacogames,,,,,,,,,,,,0.0,0.0,0.0,0.0,0.0,0.0,0.0,0.0,0.0,0.0,,,shootinggames
3701,Dead Paradise,upgrade_drive_zombies,0.0,1,pacogames,,,,,,,,,,,,0.0,0.0,0.0,0.0,0.0,0.0,0.0,0.0,0.0,0.0,,,deadparadise
3702,Stickman Dismount Simulator,ragdoll_gore_course,0.0,1,pacogames,,,,,,,,,,,,0.0,0.0,0.0,0.0,0.0,0.0,0.0,0.0,0.0,0.0,,,stickmandismountsimulator
3703,Apocalypse Shelter,other,0.0,1,pacogames,,,,,,,,,,,,0.0,0.0,0.0,0.0,0.0,0.0,0.0,0.0,0.0,0.0,,,apocalypseshelter
3704,Vex Try To Fly,other,0.0,1,pacogames,,,,,,,,,,,,0.0,0.0,0.0,0.0,0.0,0.0,0.0,0.0,0.0,0.0,,,vextrytofly
3705,Pong,racket_duel,0.0,1,pacogames,,,,,,,,,,,,0.0,0.0,0.0,0.0,0.0,0.0,0.0,0.0,0.0,0.0,,,pong
3706,Tetris,merge_drop,0.0,1,pacogames,,,,,,,,,,,,0.0,0.0,0.0,0.0,0.0,0.0,0.0,0.0,0.0,0.0,,,tetris
3707,Arkanoid,other,0.0,1,pacogames,,,,,,,,,,,,0.0,0.0,0.0,0.0,0.0,0.0,0.0,0.0,0.0,0.0,,,arkanoid
3708,Block Fit,other,0.0,1,pacogames,,,,,,,,,,,,0.0,0.0,0.0,0.0,0.0,0.0,0.0,0.0,0.0,0.0,,,blockfit
3709,Merge Garden,merge_drop,0.0,1,pacogames,,,,,,,,,,,,0.0,0.0,0.0,0.0,0.0,0.0,0.0,0.0,0.0,0.0,,,mergegarden
3710,Twin Tiles,other,0.0,1,pacogames,,,,,,,,,,,,0.0,0.0,0.0,0.0,0.0,0.0,0.0,0.0,0.0,0.0,,,twintiles
3711,Rock Crawling,other,0.0,1,pacogames,,,,,,,,,,,,0.0,0.0,0.0,0.0,0.0,0.0,0.0,0.0,0.0,0.0,,,rockcrawling
3712,Plane Chase,other,0.0,1,pacogames,,,,,,,,,,,,0.0,0.0,0.0,0.0,0.0,0.0,0.0,0.0,0.0,0.0,,,planechase
3713,Lost Adventure,other,0.0,1,pacogames,,,,,,,,,,,,0.0,0.0,0.0,0.0,0.0,0.0,0.0,0.0,0.0,0.0,,,lostadventure
3714,Brainrot Click to Hatch,rbx_reverse,0.0,1,pacogames,,,,,,,,,,,,0.0,0.0,0.0,0.0,0.0,0.0,0.0,0.0,0.0,0.0,,,brainrotclicktohatch
3715,Labubu Shooter,io_arena_shooter,0.0,1,pacogames,,,,,,,,,,,,0.0,0.0,0.0,0.0,0.0,0.0,0.0,0.0,0.0,0.0,,,labubushooter
3716,Next Drive,other,0.0,1,pacogames,,,,,,,,,,,,0.0,0.0,0.0,0.0,0.0,0.0,0.0,0.0,0.0,0.0,Next Drive 2,,nextdrive
3717,Evo-F,other,0.0,1,pacogames,,,,,,,,,,,,0.0,0.0,0.0,0.0,0.0,0.0,0.0,0.0,0.0,0.0,Evo F4 / Evo-F2,,evof
3718,RealDerby - Royal battle on the car,other,0.0,1,pacogames,,,,,,,,,,,,0.0,0.0,0.0,0.0,0.0,0.0,0.0,0.0,0.0,0.0,,,realderby
3719,Xtreme Motorbikes,other,0.0,1,pacogames,,,,,,,,,,,,0.0,0.0,0.0,0.0,0.0,0.0,0.0,0.0,0.0,0.0,,,xtrememotorbikes
3720,Wheely 4 Time Travel,classic_board_card,0.0,1,pacogames,,,,,,,,,,,,0.0,0.0,0.0,0.0,0.0,0.0,0.0,0.0,0.0,0.0,,,wheely4timetravel
3721,War Machine,other,0.0,1,pacogames,,,,,,,,,,,,0.0,0.0,0.0,0.0,0.0,0.0,0.0,0.0,0.0,0.0,,,warmachine
3722,Mahjong Dark Dimensions,classic_board_card,0.0,1,pacogames,,,,,,,,,,,,0.0,0.0,0.0,0.0,0.0,0.0,0.0,0.0,0.0,0.0,,,mahjongdarkdimensions
3723,Car Crash Test,other,0.0,1,pacogames,,,,,,,,,,,,0.0,0.0,0.0,0.0,0.0,0.0,0.0,0.0,0.0,0.0,,,carcrashtest
3724,Battle for the Galaxy,other,0.0,1,pacogames,,,,,,,,,,,,0.0,0.0,0.0,0.0,0.0,0.0,0.0,0.0,0.0,0.0,,,battleforthegalaxy
3725,Moto X3M Bike Race Game,bike_trials,0.0,1,pacogames,,,,,,,,,,,,0.0,0.0,0.0,0.0,0.0,0.0,0.0,0.0,0.0,0.0,,,motox3mbikerace
3726,Toy Defense,other,0.0,1,pacogames,,,,,,,,,,,,0.0,0.0,0.0,0.0,0.0,0.0,0.0,0.0,0.0,0.0,,,toydefense
3727,Taming.io,other,0.0,1,pacogames,,,,,,,,,,,,0.0,0.0,0.0,0.0,0.0,0.0,0.0,0.0,0.0,0.0,,,taming
3728,Tom and Jerry Puzzle Escape,other,0.0,1,pacogames,,,,,,,,,,,,0.0,0.0,0.0,0.0,0.0,0.0,0.0,0.0,0.0,0.0,,,tomandjerrypuzzleescape
3729,Douchebag Workout,other,0.0,1,pacogames,,,,,,,,,,,,0.0,0.0,0.0,0.0,0.0,0.0,0.0,0.0,0.0,0.0,,,douchebagworkout
3730,Fire City Truck Rescue Driving Simulator,other,0.0,1,pacogames,,,,,,,,,,,,0.0,0.0,0.0,0.0,0.0,0.0,0.0,0.0,0.0,0.0,,,firecitytruckrescuedrivingsimulator
3731,Xtreme Drift 2 Online,car_stunt_drift,0.0,1,pacogames,,,,,,,,,,,,0.0,0.0,0.0,0.0,0.0,0.0,0.0,0.0,0.0,0.0,,,xtremedrift
3732,SpaceTown,other,0.0,1,pacogames,,,,,,,,,,,,0.0,0.0,0.0,0.0,0.0,0.0,0.0,0.0,0.0,0.0,,,spacetown
3733,Police Pursuit 2,other,0.0,1,pacogames,,,,,,,,,,,,0.0,0.0,0.0,0.0,0.0,0.0,0.0,0.0,0.0,0.0,,,policepursuit
3734,Fireboy and Watergirl 4 Crystal Temple,coop_duo_puzzle,0.0,1,pacogames,,,,,,,,,,,,0.0,0.0,0.0,0.0,0.0,0.0,0.0,0.0,0.0,0.0,,,fireboyandwatergirl4crystaltemple
3735,Masked Shooters Assault,io_arena_shooter,0.0,1,pacogames,,,,,,,,,,,,0.0,0.0,0.0,0.0,0.0,0.0,0.0,0.0,0.0,0.0,,,maskedshootersassault
3736,ZombsRoyale.io,other,0.0,1,pacogames,,,,,,,,,,,,0.0,0.0,0.0,0.0,0.0,0.0,0.0,0.0,0.0,0.0,,,zombsroyale
3737,Mahjong Cards,classic_board_card,0.0,1,pacogames,,,,,,,,,,,,0.0,0.0,0.0,0.0,0.0,0.0,0.0,0.0,0.0,0.0,,,mahjongcards
3738,Lipuzz,other,0.0,1,pacogames,,,,,,,,,,,,0.0,0.0,0.0,0.0,0.0,0.0,0.0,0.0,0.0,0.0,,,lipuzz
3739,Big Farm,other,0.0,1,pacogames,,,,,,,,,,,,0.0,0.0,0.0,0.0,0.0,0.0,0.0,0.0,0.0,0.0,,,bigfarm
3740,Mini Farm,other,0.0,1,pacogames,,,,,,,,,,,,0.0,0.0,0.0,0.0,0.0,0.0,0.0,0.0,0.0,0.0,,,minifarm
3741,City Rider 3D,other,0.0,1,pacogames,,,,,,,,,,,,0.0,0.0,0.0,0.0,0.0,0.0,0.0,0.0,0.0,0.0,,,cityrider3d
3742,Free Flight Sim,launch_distance,0.0,1,pacogames,,,,,,,,,,,,0.0,0.0,0.0,0.0,0.0,0.0,0.0,0.0,0.0,0.0,,,flightsim
3743,The Farmer 3D,fishing_timing,0.0,1,pacogames,,,,,,,,,,,,0.0,0.0,0.0,0.0,0.0,0.0,0.0,0.0,0.0,0.0,,,thefarmer3d
3744,Cars Thief,stealth_heist,0.0,1,pacogames,,,,,,,,,,,,0.0,0.0,0.0,0.0,0.0,0.0,0.0,0.0,0.0,0.0,,,carsthief
3745,Scrap Metal,other,0.0,1,pacogames,,,,,,,,,,,,0.0,0.0,0.0,0.0,0.0,0.0,0.0,0.0,0.0,0.0,Scrap Metal 2 / Scrap Metal 3: Infernal Trap / Scrap Metal 4,,scrapmetal
3746,Crossout,other,0.0,1,pacogames,,,,,,,,,,,,0.0,0.0,0.0,0.0,0.0,0.0,0.0,0.0,0.0,0.0,,,crossout
3747,World Of Tanks,tank_maze_duel,0.0,1,pacogames,,,,,,,,,,,,0.0,0.0,0.0,0.0,0.0,0.0,0.0,0.0,0.0,0.0,,,worldoftanks
3748,War Of Soldiers,other,0.0,1,pacogames,,,,,,,,,,,,0.0,0.0,0.0,0.0,0.0,0.0,0.0,0.0,0.0,0.0,,,warofsoldiers
3749,Army Force Strike,other,0.0,1,pacogames,,,,,,,,,,,,0.0,0.0,0.0,0.0,0.0,0.0,0.0,0.0,0.0,0.0,,,armyforcestrike
3750,Scrap GL,other,0.0,1,pacogames,,,,,,,,,,,,0.0,0.0,0.0,0.0,0.0,0.0,0.0,0.0,0.0,0.0,,,scrapgl
3751,CS Portable,other,0.0,1,pacogames,,,,,,,,,,,,0.0,0.0,0.0,0.0,0.0,0.0,0.0,0.0,0.0,0.0,,,csportable
3752,City Rider,other,0.0,1,pacogames,,,,,,,,,,,,0.0,0.0,0.0,0.0,0.0,0.0,0.0,0.0,0.0,0.0,,,cityrider
3753,Adventure City,other,0.0,1,pacogames,,,,,,,,,,,,0.0,0.0,0.0,0.0,0.0,0.0,0.0,0.0,0.0,0.0,,,adventurecity
3754,Ultimate SWAT,other,0.0,1,pacogames,,,,,,,,,,,,0.0,0.0,0.0,0.0,0.0,0.0,0.0,0.0,0.0,0.0,,,ultimateswat
3755,Pixel Gun: Apocalypse,other,0.0,1,pacogames,,,,,,,,,,,,0.0,0.0,0.0,0.0,0.0,0.0,0.0,0.0,0.0,0.0,,,pixelgun
3756,Simulator Games,other,0.0,1,pacogames,,,,,,,,,,,,0.0,0.0,0.0,0.0,0.0,0.0,0.0,0.0,0.0,0.0,,,simulatorgames
3757,Battle Royale Games,io_arena_shooter,0.0,1,pacogames,,,,,,,,,,,,0.0,0.0,0.0,0.0,0.0,0.0,0.0,0.0,0.0,0.0,,,battleroyalegames
3758,Monster Truck Games,other,0.0,1,pacogames,,,,,,,,,,,,0.0,0.0,0.0,0.0,0.0,0.0,0.0,0.0,0.0,0.0,,,monstertruckgames
3759,Zombie Games,other,0.0,1,pacogames,,,,,,,,,,,,0.0,0.0,0.0,0.0,0.0,0.0,0.0,0.0,0.0,0.0,,,zombiegames
3760,Army Games,other,0.0,1,pacogames,,,,,,,,,,,,0.0,0.0,0.0,0.0,0.0,0.0,0.0,0.0,0.0,0.0,,,armygames
3761,Gun Games,precision_platformer,0.0,1,pacogames,,,,,,,,,,,,0.0,0.0,0.0,0.0,0.0,0.0,0.0,0.0,0.0,0.0,,,gungames
3762,Killing Games,other,0.0,1,pacogames,,,,,,,,,,,,0.0,0.0,0.0,0.0,0.0,0.0,0.0,0.0,0.0,0.0,,,killinggames
3763,Barbie Games,other,0.0,1,pacogames,,,,,,,,,,,,0.0,0.0,0.0,0.0,0.0,0.0,0.0,0.0,0.0,0.0,,,barbiegames
3764,Parking Games,parking_traffic_puzzle,0.0,1,pacogames,,,,,,,,,,,,0.0,0.0,0.0,0.0,0.0,0.0,0.0,0.0,0.0,0.0,,,parkinggames
3765,Motorcycle Games,other,0.0,1,pacogames,,,,,,,,,,,,0.0,0.0,0.0,0.0,0.0,0.0,0.0,0.0,0.0,0.0,,,motorcyclegames
3766,Gta Games,other,0.0,1,pacogames,,,,,,,,,,,,0.0,0.0,0.0,0.0,0.0,0.0,0.0,0.0,0.0,0.0,,,gtagames
3767,Makeover Games,dress_up_makeover,0.0,1,pacogames,,,,,,,,,,,,0.0,0.0,0.0,0.0,0.0,0.0,0.0,0.0,0.0,0.0,,,makeovergames
3768,FPS Games,io_arena_shooter,0.0,1,pacogames,,,,,,,,,,,,0.0,0.0,0.0,0.0,0.0,0.0,0.0,0.0,0.0,0.0,,,fpsgames
3769,Games Like Minecraft,sandbox_voxel,0.0,1,pacogames,,,,,,,,,,,,0.0,0.0,0.0,0.0,0.0,0.0,0.0,0.0,0.0,0.0,,,gameslikeminecraft
3770,Ball Games,other,0.0,1,pacogames,,,,,,,,,,,,0.0,0.0,0.0,0.0,0.0,0.0,0.0,0.0,0.0,0.0,,,ballgames
3771,Board Games,other,0.0,1,pacogames,,,,,,,,,,,,0.0,0.0,0.0,0.0,0.0,0.0,0.0,0.0,0.0,0.0,,,boardgames
3772,Cool Math Games,other,0.0,1,pacogames,,,,,,,,,,,,0.0,0.0,0.0,0.0,0.0,0.0,0.0,0.0,0.0,0.0,,,coolmathgames
3773,Upgrade Games,other,0.0,1,pacogames,,,,,,,,,,,,0.0,0.0,0.0,0.0,0.0,0.0,0.0,0.0,0.0,0.0,,,upgradegames
3774,Business Games,other,0.0,1,pacogames,,,,,,,,,,,,0.0,0.0,0.0,0.0,0.0,0.0,0.0,0.0,0.0,0.0,,,businessgames
3775,Cooking Games,time_mgmt_cooking,0.0,1,pacogames,,,,,,,,,,,,0.0,0.0,0.0,0.0,0.0,0.0,0.0,0.0,0.0,0.0,,,cookinggames
3776,Taxi Games,other,0.0,1,pacogames,,,,,,,,,,,,0.0,0.0,0.0,0.0,0.0,0.0,0.0,0.0,0.0,0.0,,,taxigames
3777,Boy Games,other,0.0,1,pacogames,,,,,,,,,,,,0.0,0.0,0.0,0.0,0.0,0.0,0.0,0.0,0.0,0.0,,,boygames
3778,Robot Games,other,0.0,1,pacogames,,,,,,,,,,,,0.0,0.0,0.0,0.0,0.0,0.0,0.0,0.0,0.0,0.0,,,robotgames
3779,Truck Games,other,0.0,1,pacogames,,,,,,,,,,,,0.0,0.0,0.0,0.0,0.0,0.0,0.0,0.0,0.0,0.0,,,truckgames
3780,Police Chase Turn Based Game,car_stunt_drift,0.0,1,pacogames,,,,,,,,,,,,0.0,0.0,0.0,0.0,0.0,0.0,0.0,0.0,0.0,0.0,,,policechaseturnbased
3781,3D Solitaire,classic_board_card,0.0,1,pacogames,,,,,,,,,,,,0.0,0.0,0.0,0.0,0.0,0.0,0.0,0.0,0.0,0.0,,,3dsolitaire
3782,4 Colors Multiplayer,other,0.0,1,pacogames,,,,,,,,,,,,0.0,0.0,0.0,0.0,0.0,0.0,0.0,0.0,0.0,0.0,4 Colors Classic / 4 Colors Multiplayer: Monument Edition,,4colors
3783,Sports Heads Cards: Squad Swap,head_sports,0.0,1,pacogames,,,,,,,,,,,,0.0,0.0,0.0,0.0,0.0,0.0,0.0,0.0,0.0,0.0,,,sportsheadscards
3784,Crazy Moto Stunts,other,0.0,1,pacogames,,,,,,,,,,,,0.0,0.0,0.0,0.0,0.0,0.0,0.0,0.0,0.0,0.0,,,crazymotostunts
3785,Burnin Rubber Crash N Burn,other,0.0,1,pacogames,,,,,,,,,,,,0.0,0.0,0.0,0.0,0.0,0.0,0.0,0.0,0.0,0.0,,,burninrubbercrashnburn
3786,Dinosaurs Jurassic Survival World,other,0.0,1,pacogames,,,,,,,,,,,,0.0,0.0,0.0,0.0,0.0,0.0,0.0,0.0,0.0,0.0,,,dinosaursjurassicsurvivalworld
3787,"Trust Me, I got this!",other,0.0,1,pacogames,,,,,,,,,,,,0.0,0.0,0.0,0.0,0.0,0.0,0.0,0.0,0.0,0.0,,,trustmeigotthis
