snapshot_utc,group,query,rank,universe_id,root_place_id,name,playing,up_votes,down_votes,like_ratio,visits,playing_detail,favorites,created,updated,genre_l1,genre_l2,max_players,creator,creator_type,is_sponsored
2026-10-08T15:01Z,chart,top-trending,1,10764627709,107535308163741,Huss Valley,79955,85265,10167,0.8935,46341076,79864,110181,2026-08-31,2026-10-08,Action,Battlegrounds & Fighting,30,Huss Valley Official,Group,False
2026-10-08T15:01Z,chart,top-trending,2,383310974,920587237,[🎃] Adopt Me!,186283,9536416,1513216,0.8631,44981007038,185980,29718112,2017-07-14,2026-10-07,Roleplay & Avatar Sim,Pet Care,35,Uplift Games,Group,False
2026-10-08T15:01Z,chart,top-trending,3,5569032992,16116270224,🎃 Dandy's World [ALPHA],115766,1722341,248054,0.8741,7572534539,115697,4692488,2024-01-26,2026-10-07,Survival,Escape,35,BlushCrunch Studio,Group,False
2026-10-08T15:01Z,chart,top-trending,4,2440500124,6516141723,DOORS 🚨,52131,4726334,354731,0.9302,7844448558,51962,8250583,2021-03-14,2026-10-05,Survival,Escape,50,LSPLASH,Group,False
2026-10-08T15:01Z,chart,top-trending,5,10685282333,96510596525082,Ball VS Ball,36851,219508,28019,0.8868,87334018,36461,138796,2026-08-12,2026-10-05,Party & Casual,,25,ATYS 3,Group,False
2026-10-08T15:01Z,chart,top-trending,6,6931042565,73956553001240,[UPD] Volleyball Legends,46888,2573590,130017,0.9519,3940863450,46847,5462509,2024-12-17,2026-10-08,Sports & Racing,Sports,12,Volleyball Game Group,Group,False
2026-10-08T15:01Z,chart,top-trending,7,7326934954,79546208627805,99 Nights in the Forest 🔦,215532,5442868,571952,0.9049,29931612490,215823,9813180,2025-03-04,2026-10-07,Survival,,25,Grandma's Favourite Games,Group,False
2026-10-08T15:01Z,chart,top-trending,8,9534705677,122446657157717,[🔥NEW SNIPER] Sniper Arena,21104,289539,25956,0.9177,305592393,20999,3029392,2026-01-10,2026-10-08,Shooter,Deathmatch Shooter,20,9D GAME CLUB,Group,False
2026-10-08T15:01Z,chart,top-trending,9,184199275,2338325648,[🔥] NFL Universe Football,3753,571496,62082,0.902,992457043,3796,1926577,2018-09-12,2026-10-06,Sports & Racing,Sports,12,NFL Universe Football by Voldex,Group,False
2026-10-08T15:01Z,chart,top-trending,10,10767922762,138929956115729,Dress Designer,8247,7909,918,0.896,1581338,8257,80138,2026-09-24,2026-10-08,Roleplay & Avatar Sim,Dress Up,8,Wisterium,Group,False
2026-10-08T15:01Z,chart,top-trending,11,10512942223,114574503491412,Anime Zero [SHADOW MONARCH] 🦋👑,53794,46432,1142,0.976,8876348,53607,40254,2026-07-16,2026-10-08,RPG,Action RPG,20,LY*,Group,False
2026-10-08T15:01Z,chart,top-trending,12,10765582175,94009908234110,dogs,13797,38546,4198,0.9018,4352497,13566,48531,2026-09-07,2026-10-06,Survival,Escape,12,AZOT,Group,False
2026-10-08T15:01Z,chart,top-trending,13,10673920146,99409088950210,Survive a Million Monkeys,12519,27645,910,0.9681,6616130,12541,133583,2026-08-10,2026-10-08,Survival,,25,gorilla warfare.,Group,False
2026-10-08T15:01Z,chart,top-trending,14,10282097014,118845698633260,Pet Store Tycoon,22472,30613,1509,0.953,4366881,22472,83076,2026-06-06,2026-10-08,Simulation,Tycoon,8,already arrived studios,Group,False
2026-10-08T15:01Z,chart,top-trending,15,10597001332,102764584124249,I Can Read Your Mind,4264,16238,10957,0.5971,4035876,4319,98827,2026-07-30,2026-10-08,Party & Casual,Quiz,12,1GZ Developments,Group,False
2026-10-08T15:01Z,chart,top-trending,16,10764613327,131683977882464,[🎧] GUESS THE SONG! 0.5s,3592,5027,2006,0.7148,4324247,3613,35656,2026-08-31,2026-10-08,Entertainment,Music & Audio,16,First Note,Group,False
2026-10-08T15:01Z,chart,top-trending,17,9908641400,82866880824588,Football Fusion 3,1272,36223,7780,0.8232,76555269,1272,58892,2026-03-20,2026-10-01,Sports & Racing,Sports,14,XSTNS GAMES,Group,False
2026-10-08T15:01Z,chart,top-trending,18,113491250,292439477,[Fall Weapon Remodels!] Phantom Forces,2538,2464336,251340,0.9074,1801915627,2529,5987483,2015-08-31,2026-10-03,Shooter,Deathmatch Shooter,32,StyLiS Studios,Group,False
2026-10-08T15:01Z,chart,top-trending,19,10742937135,109166720609444,(🎮Update!)   Survive The Hulk,5161,10226,2473,0.8053,5915527,5137,70502,2026-08-20,2026-10-08,Survival,1 vs All,12,Survive The Hulk,Group,False
2026-10-08T15:01Z,chart,top-trending,20,10768565603,104416416393862,[UPD] Get Your Driver's License!,8333,4262,5568,0.4336,3270270,8408,10930,2026-09-29,2026-10-08,Simulation,Idle,25,Time Will Pass,Group,False
2026-10-08T15:01Z,chart,top-trending,21,5578556129,16146832113,Anime Vanguards: Wrathful Assault,24141,2589376,87365,0.9674,2061496534,24139,1998132,2024-01-28,2026-10-08,Strategy,Tower Defense,24,Kitawari,Group,False
2026-10-08T15:01Z,chart,top-trending,22,10766506199,116802325837172,7 Days Cat-Sitting,17335,10546,3727,0.7389,26479307,17324,98158,2026-09-15,2026-10-07,Survival,,16,HELP ME PLEASE studios,Group,False
2026-10-08T15:01Z,chart,top-trending,23,10765012427,123720558354386,Build the Pyramid!,16651,100426,5214,0.9506,33062638,16620,149333,2026-09-03,2026-10-01,Simulation,Incremental Simulator,100,Janitors Studios,Group,False
2026-10-08T15:01Z,chart,top-trending,24,3647333358,9872472334,Evade ,40066,3242193,210991,0.9389,9274275714,39491,8301731,2022-06-10,2026-10-07,Survival,,15,Hexagon Development Community,Group,False
2026-10-08T15:01Z,chart,top-trending,25,648454481,1730877806,[🍬HALLOWEEN PT 1] Grand Piece Online,15998,1073572,121629,0.8982,1324968073,16096,1511486,2018-05-06,2026-10-08,RPG,Action RPG,1,Grand Quest Games,Group,False
2026-10-08T15:01Z,chart,top-trending,26,10759518799,121165298854655,[CLASSES] DON'T LET HIM IN,4118,11958,1016,0.9217,10686049,4160,103772,2026-08-24,2026-10-07,Survival,,30,dilly dally games,Group,False
2026-10-08T15:01Z,chart,top-trending,27,10767408330,116701845804918,Peel THE Potato,28768,20675,1247,0.9431,8263005,28792,24964,2026-09-21,2026-10-05,Simulation,Incremental Simulator,16,soviet potato republic,Group,False
2026-10-08T15:01Z,chart,top-trending,28,9891331827,93934100402512,Clover Time [BETA RELEASE],5655,57504,1826,0.9692,2408191,5727,122430,2026-03-16,2026-10-08,RPG,Action RPG,18,AnimeCore Studio,Group,False
2026-10-08T15:01Z,chart,top-trending,29,3317771874,8737899170,🎃 [HATCH WARS] Pet Simulator 99! 🍀,50043,3069411,170508,0.9474,2661547943,50119,2204297,2022-02-05,2026-10-08,Simulation,Incremental Simulator,10,BIG Games Pets,Group,False
2026-10-08T15:01Z,chart,top-trending,30,10756011174,77108422251420,[🔱] Search For The Needle,16112,372621,16050,0.9587,97441007,16136,225993,2026-08-23,2026-10-08,Simulation,Incremental Simulator,20,Garage Games,Group,False
2026-10-08T15:01Z,chart,top-trending,31,10766812776,109959833715820,"WideOpen [MOTORCYCLE, TRAFFIC CUTS, CUSTOMIZATION]",3816,3139,134,0.9591,1852902,3836,9189,2026-09-17,2026-10-08,Simulation,Vehicle Sim,16,Elevator4022,User,False
2026-10-08T15:01Z,chart,top-trending,32,10766502612,93539470484676,[UPD!] Scam With Your Friends,1740,2070,762,0.7309,1244096,1767,18820,2026-09-15,2026-10-08,Survival,,25,DO NOT REDEEM IT,Group,False
2026-10-08T15:01Z,chart,top-trending,33,10765951887,111702513024754,DUCTWORKS,2018,8083,804,0.9095,829177,2005,23815,2026-09-10,2026-10-08,Simulation,,20,Scaryneff73,User,False
2026-10-08T15:01Z,chart,top-trending,34,10765298801,111543903102439,+1 Stone Skipping,34291,33032,1163,0.966,19946367,34068,736917,2026-09-05,2026-10-08,Simulation,Incremental Simulator,10,Meow Labs,Group,False
2026-10-08T15:01Z,chart,top-trending,35,2765784373,7138009149,PHIGHTING! [BETA],2995,212334,13891,0.9386,91616712,2984,536876,2021-07-22,2026-10-07,Action,Battlegrounds & Fighting,16,boggio,Group,False
2026-10-08T15:01Z,chart,top-trending,36,2783797267,7171174521,[🌲FOREST🌲] American Plains Mudding,7834,377314,45365,0.8927,714195614,7777,8219513,2021-07-29,2026-10-07,Simulation,Vehicle Sim,15,American Plains Mudding,Group,False
2026-10-08T15:01Z,chart,top-trending,37,10090256806,120189115846709,TTK Testing [CUSTOMIZATION],3444,196306,19249,0.9107,55622570,3431,688775,2026-04-27,2026-10-06,Shooter,Deathmatch Shooter,12,Sable Digital,Group,False
2026-10-08T15:01Z,chart,top-trending,38,10767634248,102476635575386,Firefighting Sim 🚒,22817,5011,433,0.9205,5211726,22587,22888,2026-09-22,2026-10-08,Simulation,,8,Blackbox Express,Group,False
2026-10-08T15:01Z,chart,top-trending,39,1525626450,4637668954,(🍂) Rensselaer County,3281,396485,22640,0.946,340399493,3283,886813,2020-01-28,2026-10-07,Simulation,Vehicle Sim,30,Rensselaer County Official,Group,False
2026-10-08T15:01Z,chart,top-trending,40,4342047058,12334109280,Guts & Blackpowder,12243,524702,32763,0.9412,607504907,12278,1327063,2023-01-31,2026-10-06,Shooter,PvE Shooter,20,Guts & Blackpowder,Group,False
2026-10-08T15:01Z,chart,top-trending,41,10766395909,137095720966003,Film Animals [1-5 Player],8589,11908,812,0.9362,3117937,8590,35895,2026-09-14,2026-10-08,Survival,,25,ChrisBacker1993,Group,False
2026-10-08T15:01Z,chart,top-trending,42,10768176407,129425166667725,Smash the City,6745,4456,528,0.8941,1518608,6627,11481,2026-09-26,2026-10-06,Simulation,Physics Sim,6,Kabooom Crew,Group,False
2026-10-08T15:01Z,chart,top-trending,43,7398552394,107467295209358,A desrt [SANDBOX],12742,132628,15662,0.8944,261371978,12760,403659,2025-03-18,2026-10-07,Adventure,Exploration,100,DarkCodes studio,Group,False
2026-10-08T15:01Z,chart,top-trending,44,10766687030,131234943387594,Rocket Rush,4344,10505,2638,0.7993,6184735,4344,20062,2026-09-16,2026-10-08,Simulation,Vehicle Sim,6,VOXELIFIED,Group,False
2026-10-08T15:01Z,chart,top-trending,45,7028566528,130739873848552,[PERFECTION ✨] Basketball: Zero,7144,7123288,124418,0.9828,1148821911,7116,2237476,2025-01-03,2026-10-05,Sports & Racing,Sports,10,Current.,Group,False
2026-10-08T15:01Z,chart,top-trending,46,10767012496,101880234193261,[UPDATE] Turbo Soccer : Beta 1.0,8878,18816,1996,0.9041,16022919,8901,46480,2026-09-19,2026-10-08,Sports & Racing,Sports,50,Turbo Soccer,Group,False
2026-10-08T15:01Z,chart,top-trending,47,10436530264,78490532994307,Build An Ant Empire,21811,40174,1580,0.9622,13541417,21642,274718,2026-07-03,2026-10-08,Simulation,Tycoon,6,Insect Kingdom studio,Group,False
2026-10-08T15:01Z,chart,top-trending,48,10767240772,137477934962022,Crack the Egg 🥚,11776,11668,1579,0.8808,2431232,11761,17954,2026-09-20,2026-10-05,Simulation,Incremental Simulator,20,egg shell games,Group,False
2026-10-08T15:01Z,chart,top-trending,49,6049736902,17664585395,Spelling Race,5832,67780,7826,0.8965,86905596,5706,117760,2024-05-30,2026-10-07,Party & Casual,,12,Team Ry LLC,Group,False
2026-10-08T15:01Z,chart,top-trending,50,10708913337,113290951185459,[🎉 UPD 7] Anime Dice,60815,576568,4223,0.9927,78612118,60671,142371,2026-08-15,2026-10-08,Simulation,Incremental Simulator,9,More & More Games,Group,False
2026-10-08T15:01Z,chart,top-trending,51,5026122481,14564651437,Death in the Box,2851,167315,17680,0.9044,275095985,2806,899771,2023-08-25,2026-10-07,Survival,,50,ARK-ADE,Group,False
2026-10-08T15:01Z,chart,top-trending,52,10767628417,92796716336864,Create Pottery!,3526,5434,393,0.9326,875613,3520,20213,2026-09-22,2026-10-04,Simulation,Tycoon,6,Team Lychee!,Group,False
2026-10-08T15:01Z,chart,top-trending,53,10766390665,103168011197605,[UPD 3🎉] Guess The Real Size!,6857,6837,1473,0.8227,2655105,6759,43163,2026-09-14,2026-10-05,Party & Casual,,20,Guess that?,Group,False
2026-10-08T15:01Z,chart,top-trending,54,3541611379,9503261072,TB II | Tower Defense X: BETA,6195,334028,20170,0.9431,417507120,6180,338335,2022-04-30,2026-10-07,Strategy,Tower Defense,50,Tower Defense X,Group,False
2026-10-08T15:01Z,chart,top-trending,55,10737656087,128899661081075,(👑UPDATE👑) THA BRONX 3,2330,9740,769,0.9268,6110631,2338,14789,2026-08-18,2026-10-08,Action,Open World Action,30,223Z STUDIOS,Group,False
2026-10-08T15:01Z,chart,top-trending,56,10526463655,116921506811323,[NEW] 8 Ball Duels,4883,6744,2457,0.733,14996291,4844,30964,2026-07-18,2026-10-07,Sports & Racing,Sports,50,Pool Duels,Group,False
2026-10-08T15:01Z,chart,top-trending,57,6635513269,127877871885165,he ate them. [HORROR],5091,147950,3927,0.9741,13695409,5059,101052,2024-10-05,2026-10-08,Survival,,20,GavinToBlame,User,False
2026-10-08T15:01Z,chart,top-trending,58,10550257968,107164765081465,Steal A Verity!,11641,10516,4081,0.7204,29842724,11639,924936,2026-07-23,2026-10-08,Simulation,Tycoon,7,Steal A Verity!,Group,False
2026-10-08T15:01Z,chart,top-trending,59,10575295323,128808728984345,Highway Patrol [Alpha],5845,2932,811,0.7833,4999921,5858,19379,2026-07-26,2026-10-08,Action,Open World Action,28,1reality,Group,False
2026-10-08T15:01Z,chart,top-trending,60,850110028,2418863943,"[HIGHWAY TRAFFIC] Roanoke, VA Driving RP",2394,380296,36925,0.9115,189630055,2410,706355,2018-09-27,2026-10-07,Simulation,Vehicle Sim,30,"Roanoke, VA",Group,False
2026-10-08T15:01Z,chart,top-trending,61,10748543623,131526356112663,[SECRETS!⭐] Pack A Rare Card,3656,43395,682,0.9845,1776574,3728,54070,2026-08-21,2026-10-08,Simulation,Incremental Simulator,15,and Grade Cards,Group,False
2026-10-08T15:01Z,chart,top-trending,62,10765748731,133421482112382,Scroll a Game,2103,2502,681,0.7861,947203,2120,9976,2026-09-09,2026-10-05,Party & Casual,Minigame,10,COOLER BIRD GAMES,Group,False
2026-10-08T15:01Z,chart,top-trending,63,4931927012,14259168147,[🎃]🏀Basketball Legends🏀,2377,666963,105694,0.8632,769035457,2370,696718,2023-07-31,2026-10-07,Sports & Racing,Sports,10,InfinitySports,Group,False
2026-10-08T15:01Z,chart,top-trending,64,4557322431,13042495892,[QT: REWIRED] Project: Afternight,1117,96146,9265,0.9121,59690802,1145,209957,2023-04-08,2026-10-06,Action,Music & Rhythm,40,Dawndreamer Studios,Group,False
2026-10-08T15:01Z,chart,top-trending,65,10765067592,75766778174856,[UPD6] Tower Incremental,6361,5203,585,0.8989,2233432,6340,35268,2026-09-04,2026-10-08,Simulation,Incremental Simulator,8,Lucky CStudios,Group,False
2026-10-08T15:01Z,chart,top-trending,66,10766364164,135439033252889,[UPD] Is It Verity?,1275,5141,1702,0.7513,7683301,1319,25277,2026-09-13,2026-10-07,Party & Casual,,22,Prince Creations,Group,False
2026-10-08T15:01Z,chart,top-trending,67,10766222230,93773799627660,Portal Arena [UPDATE],728,3156,583,0.8441,2204434,739,9452,2026-09-12,2026-10-08,Shooter,Deathmatch Shooter,50,[R&M] Portal Studios,Group,False
2026-10-08T15:01Z,chart,top-trending,68,10415694629,81734857983173,Carry the Glass Together! [2 Player Obby],6232,22007,2861,0.885,25771485,6170,125772,2026-06-29,2026-10-08,Obby & Platformer,,26,Ritronics Studios,Group,False
2026-10-08T15:01Z,chart,top-trending,69,8524572339,99449877692519,bridger: WESTERN (UPD!),2449,81742,22451,0.7845,96276213,2478,139107,2025-08-23,2026-10-08,Action,Open World Action,25,BRIDGER INC.,Group,False
2026-10-08T15:01Z,chart,top-trending,70,10636331438,90920025162454,[ISLANDS] Roll a Fisherman 🎣,8783,74066,1295,0.9828,9882064,8790,317936,2026-08-05,2026-10-07,Simulation,Tycoon,6,FISH X SPEEDI,Group,False
2026-10-08T15:01Z,chart,top-trending,71,10765906597,118723800148573,⛳ Clean all the Balls [2X Luck],2576,11167,557,0.9525,2520386,2582,10679,2026-09-10,2026-10-08,Simulation,Incremental Simulator,12,Little Green Studios,Group,False
2026-10-08T15:01Z,chart,top-trending,72,1946714362,5571328985,[🎉] Bloodlines,1670,44713,9975,0.8176,62762563,1669,164861,2020-08-16,2026-10-08,RPG,Action RPG,1,-Bloodlines-,Group,False
2026-10-08T15:01Z,chart,top-trending,73,10764297006,138110382920220,Pixel Conquest,7161,17099,3855,0.816,42307765,7163,28711,2026-08-29,2026-10-08,Strategy,,175,8Yoonie,User,False
2026-10-08T15:01Z,chart,top-trending,74,4983034985,14422394494,Conquer The World WW2 [👑 Formables ],16653,121012,28386,0.81,293702431,16653,874065,2023-08-13,2026-10-02,Strategy,,14,Marian_Dev,User,False
2026-10-08T15:01Z,chart,top-trending,75,10732236937,127403135954624,[ Halloween ] Kaiju Alpha,9046,40875,3588,0.9193,35020047,9050,69426,2026-08-17,2026-10-08,Action,Battlegrounds & Fighting,25,SULU OPPA,Group,False
2026-10-08T15:01Z,chart,top-trending,76,7265977477,140317247681516,Jump Clicker 🚀,32854,94312,4921,0.9504,123333703,32718,9207754,2025-02-19,2026-09-21,Simulation,Incremental Simulator,20,lol games..,Group,False
2026-10-08T15:01Z,chart,top-trending,77,10766309747,98940528508770,Melt All The Ice!🧊,4593,33540,946,0.9726,8424311,4592,31699,2026-09-13,2026-10-07,Simulation,Incremental Simulator,20,The Frozen Studio,Group,False
2026-10-08T15:01Z,chart,top-trending,78,10740316645,79389059854988,⛏️ My Anime Mine,9952,54481,696,0.9874,5638705,9943,22098,2026-08-19,2026-10-07,Simulation,Tycoon,12,Curseddd Games,Group,False
2026-10-08T15:01Z,chart,top-trending,79,10768082964,88507106847442,Crack Verity,448,720,358,0.6679,221352,461,3952,2026-09-26,2026-10-08,Simulation,Incremental Simulator,20,Did I Axe,Group,False
2026-10-08T15:01Z,chart,top-trending,80,10743048214,116192088324578,🎃 [HALLOWEEN EVENT] FNaF World Multiplayer,3772,9518,419,0.9578,1364732,3774,26748,2026-08-20,2026-10-08,RPG,Turn-based RPG,20,Sunny_Verified,User,False
2026-10-08T15:01Z,chart,top-trending,81,10766142497,91122750358192,Drive A Tuk Tuk,3680,1842,308,0.8567,1777754,3623,15632,2026-09-12,2026-10-07,Simulation,Vehicle Sim,10,Lumora Inc.,Group,False
2026-10-08T15:01Z,chart,top-trending,82,10767582899,101914705206759,[💻UPD] 📱 Build a Phone Empire,7599,4847,1263,0.7933,1135135,7589,12513,2026-09-22,2026-10-07,Simulation,Tycoon,8,DEVTEC STUDIOS,Group,False
2026-10-08T15:01Z,chart,top-trending,83,7265339759,94987506187454,[🗡️ BALLISTIC KNIFE] REDLINER,927,148518,15296,0.9066,67681441,908,372568,2025-02-19,2026-10-06,Shooter,Deathmatch Shooter,75,REDLINER,Group,False
2026-10-08T15:01Z,chart,top-trending,84,10766056678,99679692310083,Steal Animal Egg,24518,20913,1331,0.9402,15324319,24587,499387,2026-09-11,2026-10-08,Simulation,Tycoon,6,Sillytung Studios,Group,False
2026-10-08T15:01Z,chart,top-trending,85,10767657583,92207370848154,[NIGHTMARE] Bon,719,1232,457,0.7294,1197587,694,30783,2026-09-22,2026-10-03,Puzzle,Escape Room,20,Blue Rabbit Run Studios,Group,False
2026-10-08T15:01Z,chart,top-trending,86,10767826343,73810139314608,✈️ Zombie Air Force,2390,1423,224,0.864,266443,2383,5118,2026-09-24,2026-10-08,Shooter,PvE Shooter,10,fresh green beans,Group,False
2026-10-08T15:01Z,chart,top-trending,87,10765288803,114326934417838,Break and Steal an Egg,102194,155627,3330,0.9791,43796751,103944,241308,2026-09-05,2026-10-07,Simulation,Tycoon,7,ILGames x Eggs,Group,False
2026-10-08T15:01Z,chart,top-trending,88,10766004084,132386075859319,[CLANS] Escape the Cave,2616,4207,439,0.9055,1848314,2598,11232,2026-09-11,2026-10-08,Simulation,Incremental Simulator,20,WorldLab Studios®,Group,False
2026-10-08T15:01Z,chart,top-trending,89,10767094794,125347847326052,How Similar Are You? [2 Player Quiz],550,1479,4811,0.2351,880120,577,6095,2026-09-19,2026-09-20,Party & Casual,Quiz,40,THE TEST COMPANY,Group,False
2026-10-08T15:01Z,chart,top-trending,90,6521100398,74395953411817,Dreamville 🏡 RP [Multiple Kids! 👧],24119,269869,14031,0.9506,351181643,24306,593597,2024-09-07,2026-10-03,Roleplay & Avatar Sim,Life,25,Dreamfusion Games,Group,False
2026-10-08T15:01Z,chart,top-trending,91,10765686447,82081400078378,Steal ASMR!,13342,23569,1259,0.9493,11853319,13337,61043,2026-09-08,2026-10-08,Simulation,Tycoon,7,ASMR Creations,Group,False
2026-10-08T15:01Z,chart,top-trending,92,10744310825,104320321984431,Paint to Get Rich [MUSEUM] 🎨,22172,8295,3155,0.7245,20945445,22162,1176360,2026-08-20,2026-10-06,Simulation,Tycoon,6,Toasty Works,Group,False
2026-10-08T15:01Z,chart,top-trending,93,10765525876,138460405368255,[MAJOR UPDATE] Start Your Blue Lock Career!,2832,2700,351,0.885,292174,2833,3910,2026-09-07,2026-10-07,RPG,,10,Ponder Inc,Group,False
2026-10-08T15:01Z,chart,top-trending,94,10765541201,119156763806075,2 Player Pizza Tycoon 🍕,8734,1453,139,0.9127,2485103,8793,10763,2026-09-07,2026-10-05,Simulation,Tycoon,8,MSL Games,Group,False
2026-10-08T15:01Z,chart,top-trending,95,1531130248,4646477729,Tower Heroes [UPD] 🎃 ,2475,363907,43665,0.8929,532088945,2470,859414,2020-02-01,2026-10-08,Strategy,Tower Defense,23,Pixel-bit Studio,Group,False
2026-10-08T15:01Z,chart,top-trending,96,10700618962,132767904294856,[⚽] Blue Lock Farm,10379,30340,527,0.9829,12341450,10463,298858,2026-08-14,2026-10-08,Simulation,Tycoon,8,Finding Illusions,Group,False
2026-10-08T15:01Z,chart,up-and-coming,1,10767922762,138929956115729,Dress Designer,8247,7909,918,0.896,1581338,8257,80138,2026-09-24,2026-10-08,Roleplay & Avatar Sim,Dress Up,8,Wisterium,Group,False
2026-10-08T15:01Z,chart,up-and-coming,2,10764627709,107535308163741,Huss Valley,79874,85265,10167,0.8935,46341076,79864,110181,2026-08-31,2026-10-08,Action,Battlegrounds & Fighting,30,Huss Valley Official,Group,False
2026-10-08T15:01Z,chart,up-and-coming,3,10512942223,114574503491412,Anime Zero [SHADOW MONARCH] 🦋👑,53794,46432,1142,0.976,8876348,53607,40254,2026-07-16,2026-10-08,RPG,Action RPG,20,LY*,Group,False
2026-10-08T15:01Z,chart,up-and-coming,4,10768565603,104416416393862,[UPD] Get Your Driver's License!,8422,4263,5586,0.4328,3270270,8408,10930,2026-09-29,2026-10-08,Simulation,Idle,25,Time Will Pass,Group,False
2026-10-08T15:01Z,chart,up-and-coming,5,10765582175,94009908234110,dogs,13619,38618,4203,0.9018,4352497,13566,48531,2026-09-07,2026-10-06,Survival,Escape,12,AZOT,Group,False
2026-10-08T15:01Z,chart,up-and-coming,6,10597001332,102764584124249,I Can Read Your Mind,4264,16238,10957,0.5971,4035876,4319,98827,2026-07-30,2026-10-08,Party & Casual,Quiz,12,1GZ Developments,Group,False
2026-10-08T15:01Z,chart,up-and-coming,7,10767634248,102476635575386,Firefighting Sim 🚒,22551,5011,433,0.9205,5211726,22587,22888,2026-09-22,2026-10-08,Simulation,,8,Blackbox Express,Group,False
2026-10-08T15:01Z,chart,up-and-coming,8,10768176407,129425166667725,Smash the City,6745,4456,528,0.8941,1518608,6627,11481,2026-09-26,2026-10-06,Simulation,Physics Sim,6,Kabooom Crew,Group,False
2026-10-08T15:01Z,chart,up-and-coming,9,10282097014,118845698633260,Pet Store Tycoon,22490,30613,1509,0.953,4366881,22472,83076,2026-06-06,2026-10-08,Simulation,Tycoon,8,already arrived studios,Group,False
2026-10-08T15:01Z,chart,up-and-coming,10,10767408330,116701845804918,Peel THE Potato,28768,20675,1247,0.9431,8263005,28792,24964,2026-09-21,2026-10-05,Simulation,Incremental Simulator,16,soviet potato republic,Group,False
2026-10-08T15:01Z,chart,up-and-coming,11,10766812776,109959833715820,"WideOpen [MOTORCYCLE, TRAFFIC CUTS, CUSTOMIZATION]",3816,3139,134,0.9591,1852902,3836,9189,2026-09-17,2026-10-08,Simulation,Vehicle Sim,16,Elevator4022,User,False
2026-10-08T15:01Z,chart,up-and-coming,12,10766395909,137095720966003,Film Animals [1-5 Player],8434,11908,812,0.9362,3117937,8590,35895,2026-09-14,2026-10-08,Survival,,25,ChrisBacker1993,Group,False
2026-10-08T15:01Z,chart,up-and-coming,13,10767628417,92796716336864,Create Pottery!,3526,5427,393,0.9325,875613,3520,20213,2026-09-22,2026-10-04,Simulation,Tycoon,6,Team Lychee!,Group,False
2026-10-08T15:01Z,chart,up-and-coming,14,10766222230,93773799627660,Portal Arena [UPDATE],728,3156,583,0.8441,2204434,739,9452,2026-09-12,2026-10-08,Shooter,Deathmatch Shooter,50,[R&M] Portal Studios,Group,False
2026-10-08T15:01Z,chart,up-and-coming,15,10766502612,93539470484676,[UPD!] Scam With Your Friends,1740,2070,762,0.7309,1244096,1767,18820,2026-09-15,2026-10-08,Survival,,25,DO NOT REDEEM IT,Group,False
2026-10-08T15:01Z,chart,up-and-coming,16,10767240772,137477934962022,Crack the Egg 🥚,11776,11626,1577,0.8806,2431232,11761,17954,2026-09-20,2026-10-05,Simulation,Incremental Simulator,20,egg shell games,Group,False
2026-10-08T15:01Z,chart,up-and-coming,17,10765748731,133421482112382,Scroll a Game,2103,2502,681,0.7861,947203,2120,9976,2026-09-09,2026-10-05,Party & Casual,Minigame,10,COOLER BIRD GAMES,Group,False
2026-10-08T15:01Z,chart,up-and-coming,18,10765951887,111702513024754,DUCTWORKS,2018,8075,804,0.9094,829177,2005,23815,2026-09-10,2026-10-08,Simulation,,20,Scaryneff73,User,False
2026-10-08T15:01Z,chart,up-and-coming,19,10765906597,118723800148573,⛳ Clean all the Balls [2X Luck],2576,11167,557,0.9525,2520386,2582,10679,2026-09-10,2026-10-08,Simulation,Incremental Simulator,12,Little Green Studios,Group,False
2026-10-08T15:01Z,chart,up-and-coming,20,10768082964,88507106847442,Crack Verity,458,720,358,0.6679,221352,461,3952,2026-09-26,2026-10-08,Simulation,Incremental Simulator,20,Did I Axe,Group,False
2026-10-08T15:01Z,chart,up-and-coming,21,10767826343,73810139314608,✈️ Zombie Air Force,2390,1423,224,0.864,266443,2383,5118,2026-09-24,2026-10-08,Shooter,PvE Shooter,10,fresh green beans,Group,False
2026-10-08T15:01Z,chart,up-and-coming,22,10743048214,116192088324578,🎃 [HALLOWEEN EVENT] FNaF World Multiplayer,3772,9509,418,0.9579,1364732,3774,26748,2026-08-20,2026-10-08,RPG,Turn-based RPG,20,Sunny_Verified,User,False
2026-10-08T15:01Z,chart,up-and-coming,23,10767094794,125347847326052,How Similar Are You? [2 Player Quiz],550,1476,4808,0.2349,880120,577,6095,2026-09-19,2026-09-20,Party & Casual,Quiz,40,THE TEST COMPANY,Group,False
2026-10-08T15:01Z,chart,up-and-coming,24,10766506199,116802325837172,7 Days Cat-Sitting,17196,10536,3724,0.7388,26479307,17324,98158,2026-09-15,2026-10-07,Survival,,16,HELP ME PLEASE studios,Group,False
2026-10-08T15:01Z,chart,up-and-coming,25,10766004084,132386075859319,[CLANS] Escape the Cave,2616,4207,439,0.9055,1848314,2598,11232,2026-09-11,2026-10-08,Simulation,Incremental Simulator,20,WorldLab Studios®,Group,False
2026-10-08T15:01Z,chart,up-and-coming,26,10765298801,111543903102439,+1 Stone Skipping,34291,33032,1163,0.966,19946367,34068,736917,2026-09-05,2026-10-08,Simulation,Incremental Simulator,10,Meow Labs,Group,False
2026-10-08T15:01Z,chart,up-and-coming,27,10765541201,119156763806075,2 Player Pizza Tycoon 🍕,8811,1453,139,0.9127,2485103,8793,10763,2026-09-07,2026-10-05,Simulation,Tycoon,8,MSL Games,Group,False
2026-10-08T15:01Z,chart,up-and-coming,28,10766349481,109170952597926,🌱 Cut all the Grass!,6814,16556,731,0.9577,4000035,6737,16060,2026-09-13,2026-10-08,Adventure,Story,12,Lawn Lovers,Group,False
2026-10-08T15:01Z,chart,up-and-coming,29,10765067592,75766778174856,[UPD6] Tower Incremental,6305,5203,585,0.8989,2233432,6340,35268,2026-09-04,2026-10-08,Simulation,Incremental Simulator,8,Lucky CStudios,Group,False
2026-10-08T15:01Z,chart,up-and-coming,30,10766056678,99679692310083,Steal Animal Egg,24518,20913,1331,0.9402,15324319,24587,499387,2026-09-11,2026-10-08,Simulation,Tycoon,6,Sillytung Studios,Group,False
2026-10-08T15:01Z,chart,up-and-coming,31,10768944292,139780970631001,[🎃RAPTOR X] Prehistoric Farm,6154,7360,222,0.9707,771811,6215,6224,2026-10-02,2026-10-08,Simulation,Tycoon,6,Project Mirvy,Group,False
2026-10-08T15:01Z,chart,up-and-coming,32,10767582899,101914705206759,[💻UPD] 📱 Build a Phone Empire,7599,4847,1263,0.7933,1135135,7589,12513,2026-09-22,2026-10-07,Simulation,Tycoon,8,DEVTEC STUDIOS,Group,False
2026-10-08T15:01Z,chart,up-and-coming,33,10766142497,91122750358192,Drive A Tuk Tuk,3680,1842,308,0.8567,1777754,3623,15632,2026-09-12,2026-10-07,Simulation,Vehicle Sim,10,Lumora Inc.,Group,False
2026-10-08T15:01Z,chart,up-and-coming,34,10766309747,98940528508770,Melt All The Ice!🧊,4583,33540,946,0.9726,8424311,4592,31699,2026-09-13,2026-10-07,Simulation,Incremental Simulator,20,The Frozen Studio,Group,False
2026-10-08T15:01Z,chart,up-and-coming,35,10766390665,103168011197605,[UPD 3🎉] Guess The Real Size!,6857,6837,1473,0.8227,2655105,6759,43163,2026-09-14,2026-10-05,Party & Casual,,20,Guess that?,Group,False
2026-10-08T15:01Z,chart,up-and-coming,36,10767012496,101880234193261,[UPDATE] Turbo Soccer : Beta 1.0,8878,18816,1996,0.9041,16022919,8901,46480,2026-09-19,2026-10-08,Sports & Racing,Sports,50,Turbo Soccer,Group,False
2026-10-08T15:01Z,chart,up-and-coming,37,10768202113,114138789448181,🎀 Make Dresses,4423,3908,470,0.8926,1576008,4392,19656,2026-09-26,2026-10-06,,,4,Make A Dress x DT Studios,Group,False
2026-10-08T15:01Z,chart,up-and-coming,38,10766687030,131234943387594,Rocket Rush,4375,10511,2643,0.7991,6184735,4344,20062,2026-09-16,2026-10-08,Simulation,Vehicle Sim,6,VOXELIFIED,Group,False
2026-10-08T15:01Z,chart,up-and-coming,39,10765288803,114326934417838,Break and Steal an Egg,102194,155627,3330,0.9791,43796751,103944,241308,2026-09-05,2026-10-07,Simulation,Tycoon,7,ILGames x Eggs,Group,False
2026-10-08T15:01Z,chart,up-and-coming,40,10766845655,101999883467300,Piano Tiles,2696,2366,1042,0.6942,1701020,2724,37939,2026-09-17,2026-10-08,Entertainment,Music & Audio,25,Music Tiles,Group,False
2026-10-08T15:01Z,chart,up-and-coming,41,10767657583,92207370848154,[NIGHTMARE] Bon,690,1232,457,0.7294,1197587,694,30783,2026-09-22,2026-10-03,Puzzle,Escape Room,20,Blue Rabbit Run Studios,Group,False
2026-10-08T15:01Z,chart,up-and-coming,42,10767665871,139872581138829,LONGSHOT [MULTIPLAYER FIX],417,546,510,0.517,138669,416,3260,2026-09-22,2026-10-08,Shooter,,16,seuns workshop,Group,False
2026-10-08T15:01Z,chart,up-and-coming,43,10765563835,87757473222892,[🎃] Sniper VS 99 Players,2348,8751,2203,0.7989,4147641,2306,19904,2026-09-07,2026-10-07,Survival,1 vs All,40,Sniper Vs 99 Players,Group,False
2026-10-08T15:01Z,chart,up-and-coming,44,10766721625,120656419209274,(🌀) Drill for Eggs,13779,10213,653,0.9399,13068965,13778,722021,2026-09-16,2026-10-08,Simulation,Tycoon,5,Crazay Future,Group,False
2026-10-08T15:01Z,chart,up-and-coming,45,10768866246,121671165541545,[RALLY] WRONG WAY!,1301,381,58,0.8679,234675,1257,3176,2026-10-01,2026-10-08,Adventure,Exploration,12,Voidlight Games,Group,False
2026-10-08T15:01Z,chart,up-and-coming,46,10767755908,112142118352753,Cliff Dive Masters,3159,776,46,0.944,371139,3242,66957,2026-09-23,2026-10-07,Simulation,Physics Sim,15,Fortis Sudios,Group,False
2026-10-08T15:01Z,chart,up-and-coming,47,10604313373,95068286626255,The Complex 2,3029,3379,229,0.9365,871118,3019,9782,2026-07-31,2026-10-08,Adventure,Exploration,25,The Complex 2,Group,False
2026-10-08T15:01Z,chart,up-and-coming,48,10767957681,109949693269081,"[BIG UPD] Tycoon, but one dropper",1936,2175,362,0.8573,568672,1943,3580,2026-09-25,2026-10-08,Simulation,Tycoon,8,•Simple Games,Group,False
2026-10-08T15:01Z,chart,up-and-coming,49,10765950109,89678439944901,Steal A Baddie Egg!,4332,7452,1068,0.8746,3698395,4350,26588,2026-09-10,2026-10-07,Simulation,Tycoon,7,Dropout Interactive,Group,False
2026-10-08T15:01Z,chart,up-and-coming,50,10769037074,138572313449154,Rally Panic! [2 PLAYER RALLY],714,127,36,0.7791,170157,720,2558,2026-10-02,2026-10-08,Sports & Racing,Racing,16,nonlethal studios,Group,False
2026-10-08T15:01Z,chart,up-and-coming,51,10765686447,82081400078378,Steal ASMR!,13379,23582,1259,0.9493,11853319,13337,61043,2026-09-08,2026-10-08,Simulation,Tycoon,7,ASMR Creations,Group,False
2026-10-08T15:01Z,chart,up-and-coming,52,10764989090,124470516975332,[💥] Anime Ball Duels,1711,1383,401,0.7752,388413,1692,10161,2026-09-03,2026-10-08,Party & Casual,,20,King Games TD,Group,False
2026-10-08T15:01Z,chart,up-and-coming,53,10675117523,109928390521457,Anime Breaker [🏰TOWER],13735,23643,1115,0.955,13354331,13781,110728,2026-08-10,2026-10-06,Simulation,Incremental Simulator,12,HF x Anime Breaker,Group,False
2026-10-08T15:01Z,chart,up-and-coming,54,10039889230,99925503388128,[UPD] Fishing Master,8115,28102,1240,0.9577,6514348,7946,44187,2026-04-15,2026-10-08,Simulation,Incremental Simulator,20,Fishing Master Community,Group,False
2026-10-08T15:01Z,chart,up-and-coming,55,10766364164,135439033252889,[UPD] Is It Verity?,1275,5141,1702,0.7513,7683301,1319,25277,2026-09-13,2026-10-07,Party & Casual,,22,Prince Creations,Group,False
2026-10-08T15:01Z,chart,up-and-coming,56,10764980068,102571509172583,+1 Roll Ice Cream,2282,20818,582,0.9728,3846088,2309,18591,2026-09-03,2026-10-07,Simulation,Incremental Simulator,8,Qui Juice,Group,False
2026-10-08T15:01Z,chart,up-and-coming,57,10767780358,82591391194183,MM2 of The Locust,3272,19385,1273,0.9384,8777035,3274,705176,2026-09-23,2026-10-08,Survival,1 vs All,30,XRA Games,Group,False
2026-10-08T15:01Z,chart,up-and-coming,58,10765579304,128776499486135,[ALPHA] Fleet Empire,982,5533,712,0.886,1208317,973,16991,2026-09-07,2026-10-08,Simulation,,15,Concrete Rose Studios,Group,False
2026-10-08T15:01Z,chart,up-and-coming,59,10766008884,76943966208523,Clone to Steal Eggs,6164,27956,767,0.9733,7957239,6248,40416,2026-09-11,2026-10-08,Simulation,Tycoon,4,xFrozen x Dudes,Group,False
2026-10-08T15:01Z,chart,up-and-coming,60,10766257839,83867173651969,Where Did I Park? 🚗,1645,4268,1124,0.7915,2215940,1654,10186,2026-09-13,2026-10-06,Simulation,Incremental Simulator,20,Caboose Studios,Group,False
2026-10-08T15:01Z,chart,up-and-coming,61,10767545737,79625784751575,Peel a Potato,1636,8118,746,0.9158,820535,1627,9129,2026-09-22,2026-10-06,Simulation,Incremental Simulator,24,Apartment Horrors,Group,False
2026-10-08T15:01Z,chart,up-and-coming,62,10765764482,97248134864084,[CHAPTER 2] Cut it Out!,2478,10696,2126,0.8342,11886273,2467,74013,2026-09-09,2026-10-01,Puzzle,,70,party fun games.,Group,False
2026-10-08T15:01Z,chart,top-playing-now,1,10563114921,107778070777162,Steal An Egg,1499102,3293203,278643,0.922,7218946399,1546443,7112148,2026-07-25,2026-10-08,Simulation,Tycoon,7,and Collect Rare Pets,Group,False
2026-10-08T15:01Z,chart,top-playing-now,2,1686885941,4924922222,Brookhaven 🏡RP,324674,8621604,1416323,0.8589,88335044511,324404,30376041,2020-04-21,2026-10-06,Roleplay & Avatar Sim,Life,30,Brookhaven by Voldex,Group,False
2026-10-08T15:01Z,chart,top-playing-now,3,7326934954,79546208627805,99 Nights in the Forest 🔦,215655,5442899,571955,0.9049,29931612490,215823,9813180,2025-03-04,2026-10-07,Survival,,25,Grandma's Favourite Games,Group,False
2026-10-08T15:01Z,chart,top-playing-now,4,994732206,2753915549,Blox Fruits,210139,12748076,1065562,0.9229,64864099175,210687,20042809,2019-01-16,2026-09-27,RPG,Action RPG,12,Gamer Robot Inc,Group,False
2026-10-08T15:01Z,chart,top-playing-now,5,383310974,920587237,[🎃] Adopt Me!,186283,9536416,1513216,0.8631,44981007038,185980,29718112,2017-07-14,2026-10-07,Roleplay & Avatar Sim,Pet Care,35,Uplift Games,Group,False
2026-10-08T15:01Z,chart,top-playing-now,6,66654135,142823291,Murder Mystery 2,185637,10733520,1083981,0.9083,31129887159,185585,24394888,2014-01-18,2026-09-24,Survival,1 vs All,12,Nikilis,User,False
2026-10-08T15:01Z,chart,top-playing-now,7,6035872082,17625359962,RIVALS,166627,10726646,723543,0.9368,18589856226,165638,94149858,2024-05-26,2026-10-07,Shooter,Deathmatch Shooter,40,Nosniy Games,Group,False
2026-10-08T15:01Z,chart,top-playing-now,8,3508322461,9391468976,[SKY ASSASSIN] Jujutsu Shenanigans,124209,2631461,420952,0.8621,7531474277,124018,3085891,2022-04-17,2026-10-08,Action,Battlegrounds & Fighting,20,Tze's Shenanigans,Group,False
2026-10-08T15:01Z,chart,top-playing-now,9,5569032992,16116270224,🎃 Dandy's World [ALPHA],115766,1722341,248054,0.8741,7572534539,115697,4692488,2024-01-26,2026-10-07,Survival,Escape,35,BlushCrunch Studio,Group,False
2026-10-08T15:01Z,chart,top-playing-now,10,10765288803,114326934417838,Break and Steal an Egg,102194,155499,3328,0.979,43796751,103944,241308,2026-09-05,2026-10-07,Simulation,Tycoon,7,ILGames x Eggs,Group,False
2026-10-08T15:01Z,chart,top-playing-now,11,9584852943,95082159892680,[X20] +1 Speed Keyboard Escape | Candy & Chocolate,99398,9915815,321063,0.9686,6344231219,99336,6970744,2026-01-18,2026-10-07,Simulation,Incremental Simulator,22,SecretVerse Studio,Group,False
2026-10-08T15:01Z,chart,top-playing-now,12,7709344486,109983668079237,[🌗] Steal a Brainrot,96032,15450590,2691760,0.8516,73861962577,96278,29501974,2025-05-16,2026-10-08,Simulation,Tycoon,8,BRAZILIAN SPYDER,Group,False
2026-10-08T15:01Z,chart,top-playing-now,13,10035204815,124216119978534,[⚡] Ride A Pet,87670,403763,14007,0.9665,330449364,88143,330557,2026-04-14,2026-10-08,Simulation,Tycoon,6,this game is gud,Group,False
2026-10-08T15:01Z,chart,top-playing-now,14,10764627709,107535308163741,Huss Valley,79874,85265,10167,0.8935,46341076,79864,110181,2026-08-31,2026-10-08,Action,Battlegrounds & Fighting,30,Huss Valley Official,Group,False
2026-10-08T15:01Z,chart,top-playing-now,15,6701277882,121864768012064,[🦑UPD] Fish It! 🐟,76176,1345136,278874,0.8283,4772283561,76134,1288201,2024-10-21,2026-10-08,Simulation,Incremental Simulator,20,Fish Atelier,Group,False
2026-10-08T15:01Z,chart,top-playing-now,16,5595353122,16205713724,Slayers 2,71333,920107,20454,0.9783,114527810,71361,498157,2024-02-02,2026-10-08,RPG,Action RPG,1,Ouw Productions,Group,False
2026-10-08T15:01Z,chart,top-playing-now,17,5750914919,16732694052,Fisch 🐟,69743,3043223,309334,0.9077,4990486529,69779,3666793,2024-03-13,2026-10-08,Simulation,,20,Fisching,Group,False
2026-10-08T15:01Z,chart,top-playing-now,18,6739698191,93978595733734,[CURE] Violence District,61717,766784,56077,0.9319,1544499287,62510,1654192,2024-10-31,2026-10-08,Survival,1 vs All,6,VIOLENCE DISTRICT,Group,False
2026-10-08T15:01Z,chart,top-playing-now,19,10708913337,113290951185459,[🎉 UPD 7] Anime Dice,60718,576568,4223,0.9927,78612118,60671,142371,2026-08-15,2026-10-08,Simulation,Incremental Simulator,9,More & More Games,Group,False
2026-10-08T15:01Z,chart,top-playing-now,20,10767825538,86537831042007,Sarab,58696,22723,1189,0.9503,11934417,58516,63353,2026-09-24,2026-10-08,Survival,,25,Patience Zone,Group,False
2026-10-08T15:01Z,chart,top-playing-now,21,2711375305,7041939546,Catalog Avatar Creator,56338,3027804,203272,0.9371,8056153363,56393,5899656,2021-07-03,2026-10-07,Shopping,Avatar Shopping,24,Muneeb,User,False
2026-10-08T15:01Z,chart,top-playing-now,22,10512942223,114574503491412,Anime Zero [SHADOW MONARCH] 🦋👑,53616,46432,1142,0.976,8876348,53607,40254,2026-07-16,2026-10-08,RPG,Action RPG,20,LY*,Group,False
2026-10-08T15:01Z,chart,top-playing-now,23,2440500124,6516141723,DOORS 🚨,52131,4726334,354731,0.9302,7844448558,51962,8250583,2021-03-14,2026-10-05,Survival,Escape,50,LSPLASH,Group,False
2026-10-08T15:01Z,chart,top-playing-now,24,6331902150,18687417158,Forsaken,51561,2391338,441138,0.8443,5791679509,51626,3232742,2024-07-28,2026-10-06,Survival,1 vs All,9,Forsaken Dev Team,Group,False
2026-10-08T15:01Z,chart,top-playing-now,25,3808081382,10449761463,The Strongest Battlegrounds,51150,5317328,1030262,0.8377,19373899802,50906,7693993,2022-08-02,2026-10-06,Action,Battlegrounds & Fighting,15,Yielding Arts,Group,False
2026-10-08T15:01Z,chart,top-playing-now,26,3317771874,8737899170,🎃 [HATCH WARS] Pet Simulator 99! 🍀,50043,3069411,170508,0.9474,2661547943,50119,2204297,2022-02-05,2026-10-08,Simulation,Incremental Simulator,10,BIG Games Pets,Group,False
2026-10-08T15:01Z,chart,top-playing-now,27,5203828273,15101393044,Dress To Impress ⭐,49462,4020090,418878,0.9056,11118305937,49862,7554574,2023-10-18,2026-10-08,Roleplay & Avatar Sim,Dress Up,13,Dress To Impress Group,Group,False
2026-10-08T15:01Z,chart,top-playing-now,28,6931042565,73956553001240,[UPD] Volleyball Legends,46888,2573590,130017,0.9519,3940863450,46847,5462509,2024-12-17,2026-10-08,Sports & Racing,Sports,12,Volleyball Game Group,Group,False
2026-10-08T15:01Z,chart,top-playing-now,29,10155360168,126987974021910,Illegal Soccer,43741,89594,13930,0.8654,147828212,43637,238298,2026-05-12,2026-10-05,Sports & Racing,Sports,8,Repotted,Group,False
2026-10-08T15:01Z,chart,top-playing-now,30,703124385,1962086868,Tower of Hell,41251,4366482,1565848,0.736,29094227999,41154,12034469,2018-06-18,2026-10-03,Obby & Platformer,Tower Obby,20,YXceptional Studios,Group,False
2026-10-08T15:01Z,chart,top-playing-now,31,3647333358,9872472334,Evade ,40066,3242193,210991,0.9389,9274275714,39491,8301731,2022-06-10,2026-10-07,Survival,,15,Hexagon Development Community,Group,False
2026-10-08T15:01Z,chart,top-playing-now,32,10684750879,118805555015549,[BOSS]+1 Loot To Forge,37575,136422,4593,0.9674,65076644,37269,2751195,2026-08-12,2026-10-08,Simulation,Incremental Simulator,8,Good Bro Studio,Group,False
2026-10-08T15:01Z,chart,top-playing-now,33,10685282333,96510596525082,Ball VS Ball,36851,219508,28019,0.8868,87334018,36461,138796,2026-08-12,2026-10-05,Party & Casual,,25,ATYS 3,Group,False
2026-10-08T15:01Z,chart,top-playing-now,34,10765298801,111543903102439,+1 Stone Skipping,34291,33032,1163,0.966,19946367,34068,736917,2026-09-05,2026-10-08,Simulation,Incremental Simulator,10,Meow Labs,Group,False
2026-10-08T15:01Z,chart,top-playing-now,35,10148749921,78515283254292,Animal Hospital (Anomaly) 🧪,33836,1320980,90358,0.936,2403663257,33808,3131548,2026-05-10,2026-10-06,Survival,,30,Animal Anomaly,Group,False
2026-10-08T15:01Z,chart,top-playing-now,36,5361032378,15532962292,Sol's RNG [ Eon 1-29 ],32977,1424079,134063,0.914,2218563193,32910,1023762,2023-12-03,2026-10-03,Simulation,Incremental Simulator,20,Sol's Studio,Group,False
2026-10-08T15:01Z,chart,top-playing-now,37,7265977477,140317247681516,Jump Clicker 🚀,32854,94334,4922,0.9504,123333703,32718,9207754,2025-02-19,2026-09-21,Simulation,Incremental Simulator,20,lol games..,Group,False
2026-10-08T15:01Z,chart,top-playing-now,38,2668101271,6961824067,Fling Things and People,32838,949563,231907,0.8037,3604029303,32846,2582001,2021-06-16,2025-10-29,Simulation,Physics Sim,25,Horomori,User,False
2026-10-08T15:01Z,chart,top-playing-now,39,3240075297,8481844229,Berry Avenue 🏠 RP,29255,1147149,186137,0.8604,8821473988,29315,3658020,2022-01-07,2026-10-04,Roleplay & Avatar Sim,Life,31,Amberry Games,Group,False
2026-10-08T15:01Z,chart,top-playing-now,40,10767408330,116701845804918,Peel THE Potato,28768,20675,1247,0.9431,8263005,28792,24964,2026-09-21,2026-10-05,Simulation,Incremental Simulator,16,soviet potato republic,Group,False
2026-10-08T15:01Z,chart,top-playing-now,41,7219654364,135856908115931,[🎃DUELS] Murderers VS Sheriffs,28283,267934,39258,0.8722,1891635601,28749,16707819,2025-02-09,2026-10-08,Action,Battlegrounds & Fighting,30,MVS Duels Community,Group,False
2026-10-08T15:01Z,chart,top-playing-now,42,601130232,1537690962,Bee Swarm Simulator,27619,3034388,139878,0.9559,4596106957,27614,6544922,2018-03-21,2026-08-22,Simulation,Incremental Simulator,6,Onett,User,False
2026-10-08T15:01Z,chart,top-playing-now,43,4839802560,13967668166,LifeTogether 🏠 RP,26516,945242,100569,0.9038,4014575207,26521,15794851,2023-07-05,2026-10-08,Roleplay & Avatar Sim,Life,28,Cinnamon Software,Group,False
2026-10-08T15:01Z,chart,top-playing-now,44,10765785152,117777190166485,Guess My Game,26219,1598,301,0.8415,2845726,26047,4926,2026-09-09,2026-10-05,Party & Casual,,24,Reveal Fun Games,Group,False
2026-10-08T15:01Z,chart,top-playing-now,45,1202096104,3351674303,Driving Empire,25525,2537332,190775,0.9301,3342903118,25572,31782551,2019-06-23,2026-10-07,Simulation,Vehicle Sim,22,Driving Empire by Voldex,Group,False
2026-10-08T15:01Z,chart,top-playing-now,46,88070565,185655149,[🎃] Welcome to Bloxburg ,25403,5638680,733834,0.8848,10120817485,25442,14007789,2014-11-04,2026-10-08,Roleplay & Avatar Sim,Life,12,Bloxburg Development,Group,False
2026-10-08T15:01Z,chart,top-playing-now,47,6765805766,104715542330896,BlockSpin 🔪 [MANSION UNDERGROUND],25090,277376,75629,0.7858,1279349635,25184,989496,2024-11-06,2026-10-03,Action,Open World Action,28,Cinnamon Go!,Group,False
2026-10-08T15:01Z,chart,top-playing-now,48,10766056678,99679692310083,Steal Animal Egg,24518,20913,1331,0.9402,15324319,24587,499387,2026-09-11,2026-10-08,Simulation,Tycoon,6,Sillytung Studios,Group,False
2026-10-08T15:01Z,chart,top-playing-now,49,5578556129,16146832113,Anime Vanguards: Wrathful Assault,24141,2589376,87365,0.9674,2061496534,24139,1998132,2024-01-28,2026-10-08,Strategy,Tower Defense,24,Kitawari,Group,False
2026-10-08T15:01Z,chart,top-playing-now,50,6521100398,74395953411817,Dreamville 🏡 RP [Multiple Kids! 👧],24119,269869,14031,0.9506,351181643,24306,593597,2024-09-07,2026-10-03,Roleplay & Avatar Sim,Life,25,Dreamfusion Games,Group,False
2026-10-08T15:01Z,chart,top-playing-now,51,10767634248,102476635575386,Firefighting Sim 🚒,22817,5011,433,0.9205,5211726,22587,22888,2026-09-22,2026-10-08,Simulation,,8,Blackbox Express,Group,False
2026-10-08T15:01Z,chart,top-playing-now,52,10282097014,118845698633260,Pet Store Tycoon,22472,30661,1512,0.953,4366881,22472,83076,2026-06-06,2026-10-08,Simulation,Tycoon,8,already arrived studios,Group,False
2026-10-08T15:01Z,chart,top-playing-now,53,5995470825,17516596118,🎃Hypershot,22303,1871879,109706,0.9446,1337544258,22238,22194139,2024-05-17,2026-10-08,Shooter,Deathmatch Shooter,17,Frosted Studio,Group,False
2026-10-08T15:01Z,chart,top-playing-now,54,10744310825,104320321984431,Paint to Get Rich [MUSEUM] 🎨,22172,8295,3155,0.7245,20945445,22162,1176360,2026-08-20,2026-10-06,Simulation,Tycoon,6,Toasty Works,Group,False
2026-10-08T15:01Z,chart,top-playing-now,55,10258991999,101770480176177,[MONGOLS] Command An Army,21690,162187,8102,0.9524,61997786,21707,866706,2026-06-02,2026-10-08,Action,Battlegrounds & Fighting,12,"Fight, Fight, Fight!",Group,False
2026-10-08T15:01Z,chart,top-playing-now,56,10436530264,78490532994307,Build An Ant Empire,21643,40156,1580,0.9621,13541417,21642,274718,2026-07-03,2026-10-08,Simulation,Tycoon,6,Insect Kingdom studio,Group,False
2026-10-08T15:01Z,chart,top-playing-now,57,4949420752,14315258385,Realistic Street Soccer,21507,494200,90226,0.8456,1695061687,21347,807372,2023-08-04,2026-10-07,Sports & Racing,Sports,8,The Builder's Legion,Group,False
2026-10-08T15:01Z,chart,top-playing-now,58,9534705677,122446657157717,[🔥NEW SNIPER] Sniper Arena,20829,289539,25956,0.9177,305592393,20999,3029392,2026-01-10,2026-10-08,Shooter,Deathmatch Shooter,20,9D GAME CLUB,Group,False
2026-10-08T15:01Z,chart,top-playing-now,59,10764897725,80242821185181,+1 Wings For Eggs,20432,144180,3394,0.977,33461532,20369,1552214,2026-09-02,2026-10-08,Simulation,Tycoon,5,Crazay Art,Group,False
2026-10-08T15:01Z,chart,top-playing-now,60,1451869528,4521554329,Would You Rather: Cartoons Tower,19695,2124,353,0.8575,11060398,19678,1217336,2019-12-17,2026-09-25,Obby & Platformer,Tower Obby,32,CartooN Official,Group,False
2026-10-08T15:01Z,chart,top-playing-now,61,2619619496,6872265039,BedWars [🎣RERELEASE🪤],19647,2480133,533920,0.8229,11755491321,19600,4634235,2021-05-27,2026-10-06,Action,Battlegrounds & Fighting,40,Easy.gg,Group,False
2026-10-08T15:01Z,chart,top-playing-now,62,4777817887,13772394625,Blade Ball,18399,8456253,591701,0.9346,6474467543,18377,12995082,2023-06-17,2026-10-08,Action,Battlegrounds & Fighting,16,Wiggity.,Group,False
2026-10-08T15:01Z,chart,top-playing-now,63,10753751277,120475074479690,Steal From The Rich!,18141,50482,2315,0.9562,19484523,18263,1826022,2026-08-22,2026-10-08,Simulation,Tycoon,7,Lucky Finders,Group,False
2026-10-08T15:01Z,chart,top-playing-now,64,7089588429,131378148336503,(WHEELIE STYLE x BIG UPDATE) Drag Drive Simulator,17998,193184,8838,0.9563,629952639,17556,3131010,2025-01-15,2026-10-02,Simulation,Vehicle Sim,25,ADV Gamers Team,Group,False
2026-10-08T15:01Z,chart,top-playing-now,65,10649255304,70640255604878,Pull An Egg,17908,17860,2500,0.8772,47498943,18010,2800032,2026-08-07,2026-10-08,Simulation,Tycoon,5,Crazay Future,Group,False
2026-10-08T15:01Z,chart,top-playing-now,66,10764479526,92648272637932,+1 Mog Evolution,17814,296073,5950,0.9803,37002678,17854,388187,2026-08-30,2026-10-07,Simulation,Incremental Simulator,12,Navoj Mog,Group,False
2026-10-08T15:01Z,chart,top-playing-now,67,7436755782,126884695634066,[🧑‍🌾] Grow a Garden 🌶️,17703,9435988,1054899,0.8994,35961152730,17713,11438981,2025-03-25,2026-10-06,Simulation,Tycoon,4,The Garden Game,Group,False
2026-10-08T15:01Z,chart,top-playing-now,68,9167377564,70411440483149,100 Days At Sea,17524,661315,19561,0.9713,384321452,17477,9027118,2025-11-14,2026-10-07,Survival,,27,Stranded Devs,Group,False
2026-10-08T15:01Z,chart,top-playing-now,69,10399136326,108567435288296,Anime Ability Arena,17482,98271,12999,0.8832,110706007,17443,175678,2026-06-26,2026-10-08,Action,Battlegrounds & Fighting,18,no dj khaled we the best,Group,False
2026-10-08T15:01Z,chart,top-playing-now,70,2936053166,7554888362,[🦑] Squid Game X,17345,1522272,101730,0.9374,2275322343,17418,1868631,2021-09-24,2026-10-05,Party & Casual,Minigame,80,redifi,Group,False
2026-10-08T15:01Z,chart,top-playing-now,71,4049246711,11379739543,Timebomb Duels [Alpha],17286,227889,124813,0.6461,931358882,17206,622978,2022-10-25,2026-10-07,Party & Casual,,30,Customs Community,Group,False
2026-10-08T15:01Z,chart,top-playing-now,72,10766506199,116802325837172,7 Days Cat-Sitting,17196,10546,3727,0.7389,26479307,17324,98158,2026-09-15,2026-10-07,Survival,,16,HELP ME PLEASE studios,Group,False
2026-10-08T15:01Z,chart,top-playing-now,73,1831550657,5233782396,✨ Creatures of Sonaria 📜 Survive Kaiju Animals,17021,1415549,116087,0.9242,2249962244,16987,11287097,2020-06-25,2026-10-08,Roleplay & Avatar Sim,Animal Sim,75,Sonar Studios,Group,False
2026-10-08T15:01Z,chart,top-playing-now,74,4983034985,14422394494,Conquer The World WW2 [👑 Formables ],16653,121012,28386,0.81,293702431,16653,874065,2023-08-13,2026-10-02,Strategy,,14,Marian_Dev,User,False
2026-10-08T15:01Z,chart,top-playing-now,75,10765012427,123720558354386,Build the Pyramid!,16651,100399,5214,0.9506,33062638,16620,149333,2026-09-03,2026-10-01,Simulation,Incremental Simulator,100,Janitors Studios,Group,False
2026-10-08T15:01Z,chart,top-playing-now,76,10741654282,105011592530400,Build and Kill Zombies,16453,247841,5026,0.9801,48180319,16968,1122844,2026-08-19,2026-10-08,Simulation,Sandbox,5,Zombie Car Crusher,Group,False
2026-10-08T15:01Z,chart,top-playing-now,77,9294074907,90568084448279,[FPS] One Tap,16260,220684,30200,0.8796,585252195,16290,652737,2025-12-04,2026-10-08,Shooter,Deathmatch Shooter,8,Stringless Banjo,Group,False
2026-10-08T15:01Z,chart,top-playing-now,78,10756011174,77108422251420,[🔱] Search For The Needle,16112,372658,16050,0.9587,97441007,16136,225993,2026-08-23,2026-10-08,Simulation,Incremental Simulator,20,Garage Games,Group,False
2026-10-08T15:01Z,chart,top-playing-now,79,648454481,1730877806,[🍬HALLOWEEN PT 1] Grand Piece Online,15998,1073573,121629,0.8982,1324968073,16096,1511486,2018-05-06,2026-10-08,RPG,Action RPG,1,Grand Quest Games,Group,False
2026-10-08T15:01Z,chart,top-playing-now,80,10371406677,122278212262864,Race for Eggs,15750,51889,1064,0.9799,19065434,15705,77410,2026-06-21,2026-10-07,Simulation,Tycoon,5,xFrozen x Dudes,Group,False
2026-10-08T15:01Z,chart,top-playing-now,81,9978329815,74188431054457,Mukbang Game [Testing]🥞🧇!,15398,295200,22785,0.9283,512302281,15267,1080160,2026-04-02,2026-10-04,,,25,sorynn22,User,False
2026-10-08T15:01Z,chart,top-playing-now,82,7633926880,114234929420007,[UPDATE] BloxStrike,15275,617514,34713,0.9468,289163986,15236,962536,2025-05-02,2026-10-06,Shooter,Deathmatch Shooter,14,BloxStrike,Group,False
2026-10-08T15:01Z,chart,top-playing-now,83,6325068386,18668065416,[🧟‍♂️ Don Lorenzo] Blue Lock: Rivals,14663,10238926,356983,0.9663,4986594468,14662,6285028,2024-07-26,2026-10-03,Sports & Racing,Sports,10,Blue Lock Rivals Unofficial Fans,Group,False
2026-10-08T15:01Z,chart,top-playing-now,84,10460801145,103037106396302,TROLL Hug Tower,14405,77846,12678,0.8599,212763197,14466,236714,2026-07-07,2026-09-22,Obby & Platformer,Tower Obby,20,Trash Container,Group,False
2026-10-08T15:01Z,chart,top-playing-now,85,8178086002,117713779364528,Lethal Ape Experience [☠️BTM],14282,65461,4481,0.9359,82371711,14189,235569,2025-07-16,2026-10-04,Survival,,20,Breet Studios,Group,False
2026-10-08T15:01Z,chart,top-playing-now,86,7554119808,75387700043737,🛍️ My Avatar!,14233,160131,15629,0.9111,446932608,14265,5561713,2025-04-17,2026-10-08,Shopping,Avatar Shopping,28,THINK DIFFERENT.,Group,False
2026-10-08T15:01Z,chart,top-playing-now,87,10767824942,120731410233153,+1 Assassin Leveling,14186,3229,170,0.95,1314408,14223,124266,2026-09-24,2026-10-08,Simulation,Incremental Simulator,12,+1 on top,Group,False
2026-10-08T15:01Z,chart,top-playing-now,88,10767566226,135675416428111,Don't Steal My Eggs!,14075,2759,139,0.952,2219424,14081,9229,2026-09-22,2026-10-08,Simulation,Tycoon,4,xFrozen x Dudes,Group,False
2026-10-08T15:01Z,chart,top-playing-now,89,10766721625,120656419209274,(🌀) Drill for Eggs,13779,10213,653,0.9399,13068965,13778,722021,2026-09-16,2026-10-08,Simulation,Tycoon,5,Crazay Future,Group,False
2026-10-08T15:01Z,chart,top-playing-now,90,10675117523,109928390521457,Anime Breaker [🏰TOWER],13735,23643,1115,0.955,13354331,13781,110728,2026-08-10,2026-10-06,Simulation,Incremental Simulator,12,HF x Anime Breaker,Group,False
2026-10-08T15:01Z,chart,top-playing-now,91,210851291,537413528,Build A Boat For Treasure,13704,3659714,259238,0.9339,5220524933,13714,8539584,2016-11-02,2026-10-02,Simulation,Sandbox,7,Chillz Studios,Group,False
2026-10-08T15:01Z,chart,top-playing-now,92,10004244222,89469502395769,[🍂] Kick a Lucky Block,13685,1300889,68182,0.9502,1905900068,14114,26565236,2026-04-07,2026-10-06,Simulation,Tycoon,5,No More Flops,Group,False
2026-10-08T15:01Z,chart,top-playing-now,93,10765582175,94009908234110,dogs,13619,38618,4203,0.9018,4352497,13566,48531,2026-09-07,2026-10-06,Survival,Escape,12,AZOT,Group,False
2026-10-08T15:01Z,chart,top-playing-now,94,9855761734,136020512003847,[GANGS] San Diego Roleplay,13551,146244,24629,0.8559,213937006,13471,295643,2026-03-08,2026-10-06,Roleplay & Avatar Sim,Life,50,San Diego Community,Group,False
2026-10-08T15:01Z,chart,top-playing-now,95,9825259729,135486323963203,Duck Duck (Tag) 🦆,13505,51983,6356,0.8911,21891865,13509,152554,2026-03-02,2026-10-07,Party & Casual,Childhood Game,10,Quack Quack Co.,Group,False
2026-10-08T15:01Z,chart,top-playing-now,96,10682172994,120050893758951,+1 Speed Be a Dumpling,13494,9802,421,0.9588,6154004,13531,15634,2026-08-11,2026-10-06,Simulation,Tycoon,5,SOO SATISFYING,Group,False
2026-10-08T15:01Z,chart,top-playing-now,97,1516533665,4623386862,Piggy [SEASON 9 - FRIGHT NIGHT],13428,4061861,435237,0.9032,14399064083,13476,12260794,2020-01-23,2026-10-07,Survival,,6,Piggy Dev Team,Group,False
2026-10-08T15:01Z,chart,top-playing-now,98,10765686447,82081400078378,Steal ASMR!,13342,23569,1259,0.9493,11853319,13337,61043,2026-09-08,2026-10-08,Simulation,Tycoon,7,ASMR Creations,Group,False
2026-10-08T15:01Z,chart,fun-with-friends,1,3359505957,8884433153,Collect All Pets!,3075,126503,9919,0.9273,210445486,3078,329138,2022-02-20,2026-10-04,Simulation,Incremental Simulator,12,TwoZoos,User,False
2026-10-08T15:01Z,chart,fun-with-friends,2,5315312115,15405900187,[RP] Pine Ridge,126,14847,2229,0.8695,10679286,126,93447,2023-11-19,2026-10-05,Roleplay & Avatar Sim,Life,70,Trite Roleplay,Group,False
2026-10-08T15:01Z,chart,fun-with-friends,3,123956318,334730614,Kaizen [RP],298,78774,17766,0.816,33625393,307,344852,2015-12-21,2026-10-07,Roleplay & Avatar Sim,Life,70,Fate Forge,Group,False
2026-10-08T15:01Z,chart,fun-with-friends,4,5291633415,15341793633,[RP] Mythage,174,7983,906,0.8981,2777755,171,31511,2023-11-12,2026-10-07,Roleplay & Avatar Sim,Morph Roleplay,90,Trite Roleplay,Group,False
2026-10-08T15:01Z,chart,fun-with-friends,5,4991126644,14449145868,Bewitched,1061,8737,932,0.9036,4638177,1063,12176,2023-08-15,2026-10-07,Action,,25,Вewitched,Group,False
2026-10-08T15:01Z,chart,fun-with-friends,6,6385532960,18852831741,[FIXES] Ryujin,3121,50045,3026,0.943,27193519,3123,100078,2024-08-07,2026-10-08,Action,Battlegrounds & Fighting,32,Martial Ascension,Group,False
2026-10-08T15:01Z,chart,fun-with-friends,7,6026405541,17600423422,🍁 10 Player Flee,681,41105,6100,0.8708,58023178,685,134503,2024-05-24,2026-10-08,Survival,1 vs All,10,the workshopᅠ,Group,False
2026-10-08T15:01Z,chart,fun-with-friends,8,10415694629,81734857983173,Carry the Glass Together! [2 Player Obby],6232,22001,2861,0.8849,25771485,6170,125772,2026-06-29,2026-10-08,Obby & Platformer,,26,Ritronics Studios,Group,False
2026-10-08T15:01Z,chart,fun-with-friends,9,1000233041,2768379856,3008 [2.75],9598,2005411,180594,0.9174,3317343328,9523,5808340,2019-01-20,2026-09-20,Survival,1 vs All,16,uglyburger0,User,False
2026-10-08T15:01Z,chart,fun-with-friends,10,10737656087,128899661081075,(👑UPDATE👑) THA BRONX 3,2349,9740,769,0.9268,6110631,2338,14789,2026-08-18,2026-10-08,Action,Open World Action,30,223Z STUDIOS,Group,False
2026-10-08T15:01Z,chart,fun-with-friends,11,5580972377,16154918775,[RANKED] 💥 BUCKSHOT,2436,695997,25229,0.965,149068876,2422,619811,2024-01-28,2026-10-03,Strategy,,24,crookit,Group,False
2026-10-08T15:01Z,chart,fun-with-friends,12,10699057921,109584643077945,[🍁] WikiRace!,229,10491,1590,0.8684,4092677,235,52328,2026-08-13,2026-09-27,Puzzle,Word,80,WikiRace! Club,Group,False
2026-10-08T15:01Z,chart,fun-with-friends,13,10766364164,135439033252889,[UPD] Is It Verity?,1275,5142,1703,0.7512,7683301,1319,25277,2026-09-13,2026-10-07,Party & Casual,,22,Prince Creations,Group,False
2026-10-08T15:01Z,chart,fun-with-friends,14,10742937135,109166720609444,(🎮Update!)   Survive The Hulk,5161,10226,2473,0.8053,5915527,5137,70502,2026-08-20,2026-10-08,Survival,1 vs All,12,Survive The Hulk,Group,False
2026-10-08T15:01Z,chart,fun-with-friends,15,10750223358,138014591158268,Z : ZHD!,255,87,40,0.685,245406,252,290,2026-08-21,2026-10-08,Shooter,PvE Shooter,35,ZHD Entertainment,Group,False
2026-10-08T15:01Z,chart,fun-with-friends,16,7178032757,74260430392611,[🍁] Rebirth Champions: Ultimate,5259,232223,5914,0.9752,245966942,5277,152617,2025-02-01,2026-10-06,Simulation,Incremental Simulator,10,Powerful Studio,Group,False
2026-10-08T15:01Z,chart,fun-with-friends,17,6765805766,104715542330896,BlockSpin 🔪 [MANSION UNDERGROUND],25090,277375,75628,0.7858,1279349635,25184,989496,2024-11-06,2026-10-03,Action,Open World Action,28,Cinnamon Go!,Group,False
2026-10-08T15:01Z,chart,fun-with-friends,18,9112256336,76427445314955,Scream City 2 🎃,414,8596,1619,0.8415,9772399,392,20593,2025-11-06,2026-10-08,Action,,35,Vice City Miami,Group,False
2026-10-08T15:01Z,chart,fun-with-friends,19,1008451066,2788229376,Da Hood,2094,1297553,542720,0.7051,2954730539,2107,3007064,2019-01-27,2026-10-05,Action,Open World Action,45,Da Hood Entertainment,Group,False
2026-10-08T15:01Z,chart,fun-with-friends,20,10759638075,74629631798007,[🎣] Pets Universe!,5372,72905,1086,0.9853,5114749,5370,151922,2026-08-24,2026-10-08,Simulation,Incremental Simulator,6,Lip Builds,Group,False
2026-10-08T15:01Z,chart,fun-with-friends,21,10391036163,126096010539917,Anomaly Detected,2320,16552,2240,0.8808,8162459,2313,172127,2026-06-25,2026-10-08,Survival,,8,BanuTheCat,User,False
2026-10-08T15:01Z,chart,fun-with-friends,22,6061766680,17698425045,[UNBANS] fight in a school,2312,313988,81559,0.7938,570744133,2267,606219,2024-06-01,2026-10-03,Action,Battlegrounds & Fighting,30,Fight In A Game,Group,False
2026-10-08T15:01Z,chart,fun-with-friends,23,7414497778,95721658376580,[MTC] Multicrew Tank Combat,2819,71666,13953,0.837,78926413,2814,200285,2025-03-22,2026-09-29,Action,Battlegrounds & Fighting,48,Top Giun,Group,False
2026-10-08T15:01Z,chart,fun-with-friends,24,10762757054,115668616082195,WHO FARTED?,5740,22219,5891,0.7904,18713263,5628,63996,2026-08-26,2026-10-07,Survival,1 vs All,10,Badass Experiences,Group,False
2026-10-08T15:01Z,chart,fun-with-friends,25,6726637224,71600459831333,Street Life Remastered 🔥,1920,168500,25153,0.8701,175158523,1933,1644069,2024-10-27,2026-10-07,Action,Open World Action,35,flipsy's games,Group,False
2026-10-08T15:01Z,chart,fun-with-friends,26,10765167636,126710589265077,[💰] 2 Player Raid Tycoon,4755,10270,1179,0.897,7389035,4733,36048,2026-09-05,2026-10-08,Simulation,Tycoon,12,STRAY FRAME,Group,False
2026-10-08T15:01Z,chart,fun-with-friends,27,9885372266,82797688803922,Unseen Liminality,2910,150743,10201,0.9366,88364999,2920,2516168,2026-03-15,2026-09-30,Adventure,Exploration,15,The Unseen Zone,Group,False
2026-10-08T15:01Z,chart,fun-with-friends,28,6451948378,83948716312312,[🔮]Tokyo Claw Machine,861,68728,15435,0.8166,139110842,857,965024,2024-08-22,2026-10-08,Simulation,,16,Omochi_Studio's Game center,Group,False
2026-10-08T15:01Z,chart,fun-with-friends,29,6739698191,93978595733734,[CURE] Violence District,61717,766784,56077,0.9319,1544499287,62510,1654192,2024-10-31,2026-10-08,Survival,1 vs All,6,VIOLENCE DISTRICT,Group,False
2026-10-08T15:01Z,chart,fun-with-friends,30,9908641400,82866880824588,Football Fusion 3,1272,36223,7780,0.8232,76555269,1272,58892,2026-03-20,2026-10-01,Sports & Racing,Sports,14,XSTNS GAMES,Group,False
2026-10-08T15:01Z,chart,fun-with-friends,31,66654135,142823291,Murder Mystery 2,185637,10733520,1083981,0.9083,31129887159,185585,24394888,2014-01-18,2026-09-24,Survival,1 vs All,12,Nikilis,User,False
2026-10-08T15:01Z,chart,fun-with-friends,32,10766390665,103168011197605,[UPD 3🎉] Guess The Real Size!,6857,6837,1473,0.8227,2655105,6759,43163,2026-09-14,2026-10-05,Party & Casual,,20,Guess that?,Group,False
2026-10-08T15:01Z,chart,fun-with-friends,33,4839802560,13967668166,LifeTogether 🏠 RP,26516,945244,100569,0.9038,4014575207,26521,15794851,2023-07-05,2026-10-08,Roleplay & Avatar Sim,Life,28,Cinnamon Software,Group,False
2026-10-08T15:01Z,chart,fun-with-friends,34,1494262959,4588604953,[⚙️] Criminality,1827,370427,122148,0.752,366651947,1823,826112,2020-01-10,2026-10-07,Action,Open World Action,30,CRIMCORP,Group,False
2026-10-08T15:01Z,chart,fun-with-friends,35,1686885941,4924922222,Brookhaven 🏡RP,323859,8621604,1416323,0.8589,88335044511,324404,30376041,2020-04-21,2026-10-06,Roleplay & Avatar Sim,Life,30,Brookhaven by Voldex,Group,False
2026-10-08T15:01Z,chart,fun-with-friends,36,6521100398,74395953411817,Dreamville 🏡 RP [Multiple Kids! 👧],24119,269869,14031,0.9506,351181643,24306,593597,2024-09-07,2026-10-03,Roleplay & Avatar Sim,Life,25,Dreamfusion Games,Group,False
2026-10-08T15:01Z,chart,fun-with-friends,37,2668101271,6961824067,Fling Things and People,32838,949560,231905,0.8037,3604029303,32846,2582001,2021-06-16,2025-10-29,Simulation,Physics Sim,25,Horomori,User,False
2026-10-08T15:01Z,chart,fun-with-friends,38,10764627709,107535308163741,Huss Valley,79874,85324,10177,0.8934,46341076,79864,110181,2026-08-31,2026-10-08,Action,Battlegrounds & Fighting,30,Huss Valley Official,Group,False
2026-10-08T15:01Z,chart,fun-with-friends,39,3990106548,11158043705,Baddies 💅,3271,478998,96297,0.8326,1873996393,3289,6417781,2022-10-03,2026-10-07,Action,Battlegrounds & Fighting,22,Meow Meow Games!,Group,False
2026-10-08T15:01Z,chart,fun-with-friends,40,2139712082,5951002734,[🕷️HALLOWEEN 1.5] Project Baki,576,85730,21548,0.7991,78082119,578,198457,2020-11-13,2026-10-08,Action,,22,Project Baki,Group,False
2026-10-08T15:01Z,chart,fun-with-friends,41,372226183,893973440,Flee the Facility,11931,2803292,240590,0.921,6056853118,11939,9718685,2017-07-01,2026-10-01,Survival,1 vs All,5,A.W. Apps,Group,False
2026-10-08T15:01Z,chart,fun-with-friends,42,7629331599,129827112113663,Prospecting! 💎,5322,336156,12500,0.9641,267623014,5307,481761,2025-05-02,2026-10-07,Simulation,,20,Prospecting!,Group,False
2026-10-08T15:01Z,chart,fun-with-friends,43,10764613327,131683977882464,[🎧] GUESS THE SONG! 0.5s,3592,5027,2006,0.7148,4324247,3613,35656,2026-08-31,2026-10-08,Entertainment,Music & Audio,16,First Note,Group,False
2026-10-08T15:01Z,chart,fun-with-friends,44,6945584306,94647229517154,[💀QOL🐱] Azure Latch,7874,1613707,53655,0.9678,586474403,7848,655131,2024-12-20,2026-10-06,Sports & Racing,Sports,10,[B:S] Azure Latch Team,Group,False
2026-10-08T15:01Z,chart,fun-with-friends,45,6925303818,137628283909891,Goalbound,947,930967,20858,0.9781,74176105,937,272387,2024-12-15,2026-10-07,Sports & Racing,Sports,12,ΞGO,Group,False
2026-10-08T15:01Z,chart,fun-with-friends,46,1278035280,3663340706,Warrior Cats: Ultimate Edition,5169,501686,37309,0.9308,782741556,5149,1518871,2019-08-15,2026-10-05,Roleplay & Avatar Sim,Animal Sim,60,WarriorCatsRP,Group,False
2026-10-08T15:01Z,chart,fun-with-friends,47,892043755,2512643572,[🍀UPD] Bubble Gum Simulator,2267,1055519,136803,0.8853,1252101593,2263,3320236,2018-10-23,2026-10-05,Simulation,Incremental Simulator,10,Rumble Studios,Group,False
2026-10-08T15:01Z,chart,fun-with-friends,48,5829613337,16991287194,something evil will happen,2737,360711,28724,0.9262,372573855,2726,892664,2024-04-03,2026-10-03,Survival,,20,larvae studios,Group,False
2026-10-08T15:01Z,chart,fun-with-friends,49,7208219743,128039018996175,The Walking Dead Online,785,23985,5842,0.8041,13286547,789,147259,2025-02-07,2026-09-28,Action,Open World Action,50,TWD Online,Group,False
2026-10-08T15:01Z,chart,fun-with-friends,50,10411998017,140175932233171,[TRAIL MAP🗺️] Project Bikelife,1519,24585,4120,0.8565,6289546,1501,15778,2026-06-28,2026-10-07,Simulation,Vehicle Sim,1,Project Bikelife,Group,False
2026-10-08T15:01Z,chart,fun-with-friends,51,4348829796,12355337193,MVSD | Murderers VS Sheriffs Duels,8839,571107,105552,0.844,2716056320,8793,11608389,2023-02-02,2026-10-06,Action,Battlegrounds & Fighting,40,RED21 Games,Group,False
2026-10-08T15:01Z,chart,fun-with-friends,52,1718755273,4991214437,town,633,136590,45278,0.751,86582694,623,322336,2020-05-06,2026-10-03,Shooter,Deathmatch Shooter,30,DecodeUnicode,User,False
2026-10-08T15:01Z,chart,fun-with-friends,53,10189903609,91704854174760,Finish The Word! [ SUMMER ],4796,88931,8376,0.9139,88822590,4800,145503,2026-05-19,2026-10-07,Puzzle,Word,25,Table Game X,Group,False
2026-10-08T15:01Z,chart,fun-with-friends,54,4568630521,13076380114,[💥] Heroes Battlegrounds,4227,1132965,191888,0.8552,1747621937,4218,1623181,2023-04-11,2026-10-08,Action,Battlegrounds & Fighting,15,more awesome games yo,Group,False
2026-10-08T15:01Z,chart,fun-with-friends,55,6505338302,90913221847091,🏈Football Legends🏈,804,70548,10847,0.8667,134074895,783,98754,2024-09-02,2026-10-05,Sports & Racing,Sports,14,InfinityLegends,Group,False
2026-10-08T15:01Z,chart,fun-with-friends,56,6749060816,132352755769957,Asylum Life 🔊,5755,303374,60740,0.8332,293632603,5748,1918697,2024-11-02,2026-10-06,Roleplay & Avatar Sim,,40,Asylum Life Community,Group,False
2026-10-08T15:01Z,chart,fun-with-friends,57,4987856151,14438406081,Wanted [💰UPDATE],13963,377224,12337,0.9683,128245849,14051,533667,2023-08-14,2026-10-06,Action,Open World Action,30,DevvGames,Group,False
2026-10-08T15:01Z,chart,fun-with-friends,58,10762388019,117448312570314,[1 & 2 PLAYER] Grapple Cart Obby,6682,218757,16820,0.9286,28830179,6598,113870,2026-08-26,2026-10-02,Obby & Platformer,,25,rng dev,Group,False
2026-10-08T15:01Z,chart,fun-with-friends,59,1946714362,5571328985,[🎉] Bloodlines,1680,44713,9975,0.8176,62762563,1669,164861,2020-08-16,2026-10-08,RPG,Action RPG,1,-Bloodlines-,Group,False
2026-10-08T15:01Z,chart,fun-with-friends,60,5039839070,14608970270,(ANNIVERSARY) Outcome Memories v0.2,5535,304872,40950,0.8816,355632602,5503,521504,2023-08-29,2026-10-08,Survival,1 vs All,8,Team Red Ring,Group,False
2026-10-08T15:01Z,chart,fun-with-friends,61,4676287985,13438553315,Decaying Winter,921,121531,11188,0.9157,78264160,926,316664,2023-05-14,2026-10-05,Shooter,PvE Shooter,5,the coconut crew!,Group,False
2026-10-08T15:01Z,chart,fun-with-friends,62,1087859240,3016661674,[🎃] Rogue Lineage,1125,118579,23297,0.8358,385304046,1117,345237,2019-03-29,2026-10-04,RPG,Action RPG,10,Rogue Lineage,Group,False
2026-10-08T15:01Z,chart,fun-with-friends,63,1709917610,4972273297,Regretevator [ ELEVATOR SIMULATOR ],1365,406825,45239,0.8999,264565044,1368,1073929,2020-05-02,2026-10-08,Party & Casual,Minigame,10,The Axolotl Sun,Group,False
2026-10-08T15:01Z,chart,fun-with-friends,64,10153098880,108307565942574,Heroes RNG 🏹,2023,53791,2119,0.9621,36062536,2044,253572,2026-05-11,2026-10-03,Simulation,Incremental Simulator,20,Heroplay Studios,Group,False
2026-10-08T15:01Z,chart,fun-with-friends,65,110181652,277751860,Epic Minigames ✨,1578,2272031,236119,0.9059,2357811549,1576,8611703,2015-07-29,2026-10-06,Party & Casual,Minigame,12,Typical Games,Group,False
2026-10-08T15:01Z,chart,fun-with-friends,66,2711375305,7041939546,Catalog Avatar Creator,56455,3027804,203272,0.9371,8056153363,56393,5899656,2021-07-03,2026-10-07,Shopping,Avatar Shopping,24,Muneeb,User,False
2026-10-08T15:01Z,chart,fun-with-friends,67,1526814825,4639625707,[Visby] War Tycoon,10175,1109173,106128,0.9127,1125023307,10167,4424084,2020-01-29,2026-10-05,Simulation,Tycoon,18,KizmoTek Studio,Group,False
2026-10-08T15:01Z,chart,fun-with-friends,68,4983034985,14422394494,Conquer The World WW2 [👑 Formables ],16658,121009,28385,0.81,293702431,16653,874065,2023-08-13,2026-10-02,Strategy,,14,Marian_Dev,User,False
2026-10-08T15:01Z,chart,fun-with-friends,69,3508322461,9391468976,[SKY ASSASSIN] Jujutsu Shenanigans,124459,2631461,420952,0.8621,7531474277,124018,3085891,2022-04-17,2026-10-08,Action,Battlegrounds & Fighting,20,Tze's Shenanigans,Group,False
2026-10-08T15:01Z,chart,fun-with-friends,70,1831550657,5233782396,✨ Creatures of Sonaria 📜 Survive Kaiju Animals,17021,1415552,116087,0.9242,2249962244,16987,11287097,2020-06-25,2026-10-08,Roleplay & Avatar Sim,Animal Sim,75,Sonar Studios,Group,False
2026-10-08T15:01Z,chart,fun-with-friends,71,7219654364,135856908115931,[🎃DUELS] Murderers VS Sheriffs,28283,267934,39258,0.8722,1891635601,28749,16707819,2025-02-09,2026-10-08,Action,Battlegrounds & Fighting,30,MVS Duels Community,Group,False
2026-10-08T15:01Z,chart,fun-with-friends,72,7970033072,125503525638054,The Veil,1045,158509,3910,0.9759,7690152,1043,109358,2025-06-22,2026-10-04,RPG,Action RPG,16,BlackstarDW Studios,Group,False
2026-10-08T15:01Z,chart,fun-with-friends,73,10765582175,94009908234110,dogs,13619,38618,4203,0.9018,4352497,13566,48531,2026-09-07,2026-10-06,Survival,Escape,12,AZOT,Group,False
2026-10-08T15:01Z,chart,fun-with-friends,74,6504986360,85896571713843,[🍁UPD] Bubble Gum Simulator INFINITY,7112,494744,16386,0.9679,609836042,7129,291746,2024-09-02,2026-10-07,Simulation,Incremental Simulator,12,Rumble Studios,Group,False
2026-10-08T15:01Z,chart,fun-with-friends,75,6331902150,18687417158,Forsaken,51561,2391331,441138,0.8443,5791679509,51626,3232742,2024-07-28,2026-10-06,Survival,1 vs All,9,Forsaken Dev Team,Group,False
2026-10-08T15:01Z,chart,fun-with-friends,76,7856039629,128119795963270,Murder Mystery DUELS,5999,42470,5281,0.8894,78688402,5929,2252510,2025-06-06,2026-10-07,Action,Battlegrounds & Fighting,30,b1uu,Group,False
2026-10-08T15:01Z,chart,fun-with-friends,77,3808081382,10449761463,The Strongest Battlegrounds,51150,5317328,1030262,0.8377,19373899802,50906,7693993,2022-08-02,2026-10-06,Action,Battlegrounds & Fighting,15,Yielding Arts,Group,False
2026-10-08T15:01Z,chart,fun-with-friends,78,2783797267,7171174521,[🌲FOREST🌲] American Plains Mudding,7834,377314,45365,0.8927,714195614,7777,8219513,2021-07-29,2026-10-07,Simulation,Vehicle Sim,15,American Plains Mudding,Group,False
2026-10-08T15:01Z,chart,fun-with-friends,79,10526853622,132239307080610,[🌋] Deep Fishing🎣,8394,28018,939,0.9676,9573526,8391,161800,2026-07-18,2026-10-08,Simulation,Incremental Simulator,12,LazyGames.,Group,False
2026-10-08T15:01Z,chart,fun-with-friends,80,107172930,263761432,Horrific Housing,1093,743220,207140,0.782,722524905,1117,1984780,2015-06-27,2026-10-03,Survival,,12,CookieScript's games,Group,False
2026-10-08T15:01Z,chart,fun-with-friends,81,245662005,606849621,Jailbreak,6537,5804754,811761,0.8773,8067524299,6537,18677486,2017-01-06,2026-10-07,Action,Open World Action,30,Badimo,Group,False
2026-10-08T15:01Z,chart,fun-with-friends,82,6275120808,18519254033,[ALCHEMIST RELEASE] Jump Showdown,1090,245177,71813,0.7735,270423314,1067,387248,2024-07-16,2026-09-22,Action,Battlegrounds & Fighting,16,Jimpee’s Cabin,Group,False
2026-10-08T15:01Z,chart,fun-with-friends,83,9978329815,74188431054457,Mukbang Game [Testing]🥞🧇!,15494,295200,22785,0.9283,512302281,15267,1080160,2026-04-02,2026-10-04,,,25,sorynn22,User,False
2026-10-08T15:01Z,chart,fun-with-friends,84,2471084,13822889,🌳 Lumber Tycoon 2,6786,2034648,285460,0.877,1332804574,6815,4648581,2009-07-30,2026-10-06,Simulation,Tycoon,6,Defaultio,User,False
2026-10-08T15:01Z,chart,fun-with-friends,85,10290675105,79237098587493,[🎃 NEW EVENT] Roll for Chiikawa ! [RNG],488,20750,1404,0.9366,4922231,486,48683,2026-06-08,2026-10-04,Simulation,Incremental Simulator,10,Chiikawa Inc,Group,False
2026-10-08T15:01Z,chart,fun-with-friends,86,10155360168,126987974021910,Illegal Soccer,43741,89594,13930,0.8654,147828212,43637,238298,2026-05-12,2026-10-05,Sports & Racing,Sports,8,Repotted,Group,False
2026-10-08T15:01Z,chart,fun-with-friends,87,3240075297,8481844229,Berry Avenue 🏠 RP,29255,1147144,186137,0.8604,8821473988,29315,3658020,2022-01-07,2026-10-04,Roleplay & Avatar Sim,Life,31,Amberry Games,Group,False
2026-10-08T15:01Z,chart,fun-with-friends,88,210851291,537413528,Build A Boat For Treasure,13704,3659714,259238,0.9339,5220524933,13714,8539584,2016-11-02,2026-10-02,Simulation,Sandbox,7,Chillz Studios,Group,False
2026-10-08T15:01Z,chart,fun-with-friends,89,3647333358,9872472334,Evade ,40066,3242187,210991,0.9389,9274275714,39491,8301731,2022-06-10,2026-10-07,Survival,,15,Hexagon Development Community,Group,False
2026-10-08T15:01Z,chart,top-revisited,1,5569032992,16116270224,🎃 Dandy's World [ALPHA],115766,1722360,248049,0.8741,7572534539,115697,4692488,2024-01-26,2026-10-07,Survival,Escape,35,BlushCrunch Studio,Group,False
2026-10-08T15:01Z,chart,top-revisited,2,6945584306,94647229517154,[💀QOL🐱] Azure Latch,7855,1613707,53655,0.9678,586474403,7848,655131,2024-12-20,2026-10-06,Sports & Racing,Sports,10,[B:S] Azure Latch Team,Group,False
2026-10-08T15:01Z,chart,top-revisited,3,5599532653,16220287667,(G-MAN REWORK) Strange Bathtub War ,1005,48450,9037,0.8428,98317764,1006,105626,2024-02-03,2026-10-07,Roleplay & Avatar Sim,Morph Roleplay,50,Strange Bathtub War Group,Group,False
2026-10-08T15:01Z,chart,top-revisited,4,1946714362,5571328985,[🎉] Bloodlines,1680,44713,9975,0.8176,62762563,1669,164861,2020-08-16,2026-10-08,RPG,Action RPG,1,-Bloodlines-,Group,False
2026-10-08T15:01Z,chart,top-revisited,5,1087859240,3016661674,[🎃] Rogue Lineage,1125,118579,23297,0.8358,385304046,1117,345237,2019-03-29,2026-10-04,RPG,Action RPG,10,Rogue Lineage,Group,False
2026-10-08T15:01Z,chart,top-revisited,6,5578556129,16146832113,Anime Vanguards: Wrathful Assault,24141,2589376,87365,0.9674,2061496534,24139,1998132,2024-01-28,2026-10-08,Strategy,Tower Defense,24,Kitawari,Group,False
2026-10-08T15:01Z,chart,top-revisited,7,10737656087,128899661081075,(👑UPDATE👑) THA BRONX 3,2330,9740,769,0.9268,6110631,2338,14789,2026-08-18,2026-10-08,Action,Open World Action,30,223Z STUDIOS,Group,False
2026-10-08T15:01Z,chart,top-revisited,8,3508322461,9391468976,[SKY ASSASSIN] Jujutsu Shenanigans,124209,2631461,420952,0.8621,7531474277,124018,3085891,2022-04-17,2026-10-08,Action,Battlegrounds & Fighting,20,Tze's Shenanigans,Group,False
2026-10-08T15:01Z,chart,top-revisited,9,3359505957,8884433153,Collect All Pets!,3075,126503,9919,0.9273,210445486,3078,329138,2022-02-20,2026-10-04,Simulation,Incremental Simulator,12,TwoZoos,User,False
2026-10-08T15:01Z,chart,top-revisited,10,6385532960,18852831741,[FIXES] Ryujin,3121,50045,3026,0.943,27193519,3123,100078,2024-08-07,2026-10-08,Action,Battlegrounds & Fighting,32,Martial Ascension,Group,False
2026-10-08T15:01Z,chart,top-revisited,11,114967577,298400657,[ULTRA INSTINCT!] Dragon Ball Final: Reborn,583,92608,14865,0.8617,59806468,597,277091,2015-09-19,2026-10-04,RPG,Action RPG,6,NilSaiyanz,User,False
2026-10-08T15:01Z,chart,top-revisited,12,3541611379,9503261072,TB II | Tower Defense X: BETA,6169,334028,20170,0.9431,417507120,6180,338335,2022-04-30,2026-10-07,Strategy,Tower Defense,50,Tower Defense X,Group,False
2026-10-08T15:01Z,chart,top-revisited,13,3936365689,10912405603,[DRAGONS!] Clover Retribution,1426,203738,15425,0.9296,73657399,1435,349332,2022-09-14,2026-10-07,RPG,Action RPG,1,Clover Retribution,Group,False
2026-10-08T15:01Z,chart,top-revisited,14,6925303818,137628283909891,Goalbound,916,930971,20858,0.9781,74176105,937,272387,2024-12-15,2026-10-07,Sports & Racing,Sports,12,ΞGO,Group,False
2026-10-08T15:01Z,chart,top-revisited,15,5750914919,16732694052,Fisch 🐟,70039,3043229,309333,0.9077,4990486529,69779,3666793,2024-03-13,2026-10-08,Simulation,,20,Fisching,Group,False
2026-10-08T15:01Z,chart,top-revisited,16,7178032757,74260430392611,[🍁] Rebirth Champions: Ultimate,5264,232223,5914,0.9752,245966942,5277,152617,2025-02-01,2026-10-06,Simulation,Incremental Simulator,10,Powerful Studio,Group,False
2026-10-08T15:01Z,chart,top-revisited,17,5361032378,15532962292,Sol's RNG [ Eon 1-29 ],32977,1424082,134063,0.914,2218563193,32910,1023762,2023-12-03,2026-10-03,Simulation,Incremental Simulator,20,Sol's Studio,Group,False
2026-10-08T15:01Z,chart,top-revisited,18,10502841145,102072869879193,[OVERCLOCK] Anime Astral Simulator,11503,37849,1339,0.9658,105657188,11497,127702,2026-07-14,2026-10-06,Simulation,Incremental Simulator,10,StarX Inc,Group,False
2026-10-08T15:01Z,chart,top-revisited,19,4260784961,12068120918,Napoleonic Wars,110,27887,5062,0.8464,24006350,107,77664,2023-01-06,2026-10-08,Action,,200,NapoIeonic Wars,Group,False
2026-10-08T15:01Z,chart,top-revisited,20,6190071862,18259975825,Grave/Digger,2010,83347,11568,0.8781,69646799,2000,231592,2024-06-29,2026-10-07,Shooter,Deathmatch Shooter,32,Archeximus,User,False
2026-10-08T15:01Z,chart,top-revisited,21,2682938349,6989310863,Wild Horse Islands,4282,252667,21266,0.9224,682353830,4295,661463,2021-06-22,2026-10-02,Roleplay & Avatar Sim,Pet Care,20,Happy Acres,Group,False
2026-10-08T15:01Z,chart,top-revisited,22,648454481,1730877806,[🍬HALLOWEEN PT 1] Grand Piece Online,15998,1073573,121629,0.8982,1324968073,16096,1511486,2018-05-06,2026-10-08,RPG,Action RPG,1,Grand Quest Games,Group,False
2026-10-08T15:01Z,chart,top-revisited,23,1531130248,4646477729,Tower Heroes [UPD] 🎃 ,2482,363907,43666,0.8929,532088945,2470,859414,2020-02-01,2026-10-08,Strategy,Tower Defense,23,Pixel-bit Studio,Group,False
2026-10-08T15:01Z,chart,top-revisited,24,7882785167,78353262320982,Enfosi,2056,31001,3077,0.9097,11785047,2044,79424,2025-06-10,2026-10-07,Shooter,PvE Shooter,50,Tumore,Group,False
2026-10-08T15:01Z,chart,top-revisited,25,6504986360,85896571713843,[🍁UPD] Bubble Gum Simulator INFINITY,7112,494744,16386,0.9679,609836042,7129,291746,2024-09-02,2026-10-07,Simulation,Incremental Simulator,12,Rumble Studios,Group,False
2026-10-08T15:01Z,chart,top-revisited,26,578392296,1458767429,ABA,12488,515423,123242,0.807,1346213229,12492,998876,2018-02-25,2026-10-08,Action,Battlegrounds & Fighting,16,Dogs Studios: South,Group,False
2026-10-08T15:01Z,chart,top-revisited,27,9931749389,77649408247578,🎃HALLOWEEN 🎃 Dungeon Quest Reborn,6698,164703,6193,0.9638,151404949,6640,246527,2026-03-24,2026-10-06,RPG,Action RPG,40,Delta Quarters OG,Group,False
2026-10-08T15:01Z,chart,top-revisited,28,8524572339,99449877692519,bridger: WESTERN (UPD!),2449,81745,22450,0.7845,96276213,2478,139107,2025-08-23,2026-10-08,Action,Open World Action,25,BRIDGER INC.,Group,False
2026-10-08T15:01Z,chart,top-revisited,29,5039839070,14608970270,(ANNIVERSARY) Outcome Memories v0.2,5535,304872,40950,0.8816,355632602,5503,521504,2023-08-29,2026-10-08,Survival,1 vs All,8,Team Red Ring,Group,False
2026-10-08T15:01Z,chart,top-revisited,30,10491385664,71324444457408,Da Uphill (HALLOWEEN),75,739,213,0.7763,3476186,78,1006,2026-07-12,2026-10-08,Action,Open World Action,35,Vоid Fаlls Entertаinment,Group,False
2026-10-08T15:01Z,chart,top-revisited,31,383310974,920587237,[🎃] Adopt Me!,186283,9536416,1513216,0.8631,44981007038,185980,29718112,2017-07-14,2026-10-07,Roleplay & Avatar Sim,Pet Care,35,Uplift Games,Group,False
2026-10-08T15:01Z,chart,top-revisited,32,5488708927,15873244701,The Eternal Abyss,319,5895,994,0.8557,7581124,306,21715,2024-01-04,2026-10-08,Obby & Platformer,,25,bLockerman666,User,False
2026-10-08T15:01Z,chart,top-revisited,33,9362896961,76285745979410,[👹Boss] Anime Card Collection,3322,598077,9234,0.9848,158395631,3348,222653,2025-12-15,2026-10-03,Simulation,Incremental Simulator,6,Crew Simulators,Group,False
2026-10-08T15:01Z,chart,top-revisited,34,9948575164,120841752776030,[🎃] Merge Shop,1820,141110,5886,0.96,54552848,1835,249250,2026-03-27,2026-10-03,Puzzle,Match & Merge,6,mPhase,Group,False
2026-10-08T15:01Z,chart,top-revisited,35,1831550657,5233782396,✨ Creatures of Sonaria 📜 Survive Kaiju Animals,17043,1415549,116087,0.9242,2249962244,16987,11287097,2020-06-25,2026-10-08,Roleplay & Avatar Sim,Animal Sim,75,Sonar Studios,Group,False
2026-10-08T15:01Z,chart,top-revisited,36,2765784373,7138009149,PHIGHTING! [BETA],2985,212334,13891,0.9386,91616712,2984,536876,2021-07-22,2026-10-07,Action,Battlegrounds & Fighting,16,boggio,Group,False
2026-10-08T15:01Z,chart,top-revisited,37,3634139746,9825515356,Hood Customs,314,50638,20017,0.7167,164503496,317,98550,2022-06-05,2026-10-05,Action,Battlegrounds & Fighting,32,Hood Customs Entertainment,Group,False
2026-10-08T15:01Z,chart,top-revisited,38,1374118848,4195834406,Dragon Generations,505,155879,21447,0.8791,70543256,498,380453,2019-10-24,2026-10-07,RPG,Action RPG,1,Asunder Studios,Group,False
2026-10-08T15:01Z,chart,top-revisited,39,9965411707,76911729991355,[UPD 4🌊] Noob Incremental,3833,73990,2926,0.962,48442027,3844,77028,2026-03-30,2026-10-03,Simulation,Incremental Simulator,6,Ghoulax Games,Group,False
2026-10-08T15:01Z,chart,top-revisited,40,6682487255,110829983956014,[ 🪄🎩] Anime Card Clash,5411,426262,10901,0.9751,522144055,5421,232537,2024-10-16,2026-10-04,Simulation,Incremental Simulator,24,RNG Lab,Group,False
2026-10-08T15:01Z,chart,top-revisited,41,6331902150,18687417158,Forsaken,52143,2391338,441138,0.8443,5791679509,51626,3232742,2024-07-28,2026-10-06,Survival,1 vs All,9,Forsaken Dev Team,Group,False
2026-10-08T15:01Z,chart,top-revisited,42,5315312115,15405900187,[RP] Pine Ridge,126,14847,2229,0.8695,10679286,126,93447,2023-11-19,2026-10-05,Roleplay & Avatar Sim,Life,70,Trite Roleplay,Group,False
2026-10-08T15:01Z,chart,top-revisited,43,3317771874,8737899170,🎃 [HATCH WARS] Pet Simulator 99! 🍀,50043,3069411,170508,0.9474,2661547943,50119,2204297,2022-02-05,2026-10-08,Simulation,Incremental Simulator,10,BIG Games Pets,Group,False
2026-10-08T15:01Z,chart,top-revisited,44,3913007563,10834586502,The Battle Bricks,2251,183477,33417,0.8459,143451926,2268,315239,2022-09-06,2026-10-02,Strategy,Tower Defense,1,Tumore,Group,False
2026-10-08T15:01Z,chart,top-revisited,45,3747388906,10228136016,[📱MOBILE] Fallen Survival🏹,861,46750,8183,0.851,48239533,855,284374,2022-07-15,2026-10-07,Action,Open World Action,100,Chunk Studios,Group,False
2026-10-08T15:01Z,chart,top-revisited,46,123956318,334730614,Kaizen [RP],310,78774,17766,0.816,33625393,307,344852,2015-12-21,2026-10-07,Roleplay & Avatar Sim,Life,70,Fate Forge,Group,False
2026-10-08T15:01Z,chart,top-revisited,47,10452420697,126821001007479,[EA] Combined Arms,117,5025,233,0.9557,889733,114,33425,2026-07-05,2026-09-09,Simulation,Vehicle Sim,12,Combined Arms,Group,False
2026-10-08T15:01Z,chart,top-revisited,48,10478342774,134196333708867,Da Strike (HALLOWEEN),80,544,179,0.7524,1594487,83,551,2026-07-10,2026-10-08,Shooter,Deathmatch Shooter,22,Da Strikes,Group,False
2026-10-08T15:01Z,chart,top-revisited,49,9219838330,116276659864007,Project Mirror Labyrinth,433,113000,3143,0.9729,14176684,425,40732,2025-11-22,2026-10-08,RPG,Turn-based RPG,15,Project Mirror Labyrinth,Group,False
2026-10-08T15:01Z,chart,top-revisited,50,2440500124,6516141723,DOORS 🚨,52131,4726334,354731,0.9302,7844448558,51962,8250583,2021-03-14,2026-10-05,Survival,Escape,50,LSPLASH,Group,False
2026-10-08T15:01Z,chart,top-revisited,51,9229146348,130522875331172,JUST ONE MORE ASYM,464,17046,4204,0.8022,10509069,460,39504,2025-11-23,2026-10-08,Survival,,16,FourSquare Creations,Group,False
2026-10-08T15:01Z,chart,top-revisited,52,5422546686,15696848933,[🍁] Horse Life,1967,486014,21954,0.9568,369213637,1971,2251498,2023-12-21,2026-10-08,Roleplay & Avatar Sim,Pet Care,30,Sonar Studios,Group,False
2026-10-08T15:01Z,chart,top-revisited,53,1316421563,3840352284,Volleyball 4.2,244,173017,18019,0.9057,333063841,239,464073,2019-09-08,2026-10-05,Sports & Racing,Sports,24,unlimited bolg works,Group,False
2026-10-08T15:01Z,chart,top-revisited,54,6931042565,73956553001240,[UPD] Volleyball Legends,46345,2573590,130017,0.9519,3940863450,46847,5462509,2024-12-17,2026-10-08,Sports & Racing,Sports,12,Volleyball Game Group,Group,False
2026-10-08T15:01Z,chart,top-revisited,55,994732206,2753915549,Blox Fruits,210139,12748107,1065564,0.9229,64864099175,210687,20042809,2019-01-16,2026-09-27,RPG,Action RPG,12,Gamer Robot Inc,Group,False
2026-10-08T15:01Z,chart,top-revisited,56,7274244096,135717153770519,Toilet World Roleplay 2,4621,91608,8415,0.9159,157553270,4673,940486,2025-02-21,2026-10-08,Roleplay & Avatar Sim,Morph Roleplay,30,Toilet World Roleplay Community,Group,False
2026-10-08T15:01Z,chart,top-revisited,57,3289847355,8646026339,[Gradient & Rainbow!] Tower Creator,368,15924,3676,0.8124,31557567,366,43348,2022-01-26,2026-10-06,Simulation,Sandbox,16,Boring Tower Studio,Group,False
2026-10-08T15:01Z,chart,top-revisited,58,1271059807,3631820248,[🎉6th Anniversary!] Stevos Gem Eras Roleplay,891,90071,8651,0.9124,76631227,881,393913,2019-08-10,2026-10-08,Roleplay & Avatar Sim,Morph Roleplay,50,TimTsuki,User,False
2026-10-08T15:01Z,chart,top-revisited,59,9940812243,104693964860826,[JJK+S2] Anime RNG Defense,2810,29982,943,0.9695,15678029,2804,167934,2026-03-26,2026-10-06,Strategy,Tower Defense,4,Mera.,Group,False
2026-10-08T15:01Z,chart,top-revisited,60,3047037061,7871169780,bLockerman's Minesweeper,2075,84889,13162,0.8658,154922475,2079,157063,2021-11-01,2026-10-04,Puzzle,,5,bLockerman666,User,False
2026-10-08T15:01Z,chart,top-revisited,61,4938220315,14279693118,[AURORA] Skibi Defense,1579,189251,15744,0.9232,482021998,1582,754730,2023-08-01,2026-10-08,Strategy,Tower Defense,30,Archkos Studios,Group,False
2026-10-08T15:01Z,chart,top-revisited,62,10428543942,121903154323395,PURSUITCORE,323,10974,1844,0.8561,4990550,310,26540,2026-07-01,2026-10-03,Survival,1 vs All,8,TamaCorp,Group,False
2026-10-08T15:01Z,chart,top-revisited,63,10764627709,107535308163741,Huss Valley,79874,85265,10167,0.8935,46341076,79864,110181,2026-08-31,2026-10-08,Action,Battlegrounds & Fighting,30,Huss Valley Official,Group,False
2026-10-08T15:01Z,chart,top-revisited,64,2619619496,6872265039,BedWars [🎣RERELEASE🪤],19647,2480133,533920,0.8229,11755491321,19600,4634235,2021-05-27,2026-10-06,Action,Battlegrounds & Fighting,40,Easy.gg,Group,False
2026-10-08T15:01Z,chart,top-revisited,65,5291633415,15341793633,[RP] Mythage,174,7983,906,0.8981,2777755,171,31511,2023-11-12,2026-10-07,Roleplay & Avatar Sim,Morph Roleplay,90,Trite Roleplay,Group,False
2026-10-08T15:01Z,chart,top-revisited,66,3837114739,10561456271,[RITUALS 🕯️] The Vampire Legends 2,712,43742,4242,0.9116,43892878,707,155381,2022-08-11,2026-10-03,Action,Battlegrounds & Fighting,30,Insidious Game Studios,Group,False
2026-10-08T15:01Z,chart,top-revisited,67,9324081218,100337093788565,[🏆SEASON 1] evil plate game ,123,12666,4146,0.7534,8996228,122,42269,2025-12-08,2026-10-05,Party & Casual,Minigame,26,vyse entertainment,Group,False
2026-10-08T15:01Z,chart,top-revisited,68,1494262959,4588604953,[⚙️] Criminality,1827,370427,122148,0.752,366651947,1823,826112,2020-01-10,2026-10-07,Action,Open World Action,30,CRIMCORP,Group,False
2026-10-08T15:01Z,chart,top-revisited,69,3124818385,8122612051,Slendytubbies VS Redux,949,70297,5984,0.9216,92111763,961,275618,2021-11-28,2026-10-06,Survival,,30,texbox,Group,False
2026-10-08T15:01Z,chart,top-revisited,70,1054526971,2916899287,Blackhawk Rescue Mission 5,5196,618458,67751,0.9013,631773718,5176,1716625,2019-03-03,2026-10-04,Action,Open World Action,1,PLATINUM FIVE,Group,False
2026-10-08T15:01Z,chart,top-revisited,71,7934320560,70400654680508,Five Nights TD 2 [EVOLUTIONS],1824,164579,8095,0.9531,110521048,1825,137264,2025-06-17,2026-10-08,Strategy,Tower Defense,20,Hyper TD,Group,False
2026-10-08T15:01Z,chart,top-revisited,72,1958807588,5602055394,[🔥QOL] Hood Modded,112,147634,58956,0.7146,289105449,107,331687,2020-08-22,2026-10-08,Action,Open World Action,40,HM Entertainment,Group,False
2026-10-08T15:01Z,chart,top-revisited,73,1235188606,3475397644,[⭐SZN 10] Dragon Adventures 🐉,5801,1117544,78730,0.9342,1730424066,5787,14549430,2019-07-15,2026-10-07,RPG,,20,Sonar Studios,Group,False
2026-10-08T15:01Z,chart,top-revisited,74,601130232,1537690962,Bee Swarm Simulator,27613,3034388,139878,0.9559,4596106957,27614,6544922,2018-03-21,2026-08-22,Simulation,Incremental Simulator,6,Onett,User,False
2026-10-08T15:01Z,chart,top-revisited,75,839922895,2394257515,Project Stardust,79,52175,7357,0.8764,21260467,87,180081,2018-09-23,2026-10-08,Action,Battlegrounds & Fighting,100,Military Flight Simulator Community,Group,False
2026-10-08T15:01Z,chart,top-revisited,76,2711375305,7041939546,Catalog Avatar Creator,56455,3027804,203272,0.9371,8056153363,56393,5899656,2021-07-03,2026-10-07,Shopping,Avatar Shopping,24,Muneeb,User,False
2026-10-08T15:01Z,chart,top-revisited,77,6035872082,17625359962,RIVALS,165120,10726646,723543,0.9368,18589856226,165638,94149858,2024-05-26,2026-10-07,Shooter,Deathmatch Shooter,40,Nosniy Games,Group,False
2026-10-08T15:01Z,chart,top-revisited,78,3512256796,9404223526,Miners World [Clans],1888,183387,6229,0.9671,41993811,1851,343102,2022-04-18,2026-10-08,Simulation,Incremental Simulator,40,Jeremy Studio's,Group,False
2026-10-08T15:01Z,chart,top-revisited,79,147332621,328028363,Typical Colors 2,727,195140,47761,0.8034,208662502,728,555030,2015-12-03,2026-10-07,Shooter,Deathmatch Shooter,24,Dorcus Digital,Group,False
2026-10-08T15:01Z,chart,top-revisited,80,4178985930,11806960410,[CODE: 10KMembers] Ship Defense Simulator 💥,146,18177,4299,0.8087,13419028,147,50114,2022-12-12,2026-10-07,Strategy,Tower Defense,24,MRD lndustries,Group,False
2026-10-08T15:01Z,chart,top-revisited,81,3264581003,8562822414,Eternal Towers of Hell,1000,103544,26044,0.799,120534148,1003,197628,2022-01-17,2026-10-07,Obby & Platformer,Tower Obby,1,ETERNITγ,Group,False
2026-10-08T15:01Z,chart,top-revisited,82,4557322431,13042495892,[QT: REWIRED] Project: Afternight,1148,96146,9265,0.9121,59690802,1145,209957,2023-04-08,2026-10-06,Action,Music & Rhythm,40,Dawndreamer Studios,Group,False
2026-10-08T15:01Z,chart,top-revisited,83,2491559356,6608498361,Cursed Tank Simulator【HOLD THE LINE】,953,60743,17608,0.7753,89244059,957,181059,2021-04-04,2026-10-04,Action,,1,tanmk,Group,False
2026-10-08T15:01Z,chart,top-revisited,84,8618660961,94539932414164,(🍂FALL + 🛠️ CAR MODS!) Mojave Valley (Alpha),1464,54265,6845,0.888,43129818,1477,133273,2025-09-02,2026-10-08,Simulation,Vehicle Sim,32,Official Mojave Valley,Group,False
2026-10-08T15:01Z,chart,top-revisited,85,4342047058,12334109280,Guts & Blackpowder,12243,524700,32760,0.9412,607504907,12278,1327063,2023-01-31,2026-10-06,Shooter,PvE Shooter,20,Guts & Blackpowder,Group,False
2026-10-08T15:01Z,chart,top-revisited,86,140733710,373513488,FNAF RP - TPRR [🐻FB3 HUMANS📺] ,1575,275673,39104,0.8758,413472403,1581,1222455,2016-02-26,2026-10-08,Roleplay & Avatar Sim,Morph Roleplay,12,The Pizzeria Roleplay: Remastered,Group,False
2026-10-08T15:01Z,chart,top-revisited,87,3990106548,11158043705,Baddies 💅,3271,478998,96297,0.8326,1873996393,3289,6417781,2022-10-03,2026-10-07,Action,Battlegrounds & Fighting,22,Meow Meow Games!,Group,False
2026-10-08T15:01Z,chart,top-revisited,88,113491250,292439477,[Fall Weapon Remodels!] Phantom Forces,2527,2464336,251340,0.9074,1801915627,2529,5987483,2015-08-31,2026-10-03,Shooter,Deathmatch Shooter,32,StyLiS Studios,Group,False
2026-10-08T15:01Z,chart,top-revisited,89,3808081382,10449761463,The Strongest Battlegrounds,51150,5317328,1030262,0.8377,19373899802,50906,7693993,2022-08-02,2026-10-06,Action,Battlegrounds & Fighting,15,Yielding Arts,Group,False
2026-10-08T15:01Z,chart,top-revisited,90,1795206523,5154858502,Murderers vs. Sheriffs,558,264887,83613,0.7601,963264036,557,933866,2020-06-09,2026-07-21,Action,Battlegrounds & Fighting,20,Rinpix Fan Group,Group,False
2026-10-08T15:01Z,chart,top-revisited,91,9584946743,75317862071711,[🌐 WORLD 9 EXPANSION] Immortality Incremental,3390,125921,2384,0.9814,39104331,3397,289855,2026-01-18,2026-10-07,Simulation,Incremental Simulator,10,Immortality Incremental,Group,False
2026-10-08T15:01Z,chart,top-revisited,92,1525626450,4637668954,(🍂) Rensselaer County,3281,396485,22640,0.946,340399493,3283,886813,2020-01-28,2026-10-07,Simulation,Vehicle Sim,30,Rensselaer County Official,Group,False
2026-10-08T15:01Z,chart,top-revisited,93,9877481048,115618367729321,[SCYLLA + DUELS] TITAN BASH! (TESTING),2171,26115,3233,0.8898,26920501,2160,66034,2026-03-13,2026-10-05,Action,Open World Action,15,chuds that makes games,Group,False
2026-10-08T15:01Z,chart,top-revisited,94,10732236937,127403135954624,[ Halloween ] Kaiju Alpha,9064,40875,3588,0.9193,35020047,9050,69426,2026-08-17,2026-10-08,Action,Battlegrounds & Fighting,25,SULU OPPA,Group,False
2026-10-08T15:01Z,chart,top-earning,1,5595353122,16205713724,Slayers 2,71359,920107,20454,0.9783,114527810,71361,498157,2024-02-02,2026-10-08,RPG,Action RPG,1,Ouw Productions,Group,False
2026-10-08T15:01Z,chart,top-earning,2,383310974,920587237,[🎃] Adopt Me!,186016,9536416,1513216,0.8631,44981007038,185980,29718112,2017-07-14,2026-10-07,Roleplay & Avatar Sim,Pet Care,35,Uplift Games,Group,False
2026-10-08T15:01Z,chart,top-earning,3,994732206,2753915549,Blox Fruits,210586,12748107,1065564,0.9229,64864099175,210687,20042809,2019-01-16,2026-09-27,RPG,Action RPG,12,Gamer Robot Inc,Group,False
2026-10-08T15:01Z,chart,top-earning,4,10563114921,107778070777162,Steal An Egg,1499102,3293203,278643,0.922,7218946399,1546443,7112148,2026-07-25,2026-10-08,Simulation,Tycoon,7,and Collect Rare Pets,Group,False
2026-10-08T15:01Z,chart,top-earning,5,6035872082,17625359962,RIVALS,166627,10726714,723539,0.9368,18589856226,165638,94149858,2024-05-26,2026-10-07,Shooter,Deathmatch Shooter,40,Nosniy Games,Group,False
2026-10-08T15:01Z,chart,top-earning,6,4777817887,13772394625,Blade Ball,18399,8456253,591701,0.9346,6474467543,18377,12995082,2023-06-17,2026-10-08,Action,Battlegrounds & Fighting,16,Wiggity.,Group,False
2026-10-08T15:01Z,chart,top-earning,7,5569032992,16116270224,🎃 Dandy's World [ALPHA],115766,1722360,248049,0.8741,7572534539,115697,4692488,2024-01-26,2026-10-07,Survival,Escape,35,BlushCrunch Studio,Group,False
2026-10-08T15:01Z,chart,top-earning,8,5750914919,16732694052,Fisch 🐟,69743,3043229,309333,0.9077,4990486529,69779,3666793,2024-03-13,2026-10-08,Simulation,,20,Fisching,Group,False
2026-10-08T15:01Z,chart,top-earning,9,3508322461,9391468976,[SKY ASSASSIN] Jujutsu Shenanigans,124209,2631461,420952,0.8621,7531474277,124018,3085891,2022-04-17,2026-10-08,Action,Battlegrounds & Fighting,20,Tze's Shenanigans,Group,False
2026-10-08T15:01Z,chart,top-earning,10,3317771874,8737899170,🎃 [HATCH WARS] Pet Simulator 99! 🍀,50043,3069408,170508,0.9474,2661547943,50119,2204297,2022-02-05,2026-10-08,Simulation,Incremental Simulator,10,BIG Games Pets,Group,False
2026-10-08T15:01Z,chart,top-earning,11,578392296,1458767429,ABA,12478,515422,123241,0.807,1346213229,12492,998876,2018-02-25,2026-10-08,Action,Battlegrounds & Fighting,16,Dogs Studios: South,Group,False
2026-10-08T15:01Z,chart,top-earning,12,648454481,1730877806,[🍬HALLOWEEN PT 1] Grand Piece Online,15998,1073573,121629,0.8982,1324968073,16096,1511486,2018-05-06,2026-10-08,RPG,Action RPG,1,Grand Quest Games,Group,False
2026-10-08T15:01Z,chart,top-earning,13,9534705677,122446657157717,[🔥NEW SNIPER] Sniper Arena,21104,289539,25956,0.9177,305592393,20999,3029392,2026-01-10,2026-10-08,Shooter,Deathmatch Shooter,20,9D GAME CLUB,Group,False
2026-10-08T15:01Z,chart,top-earning,14,10765012427,123720558354386,Build the Pyramid!,16651,100399,5214,0.9506,33062638,16620,149333,2026-09-03,2026-10-01,Simulation,Incremental Simulator,100,Janitors Studios,Group,False
2026-10-08T15:01Z,chart,top-earning,15,10732236937,127403135954624,[ Halloween ] Kaiju Alpha,9064,40875,3588,0.9193,35020047,9050,69426,2026-08-17,2026-10-08,Action,Battlegrounds & Fighting,25,SULU OPPA,Group,False
2026-10-08T15:01Z,chart,top-earning,16,66654135,142823291,Murder Mystery 2,185637,10733482,1083976,0.9083,31129887159,185585,24394888,2014-01-18,2026-09-24,Survival,1 vs All,12,Nikilis,User,False
2026-10-08T15:01Z,chart,top-earning,17,10764627709,107535308163741,Huss Valley,79874,85324,10177,0.8934,46341076,79864,110181,2026-08-31,2026-10-08,Action,Battlegrounds & Fighting,30,Huss Valley Official,Group,False
2026-10-08T15:01Z,chart,top-earning,18,3541611379,9503261072,TB II | Tower Defense X: BETA,6169,334028,20170,0.9431,417507120,6180,338335,2022-04-30,2026-10-07,Strategy,Tower Defense,50,Tower Defense X,Group,False
2026-10-08T15:01Z,chart,top-earning,19,1176784616,3260590327,Tower Defense Simulator,12296,2077976,129094,0.9415,5004534033,12262,3519286,2019-06-05,2026-10-05,Strategy,Tower Defense,50,Paradoxum Games,Group,False
2026-10-08T15:01Z,chart,top-earning,20,5995470825,17516596118,🎃Hypershot,22303,1871879,109706,0.9446,1337544258,22238,22194139,2024-05-17,2026-10-08,Shooter,Deathmatch Shooter,17,Frosted Studio,Group,False
2026-10-08T15:01Z,chart,top-earning,21,6931042565,73956553001240,[UPD] Volleyball Legends,46888,2573577,130014,0.9519,3940863450,46847,5462509,2024-12-17,2026-10-08,Sports & Racing,Sports,12,Volleyball Game Group,Group,False
2026-10-08T15:01Z,chart,top-earning,22,6331902150,18687417158,Forsaken,52143,2391331,441138,0.8443,5791679509,51626,3232742,2024-07-28,2026-10-06,Survival,1 vs All,9,Forsaken Dev Team,Group,False
2026-10-08T15:01Z,chart,top-earning,23,4750561026,13687899540,Cold War [VIETNAM],8474,198989,22128,0.8999,50472953,8451,332673,2023-06-08,2026-10-02,Shooter,Deathmatch Shooter,80,Grip Studios,Group,False
2026-10-08T15:01Z,chart,top-earning,24,7264587281,109397169461300,SNIPER DUELS,2460,127626,38816,0.7668,407960202,2463,1997847,2025-02-19,2026-10-04,Shooter,Deathmatch Shooter,50,LOCKED IN NETWORK,Group,False
2026-10-08T15:01Z,chart,top-earning,25,10258991999,101770480176177,[MONGOLS] Command An Army,21690,162195,8101,0.9524,61997786,21707,866706,2026-06-02,2026-10-08,Action,Battlegrounds & Fighting,12,"Fight, Fight, Fight!",Group,False
2026-10-08T15:01Z,chart,top-earning,26,2440500124,6516141723,DOORS 🚨,52131,4726334,354731,0.9302,7844448558,51962,8250583,2021-03-14,2026-10-05,Survival,Escape,50,LSPLASH,Group,False
2026-10-08T15:01Z,chart,top-earning,27,9931749389,77649408247578,🎃HALLOWEEN 🎃 Dungeon Quest Reborn,6698,164703,6193,0.9638,151404949,6640,246527,2026-03-24,2026-10-06,RPG,Action RPG,40,Delta Quarters OG,Group,False
2026-10-08T15:01Z,chart,top-earning,28,1831550657,5233782396,✨ Creatures of Sonaria 📜 Survive Kaiju Animals,17021,1415552,116087,0.9242,2249962244,16987,11287097,2020-06-25,2026-10-08,Roleplay & Avatar Sim,Animal Sim,75,Sonar Studios,Group,False
2026-10-08T15:01Z,chart,top-earning,29,9891331827,93934100402512,Clover Time [BETA RELEASE],5655,57426,1820,0.9693,2408191,5727,122430,2026-03-16,2026-10-08,RPG,Action RPG,18,AnimeCore Studio,Group,False
2026-10-08T15:01Z,chart,top-earning,30,3990106548,11158043705,Baddies 💅,3271,478998,96297,0.8326,1873996393,3289,6417781,2022-10-03,2026-10-07,Action,Battlegrounds & Fighting,22,Meow Meow Games!,Group,False
2026-10-08T15:01Z,chart,top-earning,31,2619619496,6872265039,BedWars [🎣RERELEASE🪤],19571,2480133,533920,0.8229,11755491321,19600,4634235,2021-05-27,2026-10-06,Action,Battlegrounds & Fighting,40,Easy.gg,Group,False
2026-10-08T15:01Z,chart,top-earning,32,88070565,185655149,[🎃] Welcome to Bloxburg ,25403,5638686,733832,0.8848,10120817485,25442,14007789,2014-11-04,2026-10-08,Roleplay & Avatar Sim,Life,12,Bloxburg Development,Group,False
2026-10-08T15:01Z,chart,top-earning,33,10035204815,124216119978534,[⚡] Ride A Pet,90223,403763,14007,0.9665,330449364,88143,330557,2026-04-14,2026-10-08,Simulation,Tycoon,6,this game is gud,Group,False
2026-10-08T15:01Z,chart,top-earning,34,1235188606,3475397644,[⭐SZN 10] Dragon Adventures 🐉,5801,1117544,78730,0.9342,1730424066,5787,14549430,2019-07-15,2026-10-07,RPG,,20,Sonar Studios,Group,False
2026-10-08T15:01Z,chart,top-earning,35,9837612476,131346454575416,[💥] Mini War,8691,794671,28976,0.9648,352264829,8774,1245185,2026-03-05,2026-10-07,Simulation,Tycoon,6,M&M Community,Group,False
2026-10-08T15:01Z,chart,top-earning,36,903807016,2534724415,[🗺️] Emergency Response: Liberty County,5364,1185948,119812,0.9082,1597801324,5440,2852708,2018-11-01,2026-10-07,Roleplay & Avatar Sim,Life,50,Police Roleplay Community,Group,False
2026-10-08T15:01Z,chart,top-earning,37,1016936714,2809202155,[CDR & DD] Your Bizarre Adventure,10038,1451221,181990,0.8886,2267745425,10027,1970628,2019-02-02,2026-09-30,RPG,Action RPG,20,Bizarre Studios®,Group,False
2026-10-08T15:01Z,chart,top-earning,38,6682487255,110829983956014,[ 🪄🎩] Anime Card Clash,5411,426260,10901,0.9751,522144055,5421,232537,2024-10-16,2026-10-04,Simulation,Incremental Simulator,24,RNG Lab,Group,False
2026-10-08T15:01Z,chart,top-earning,39,10684750879,118805555015549,[BOSS]+1 Loot To Forge,37188,136422,4593,0.9674,65076644,37269,2751195,2026-08-12,2026-10-08,Simulation,Incremental Simulator,8,Good Bro Studio,Group,False
2026-10-08T15:01Z,chart,top-earning,40,7326934954,79546208627805,99 Nights in the Forest 🔦,215655,5442899,571955,0.9049,29931612490,215823,9813180,2025-03-04,2026-10-07,Survival,,25,Grandma's Favourite Games,Group,False
2026-10-08T15:01Z,chart,top-earning,41,10708913337,113290951185459,[🎉 UPD 7] Anime Dice,60718,576654,4223,0.9927,78612118,60671,142371,2026-08-15,2026-10-08,Simulation,Incremental Simulator,9,More & More Games,Group,False
2026-10-08T15:01Z,chart,top-earning,42,10685282333,96510596525082,Ball VS Ball,36851,219439,28014,0.8868,87334018,36461,138796,2026-08-12,2026-10-05,Party & Casual,,25,ATYS 3,Group,False
2026-10-08T15:01Z,chart,top-earning,43,1946714362,5571328985,[🎉] Bloodlines,1680,44713,9975,0.8176,62762563,1669,164861,2020-08-16,2026-10-08,RPG,Action RPG,1,-Bloodlines-,Group,False
2026-10-08T15:01Z,chart,top-earning,44,10436530264,78490532994307,Build An Ant Empire,21643,40174,1580,0.9622,13541417,21642,274718,2026-07-03,2026-10-08,Simulation,Tycoon,6,Insect Kingdom studio,Group,False
2026-10-08T15:01Z,chart,top-earning,45,10643795368,73897506680154,Idle Mafia Game,4340,26775,3541,0.8832,12368610,4347,59376,2026-08-06,2026-10-08,Simulation,Incremental Simulator,15,Stacks of Cash,Group,False
2026-10-08T15:01Z,chart,top-earning,46,10148749921,78515283254292,Animal Hospital (Anomaly) 🧪,33836,1320980,90358,0.936,2403663257,33808,3131548,2026-05-10,2026-10-06,Survival,,30,Animal Anomaly,Group,False
2026-10-08T15:01Z,chart,top-earning,47,10173311467,137228775845999,Ghost Driver [ALPHA],9517,511998,12764,0.9757,93852952,9623,885130,2026-05-16,2026-10-07,Simulation,Vehicle Sim,15,Tilted Vehicles,Group,False
2026-10-08T15:01Z,chart,top-earning,48,5578556129,16146832113,Anime Vanguards: Wrathful Assault,24141,2589376,87365,0.9674,2061496534,24139,1998132,2024-01-28,2026-10-08,Strategy,Tower Defense,24,Kitawari,Group,False
2026-10-08T15:01Z,chart,top-earning,49,4658598196,13379208636,Attack on Titan Revolution,13017,1422666,59699,0.9597,1153557685,12972,1504567,2023-05-07,2026-09-28,RPG,Action RPG,20,AoTR [PI],Group,False
2026-10-08T15:01Z,chart,top-earning,50,5203828273,15101393044,Dress To Impress ⭐,49462,4020090,418878,0.9056,11118305937,49862,7554574,2023-10-18,2026-10-08,Roleplay & Avatar Sim,Dress Up,13,Dress To Impress Group,Group,False
2026-10-08T15:01Z,chart,top-earning,51,7585140258,118418618261207,RUNAWAYS [beta],10608,399252,15827,0.9619,144737619,10643,659751,2025-04-23,2026-10-02,Action,Open World Action,50,supercat games,Group,False
2026-10-08T15:01Z,chart,top-earning,52,10261267004,98800969324557,[🚂 UPD] Storage Hunters: Open World,13272,125769,7192,0.9459,128096108,13280,376954,2026-06-02,2026-10-04,Simulation,Tycoon,8,Absolute Zero!,Group,False
2026-10-08T15:01Z,chart,top-earning,53,10741792653,100227226022278,Survive The Swarm,2733,28524,938,0.9682,11845470,2728,102110,2026-08-19,2026-10-08,Survival,,30,FAKT,Group,False
2026-10-08T15:01Z,chart,top-earning,54,3936365689,10912405603,[DRAGONS!] Clover Retribution,1426,203738,15425,0.9296,73657399,1435,349332,2022-09-14,2026-10-07,RPG,Action RPG,1,Clover Retribution,Group,False
2026-10-08T15:01Z,chart,top-earning,55,3183403065,8304191830,[🤹APRIL FOOL'S🤡] AA,2451,723602,65230,0.9173,2513167211,2438,1398184,2021-12-21,2025-09-03,Strategy,Tower Defense,30,Gomu,Group,False
2026-10-08T15:01Z,chart,top-earning,56,10756011174,77108422251420,[🔱] Search For The Needle,16112,372658,16050,0.9587,97441007,16136,225993,2026-08-23,2026-10-08,Simulation,Incremental Simulator,20,Garage Games,Group,False
2026-10-08T15:01Z,chart,top-earning,57,184199275,2338325648,[🔥] NFL Universe Football,3784,571496,62082,0.902,992457043,3796,1926577,2018-09-12,2026-10-06,Sports & Racing,Sports,12,NFL Universe Football by Voldex,Group,False
2026-10-08T15:01Z,chart,top-earning,58,7633926880,114234929420007,[UPDATE] BloxStrike,15293,617506,34713,0.9468,289163986,15236,962536,2025-05-02,2026-10-06,Shooter,Deathmatch Shooter,14,BloxStrike,Group,False
2026-10-08T15:01Z,chart,top-earning,59,1516533665,4623386862,Piggy [SEASON 9 - FRIGHT NIGHT],13428,4061861,435237,0.9032,14399064083,13476,12260794,2020-01-23,2026-10-07,Survival,,6,Piggy Dev Team,Group,False
2026-10-08T15:01Z,chart,top-earning,60,601130232,1537690962,Bee Swarm Simulator,27619,3034388,139878,0.9559,4596106957,27614,6544922,2018-03-21,2026-08-22,Simulation,Incremental Simulator,6,Onett,User,False
2026-10-08T15:01Z,chart,top-earning,61,9641502068,112731528776884,KNIFE DUELS,12737,285669,19082,0.9374,121757842,12705,231083,2026-01-29,2026-10-08,Shooter,Deathmatch Shooter,60,KNIFE DUELS Team,Group,False
2026-10-08T15:01Z,chart,top-earning,62,6760085372,128451689942376,[🎞️ DOMAIN] Jujutsu: Zero,5103,223142,11014,0.953,127257842,5151,212230,2024-11-04,2026-10-07,RPG,Action RPG,14,Studio Resonance,Group,False
2026-10-08T15:01Z,chart,top-earning,63,321778215,735030788,Royale🎃High,6643,3264628,535003,0.8592,10462530663,6675,13329385,2017-04-10,2026-10-07,Roleplay & Avatar Sim,Dress Up,12,callmehbob,User,False
2026-10-08T15:01Z,chart,top-earning,64,6945584306,94647229517154,[💀QOL🐱] Azure Latch,7874,1613711,53655,0.9678,586474403,7848,655131,2024-12-20,2026-10-06,Sports & Racing,Sports,10,[B:S] Azure Latch Team,Group,False
2026-10-08T15:01Z,chart,top-earning,65,5361032378,15532962292,Sol's RNG [ Eon 1-29 ],32968,1424079,134063,0.914,2218563193,32910,1023762,2023-12-03,2026-10-03,Simulation,Incremental Simulator,20,Sol's Studio,Group,False
2026-10-08T15:01Z,chart,top-earning,66,10636331438,90920025162454,[ISLANDS] Roll a Fisherman 🎣,8708,74066,1295,0.9828,9882064,8790,317936,2026-08-05,2026-10-07,Simulation,Tycoon,6,FISH X SPEEDI,Group,False
2026-10-08T15:01Z,chart,top-earning,67,10667357873,76841016201110,💭Dream Car Collection ,7791,32098,1524,0.9547,13503283,7778,201140,2026-08-09,2026-10-08,Simulation,Incremental Simulator,6,F Students = Inventors,Group,False
2026-10-08T15:01Z,chart,top-earning,68,6749060816,132352755769957,Asylum Life 🔊,5755,303374,60740,0.8332,293632603,5748,1918697,2024-11-02,2026-10-06,Roleplay & Avatar Sim,,40,Asylum Life Community,Group,False
2026-10-08T15:01Z,chart,top-earning,69,10700618962,132767904294856,[⚽] Blue Lock Farm,10379,30340,527,0.9829,12341450,10463,298858,2026-08-14,2026-10-08,Simulation,Tycoon,8,Finding Illusions,Group,False
2026-10-08T15:01Z,chart,top-earning,70,371263894,891852901,Greenville RP (⭐AUDI + SHELBY RELATED + RACES!),4371,1060961,146405,0.8787,1469170313,4389,2701523,2017-06-28,2026-10-08,Roleplay & Avatar Sim,Life,30,"Greenville, Wisconsin",Group,False
2026-10-08T15:01Z,chart,top-earning,71,1686885941,4924922222,Brookhaven 🏡RP,323859,8621614,1416331,0.8589,88335044511,324404,30376041,2020-04-21,2026-10-06,Roleplay & Avatar Sim,Life,30,Brookhaven by Voldex,Group,False
2026-10-08T15:01Z,chart,top-earning,72,10737656087,128899661081075,(👑UPDATE👑) THA BRONX 3,2349,9740,769,0.9268,6110631,2338,14789,2026-08-18,2026-10-08,Action,Open World Action,30,223Z STUDIOS,Group,False
2026-10-08T15:01Z,chart,top-earning,73,1526814825,4639625707,[Visby] War Tycoon,10201,1109173,106128,0.9127,1125023307,10167,4424084,2020-01-29,2026-10-05,Simulation,Tycoon,18,KizmoTek Studio,Group,False
2026-10-08T15:01Z,chart,top-earning,74,7709344486,109983668079237,[🌗] Steal a Brainrot,96292,15450590,2691760,0.8516,73861962577,96278,29501974,2025-05-16,2026-10-08,Simulation,Tycoon,8,BRAZILIAN SPYDER,Group,False
2026-10-08T15:01Z,chart,top-earning,75,1390601379,4282985734,Combat Warriors,1515,1366471,271245,0.8344,1453183486,1495,2370629,2019-11-03,2026-10-02,Action,Battlegrounds & Fighting,45,PlayCombatWarriors,Group,False
2026-10-08T15:01Z,chart,top-earning,76,10512942223,114574503491412,Anime Zero [SHADOW MONARCH] 🦋👑,53794,46294,1139,0.976,8876348,53607,40254,2026-07-16,2026-10-08,RPG,Action RPG,20,LY*,Group,False
2026-10-08T15:01Z,chart,top-earning,77,10765298801,111543903102439,+1 Stone Skipping,34291,33032,1163,0.966,19946367,34068,736917,2026-09-05,2026-10-08,Simulation,Incremental Simulator,10,Meow Labs,Group,False
2026-10-08T15:01Z,chart,top-earning,78,10155360168,126987974021910,Illegal Soccer,43741,89594,13930,0.8654,147828212,43637,238298,2026-05-12,2026-10-05,Sports & Racing,Sports,8,Repotted,Group,False
2026-10-08T15:01Z,chart,top-earning,79,7028566528,130739873848552,[PERFECTION ✨] Basketball: Zero,7169,7123288,124418,0.9828,1148821911,7116,2237476,2025-01-03,2026-10-05,Sports & Racing,Sports,10,Current.,Group,False
2026-10-08T15:01Z,chart,top-earning,80,3808081382,10449761463,The Strongest Battlegrounds,51150,5317328,1030262,0.8377,19373899802,50906,7693993,2022-08-02,2026-10-06,Action,Battlegrounds & Fighting,15,Yielding Arts,Group,False
2026-10-08T15:01Z,chart,top-earning,81,10282097014,118845698633260,Pet Store Tycoon,22490,30613,1509,0.953,4366881,22472,83076,2026-06-06,2026-10-08,Simulation,Tycoon,8,already arrived studios,Group,False
2026-10-08T15:01Z,chart,top-earning,82,8524572339,99449877692519,bridger: WESTERN (UPD!),2443,81745,22450,0.7845,96276213,2478,139107,2025-08-23,2026-10-08,Action,Open World Action,25,BRIDGER INC.,Group,False
2026-10-08T15:01Z,chart,top-earning,83,7265339759,94987506187454,[🗡️ BALLISTIC KNIFE] REDLINER,927,148518,15296,0.9066,67681441,908,372568,2025-02-19,2026-10-06,Shooter,Deathmatch Shooter,75,REDLINER,Group,False
2026-10-08T15:01Z,chart,top-earning,84,6385532960,18852831741,[FIXES] Ryujin,3121,50045,3026,0.943,27193519,3123,100078,2024-08-07,2026-10-08,Action,Battlegrounds & Fighting,32,Martial Ascension,Group,False
2026-10-08T15:01Z,chart,top-earning,85,9584852943,95082159892680,[X20] +1 Speed Keyboard Escape | Candy & Chocolate,98880,9915815,321063,0.9686,6344231219,99336,6970744,2026-01-18,2026-10-07,Simulation,Incremental Simulator,22,SecretVerse Studio,Group,False
2026-10-08T15:01Z,chart,top-earning,86,7970033072,125503525638054,The Veil,1045,158509,3910,0.9759,7690152,1043,109358,2025-06-22,2026-10-04,RPG,Action RPG,16,BlackstarDW Studios,Group,False
2026-10-08T15:01Z,chart,top-earning,87,4991126644,14449145868,Bewitched,1061,8737,932,0.9036,4638177,1063,12176,2023-08-15,2026-10-07,Action,,25,Вewitched,Group,False
2026-10-08T15:01Z,chart,top-earning,88,3110388936,8075399143,[✨ QOL + Susanoo Rework 👹 ] Ninja Time,2328,180403,19294,0.9034,92902213,2324,311641,2021-11-23,2026-10-03,RPG,Action RPG,1,Boss Studio x Luxinn Games,Group,False
2026-10-08T15:01Z,chart,top-earning,89,10748543623,131526356112663,[SECRETS!⭐] Pack A Rare Card,3656,43395,682,0.9845,1776574,3728,54070,2026-08-21,2026-10-08,Simulation,Incremental Simulator,15,and Grade Cards,Group,False
2026-10-08T15:01Z,chart,top-earning,90,850110028,2418863943,"[HIGHWAY TRAFFIC] Roanoke, VA Driving RP",2394,380296,36925,0.9115,189630055,2410,706355,2018-09-27,2026-10-07,Simulation,Vehicle Sim,30,"Roanoke, VA",Group,False
2026-10-08T15:01Z,chart,top-earning,91,113491250,292439477,[Fall Weapon Remodels!] Phantom Forces,2527,2464336,251340,0.9074,1801915627,2529,5987483,2015-08-31,2026-10-03,Shooter,Deathmatch Shooter,32,StyLiS Studios,Group,False
2026-10-08T15:01Z,chart,top-earning,92,10742937135,109166720609444,(🎮Update!)   Survive The Hulk,5161,10226,2473,0.8053,5915527,5137,70502,2026-08-20,2026-10-08,Survival,1 vs All,12,Survive The Hulk,Group,False
2026-10-08T15:01Z,chart,top-earning,93,9872734936,70435795041539,[UPD] Junk Mechanics,10908,49914,6456,0.8855,55039008,10931,122685,2026-03-12,2026-10-06,Simulation,Vehicle Sim,12,Oil Leak,Group,False
2026-10-08T15:01Z,chart,top-earning,94,7008097940,99567941238278,[🥇] Ink Game,11429,1247595,327392,0.7921,3345362746,11347,22409692,2024-12-31,2026-10-06,Party & Casual,,100,games i think,Group,False
2026-10-08T15:01Z,chart,top-earning,95,1525626450,4637668954,(🍂) Rensselaer County,3281,396485,22640,0.946,340399493,3283,886813,2020-01-28,2026-10-07,Simulation,Vehicle Sim,30,Rensselaer County Official,Group,False
2026-10-08T15:01Z,chart,top-earning,96,10624691669,134208374070897,{ Pt. 2 } MONOCHROME👁️,8358,81259,14466,0.8489,142273624,8361,410689,2026-08-03,2026-10-07,Puzzle,Escape Room,20,MONOCHROME_HOLDER,Group,False
2026-10-08T15:01Z,chart,top-earning,97,9551044479,99521272836282,Final Swarm [🌊Atlantis],3467,185952,5349,0.972,54758862,3473,264677,2026-01-12,2026-10-08,Survival,,20,Evolution Studio Games,Group,False
2026-10-08T15:01Z,chart,top-earning,98,7395930870,79268393072444,Sell Lemons 🍋,11903,358722,20438,0.9461,470974226,11830,505188,2025-03-17,2026-10-07,Simulation,Tycoon,10,BloxByte Games,Group,False
2026-10-08T15:01Z,chart,top-earning,99,9656201728,106484206883664,[ 🐺 STARRK] Dungeon Lootr,1593,62274,3094,0.9527,31505223,1596,110372,2026-01-31,2026-10-06,RPG,,15,ClickBytes,Group,False
2026-10-08T15:01Z,chart,top-earning,100,10200395747,97598239454123,Grow a Garden 2,3003,719814,99544,0.8785,1676746794,3043,663172,2026-05-21,2026-10-06,Simulation,Tycoon,8,Strawberreh Squad,Group,False
2026-10-08T15:01Z,chart,top-earning,101,2309918273,6270290407,[⚡ SHUNKO] VV: ULTIMATUM,1069,205904,22366,0.902,54483994,1062,531385,2021-01-19,2026-10-05,RPG,Action RPG,30,Midnight Continent,Group,False
2026-10-08T15:01Z,chart,top-earning,102,2682938349,6989310863,Wild Horse Islands,4282,252665,21266,0.9224,682353830,4295,661463,2021-06-22,2026-10-02,Roleplay & Avatar Sim,Pet Care,20,Happy Acres,Group,False
2026-10-08T15:01Z,chart,top-earning,103,10552240401,92606991708989,[UPD 7] Defeat Anime RNG,4290,23474,870,0.9643,6233603,4305,97149,2026-07-23,2026-10-08,Simulation,Incremental Simulator,6,Defeat Anime Bosses,Group,False
2026-10-08T15:01Z,chart,top-earning,104,9582986239,74729868188364,Fish an Anime RNG 🎲,3254,38041,1997,0.9501,17017827,3242,72769,2026-01-18,2026-10-08,Simulation,Tycoon,8,-チート-,Group,False
2026-10-08T15:01Z,chart,top-earning,105,10321202755,100429474155186,[✨] Anime Fighting Simulator,6704,172885,2941,0.9833,53665477,6703,492290,2026-06-13,2026-10-04,Simulation,Incremental Simulator,24,Anime Fighting Simulator | BZ,Group,False
2026-10-08T15:01Z,chart,top-earning,106,1278035280,3663340706,Warrior Cats: Ultimate Edition,5169,501682,37309,0.9308,782741556,5149,1518871,2019-08-15,2026-10-05,Roleplay & Avatar Sim,Animal Sim,60,WarriorCatsRP,Group,False
2026-10-08T15:01Z,chart,top-earning,107,6504986360,85896571713843,[🍁UPD] Bubble Gum Simulator INFINITY,7112,494744,16386,0.9679,609836042,7129,291746,2024-09-02,2026-10-07,Simulation,Incremental Simulator,12,Rumble Studios,Group,False
2026-10-08T15:01Z,chart,top-earning,108,10717002748,100753254401525,[W2] +1 DMG FPS,9120,99318,3944,0.9618,10710391,9072,435589,2026-08-15,2026-10-08,Simulation,Incremental Simulator,16,Mappy Tappy,Group,False
2026-10-08T15:01Z,chart,top-earning,109,245662005,606849621,Jailbreak,6522,5804754,811761,0.8773,8067524299,6537,18677486,2017-01-06,2026-10-07,Action,Open World Action,30,Badimo,Group,False
2026-10-08T15:01Z,chart,top-earning,110,10675117523,109928390521457,Anime Breaker [🏰TOWER],13738,23643,1115,0.955,13354331,13781,110728,2026-08-10,2026-10-06,Simulation,Incremental Simulator,12,HF x Anime Breaker,Group,False
2026-10-08T15:01Z,chart,top-earning,111,985731078,2727067538,World // Zero ⚔️ Anime RPG ,1815,935738,52303,0.9471,451139703,1827,2276094,2019-01-08,2026-10-02,RPG,Action RPG,12,World // Zero,Group,False
2026-10-08T15:01Z,chart,top-earning,112,10231502419,99714898369873,SNACK Defense! 🍉 [TD],2924,20478,765,0.964,7170466,2931,54798,2026-05-27,2026-10-05,Strategy,Tower Defense,25,Games by Bug,Group,False
2026-10-08T15:01Z,chart,top-earning,113,10766812776,109959833715820,"WideOpen [MOTORCYCLE, TRAFFIC CUTS, CUSTOMIZATION]",3816,3139,134,0.9591,1852902,3836,9189,2026-09-17,2026-10-08,Simulation,Vehicle Sim,16,Elevator4022,User,False
2026-10-08T15:01Z,chart,top-earning,114,9051406594,94217045453265,Dueling Grounds ⚔️ ,7969,2061115,76928,0.964,399417962,7956,7780584,2025-10-28,2026-10-06,Action,Battlegrounds & Fighting,14,Dueling Grounds,Group,False
2026-10-08T15:01Z,chart,top-earning,115,4931927012,14259168147,[🎃]🏀Basketball Legends🏀,2377,666963,105694,0.8632,769035457,2370,696718,2023-07-31,2026-10-07,Sports & Racing,Sports,10,InfinitySports,Group,False
2026-10-08T15:01Z,chart,top-earning,116,10740316645,79389059854988,⛏️ My Anime Mine,9952,54481,696,0.9874,5638705,9943,22098,2026-08-19,2026-10-07,Simulation,Tycoon,12,Curseddd Games,Group,False
2026-10-08T15:01Z,chart,top-earning,117,8520148363,119789365111500,💥 Tank Game! [2.4],3953,678698,79730,0.8949,266345262,3952,3339805,2025-08-23,2026-10-07,Simulation,Incremental Simulator,20,7x3,Group,False
2026-10-08T15:01Z,chart,top-earning,118,5026122481,14564651437,Death in the Box,2797,167315,17680,0.9044,275095985,2806,899771,2023-08-25,2026-10-07,Survival,,50,ARK-ADE,Group,False
2026-10-08T15:01Z,chart,top-earning,119,10765582175,94009908234110,dogs,13619,38546,4198,0.9018,4352497,13566,48531,2026-09-07,2026-10-06,Survival,Escape,12,AZOT,Group,False
2026-10-08T15:01Z,chart,top-earning,120,10532995815,138686218420016,[🎃] Mine Antarctica,5965,64708,1519,0.9771,8245945,5743,204898,2026-07-19,2026-10-08,Simulation,Incremental Simulator,8,PolarMine Games,Group,False
2026-10-08T15:01Z,chart,top-earning,121,1782832995,5130598377,A Universal Time,1301,910123,147241,0.8607,992514134,1293,1415900,2020-06-03,2026-09-27,RPG,Action RPG,1,Universe Time Studio,Group,False
2026-10-08T15:01Z,chart,top-earning,122,6215986499,18335956021,Grand Blue [Early Access],623,272984,4470,0.9839,10996565,624,762960,2024-07-04,2026-10-03,RPG,Action RPG,10,Eternal Pose,Group,False
2026-10-08T15:01Z,chart,top-earning,123,10246108265,113987393426315,[⚓] Navy War,3367,94087,3264,0.9665,22270304,3383,163261,2026-05-30,2026-10-06,Strategy,,6,Parabola MMOVEMENT,Group,False
2026-10-08T15:01Z,chart,top-earning,124,7436755782,126884695634066,[🧑‍🌾] Grow a Garden 🌶️,17703,9435988,1054899,0.8994,35961152730,17713,11438981,2025-03-25,2026-10-06,Simulation,Tycoon,4,The Garden Game,Group,False
2026-10-08T15:01Z,chart,top-earning,125,6325068386,18668065416,[🧟‍♂️ Don Lorenzo] Blue Lock: Rivals,14663,10238926,356983,0.9663,4986594468,14662,6285028,2024-07-26,2026-10-03,Sports & Racing,Sports,10,Blue Lock Rivals Unofficial Fans,Group,False
2026-10-08T15:01Z,chart,top-earning,126,10550257968,107164765081465,Steal A Verity!,11573,10516,4081,0.7204,29842724,11639,924936,2026-07-23,2026-10-08,Simulation,Tycoon,7,Steal A Verity!,Group,False
2026-10-08T15:01Z,chart,top-earning,127,2251388500,6161235818,Twisted [BETA],1685,216897,23177,0.9035,194548800,1715,561067,2020-12-30,2026-10-07,Simulation,,25,Twisted Official,Group,False
2026-10-08T15:01Z,chart,top-earning,128,10759638075,74629631798007,[🎣] Pets Universe!,5372,72916,1086,0.9853,5114749,5370,151922,2026-08-24,2026-10-08,Simulation,Incremental Simulator,6,Lip Builds,Group,False
2026-10-08T15:01Z,chart,top-earning,129,10759337137,85967844112283,Last Stop [Beta],6621,181897,5313,0.9716,37347467,6599,373370,2026-08-24,2026-10-05,Survival,,25,The Hidden Route,Group,False
2026-10-08T15:01Z,chart,top-earning,130,5166944221,15002061926,Death Ball,5224,2981351,121602,0.9608,1635926917,5234,1771179,2023-10-08,2026-10-08,Action,Battlegrounds & Fighting,25,⨯ Small World Games,Group,False
2026-10-08T15:01Z,chart,top-earning,131,2380077519,6403373529,[UPDATE🏴‍☠️] Slap Battles👏,7291,1958356,317492,0.8605,3654262443,7308,4664019,2021-02-16,2026-10-07,Action,Battlegrounds & Fighting,16,Slap Battles,Group,False
2026-10-08T15:01Z,chart,top-earning,132,10526853622,132239307080610,[🌋] Deep Fishing🎣,8394,28018,939,0.9676,9573526,8391,161800,2026-07-18,2026-10-08,Simulation,Incremental Simulator,12,LazyGames.,Group,False
2026-10-08T15:01Z,chart,top-earning,133,1494262959,4588604953,[⚙️] Criminality,1827,370427,122148,0.752,366651947,1823,826112,2020-01-10,2026-10-07,Action,Open World Action,30,CRIMCORP,Group,False
2026-10-08T15:01Z,chart,top-earning,134,2527789729,6698800091,[MOBILE!📱]Prior Extinction - Dinosaur Survival!,2744,98183,26732,0.786,118040927,2739,373064,2021-04-18,2026-10-05,Roleplay & Avatar Sim,Animal Sim,30,Jacys Studios ROBLOX,Group,False
2026-10-08T15:01Z,chart,top-earning,135,5422546686,15696848933,[🍁] Horse Life,1967,486014,21954,0.9568,369213637,1971,2251498,2023-12-21,2026-10-08,Roleplay & Avatar Sim,Pet Care,30,Sonar Studios,Group,False
2026-10-08T15:01Z,chart,top-earning,136,6061766680,17698425045,[UNBANS] fight in a school,2285,313988,81560,0.7938,570744133,2267,606219,2024-06-01,2026-10-03,Action,Battlegrounds & Fighting,30,Fight In A Game,Group,False
2026-10-08T15:01Z,chart,top-earning,137,10039889230,99925503388128,[UPD] Fishing Master,8115,28124,1241,0.9577,6514348,7946,44187,2026-04-15,2026-10-08,Simulation,Incremental Simulator,20,Fishing Master Community,Group,False
2026-10-08T15:01Z,chart,top-earning,138,9880286438,111097829542198,[Wild Hunt Upd!] Legacy Piece,7104,85251,2597,0.9704,26137593,7128,66151,2026-03-14,2026-10-06,RPG,Action RPG,12,Gwynn's Shrine,Group,False
2026-10-08T15:01Z,chart,top-earning,139,7094518649,119048529960596,Restaurant Tycoon 3,8904,392551,19345,0.953,376132634,8907,903677,2025-01-16,2026-10-08,Simulation,Tycoon,6,Ultraw,User,False
2026-10-08T15:01Z,chart,top-earning,140,1008451066,2788229376,Da Hood,2108,1297553,542720,0.7051,2954730539,2107,3007064,2019-01-27,2026-10-05,Action,Open World Action,45,Da Hood Entertainment,Group,False
2026-10-08T15:01Z,chart,top-earning,141,7613921865,84515722934860,[🧪] Anime Expeditions ,7221,271720,12207,0.957,802570630,7238,211914,2025-04-28,2026-10-08,Strategy,Tower Defense,24,Expeditions Entertainment,Group,False
2026-10-08T15:01Z,chart,top-earning,142,10440833423,74102906764176,[✨] Greedy Growers 🌱,2951,719335,15487,0.9789,101952509,2945,331793,2026-07-03,2026-10-04,Simulation,Tycoon,4,Banjo Lady Games,Group,False
2026-10-08T15:01Z,chart,top-earning,143,9796898051,101906032112547,Drill to Earth’s Core 🌎,11537,85232,6979,0.9243,69349210,11435,1054996,2026-02-25,2026-10-03,Adventure,Exploration,20,Game Name.,Group,False
2026-10-08T15:01Z,chart,top-earning,144,10765579304,128776499486135,[ALPHA] Fleet Empire,971,5533,712,0.886,1208317,973,16991,2026-09-07,2026-10-08,Simulation,,15,Concrete Rose Studios,Group,False
2026-10-08T15:01Z,chart,top-earning,145,9855761734,136020512003847,[GANGS] San Diego Roleplay,13551,146244,24629,0.8559,213937006,13471,295643,2026-03-08,2026-10-06,Roleplay & Avatar Sim,Life,50,San Diego Community,Group,False
2026-10-08T15:01Z,chart,top-earning,146,1054526971,2916899287,Blackhawk Rescue Mission 5,5196,618462,67752,0.9013,631773718,5176,1716625,2019-03-03,2026-10-04,Action,Open World Action,1,PLATINUM FIVE,Group,False
2026-10-08T15:01Z,chart,top-earning,147,10430019389,126546868403353,[🎃] Spot the Fake For Anime!,11303,153934,2791,0.9822,11532519,11300,333144,2026-07-01,2026-10-08,Simulation,Incremental Simulator,6,20XX Studio,Group,False
2026-10-08T15:01Z,chart,top-earning,148,4568630521,13076380114,[💥] Heroes Battlegrounds,4220,1132965,191888,0.8552,1747621937,4218,1623181,2023-04-11,2026-10-08,Action,Battlegrounds & Fighting,15,more awesome games yo,Group,False
2026-10-08T15:01Z,chart,top-earning,149,7883776681,90906407195271,[EVENT🎃] Racket Rivals ,6604,1207091,64577,0.9492,574075237,6458,4747589,2025-06-10,2026-10-07,Sports & Racing,Sports,18,⨯ Small World Games,Group,False
2026-10-08T15:01Z,chart,top-earning,150,9910245722,117533937949084,Iron Soul: Dungeon,4162,508052,9689,0.9813,324128223,4045,1496596,2026-03-20,2026-10-06,RPG,Action RPG,16,Iron Soul,Group,False
2026-10-08T15:01Z,chart,top-earning,151,7673659635,72712036210947,Fix It Up!,2513,174448,30113,0.8528,142321524,2503,337549,2025-05-10,2026-10-05,Simulation,Vehicle Sim,22,.workspace,Group,False
2026-10-08T15:01Z,chart,top-earning,152,3164075108,8246874626,[X2 WEEK] Dragon Soul | Anime MMO 🐲,2520,499315,28217,0.9465,289564281,2508,749713,2021-12-13,2026-10-07,RPG,Action RPG,6,Dragon Soul (DS),Group,False
2026-10-08T15:01Z,chart,top-earning,153,9970645639,77843161404023,Run a Restaurant!,7598,539766,7094,0.987,125856769,7631,766276,2026-04-01,2026-10-03,Simulation,Tycoon,6,Burnt Toast Labs!,Group,False
2026-10-08T15:01Z,chart,top-earning,154,10529769390,134459712190924,[📊PATCH📊] Slop Tower Defense! 💔,8082,11326,2863,0.7982,26191296,8065,17412,2026-07-19,2026-10-08,Strategy,Tower Defense,20,Slop TD!,Group,False
2026-10-08T15:01Z,chart,top-earning,155,1202096104,3351674303,Driving Empire,25525,2537332,190775,0.9301,3342903118,25572,31782551,2019-06-23,2026-10-07,Simulation,Vehicle Sim,22,Driving Empire by Voldex,Group,False
2026-10-08T15:01Z,chart,top-earning,156,7934320560,70400654680508,Five Nights TD 2 [EVOLUTIONS],1846,164579,8095,0.9531,110521048,1825,137264,2025-06-17,2026-10-08,Strategy,Tower Defense,20,Hyper TD,Group,False
2026-10-08T15:01Z,chart,top-earning,157,7219654364,135856908115931,[🎃DUELS] Murderers VS Sheriffs,28283,267934,39258,0.8722,1891635601,28749,16707819,2025-02-09,2026-10-08,Action,Battlegrounds & Fighting,30,MVS Duels Community,Group,False
2026-10-08T15:01Z,chart,top-earning,158,10504918958,109329896664198,[NEW STYLES] Shigaku,2047,128593,2609,0.9801,4483406,1985,159227,2026-07-15,2026-10-08,Action,Battlegrounds & Fighting,30,(私学 ) Shigaku,Group,False
2026-10-08T15:01Z,chart,top-earning,159,6765805766,104715542330896,BlockSpin 🔪 [MANSION UNDERGROUND],25090,277376,75629,0.7858,1279349635,25184,989496,2024-11-06,2026-10-03,Action,Open World Action,28,Cinnamon Go!,Group,False
2026-10-08T15:01Z,chart,top-earning,160,10552540426,96425088123775,[UPD] My Toll Farm!,1708,250478,4212,0.9835,12781482,1724,386491,2026-07-23,2026-10-08,Simulation,Incremental Simulator,6,JOFO Games,Group,False
2026-10-08T15:01Z,chart,top-earning,161,10673920146,99409088950210,Survive a Million Monkeys,12519,27585,906,0.9682,6616130,12541,133583,2026-08-10,2026-10-08,Survival,,25,gorilla warfare.,Group,False
2026-10-08T15:01Z,chart,top-earning,162,4987856151,14438406081,Wanted [💰UPDATE],14079,377224,12337,0.9683,128245849,14051,533667,2023-08-14,2026-10-06,Action,Open World Action,30,DevvGames,Group,False
2026-10-08T15:01Z,chart,top-earning,163,10764887435,122345940779204,[🤑WORKS] Forest Donations,1331,14515,894,0.942,3828449,1332,196502,2026-09-02,2026-10-08,Social,,27,SushiHyper Games,Group,False
2026-10-08T15:01Z,chart,top-earning,164,9561553764,120851538706364,Murder Duels,11606,259207,17603,0.9364,269700202,11580,225939,2026-01-14,2026-10-03,Shooter,Deathmatch Shooter,50,Breakfast,Group,False
2026-10-08T15:01Z,chart,top-earning,165,10431718987,105724836892064,[🧬] Merge a Mini  Army,3038,130471,4200,0.9688,43671610,3130,108982,2026-07-02,2026-10-05,Simulation,Tycoon,6,My HQ!,Group,False
2026-10-08T15:01Z,chart,top-earning,166,10741654282,105011592530400,Build and Kill Zombies,18856,247841,5026,0.9801,48180319,16968,1122844,2026-08-19,2026-10-08,Simulation,Sandbox,5,Zombie Car Crusher,Group,False
2026-10-08T15:01Z,chart,top-earning,167,10124403207,120458890713784,[🔥CODES] Road to Glory: Football (Beta),203,1271,313,0.8024,1081323,202,4312,2026-05-04,2026-10-07,Sports & Racing,Sports,1,Road to Glory: College Football,Group,False
2026-10-08T15:01Z,chart,top-earning,168,1268927906,3623096087,💪Muscle Legends ,8672,1165461,155267,0.8824,2310155132,8815,2608912,2019-08-09,2026-10-03,Simulation,Incremental Simulator,20,Muscle Legends Studio,Group,False
2026-10-08T15:01Z,chart,top-earning,169,10415845204,134719268825886,[⚡NEW] Clicker Simulator! 🖱️,2739,69386,1396,0.9803,11589998,2738,796086,2026-06-29,2026-10-08,Simulation,Incremental Simulator,10,Cooked Click,Group,False
2026-10-08T15:01Z,chart,top-earning,170,3647333358,9872472334,Evade ,39447,3242193,210991,0.9389,9274275714,39491,8301731,2022-06-10,2026-10-07,Survival,,15,Hexagon Development Community,Group,False
2026-10-08T15:01Z,chart,top-earning,171,10230942274,110175021189594,Ability Arena 💥,8672,239669,18283,0.9291,100003061,8654,214818,2026-05-27,2026-10-07,Action,Battlegrounds & Fighting,20,Banjomeni,Group,False
2026-10-08T15:01Z,chart,top-earning,172,10566677406,106568491289620,[将] Shogun's Reign,3361,22907,2692,0.8948,6375187,3369,140462,2026-07-25,2026-10-08,Roleplay & Avatar Sim,Life,1,Shogun's Reign,Group,False
2026-10-08T15:01Z,chart,top-earning,173,2788648141,7180042682,Military Tycoon ®,2139,1281528,120731,0.9139,1011281342,2141,2170613,2021-07-31,2026-10-02,Simulation,Tycoon,12,InfinityInteractive,Group,False
2026-10-08T15:01Z,chart,top-earning,174,1802741133,5171347293,✈️ Cabin Crew Simulator ,3278,404289,30763,0.9293,439229726,3284,1126883,2020-06-12,2026-10-07,Simulation,,10,Cruising Studios,Group,False
2026-10-08T15:01Z,chart,top-earning,175,10765167636,126710589265077,[💰] 2 Player Raid Tycoon,4755,10271,1179,0.897,7389035,4733,36048,2026-09-05,2026-10-08,Simulation,Tycoon,12,STRAY FRAME,Group,False
2026-10-08T15:01Z,chart,top-earning,176,7629331599,129827112113663,Prospecting! 💎,5322,336156,12500,0.9641,267623014,5307,481761,2025-05-02,2026-10-07,Simulation,,20,Prospecting!,Group,False
2026-10-08T15:01Z,chart,top-earning,177,2783797267,7171174521,[🌲FOREST🌲] American Plains Mudding,7834,377314,45364,0.8927,714195614,7777,8219513,2021-07-29,2026-10-07,Simulation,Vehicle Sim,15,American Plains Mudding,Group,False
2026-10-08T15:01Z,chart,top-earning,178,8829204428,125906853713277,[EVENTS] Case Simulator RNG,1764,125333,2768,0.9784,9245548,1760,164159,2025-09-29,2026-10-08,Simulation,Incremental Simulator,20,games by cool people,Group,False
2026-10-08T15:01Z,chart,top-earning,179,9885372266,82797688803922,Unseen Liminality,2925,150743,10201,0.9366,88364999,2920,2516168,2026-03-15,2026-09-30,Adventure,Exploration,15,The Unseen Zone,Group,False
2026-10-08T15:01Z,chart,top-earning,180,10577588270,97824450589417,🦸 +1 Superhero Evolution,2715,150526,3638,0.9764,41698924,2798,637050,2026-07-27,2026-10-04,Simulation,Incremental Simulator,12,Giggity Goo Games,Group,False
2026-10-08T15:01Z,chart,top-earning,181,210851291,537413528,Build A Boat For Treasure,13704,3659714,259238,0.9339,5220524933,13714,8539584,2016-11-02,2026-10-02,Simulation,Sandbox,7,Chillz Studios,Group,False
2026-10-08T15:01Z,chart,top-earning,182,10648640958,77463332823746,[UPD 2 🏆] Hood Rivals,1678,36928,3882,0.9049,42254234,1684,482598,2026-08-07,2026-10-08,Shooter,Deathmatch Shooter,30,A-Grade Productions,Group,False
2026-10-08T15:01Z,chart,top-earning,183,10399136326,108567435288296,Anime Ability Arena,17482,98268,12997,0.8832,110706007,17443,175678,2026-06-26,2026-10-08,Action,Battlegrounds & Fighting,18,no dj khaled we the best,Group,False
2026-10-08T15:01Z,chart,top-earning,184,4730278139,13621938427,[DEIMOS👹] untitled boxing game 🥊,10409,1398733,207499,0.8708,1458868759,10350,1369614,2023-06-02,2026-10-08,Action,Battlegrounds & Fighting,22,drowningsome,Group,False
2026-10-08T15:01Z,chart,top-earning,185,6048923315,17662297954,[🌀Sky Manipulation] KAIZEN,1007,196103,14495,0.9312,107640941,1010,221050,2024-05-29,2026-10-08,RPG,Action RPG,14,Lajebo Games x Kaizen,Group,False
2026-10-08T15:01Z,chart,top-earning,186,3747388906,10228136016,[📱MOBILE] Fallen Survival🏹,863,46750,8183,0.851,48239533,855,284374,2022-07-15,2026-10-07,Action,Open World Action,100,Chunk Studios,Group,False
2026-10-08T15:01Z,chart,top-earning,187,8618660961,94539932414164,(🍂FALL + 🛠️ CAR MODS!) Mojave Valley (Alpha),1464,54265,6845,0.888,43129818,1477,133273,2025-09-02,2026-10-08,Simulation,Vehicle Sim,32,Official Mojave Valley,Group,False
2026-10-08T15:01Z,chart,top-earning,188,3405618667,9049840490,Sonic Speed Simulator,2698,1593406,137796,0.9204,1535638868,2715,3296541,2022-03-09,2026-10-03,Simulation,Incremental Simulator,16,Gamefam x Sonic,Group,False
2026-10-08T15:01Z,chart,top-earning,189,10765950109,89678439944901,Steal A Baddie Egg!,4332,7452,1068,0.8746,3698395,4350,26588,2026-09-10,2026-10-07,Simulation,Tycoon,7,Dropout Interactive,Group,False
2026-10-08T15:01Z,chart,top-earning,190,4793836769,13822562292,[🌴NEW MAP]🚗Midnight Chasers: Highway Racing,3342,987612,25130,0.9752,316659632,3364,6648691,2023-06-21,2026-10-07,Simulation,Vehicle Sim,14,Midnight In-dev,Group,False
2026-10-08T15:01Z,chart,top-earning,191,6161049307,18172550962,Pixel Blade,2198,760280,25049,0.9681,239858854,2204,987956,2024-06-23,2026-10-04,RPG,Action RPG,20,Frost Blade Games,Group,False
2026-10-08T15:01Z,chart,top-earning,192,7359962123,80734098185936,An Average Campaign [Alpha v0.5.1],2481,88696,5264,0.944,58227503,2485,275234,2025-03-10,2026-10-07,RPG,Turn-based RPG,50,An Average Campaign,Group,False
2026-10-08T15:01Z,chart,top-earning,193,10765708310,97838337412007,[UPD] Jewelry Empire,846,9093,679,0.9305,1170270,853,18098,2026-09-08,2026-10-08,Simulation,Tycoon,8,Funwise,Group,False
2026-10-08T15:01Z,chart,top-earning,194,6100103590,17805166690,The Undead Coming (2026),672,9822,1119,0.8977,3983849,670,50124,2024-06-10,2026-10-05,Survival,,15,4by2studs,Group,False
2026-10-08T15:01Z,chart,top-earning,195,9940812243,104693964860826,[JJK+S2] Anime RNG Defense,2808,29982,943,0.9695,15678029,2804,167934,2026-03-26,2026-10-06,Strategy,Tower Defense,4,Mera.,Group,False
2026-10-08T15:01Z,chart,top-earning,196,10298144467,107653945083776,Roll Anime to Fight!,2098,95496,3064,0.9689,40513498,2103,42658,2026-06-10,2026-10-07,Simulation,Tycoon,6,Another Slop,Group,False
2026-10-08T15:01Z,chart,top-earning,197,4420562665,12593620250,[🎃EVENT] Ride Storm,6775,80433,8050,0.909,92941577,6754,384117,2023-02-24,2026-10-02,Simulation,Vehicle Sim,20,Ride Storm,Group,False
2026-10-08T15:01Z,chart,top-earning,198,3634139746,9825515356,Hood Customs,323,50638,20017,0.7167,164503496,317,98550,2022-06-05,2026-10-05,Action,Battlegrounds & Fighting,32,Hood Customs Entertainment,Group,False
2026-10-08T15:01Z,chart,top-earning,199,9324081218,100337093788565,[🏆SEASON 1] evil plate game ,123,12666,4146,0.7534,8996228,122,42269,2025-12-08,2026-10-05,Party & Casual,Minigame,26,vyse entertainment,Group,False
2026-10-08T15:01Z,chart,top-earning,200,10031562156,109423220190564,[UPDATE] Backrooms Company,4290,28042,3840,0.8796,42263369,4261,445138,2026-04-13,2026-10-06,Survival,,50,Devs 4 U Productions,Group,False
2026-10-08T15:01Z,chart,top-earning,201,65241,189707,Natural Disaster Survival,5990,4413260,448839,0.9077,4503008380,5944,11889569,2008-03-28,2026-09-17,Survival,,30,Stickmasterluke,User,False
2026-10-08T15:01Z,chart,top-earning,202,9662130710,100911362514791,[🙂UPD] Phonk Slap 🎵,9955,114930,9770,0.9217,17094299,9942,551439,2026-02-01,2026-10-05,Action,Battlegrounds & Fighting,24,Falling Towards Success,Group,False
2026-10-08T15:01Z,chart,top-earning,203,3419284255,9096881148,Peroxide [Update!],2108,456689,45944,0.9086,420356893,2118,866487,2022-03-14,2026-10-08,RPG,Action RPG,30,[Peroxide],Group,False
2026-10-08T15:01Z,chart,top-earning,204,1271059807,3631820248,[🎉6th Anniversary!] Stevos Gem Eras Roleplay,891,90071,8651,0.9124,76631227,881,393913,2019-08-10,2026-10-08,Roleplay & Avatar Sim,Morph Roleplay,50,TimTsuki,User,False
2026-10-08T15:01Z,chart,top-earning,205,1511883870,4616652839,Shindo Life [250],2421,2243820,145925,0.9389,2730992308,2431,3078383,2020-01-20,2026-08-10,RPG,Action RPG,5,RELL World,Group,False
2026-10-08T15:01Z,chart,top-earning,206,9950184599,139439863257440,"🍂 (FALL UPDATE + DRIFT XP) Young Street, Ontario",1352,93471,2641,0.9725,13503873,1359,123130,2026-03-28,2026-10-07,Simulation,Vehicle Sim,30,"Young Street, Ontario",Group,False
2026-10-08T15:01Z,chart,top-earning,207,10268960646,93844268955707,Untitled Wheelie Game (🚔),1733,59042,3607,0.9424,31520068,1683,888172,2026-06-04,2026-10-08,Simulation,Vehicle Sim,10,Untitled Wheelie Group,Group,False
2026-10-08T15:01Z,chart,top-earning,208,2139712082,5951002734,[🕷️HALLOWEEN 1.5] Project Baki,576,85730,21548,0.7991,78082119,578,198457,2020-11-13,2026-10-08,Action,,22,Project Baki,Group,False
2026-10-08T15:01Z,chart,top-earning,209,10309128556,84568117169118,HELLHOLE [🧟‍♂️],569,225303,4122,0.982,13376200,549,190473,2026-06-11,2026-10-06,Shooter,PvE Shooter,50,Game Chefs,Group,False
2026-10-08T15:01Z,chart,top-earning,210,31970568,69184822,Theme Park Tycoon 2,3439,2083657,256886,0.8902,1621837690,3467,6099374,2012-01-02,2026-08-31,Simulation,Tycoon,6,Den_S,User,False
2026-10-08T15:01Z,chart,top-earning,211,9908641400,82866880824588,Football Fusion 3,1272,36223,7780,0.8232,76555269,1272,58892,2026-03-20,2026-10-01,Sports & Racing,Sports,14,XSTNS GAMES,Group,False
2026-10-08T15:01Z,chart,top-earning,212,6726637224,71600459831333,Street Life Remastered 🔥,1920,168500,25153,0.8701,175158523,1933,1644069,2024-10-27,2026-10-07,Action,Open World Action,35,flipsy's games,Group,False
2026-10-08T15:01Z,chart,top-earning,213,10424107160,114125816375987,[🌙] Survive The Night,4214,9288,511,0.9479,4610924,4204,41997,2026-07-01,2026-10-08,Strategy,Tower Defense,50,Duni&Minion,Group,False
2026-10-08T15:01Z,chart,top-earning,214,10404519332,82712304391069,🪓 Carve Wood! [Fall Update],1523,30677,6336,0.8288,24066846,1518,96193,2026-06-27,2026-10-05,Simulation,Tycoon,6,$1b,Group,False
2026-10-08T15:01Z,chart,top-earning,215,10761200080,110954432401277,Needle In A Haystack,1116,51690,4206,0.9248,5137347,1093,28763,2026-08-25,2026-09-27,Simulation,Incremental Simulator,20,DomBlox Games,Group,False
2026-10-08T15:01Z,chart,top-earning,216,10765288803,114326934417838,Break and Steal an Egg,102194,155627,3330,0.9791,43796751,103944,241308,2026-09-05,2026-10-07,Simulation,Tycoon,7,ILGames x Eggs,Group,False
2026-10-08T15:01Z,chart,top-earning,217,10389762549,88723502997575,[NEW] Sword RNG X,2574,12221,325,0.9741,922171,2592,8788,2026-06-25,2026-10-08,Simulation,Incremental Simulator,10,Forged Fortune,Group,False
2026-10-08T15:01Z,chart,top-earning,218,6446652181,89366025586253,[BABY] Gohan 悟飯 ,135,13101,2375,0.8465,2800008,135,18306,2024-08-21,2026-10-05,Action,Battlegrounds & Fighting,1,Project: Gohan ご飯,Group,False
2026-10-08T15:01Z,chart,top-earning,219,4348829796,12355337193,MVSD | Murderers VS Sheriffs Duels,8862,571107,105552,0.844,2716056320,8793,11608389,2023-02-02,2026-10-06,Action,Battlegrounds & Fighting,40,RED21 Games,Group,False
2026-10-08T15:01Z,chart,top-earning,220,10116272705,117949143041402,[ 🎉RELEASE ] Anime Mysterious,7818,24209,731,0.9707,3609273,7877,7841,2026-05-03,2026-10-07,Strategy,Tower Defense,15,Anime Mysterious,Group,False
2026-10-08T15:01Z,chart,top-earning,221,4201418016,11872917490,[🌀NEW!] Fabled Legacy! RPG,559,144953,13340,0.9157,149354463,560,285826,2022-12-20,2026-10-07,RPG,Action RPG,40,Fabled Legacy,Group,False
2026-10-08T15:01Z,chart,top-earning,222,10765067592,75766778174856,[UPD6] Tower Incremental,6305,5203,585,0.8989,2233432,6340,35268,2026-09-04,2026-10-08,Simulation,Incremental Simulator,8,Lucky CStudios,Group,False
2026-10-08T15:01Z,chart,top-earning,223,6786784563,122720857080780,[🚗NEW CAR!] Corsa Legends [ALPHA],925,134082,4039,0.9708,33932358,939,655762,2024-11-11,2026-09-26,Simulation,Vehicle Sim,28,Cogito,Group,False
2026-10-08T15:01Z,chart,top-earning,224,47545,192800,🍕Work at a Pizza Place,8051,3467444,264648,0.9291,5611236690,8029,13611194,2008-03-28,2026-10-08,Roleplay & Avatar Sim,Life,12,Dued1,User,False
2026-10-08T15:01Z,chart,top-earning,225,10761884278,80167904212435,Strikeborn [EARLY ACCESS],92,20431,4228,0.8285,2965973,92,53364,2026-08-26,2026-09-14,,,100,SSSStudio,Group,False
2026-10-08T15:01Z,chart,top-earning,226,10764883692,105596644794991,Untitled Defense (Update2),1104,1454,113,0.9279,637515,1108,1610,2026-09-02,2026-10-08,Strategy,Tower Defense,30,Untitled Defense official,Group,False
2026-10-08T15:01Z,chart,top-earning,227,10439568447,121781732399469,[UPD] Anomaly Cafe ,3045,50435,2919,0.9453,23306759,3096,250651,2026-07-03,2026-10-08,Survival,,24,Anomaly Cafe,Group,False
2026-10-08T15:01Z,chart,top-earning,228,10589388621,112152708656470,[DRIVING UPD] 🏁Mini Race,455,13888,1107,0.9262,3802313,447,250710,2026-07-28,2026-10-04,Simulation,Tycoon,6,Mini Race Official,Group,False
2026-10-08T15:01Z,chart,top-earning,229,10761687472,113481077323469,Scream And Run [VERITY],5787,99738,13641,0.8797,135945640,5762,457458,2026-08-25,2026-10-07,Survival,Escape,50,Scream And Run Studios,Group,False
2026-10-08T15:01Z,chart,top-earning,230,4983034985,14422394494,Conquer The World WW2 [👑 Formables ],16653,121009,28385,0.81,293702431,16653,874065,2023-08-13,2026-10-02,Strategy,,14,Marian_Dev,User,False
2026-10-08T15:01Z,chart,top-earning,231,9788139379,119004860768199,[UPD]BreakDoor,2572,119700,15077,0.8881,73323158,2586,179265,2026-02-24,2026-10-03,Survival,1 vs All,80,GhostTribe,Group,False
2026-10-08T15:01Z,chart,top-earning,232,1742264997,5041144419,SCP: Roleplay,1637,676547,73500,0.902,508023698,1643,1293510,2020-05-16,2026-10-06,Roleplay & Avatar Sim,,50,SCP | Roleplay Community,Group,False
2026-10-08T15:01Z,chart,top-earning,233,2471084,13822889,🌳 Lumber Tycoon 2,6786,2034648,285460,0.877,1332804574,6815,4648581,2009-07-30,2026-10-06,Simulation,Tycoon,6,Defaultio,User,False
2026-10-08T15:01Z,chart,top-earning,234,10031505426,93091759101123,FPS🔥AirDrop Arena [S5]🔥,3985,208158,5927,0.9723,46376179,3964,1806930,2026-04-13,2026-10-08,Shooter,Deathmatch Shooter,8,Havoc Warfare,Group,False
2026-10-08T15:01Z,chart,top-earning,235,10338952197,94640181989498,Grow a Chicken Fighter,4482,382995,8501,0.9783,116682251,4446,7263632,2026-06-16,2026-09-26,Simulation,Tycoon,8,Grow a Chicken Fighter,Group,False
2026-10-08T15:01Z,chart,top-earning,236,4938220315,14279693118,[AURORA] Skibi Defense,1579,189251,15743,0.9232,482021998,1582,754730,2023-08-01,2026-10-08,Strategy,Tower Defense,30,Archkos Studios,Group,False
2026-10-08T15:01Z,chart,top-earning,237,9073513091,140409475718339,[HALLOWEEN!] Anime Apocalypse,1606,165193,8111,0.9532,145802533,1607,180768,2025-10-31,2026-10-04,RPG,Action RPG,30,Anime Apocalypse Dev,Group,False
2026-10-08T15:01Z,chart,top-earning,238,10263732883,139063887391814,[UPD 2.0] TBOD^2 [Tycoon But One Dropper: SQUARED],1894,11358,2141,0.8414,6379531,1893,38864,2026-06-03,2026-10-07,Simulation,Tycoon,8,BOG [But One Games],Group,False
2026-10-08T15:01Z,chart,top-earning,239,110181652,277751860,Epic Minigames ✨,1578,2272031,236119,0.9059,2357811549,1576,8611703,2015-07-29,2026-10-06,Party & Casual,Minigame,12,Typical Games,Group,False
2026-10-08T15:01Z,chart,top-earning,240,10502841145,102072869879193,[OVERCLOCK] Anime Astral Simulator,11503,37849,1339,0.9658,105657188,11497,127702,2026-07-14,2026-10-06,Simulation,Incremental Simulator,10,StarX Inc,Group,False
2026-10-08T15:01Z,chart,top-earning,241,6026405541,17600423422,🍁 10 Player Flee,681,41105,6100,0.8708,58023178,685,134503,2024-05-24,2026-10-08,Survival,1 vs All,10,the workshopᅠ,Group,False
2026-10-08T15:01Z,chart,top-earning,242,10753751277,120475074479690,Steal From The Rich!,18141,50482,2315,0.9562,19484523,18263,1826022,2026-08-22,2026-10-08,Simulation,Tycoon,7,Lucky Finders,Group,False
2026-10-08T15:01Z,chart,top-earning,243,2862098693,7336302630,Project Delta,2157,95219,27658,0.7749,158978723,2156,458284,2021-08-26,2026-10-02,Survival,,25,Vikings Studio,Group,False
2026-10-08T15:01Z,chart,top-earning,244,10765013362,121831322352666,Dig For Eggs,7282,5079,594,0.8953,6714350,7251,12910,2026-09-03,2026-10-07,Simulation,Tycoon,8,RoDark Studios,Group,False
2026-10-08T15:01Z,chart,top-earning,245,7761516673,131145970478334,Fight in a Streamer University🎓 ,2139,18161,4507,0.8012,10407121,2163,30728,2025-05-24,2026-10-08,Action,Battlegrounds & Fighting,35,ColdWorld Visuals,Group,False
2026-10-08T15:01Z,chart,top-earning,246,5650396773,16389395869,a dusty trip [🚗SEASON],11644,2030563,224030,0.9006,2579116168,11624,2320266,2024-02-16,2026-10-04,Adventure,,25,Jandel's Road Trip,Group,False
2026-10-08T15:01Z,chart,top-earning,247,8719555347,79480724066456,[🛥️Boats🛥️] Southern Mudding 🚜 OffRoading,13312,224881,18055,0.9257,438223828,13317,638933,2025-09-15,2026-10-02,Simulation,Vehicle Sim,10,Southern Mudding,Group,False
2026-10-08T15:01Z,chart,top-earning,248,10762388019,117448312570314,[1 & 2 PLAYER] Grapple Cart Obby,6682,218723,16813,0.9286,28830179,6598,113870,2026-08-26,2026-10-02,Obby & Platformer,,25,rng dev,Group,False
2026-10-08T15:01Z,chart,top-earning,249,10508386614,79597426745602,Arasaka Academy [RELEASE] | Cyberpunk,356,11635,444,0.9632,368012,351,7550,2026-07-15,2026-10-08,RPG,Action RPG,60,Ordinance Games,Group,False
2026-10-08T15:01Z,chart,top-earning,250,9112256336,76427445314955,Scream City 2 🎃,414,8596,1619,0.8415,9772399,392,20593,2025-11-06,2026-10-08,Action,,35,Vice City Miami,Group,False
2026-10-08T15:01Z,chart,top-earning,251,7665084235,111063824758310,🌊 Navy Tycoon [SKINS],385,56855,5689,0.909,24313260,386,317098,2025-05-08,2026-10-05,Simulation,Tycoon,30,Mega Studiosᅠ,Group,False
2026-10-08T15:01Z,chart,top-earning,252,9826885587,134381727982611,Evomon[S3 TRADE],4612,307068,8863,0.9719,153939248,4600,362697,2026-03-03,2026-10-08,Adventure,,12,Evomon Devs,Group,False
2026-10-08T15:01Z,chart,top-earning,253,10766008884,76943966208523,Clone to Steal Eggs,6164,27943,767,0.9733,7957239,6248,40416,2026-09-11,2026-10-08,Simulation,Tycoon,4,xFrozen x Dudes,Group,False
2026-10-08T15:01Z,chart,top-earning,254,9442472087,130929507719087,WARDEN 🐲 Sonaria Horror Escape,548,30763,2435,0.9267,11306147,540,282061,2025-12-27,2026-10-08,Survival,Escape,32,Sonar Studios,Group,False
2026-10-08T15:01Z,chart,top-earning,255,10667860714,96179204081384,[🎉UPD 3] Cultivation: Evermortal,332,59987,1224,0.98,2302376,326,130357,2026-08-09,2026-10-07,Simulation,Incremental Simulator,20,Miki and Miffy Games,Group,False
2026-10-08T15:01Z,chart,top-earning,256,10195997258,112781315318195,[🦖] Pull a Lucky Fish,2313,77712,3918,0.952,51757504,2317,124886,2026-05-20,2026-10-08,Simulation,Tycoon,5,Openwater Games,Group,False
2026-10-08T15:01Z,chart,top-earning,257,358276974,863266079,Apocalypse Rising 2,2667,262303,43038,0.859,196565837,2689,1014928,2017-06-11,2026-10-06,Action,Open World Action,120,Dualpoint Interactive,Group,False
2026-10-08T15:01Z,chart,top-earning,258,9312646406,75547400568620,Land or Die! 🐙  [KRAKEN],2463,175050,12367,0.934,203990960,2539,994337,2025-12-07,2026-10-07,Survival,,35,Plenty of Planets,Group,False
2026-10-08T15:01Z,chart,top-earning,259,3012965062,7772810845,The Presentation Experience,3381,563774,53706,0.913,682207800,3302,6510566,2021-10-18,2026-10-04,Simulation,,16,Minimal Games,Group,False
2026-10-08T15:01Z,chart,top-earning,260,10768462078,74608256292004,[Pokemon Brick Bronze] [Bronze Forever],2464,3062,83,0.9736,1444690,2457,7682,2026-09-28,2026-10-08,RPG,Turn-based RPG,20,Hyper Ball Games,Group,False
2026-10-08T15:01Z,chart,top-earning,261,5108158764,14823220100,SCP Architect X,871,58469,4572,0.9275,13787492,871,194465,2023-09-19,2026-10-03,Simulation,Tycoon,6,SCP Architect,Group,False
2026-10-08T15:01Z,chart,top-earning,262,10739044772,128715403389835,Hamster Village🐹,2718,53791,834,0.9847,8190777,2730,187350,2026-08-19,2026-10-08,Simulation,Tycoon,6,Dojo Empire,Group,False
2026-10-08T15:01Z,chart,top-earning,263,892043755,2512643572,[🍀UPD] Bubble Gum Simulator,2267,1055519,136803,0.8853,1252101593,2263,3320236,2018-10-23,2026-10-05,Simulation,Incremental Simulator,10,Rumble Studios,Group,False
2026-10-08T15:01Z,chart,top-earning,264,3457700596,9224601490,[OPE V2] Fruit Battlegrounds,2333,1137289,129909,0.8975,1072966260,2332,1008999,2022-03-29,2026-09-01,Action,Battlegrounds & Fighting,20,P O P O,Group,False
2026-10-08T15:01Z,chart,top-earning,265,9511454418,123873483242204,[💥BLAST] Anime Finals,423,19045,1702,0.918,4528062,421,35706,2026-01-06,2026-10-08,Shooter,Deathmatch Shooter,12,MOVI Games,Group,False
2026-10-08T15:01Z,chart,top-earning,266,10765091041,88047783411976,Open Sea For Animals!,9375,66839,1745,0.9746,11660804,9471,57684,2026-09-04,2026-10-06,Simulation,Tycoon,5,xFrozen x Dudes,Group,False
2026-10-08T15:01Z,chart,top-earning,267,7738524573,98936097545088,Retro Tower Defense,1430,106182,9624,0.9169,176666932,1409,168744,2025-05-20,2026-10-02,Strategy,Tower Defense,30,Plaything Games,Group,False
2026-10-08T15:01Z,chart,top-earning,268,6324644175,18666738837,Death Order: Simon Says,3806,153340,20354,0.8828,68385569,3830,364127,2024-07-26,2026-10-08,Survival,,72,Voxq Enterprises,Group,False
2026-10-08T15:01Z,chart,top-earning,269,6739698191,93978595733734,[CURE] Violence District,62547,766784,56077,0.9319,1544499287,62510,1654192,2024-10-31,2026-10-08,Survival,1 vs All,6,VIOLENCE DISTRICT,Group,False
2026-10-08T15:01Z,chart,top-earning,270,10475794799,83038462357724,Dig & Clean 🧼,3763,245508,8896,0.965,124361594,3791,1740808,2026-07-09,2026-10-07,Simulation,Tycoon,6,Squeaky Clean!,Group,False
2026-10-08T15:01Z,chart,top-earning,271,10141042381,86942234200714,[ADMIN ABUSE] Case Haven,728,39898,1197,0.9709,4772443,736,31482,2026-05-09,2026-10-06,Simulation,Incremental Simulator,30,Case Haven,Group,False
2026-10-08T15:01Z,chart,top-earning,272,7750955984,103754275310547,[Parasol!] Hunty Zombie,1072,812371,38043,0.9553,718287275,1077,923598,2025-05-22,2026-10-04,RPG,Action RPG,40,HZ DEV,Group,False
2026-10-08T15:01Z,chart,top-earning,273,274816972,654732683,[New Car!🛫] Car Crushers 2 - Physics Simulation,2813,1981327,138446,0.9347,1370449420,2779,7133743,2017-02-11,2026-10-06,Simulation,Vehicle Sim,20,Car Crushers Community,Group,False
2026-10-08T15:01Z,chart,top-earning,274,10665420648,78453398695059,[UPD 2] THRESHOLD ,10139,182767,4709,0.9749,15211108,10151,163813,2026-08-09,2026-10-08,Survival,Escape,45,Reskioat,User,False
2026-10-08T15:01Z,chart,top-earning,275,10501944811,129216769649527,Beat the Anime Boss!,1559,73156,838,0.9887,7408175,1581,22405,2026-07-14,2026-10-08,Simulation,Tycoon,8,Fun and Giggles Games,Group,False
2026-10-08T15:01Z,chart,top-earning,276,10249209189,112641748896693,Missiles vs Cities,1230,866144,11391,0.987,59762569,1226,354714,2026-05-31,2026-09-29,Simulation,Tycoon,8,veedio gaems,Group,False
2026-10-08T15:01Z,chart,top-earning,277,10759594563,111801263516291,Choose the Stronger Anime!,2225,8859,2181,0.8024,6658118,2188,14932,2026-08-24,2026-10-07,Party & Casual,Minigame,30,Epic Party Games!,Group,False
2026-10-08T15:01Z,chart,top-earning,278,98839997,228181322,[👑Carnotaurus!] Dinosaur Simulator,244,452748,109501,0.8052,336513517,239,1340557,2015-03-17,2026-10-02,Roleplay & Avatar Sim,Animal Sim,32,ChickenEngineer,User,False
2026-10-08T15:01Z,chart,top-earning,279,9362896961,76285745979410,[👹Boss] Anime Card Collection,3322,598077,9234,0.9848,158395631,3348,222653,2025-12-15,2026-10-03,Simulation,Incremental Simulator,6,Crew Simulators,Group,False
2026-10-08T15:01Z,chart,top-earning,280,9978329815,74188431054457,Mukbang Game [Testing]🥞🧇!,15398,295200,22785,0.9283,512302281,15267,1080160,2026-04-02,2026-10-04,,,25,sorynn22,User,False
2026-10-08T15:01Z,chart,top-earning,281,3730079862,10165583746,Examination,4555,163580,14259,0.9198,60578685,4592,492750,2022-07-09,2026-10-05,Shooter,PvE Shooter,20,{MENLO-INFANTRY-DIVISION},Group,False
2026-10-08T15:01Z,chart,top-earning,282,8356066619,71132543521245,[🔵UPD 4.75💧] Anime Squadron,1789,88527,4529,0.9513,89550670,1790,47445,2025-08-05,2026-09-30,Strategy,Tower Defense,16,Komplex Studio,Group,False
2026-10-08T15:01Z,chart,top-earning,283,6336741296,18700851435,[FIRE FIGHTING] Flight World,3911,349760,13671,0.9624,130648259,3944,7333131,2024-07-28,2026-10-05,Simulation,Vehicle Sim,26,Limitless Flight,Group,False
2026-10-08T15:01Z,chart,top-earning,284,1775919872,5116869569,[EVENT] Doodle World,537,228010,18990,0.9231,135893161,536,522363,2020-05-31,2026-10-07,RPG,Turn-based RPG,16,Doodle World Studios,Group,False
2026-10-08T15:01Z,chart,top-earning,285,10471583973,125496078313264,2 PLAYER Evolution Tycoon 🛸,1917,44555,3827,0.9209,32592658,1918,103956,2026-07-09,2026-09-25,Simulation,Tycoon,12,Blackbox Tycoons,Group,False
2026-10-08T15:01Z,chart,top-earning,286,4666414595,13405957741,[2X💵] NitroLab Drag Racing🚦,216,47773,2720,0.9461,6343916,223,72959,2023-05-10,2026-10-06,Sports & Racing,Racing,12,NitroLab Games,Group,False
2026-10-08T15:01Z,chart,top-earning,287,73885730,155615604,Prison Life,5476,1539411,270664,0.8505,3045235111,5460,6009310,2014-05-02,2026-07-03,Action,Open World Action,24,Aesthetical,User,False
2026-10-08T15:01Z,chart,top-earning,288,9067401541,134963296781989,Clover Origins [DARK TRIAD],492,187313,4610,0.976,25041626,503,126395,2025-10-30,2026-10-07,RPG,Action RPG,20,Funzy Labs,Group,False
2026-10-08T15:01Z,chart,top-earning,289,372226183,893973440,Flee the Facility,11931,2803292,240590,0.921,6056853118,11939,9718685,2017-07-01,2026-10-01,Survival,1 vs All,5,A.W. Apps,Group,False
2026-10-08T15:01Z,chart,top-earning,290,6174994284,18214855317,Savannah Life,3376,299546,19706,0.9383,210177098,3362,352787,2024-06-26,2026-10-07,Roleplay & Avatar Sim,Animal Sim,65,NOYO Productions,Group,False
2026-10-08T15:01Z,chart,top-earning,291,7018190066,116495829188952,Dead Rails,12346,3348812,268795,0.9257,6594377060,12390,6130340,2025-01-01,2026-10-06,Adventure,Exploration,16,RCM Games,Group,False
2026-10-08T15:01Z,chart,top-earning,292,10004244222,89469502395769,[🍂] Kick a Lucky Block,13685,1300889,68182,0.9502,1905900068,14114,26565236,2026-04-07,2026-10-06,Simulation,Tycoon,5,No More Flops,Group,False
2026-10-08T15:01Z,chart,top-earning,293,10514223296,98498619006328,Flip a House! 🏠,1667,87223,4275,0.9533,23614435,1684,129048,2026-07-16,2026-10-06,Simulation,Incremental Simulator,25,Increates House,Group,False
2026-10-08T15:01Z,chart,top-earning,294,7661378108,113131161440109,[🔥X3 CUSTOMIZATION] Trails,242,2564,839,0.7535,6588931,248,14423,2025-05-08,2026-10-08,Simulation,Vehicle Sim,13,UVM|Studios,Group,False
2026-10-08T15:01Z,chart,top-earning,295,3808223175,10450270085,[⚖️JUDGEMAN] Jujutsu Infinite,1112,1840229,60452,0.9682,723689735,1119,3272557,2022-08-02,2026-09-17,RPG,Action RPG,12,Awesome Ninja Games,Group,False
2026-10-08T15:01Z,chart,top-earning,296,10762757054,115668616082195,WHO FARTED?,5740,22219,5891,0.7904,18713263,5628,63996,2026-08-26,2026-10-07,Survival,1 vs All,10,Badass Experiences,Group,False
2026-10-08T15:01Z,chart,top-earning,297,10626746750,110434609045277,[Beta] The Creator-God Sim ,448,5165,1481,0.7772,1277774,447,22883,2026-08-03,2026-10-08,Simulation,Sandbox,5,Stateborn Studios,Group,False
2026-10-08T15:01Z,chart,top-earning,298,6770632849,139598620873181,[WIND🌪️🍃] MUGEN,676,520246,36594,0.9343,142593022,680,491473,2024-11-08,2026-10-07,Action,Battlegrounds & Fighting,14,Pure Pure,Group,False
2026-10-08T15:01Z,chart,top-earning,299,7703614594,108533757090220,[⏳🧪] Garden Tower Defense 🌻,4389,1428313,25857,0.9822,810285825,4349,483625,2025-05-14,2026-10-07,Strategy,Tower Defense,20,Garden Defenders,Group,False
2026-10-08T15:01Z,chart,top-earning,300,5829613337,16991287194,something evil will happen,2737,360711,28724,0.9262,372573855,2726,892664,2024-04-03,2026-10-03,Survival,,20,larvae studios,Group,False
2026-10-08T15:01Z,chart,top-earning,301,10452740285,134162299584012,Build a Gun Army,2456,267690,3897,0.9857,21634995,2453,109710,2026-07-05,2026-09-06,Simulation,Incremental Simulator,6,Weapon Williamson,Group,False
2026-10-08T15:01Z,chart,top-earning,302,10767582899,101914705206759,[💻UPD] 📱 Build a Phone Empire,7641,4859,1266,0.7933,1135135,7589,12513,2026-09-22,2026-10-07,Simulation,Tycoon,8,DEVTEC STUDIOS,Group,False
2026-10-08T15:01Z,chart,top-earning,303,10144587520,125039473548047,[UPD☄️] Anime Card Farm,5854,105042,2731,0.9747,83377449,5909,2131275,2026-05-09,2026-10-07,Simulation,Tycoon,8,Anime Card Factory,Group,False
2026-10-08T15:01Z,chart,top-earning,304,10766494202,98456203230140,[🏗️] CLONE BUILDERS!,379,5733,2177,0.7248,3763445,374,20719,2026-09-14,2026-10-08,Simulation,Sandbox,15,Synoptic Interactive,Group,False
2026-10-08T15:01Z,chart,top-earning,305,10199301628,128784467030899,[UPD🚀] Merge a Nuke!,11113,776348,42841,0.9477,439644684,10974,2068682,2026-05-21,2026-10-06,Simulation,Tycoon,8,Nuke The Game,Group,False
2026-10-08T15:01Z,chart,top-earning,306,4785982047,13796645198,FLASHPOINT⚡,1121,1660386,27123,0.9839,225219105,1124,3128093,2023-06-19,2026-10-08,Action,Open World Action,15,Varis Studios,Group,False
2026-10-08T15:01Z,chart,top-earning,307,10212081143,94189087459079,Build A Casino ♠️,6622,4037,1157,0.7772,1588616,6613,46385,2026-05-24,2026-10-08,Simulation,Tycoon,7,HappyCat Games,Group,False
2026-10-08T15:01Z,chart,top-earning,308,1709917610,4972273297,Regretevator [ ELEVATOR SIMULATOR ],1365,406825,45239,0.8999,264565044,1368,1073929,2020-05-02,2026-10-08,Party & Casual,Minigame,10,The Axolotl Sun,Group,False
2026-10-08T15:01Z,chart,top-earning,309,6170143659,18199615050,[UPD] Demonology🕯️,3612,351897,16137,0.9562,874994446,3618,1240693,2024-06-25,2026-09-08,Survival,,30,Blaqk Magic Blue,Group,False
2026-10-08T15:01Z,chart,top-earning,310,8964956538,133197203959042,[⚔️ABILITIES] Steel Crossfire,2127,203679,6514,0.969,70048148,2112,1238138,2025-10-17,2026-10-07,Action,Battlegrounds & Fighting,20,Marmot's Oven,Group,False
2026-10-08T15:01Z,chart,top-earning,311,3512256796,9404223526,Miners World [Clans],1888,183386,6229,0.9671,41993811,1851,343102,2022-04-18,2026-10-08,Simulation,Incremental Simulator,40,Jeremy Studio's,Group,False
2026-10-08T15:01Z,chart,top-earning,312,9317784977,135757618941587,[🔥UPD] Knife Arena,1447,147968,20126,0.8803,143248692,1431,1318940,2025-12-07,2026-10-08,Action,Battlegrounds & Fighting,12,One Hit Studio(9D GAMES),Group,False
2026-10-08T15:01Z,chart,top-earning,313,6858584271,130700367963690,[🔥] Philly Streetz 2,426,35883,4997,0.8778,45009877,425,64981,2024-11-30,2026-10-08,Action,Open World Action,1,Strictly Revenue,Group,False
2026-10-08T15:01Z,chart,top-earning,314,9167377564,70411440483149,100 Days At Sea,17490,661315,19561,0.9713,384321452,17477,9027118,2025-11-14,2026-10-07,Survival,,27,Stranded Devs,Group,False
2026-10-08T15:01Z,chart,top-earning,315,10445832507,91860758705132,Collect Planets,1535,13050,561,0.9588,841172,1522,11343,2026-07-04,2026-10-07,Simulation,Incremental Simulator,6,RockyStar Studios,Group,False
2026-10-08T15:01Z,chart,top-earning,316,10153098880,108307565942574,Heroes RNG 🏹,2044,53791,2119,0.9621,36062536,2044,253572,2026-05-11,2026-10-03,Simulation,Incremental Simulator,20,Heroplay Studios,Group,False
2026-10-08T15:01Z,chart,top-earning,317,10455462279,74716719697996,[🎃SOON]🚪Survive Verity in Area 51🔦,2768,24506,7722,0.7604,62351701,2781,2302905,2026-07-06,2026-10-08,Survival,,12,Mochi Productions!,Group,False
2026-10-08T15:01Z,chart,top-earning,318,10572887321,128589112094372,Car DUELS [CUSTOMS🎨],2665,59941,3229,0.9489,10315225,2667,511061,2026-07-26,2026-10-08,Action,Battlegrounds & Fighting,26,%100 CARS,Group,False
2026-10-08T15:01Z,chart,top-earning,319,9382839773,104761395312874,[🐲Goku & Castorice🟣] Lineage Piece,1963,287230,3339,0.9885,35932730,1962,89048,2025-12-19,2026-10-07,RPG,Action RPG,12,Prlz's Den,Group,False
2026-10-08T15:01Z,chart,top-earning,320,7178032757,74260430392611,[🍁] Rebirth Champions: Ultimate,5259,232223,5914,0.9752,245966942,5277,152617,2025-02-01,2026-10-06,Simulation,Incremental Simulator,10,Powerful Studio,Group,False
2026-10-08T15:01Z,chart,top-earning,321,7450497506,75663528075786,HOW TO TRAIN YOUR DRAGON,3016,216375,13346,0.9419,227474787,3034,1632704,2025-03-28,2026-10-07,Action,Open World Action,18,How To Train Your Dragon Movie [Official],Group,False
2026-10-08T15:01Z,chart,top-earning,322,6329693946,18680867089,Ultimate Mining Tycoon,1396,113668,10488,0.9155,89618886,1391,240666,2024-07-27,2026-10-04,Simulation,Tycoon,8,Innovation Inc.,Group,False
2026-10-08T15:01Z,chart,top-earning,323,7882785167,78353262320982,Enfosi,2092,31001,3077,0.9097,11785047,2044,79424,2025-06-10,2026-10-07,Shooter,PvE Shooter,50,Tumore,Group,False
2026-10-08T15:01Z,chart,top-earning,324,9584946743,75317862071711,[🌐 WORLD 9 EXPANSION] Immortality Incremental,3390,125921,2384,0.9814,39104331,3397,289855,2026-01-18,2026-10-07,Simulation,Incremental Simulator,10,Immortality Incremental,Group,False
2026-10-08T15:01Z,chart,top-earning,325,3837114739,10561456271,[RITUALS 🕯️] The Vampire Legends 2,712,43742,4242,0.9116,43892878,707,155381,2022-08-11,2026-10-03,Action,Battlegrounds & Fighting,30,Insidious Game Studios,Group,False
2026-10-08T15:01Z,chart,top-earning,326,8841437826,104973076655377,[🍁] Capybaras VS Plants,1717,94527,2883,0.9704,56425896,1740,826137,2025-09-30,2026-10-08,Simulation,Tycoon,5,Scarlett the Dog Group,Group,False
2026-10-08T15:01Z,chart,top-earning,327,1531130248,4646477729,Tower Heroes [UPD] 🎃 ,2482,363907,43665,0.8929,532088945,2470,859414,2020-02-01,2026-10-08,Strategy,Tower Defense,23,Pixel-bit Studio,Group,False
2026-10-08T15:01Z,chart,top-earning,328,10290675105,79237098587493,[🎃 NEW EVENT] Roll for Chiikawa ! [RNG],488,20750,1404,0.9366,4922231,486,48683,2026-06-08,2026-10-04,Simulation,Incremental Simulator,10,Chiikawa Inc,Group,False
2026-10-08T15:01Z,chart,top-earning,329,2822776643,7243409883,Elemental Magic Arena [🍀],4401,157972,15091,0.9128,145096113,4400,241629,2021-08-12,2026-10-08,Action,Battlegrounds & Fighting,11,anton25131,User,False
2026-10-08T15:01Z,chart,top-earning,330,10411998017,140175932233171,[TRAIL MAP🗺️] Project Bikelife,1519,24585,4120,0.8565,6289546,1501,15778,2026-06-28,2026-10-07,Simulation,Vehicle Sim,1,Project Bikelife,Group,False
2026-10-08T15:01Z,chart,top-earning,331,10631775021,97874266291114,[2x] +1 Tongue Evolution,2445,4110,380,0.9154,3773294,2449,66659,2026-08-04,2026-10-08,Simulation,Incremental Simulator,10,Lick Labs,Group,False
2026-10-08T15:01Z,chart,top-earning,332,911750776,2551991523,Broken Bones IV,3911,1404880,185968,0.8831,1527554510,3866,4483113,2018-11-07,2026-08-08,Simulation,Physics Sim,30,Zaquille,User,False
2026-10-08T15:01Z,chart,top-earning,333,10390151142,129244982349741,Run a Dance Studio,581,11755,2009,0.854,10804178,598,36123,2026-06-25,2026-10-03,Simulation,,10,Dance Interactive,Group,False
2026-10-08T15:01Z,chart,top-earning,334,10765799968,76894257773137,[🍀RELEASE🍀] CloverFall,381,1614,116,0.9329,130622,378,4546,2026-09-09,2026-10-08,Adventure,,15,Malphite Studios,Group,False
2026-10-08T15:01Z,chart,top-earning,335,10767240772,137477934962022,Crack the Egg 🥚,11777,11626,1577,0.8806,2431232,11761,17954,2026-09-20,2026-10-05,Simulation,Incremental Simulator,20,egg shell games,Group,False
2026-10-08T15:01Z,chart,top-earning,336,10764404786,102255204927572,[SCI-FI] Pull A Sword 🗡️,2065,5853,881,0.8692,2378405,2068,8318,2026-08-29,2026-10-08,Simulation,Tycoon,5,Minecrawler,Group,False
2026-10-08T15:01Z,chart,top-earning,337,8497987845,89100823864844,[💜 JOJO'S] Anime Girl RNG,1107,75955,6472,0.9215,25247822,1108,138494,2025-08-20,2026-10-08,Simulation,Idle,8,The Rolling Society,Group,False
2026-10-08T15:01Z,chart,top-earning,338,10398947938,129554597954928,Venture : AOT,669,7152,1688,0.809,3674872,675,20140,2026-06-26,2026-10-07,Action,Open World Action,40,AOT: Venture,Group,False
2026-10-08T15:01Z,chart,top-earning,339,5091490171,14772802900,[🎥REPLAY] Jailbird,1387,107778,11849,0.901,93062559,1395,316115,2023-09-14,2026-09-02,Shooter,Deathmatch Shooter,40,Jailbird Official,Group,False
2026-10-08T15:01Z,chart,top-earning,340,98929893,71315343,[PARASITE 🌀] Dragon Ball Rage,1247,640414,67243,0.905,989519056,1243,2120408,2012-01-30,2026-09-27,RPG,Action RPG,20,Dragon Ball Rage Club,Group,False
2026-10-08T15:01Z,chart,top-earning,341,6375110339,18816315817,[ BattleArmor ] ST : Blockade Battlefront,2183,70819,6186,0.9197,154229635,2165,106109,2024-08-05,2026-10-06,Action,Battlegrounds & Fighting,1,Loading Studi,Group,False
2026-10-08T15:01Z,chart,top-earning,342,7108384194,120700541929930,Knife VS Gun DUELS,11293,136144,22742,0.8569,401122150,11340,720411,2025-01-19,2026-10-03,Action,Battlegrounds & Fighting,40,Knife Gun Duels,Group,False
2026-10-08T15:01Z,chart,top-earning,343,10209534490,137233438285284,Chicken Farm 🐣,3247,1145566,12043,0.9896,124675905,3239,399627,2026-05-23,2026-10-07,Simulation,Tycoon,6,Skandi Studios,Group,False
2026-10-08T15:01Z,chart,top-earning,344,10765190004,130481402522628,Anime High School RP,5475,4553,1055,0.8119,3767204,5486,17153,2026-09-05,2026-10-08,Action,Battlegrounds & Fighting,30,next project!,Group,False
2026-10-08T15:01Z,chart,top-earning,345,10764332301,98833407313406,[UPD 2] Magic & Divinity 2,490,779,319,0.7095,237143,490,4653,2026-08-29,2026-10-07,Simulation,Incremental Simulator,6,odanos,Group,False
2026-10-08T15:01Z,chart,top-earning,346,10766257839,83867173651969,Where Did I Park? 🚗,1641,4268,1124,0.7915,2215940,1654,10186,2026-09-13,2026-10-06,Simulation,Incremental Simulator,20,Caboose Studios,Group,False
2026-10-08T15:01Z,chart,top-earning,347,10324001605,93028168925975,🌷 My Flower Shop,2845,100592,2522,0.9755,20494061,2813,491106,2026-06-14,2026-10-08,Simulation,Tycoon,4,Magic Box Games,Group,False
2026-10-08T15:01Z,chart,top-earning,348,9965411707,76911729991355,[UPD 4🌊] Noob Incremental,3833,73990,2926,0.962,48442027,3844,77028,2026-03-30,2026-10-03,Simulation,Incremental Simulator,6,Ghoulax Games,Group,False
2026-10-08T15:01Z,chart,top-earning,349,4342047058,12334109280,Guts & Blackpowder,12490,524702,32763,0.9412,607504907,12278,1327063,2023-01-31,2026-10-06,Shooter,PvE Shooter,20,Guts & Blackpowder,Group,False
2026-10-08T15:01Z,chart,top-earning,350,10539411000,92637789841354,🍂 Clean all the Leaves,11027,132709,20015,0.8689,221490030,10992,349283,2026-07-21,2026-10-07,Adventure,Story,12,Muffin Interactive,Group,False
2026-10-08T15:01Z,chart,top-earning,351,1165835263,3226555017,SCP: Site Roleplay,315,114386,18240,0.8625,91955357,313,264696,2019-05-28,2026-10-07,Roleplay & Avatar Sim,Morph Roleplay,50,SCP: Site Roleplay Community,Group,False
2026-10-08T15:01Z,chart,top-earning,352,6451948378,83948716312312,[🔮]Tokyo Claw Machine,869,68728,15435,0.8166,139110842,857,965024,2024-08-22,2026-10-08,Simulation,,16,Omochi_Studio's Game center,Group,False
2026-10-08T15:01Z,chart,top-earning,353,9800616505,75605211243454,[NEW MUSIC🎵🎧 ] Beat Battles ,201,14097,1990,0.8763,3739951,210,46849,2026-02-26,2026-10-07,Entertainment,Music & Audio,50,Overtune,Group,False
2026-10-08T15:01Z,chart,top-earning,354,4079077350,11474405411,[TITANIC!] Cruise Line Tycoon,886,19224,2353,0.8909,7664595,880,71052,2022-11-05,2026-10-07,Simulation,Tycoon,15,Quality-Studios,Group,False
2026-10-08T15:01Z,chart,top-earning,355,10514280922,117539213094671,Roll A Gnome,742,17543,1278,0.9321,16799612,759,32398,2026-07-16,2026-10-05,Simulation,Tycoon,8,Roll A Gnome,Group,False
2026-10-08T15:01Z,chart,top-earning,356,7884563721,134558434771720,[🔥RALLIES] Arcade Basketball 🏀 ,358,239136,28564,0.8933,140480400,343,877352,2025-06-10,2026-10-07,Sports & Racing,Sports,28,Arcade Basketball,Group,False
2026-10-08T15:01Z,chart,top-earning,357,10630620554,131558436575033,[REALISTIC] SevenM Hood Testing ,426,41570,4281,0.9066,7388281,408,72706,2026-08-04,2026-10-04,Shooter,,28,made by milsim,Group,False
2026-10-08T15:01Z,chart,top-earning,358,4582358979,13127800756,Arm Wrestle Simulator,1753,1243578,67314,0.9487,1321818964,1738,1029334,2023-04-14,2026-10-03,Simulation,Incremental Simulator,9,Kubo Games,Group,False
2026-10-08T15:01Z,chart,top-earning,359,7101140819,98626216952426,Naramo Nuclear Plant ,796,60340,9314,0.8663,32774386,789,118335,2025-01-17,2026-10-05,Action,Open World Action,90,The Noobic Stratocracy,Group,False
2026-10-08T15:01Z,chart,top-earning,360,6275120808,18519254033,[ALCHEMIST RELEASE] Jump Showdown,1090,245177,71813,0.7735,270423314,1067,387248,2024-07-16,2026-09-22,Action,Battlegrounds & Fighting,16,Jimpee’s Cabin,Group,False
2026-10-08T15:01Z,chart,top-earning,361,9162763535,112838150455902,Encounters SMASH Battles 🎃.2,1466,25745,7359,0.7777,77800194,1425,96606,2025-11-14,2026-10-08,Action,Battlegrounds & Fighting,24,Alpha Engine 2,Group,False
2026-10-08T15:01Z,chart,top-earning,362,10336278580,122572082932179,[💎] Sell Ores ⛏️,2624,317812,3527,0.989,44512834,2558,1182604,2026-06-16,2026-10-05,Simulation,Incremental Simulator,6,The Ore Drillers,Group,False
2026-10-08T15:01Z,chart,top-earning,363,10764967952,88793580588296,[FREE] ChinaSide Tycoon,720,5208,752,0.8738,2579618,728,25662,2026-09-03,2026-10-05,Simulation,Tycoon,6,Goyboy Games,Group,False
2026-10-08T15:01Z,chart,top-earning,364,10524813259,113099333239841,"[ 🎃3.0 ] RE:Heads, Please! [RNG]",1900,20627,2414,0.8952,10459583,1896,44378,2026-07-18,2026-10-07,Simulation,Incremental Simulator,30,"RE:Heads, Please",Group,False
2026-10-08T15:01Z,chart,top-earning,365,1087859240,3016661674,[🎃] Rogue Lineage,1125,118579,23297,0.8358,385304046,1117,345237,2019-03-29,2026-10-04,RPG,Action RPG,10,Rogue Lineage,Group,False
2026-10-08T15:01Z,chart,top-earning,366,1374118848,4195834406,Dragon Generations,505,155879,21447,0.8791,70543256,498,380453,2019-10-24,2026-10-07,RPG,Action RPG,1,Asunder Studios,Group,False
2026-10-08T15:01Z,chart,top-earning,367,10187294555,125927821145949,[⛰️] Mine a Mountain,1838,421444,14369,0.967,146753854,1894,314257,2026-05-18,2026-10-07,Simulation,Incremental Simulator,8,10K Steps,Group,False
2026-10-08T15:01Z,chart,top-earning,368,10764479526,92648272637932,+1 Mog Evolution,17845,296073,5950,0.9803,37002678,17854,388187,2026-08-30,2026-10-07,Simulation,Incremental Simulator,12,Navoj Mog,Group,False
2026-10-08T15:01Z,chart,top-earning,369,10090384240,74226462246442,[🚨] 911 Dispatch Simulator,228,27996,2427,0.9202,5826091,228,94627,2026-04-27,2026-10-05,Simulation,,8,Empirian Interactive,Group,False
2026-10-08T15:01Z,chart,top-earning,370,10759518799,121165298854655,[CLASSES] DON'T LET HIM IN,4118,11958,1016,0.9217,10686049,4160,103772,2026-08-24,2026-10-07,Survival,,30,dilly dally games,Group,False
2026-10-08T15:01Z,chart,top-earning,371,4778845442,13775256536,[LEGACY] Toilet Tower Defense,3854,1346763,227238,0.8556,6191764202,3784,1541174,2023-06-17,2026-09-09,Strategy,Tower Defense,30,Telanthric Development,Group,False
2026-10-08T15:01Z,chart,top-earning,372,8786713187,107095834793267,Oil Empire🛢️[UPD],857,656081,12595,0.9812,120749032,877,295921,2025-09-23,2026-10-07,Simulation,Tycoon,6,My Pump Game,Group,False
2026-10-08T15:01Z,chart,top-earning,373,703124385,1962086868,Tower of Hell,41251,4366480,1565843,0.736,29094227999,41154,12034469,2018-06-18,2026-10-03,Obby & Platformer,Tower Obby,20,YXceptional Studios,Group,False
2026-10-08T15:01Z,chart,top-earning,374,5972059550,17450551531,[UPD 4.5] Gym League ,1732,1111877,40418,0.9649,831360552,1742,3947200,2024-05-10,2026-10-08,Simulation,Incremental Simulator,8,1v2 Studios,Group,False
2026-10-08T15:01Z,chart,top-earning,375,10522766429,114066978876453,Build a Nuke Farm ☢️,255,9352,378,0.9612,677836,247,5653,2026-07-18,2026-09-20,Simulation,Tycoon,8,Brain Trip Studio,Group,False
2026-10-08T15:01Z,chart,top-earning,376,1451439645,4520749081,King Legacy,6608,1696380,158085,0.9148,4063390216,6626,2772627,2019-12-17,2026-07-25,RPG,Action RPG,12,Sea King Games,Group,False
2026-10-08T15:01Z,chart,top-earning,377,1720936166,4996049426,[OG] All Star Tower Defense,2428,1494868,129155,0.9205,7934860618,2441,2319733,2020-05-07,2026-10-08,Strategy,Tower Defense,38,Top Down Games,Group,False
2026-10-08T15:01Z,chart,top-earning,378,7488668004,86479448397834,🎃 Bake or Die 💀 ,7898,140945,11711,0.9233,351898271,7910,454455,2025-04-05,2026-10-05,Adventure,,32,Big Bakers,Group,False
2026-10-08T15:01Z,chart,top-earning,379,10404293465,129827535941999,[UPD🦗] DEVOUR 🦑 Eat Fish & Ocean Animals,238,16313,3730,0.8139,4020218,237,28073,2026-06-27,2026-10-07,Roleplay & Avatar Sim,Animal Sim,60,Elasmonian Games,Group,False
2026-10-08T15:01Z,chart,top-earning,380,10561166339,91034536684382,[💰] Destroy a Vault,9115,6678,362,0.9486,3558449,9232,149230,2026-07-25,2026-10-08,Simulation,Incremental Simulator,6,LoopForge Studios,Group,False
2026-10-08T15:01Z,chart,top-earning,381,6701277882,121864768012064,[🦑UPD] Fish It! 🐟,76176,1345136,278874,0.8283,4772283561,76134,1288201,2024-10-21,2026-10-08,Simulation,Incremental Simulator,20,Fish Atelier,Group,False
2026-10-08T15:01Z,chart,top-earning,382,3365661357,8908228901,SharkBite 2 🦈,663,404997,53593,0.8831,499142594,633,734906,2022-02-22,2026-10-07,Survival,1 vs All,18,Abracadabra,Group,False
2026-10-08T15:01Z,chart,top-earning,383,1958807588,5602055394,[🔥QOL] Hood Modded,104,147634,58956,0.7146,289105449,107,331687,2020-08-22,2026-10-08,Action,Open World Action,40,HM Entertainment,Group,False
2026-10-08T15:01Z,chart,top-earning,384,10765686447,82081400078378,Steal ASMR!,13342,23569,1259,0.9493,11853319,13337,61043,2026-09-08,2026-10-08,Simulation,Tycoon,7,ASMR Creations,Group,False
2026-10-08T15:01Z,chart,top-earning,385,6272727021,18512318831,[🎉RELEASE🎉] Undertale Adventures X,1890,40302,2961,0.9316,16673686,1882,35072,2024-07-16,2026-10-08,Strategy,Tower Defense,15,Side Productions,Group,False
2026-10-08T15:01Z,chart,top-earning,386,5812546130,16927467487,"[UPD 3] West Coast, Florida",457,22654,5799,0.7962,26230939,449,66259,2024-03-29,2026-10-05,Simulation,Vehicle Sim,25,PolyCore Games,Group,False
2026-10-08T15:01Z,chart,top-earning,387,1198533421,3339374541,Midnight Racing: Tokyo,908,256597,28988,0.8985,184579279,901,734443,2019-06-20,2026-10-06,Sports & Racing,Racing,8,devGem,Group,False
2026-10-08T15:01Z,chart,top-earning,388,2644656496,6918802270,Haze Seas ,1041,1802274,42667,0.9769,307497854,1032,4474263,2021-06-06,2026-08-26,RPG,Action RPG,12,[HS] Haze Studios,Group,False
2026-10-08T15:01Z,chart,top-earning,389,10241783978,75625530412726,Larp Your Character!,315,55540,1601,0.972,2264889,317,115491,2026-05-29,2026-10-08,Simulation,Incremental Simulator,12,Zinkstrike Studios,Group,False
2026-10-08T15:01Z,chart,top-earning,390,8269273068,94101948530988,[OGURI CAP MASTERY] Uma Racing,419,284935,12355,0.9584,41499945,402,268325,2025-07-27,2026-10-08,Sports & Racing,Racing,14,uma racing Community,Group,False
2026-10-08T15:01Z,chart,top-earning,391,10764533320,117883700024872,[UPD] Aura Dance Battles 🔥,4627,67785,8124,0.893,27622152,4593,83096,2026-08-30,2026-10-03,Party & Casual,Minigame,14,Is It This Easy?,Group,False
2026-10-08T15:01Z,chart,top-earning,392,6069634717,17720162456,Sorcerer Tower Defense [NAOYA],1941,408738,11673,0.9722,193291178,1940,260328,2024-06-03,2026-08-30,Strategy,Tower Defense,50,Peanut Butter Entertainment,Group,False
2026-10-08T15:01Z,chart,top-earning,393,10533638982,83733952151811,🍰 Cake Mountain 🥄,2564,29725,1695,0.9461,8630361,2568,56873,2026-07-20,2026-10-08,Simulation,Incremental Simulator,8,FUNgry,Group,False
2026-10-08T15:01Z,chart,top-earning,394,10415694629,81734857983173,Carry the Glass Together! [2 Player Obby],6232,22007,2861,0.885,25771485,6170,125772,2026-06-29,2026-10-08,Obby & Platformer,,26,Ritronics Studios,Group,False
2026-10-08T15:01Z,chart,top-earning,395,9219838330,116276659864007,Project Mirror Labyrinth,433,113000,3143,0.9729,14176684,425,40732,2025-11-22,2026-10-08,RPG,Turn-based RPG,15,Project Mirror Labyrinth,Group,False
2026-10-08T15:01Z,chart,top-earning,396,10619854384,131494794181170,[🎃UPD4] Hoyoverse Gacha Simulator,1058,10195,1020,0.9091,1360737,1094,87037,2026-08-02,2026-10-08,Simulation,Incremental Simulator,8,Doll Games :3,Group,False
2026-10-08T15:01Z,chart,top-earning,397,10466601694,105072660911040,Oil Tycoon! ⛽,876,11005,1426,0.8853,2344136,890,18744,2026-07-08,2026-10-02,Simulation,Tycoon,25,jitmoney inc,Group,False
2026-10-08T15:01Z,chart,top-earning,398,2936053166,7554888362,[🦑] Squid Game X,17345,1522272,101730,0.9374,2275322343,17418,1868631,2021-09-24,2026-10-05,Party & Casual,Minigame,80,redifi,Group,False
2026-10-08T15:01Z,chart,top-earning,399,10425789398,89087404341836,[UPD 2.8] Regrowth Incremental | ALPHA,585,3147,123,0.9624,119179,589,6823,2026-07-01,2026-10-07,Simulation,Incremental Simulator,12,Grind To Ascend,Group,False
2026-10-08T15:01Z,chart,top-earning,400,10764297006,138110382920220,Pixel Conquest,7161,17111,3856,0.8161,42307765,7163,28711,2026-08-29,2026-10-08,Strategy,,175,8Yoonie,User,False
2026-10-08T15:01Z,chart,top-earning,401,107172930,263761432,Horrific Housing,1107,743220,207140,0.782,722524905,1117,1984780,2015-06-27,2026-10-03,Survival,,12,CookieScript's games,Group,False
2026-10-08T15:01Z,chart,top-earning,402,10529067596,138363592957250,⛳ Hit a Golf Ball,1610,21006,2620,0.8891,20689082,1597,615150,2026-07-19,2026-10-04,Simulation,Incremental Simulator,10,Tiny Loop,Group,False
2026-10-08T15:01Z,chart,top-earning,403,7084172542,131856811555630,[🍔]Momo City [Alpha],166,12413,1241,0.9091,1991200,161,40949,2025-01-14,2026-10-06,Roleplay & Avatar Sim,Life,1,ももスタジオ,Group,False
2026-10-08T15:01Z,chart,top-earning,404,8072075666,113024561482870,BESIEGED [🔥HAVOC UPDATE] ,630,10012,3034,0.7674,2580229,641,36195,2025-07-04,2026-10-05,Shooter,PvE Shooter,6,Hyorc's Development Cave,Group,False
2026-10-08T15:01Z,chart,top-earning,405,7671049560,76558904092080,The Forge [BETA],1851,1565233,92185,0.9444,1032458595,1933,1037565,2025-05-10,2026-09-05,RPG,Action RPG,12,The Forge Community,Group,False
2026-10-08T15:01Z,chart,top-earning,406,10074335448,72072976067143,[GREAT SWAMPS UPDATE] Zone STALKER [Pre Alpha] ,718,7135,1097,0.8667,1192912,705,25017,2026-04-23,2026-10-08,Survival,,45,ZONE OF DECAY,Group,False
2026-10-08T15:01Z,chart,top-earning,407,10387635049,79475945127283,[GARDEN🌱] Race Horses,3400,11212,1151,0.9069,9289923,3391,447975,2026-06-24,2026-10-06,Simulation,Tycoon,8,Gorilla Grafters,Group,False
2026-10-08T15:01Z,chart,top-earning,408,10762636904,132929771812494,[⏳SOON] Cameraman Tower Defense,3381,25981,320,0.9878,3954427,3360,31127,2026-08-26,2026-10-08,Strategy,Tower Defense,30,Aligators Games,Group,False
2026-10-08T15:01Z,chart,top-earning,409,3308103880,8704997000,[🧪] Maple Hospital 🍂,6029,494003,77324,0.8647,1838427806,6054,2118835,2022-02-01,2026-10-08,Roleplay & Avatar Sim,Life,50,Marizma Games,Group,False
2026-10-08T15:01Z,chart,top-earning,410,6935083490,94503612388426,Be Fish,720,665672,20639,0.9699,103413242,721,316409,2024-12-18,2026-09-10,Simulation,Incremental Simulator,16,Goofy Vegetables,Group,False
2026-10-08T15:01Z,chart,top-earning,411,4154513353,11729688377,Booga Booga [DAILY🎁],964,192256,44000,0.8138,267736705,996,532966,2022-12-03,2026-10-08,RPG,Open World & Survival RPG,50,Gang O' Fries Entertainment,Group,False
2026-10-08T15:01Z,chart,top-earning,412,2092410051,5865858426,Retail Tycoon 2,1449,514855,67738,0.8837,339026669,1447,1410762,2020-10-23,2026-04-08,Simulation,Tycoon,6,Secondhand Studios,Group,False
2026-10-08T15:01Z,chart,top-earning,413,6521100398,74395953411817,Dreamville 🏡 RP [Multiple Kids! 👧],24119,269856,14031,0.9506,351181643,24306,593597,2024-09-07,2026-10-03,Roleplay & Avatar Sim,Life,25,Dreamfusion Games,Group,False
2026-10-08T15:01Z,chart,top-earning,414,6420180292,18956320538,[🫧QOL UPDATE] Mermaid Isle 🌊,272,67189,3987,0.944,30624203,256,218659,2024-08-15,2026-09-22,Roleplay & Avatar Sim,Dress Up,20,Mermaid Isle,Group,False
2026-10-08T15:01Z,chart,top-earning,415,10138624079,82457571485380,Zombie Rush Survival 🧟‍♂️,7034,112148,2978,0.9741,128367604,6995,164204,2026-05-08,2026-09-14,Survival,,30,Undead Dev.,Group,False
2026-10-08T15:01Z,chart,top-earning,416,323675642,738339342,Flood Escape 2 🌊,386,544487,123396,0.8152,598646817,387,2221012,2017-04-13,2026-10-08,Obby & Platformer,,20,Crazyblox Games,Group,False
2026-10-08T15:01Z,chart,top-earning,417,10399524075,78091651370612,[NEW] Build A Golem! ⛏️,852,41425,1236,0.971,6144952,847,34042,2026-06-26,2026-09-29,Simulation,Incremental Simulator,6,mesmerizing (really),Group,False
2026-10-08T15:01Z,chart,top-earning,418,10698216738,95409544559668,Military Army Tycoon,4276,143799,3488,0.9763,30698546,4281,113731,2026-08-13,2026-10-03,Simulation,Tycoon,6,Battle Action,Group,False
2026-10-08T15:01Z,chart,top-earning,419,97314177,221718525,[UPDATE💪] Ninja Tycoon (v4.8),1285,424978,49964,0.8948,584430170,1266,1261358,2015-02-28,2026-10-05,Simulation,Tycoon,9,Coldjason,User,False
2026-10-08T15:01Z,chart,top-earning,420,10556383571,74997232225278,[🌴] Become a Trillionaire,1461,14902,299,0.9803,1461461,1479,20070,2026-07-24,2026-10-05,Simulation,Tycoon,6,Hack A Game,Group,False
2026-10-08T15:01Z,chart,top-earning,421,9091734830,99362936871032,The: Bronx Duels🐍,324,30464,6016,0.8351,62260592,332,84130,2025-11-03,2026-10-08,Shooter,Deathmatch Shooter,30,Uranium Studios.,Group,False
2026-10-08T15:01Z,chart,top-earning,422,2711375305,7041939546,Catalog Avatar Creator,56338,3027804,203272,0.9371,8056153363,56393,5899656,2021-07-03,2026-10-07,Shopping,Avatar Shopping,24,Muneeb,User,False
2026-10-08T15:01Z,chart,top-earning,423,10310999762,86259628805375,💪 +1 Strength to Grow Your Arm！,5149,42197,1625,0.9629,31429721,5097,47248,2026-06-12,2026-10-08,Simulation,Incremental Simulator,6,Core X Games,Group,False
2026-10-08T15:01Z,chart,top-earning,424,10553807383,98073123711869,[🧸 TOY UPD + QOL] My Grass Farm,407,27833,1044,0.9638,6433436,406,17675,2026-07-23,2026-10-07,Simulation,Tycoon,6,One More Grass,Group,False
2026-10-08T15:01Z,chart,top-earning,425,5407131262,15654981113,Death Penalty ,755,175930,32946,0.8423,260209484,772,753969,2023-12-16,2026-08-23,Survival,,50,vintage mens clothing,Group,False
2026-10-08T15:01Z,chart,top-earning,426,10681914462,122245938604556,[☁️WORLD 2] +1 Tongue Escape😛,11615,281828,13620,0.9539,110128517,11540,296706,2026-08-11,2026-10-08,Simulation,Incremental Simulator,16,dot x ast,Group,False
2026-10-08T15:01Z,chart,top-earning,427,1769712451,5104202731,Southwest Florida Beta,505,741970,81167,0.9014,781387401,509,1763974,2020-05-28,2026-10-08,Simulation,Vehicle Sim,50,Strigid,Group,False
2026-10-08T15:01Z,chart,top-earning,428,10495391267,110527353762049,Roblox Stock Exchange 2,1255,12126,897,0.9311,5151050,1283,62522,2026-07-13,2026-10-08,Simulation,,35,Summit Productions Development,Group,False
2026-10-08T15:01Z,chart,top-earning,429,1499870257,4598019433,[QUEST] generic roleplay gaem.,302,261676,66504,0.7974,127471981,302,973031,2020-01-14,2026-10-07,Roleplay & Avatar Sim,Life,100,AznDibs,User,False
2026-10-08T15:01Z,chart,top-earning,430,10447234038,117114906201558,[🎃] Host A Rideout!,329,8174,1035,0.8876,4156165,330,15270,2026-07-04,2026-10-08,Simulation,Vehicle Sim,12,Host A Rideout Studios,Group,False
2026-10-08T15:01Z,chart,top-earning,431,10765279487,79226825467411,Shuffle an Egg,1632,5643,1200,0.8246,7970573,1653,70245,2026-09-05,2026-10-08,Simulation,Tycoon,5,xFrozen x Cube,Group,False
2026-10-08T15:01Z,chart,top-earning,432,3168615253,8260276694,[UPDATE] Ability Wars,1092,448831,113830,0.7977,547566225,1093,739444,2021-12-15,2026-10-07,Action,Battlegrounds & Fighting,18,Ability Wars,Group,False
2026-10-08T15:01Z,chart,top-earning,433,10394873066,139658812744090,(NEW TRUCKS🔥) Westville Florida,154,1836,320,0.8516,845489,154,5070,2026-06-25,2026-10-08,Adventure,Exploration,15,Zayeaz Productions,Group,False
2026-10-08T15:01Z,chart,top-earning,434,9187332740,109020905733214,[🔥UPD!] STRAFE FPS,570,22471,2426,0.9026,7438820,550,139652,2025-11-17,2026-10-08,Shooter,Deathmatch Shooter,14,Droplet,Group,False
2026-10-08T15:01Z,chart,top-earning,435,5367389312,15550215902,[🎵CUSTOM SERVERS] Sing It! Karaoke Battles [VC🎤],2434,169066,14559,0.9207,404618081,2476,2081612,2023-12-05,2026-10-05,Entertainment,Music & Audio,12,Stupid Simple Games,Group,False
2026-10-08T15:01Z,chart,top-earning,436,117307972,306964494,Loomian Legacy,225,930984,84407,0.9169,909259852,225,2824879,2015-10-16,2026-08-26,RPG,Turn-based RPG,20,Llama Train Studio,Group,False
2026-10-08T15:01Z,chart,top-earning,437,9036406485,127719392433046,[CODES] Mortalia [BETA],105,8343,797,0.9128,497070,99,26613,2025-10-26,2026-10-08,Action,Battlegrounds & Fighting,20,Tuna Studio: Mortalia,Group,False
2026-10-08T15:01Z,chart,top-earning,438,10226261982,127709083459464,[TYBW⚔️] +1 Aura for Anime!,4189,128301,1290,0.99,10240829,4150,372088,2026-05-26,2026-10-08,Simulation,Tycoon,5,SonionLLC,Group,False
2026-10-08T15:01Z,chart,top-earning,439,9348272796,114204398207377,[UPDATE] Survive Zombie Arena,5783,442411,21232,0.9542,748709205,5716,690173,2025-12-13,2026-10-04,Survival,,25,Nectarforge Studios,Group,False
2026-10-08T15:01Z,chart,top-earning,440,10766364164,135439033252889,[UPD] Is It Verity?,1275,5142,1703,0.7512,7683301,1319,25277,2026-09-13,2026-10-07,Party & Casual,,22,Prince Creations,Group,False
2026-10-08T15:01Z,chart,top-earning,441,2131410080,5935278470,[WATERSPORTS UPD] Lake Ozark,180,16821,3948,0.8099,19013277,190,68646,2020-11-09,2026-10-05,Simulation,Vehicle Sim,20,Ozark Development Team,Group,False
2026-10-08T15:01Z,chart,top-earning,442,6619936488,104841616983113,San Aurie,2534,39537,6455,0.8596,41755945,2526,123242,2024-09-30,2026-10-07,Roleplay & Avatar Sim,Life,50,Southstar Studios,Group,False
2026-10-08T15:01Z,chart,top-earning,443,10759415852,74968636725538,[HALLOWEEN 🎃] Kick an Uma,1183,48753,1032,0.9793,4133500,1200,204949,2026-08-24,2026-10-08,Simulation,Tycoon,7,30 dollar games,Group,False
2026-10-08T15:01Z,chart,top-earning,444,9480281767,133585162751824,Monopoly,2401,18989,4664,0.8028,29220878,2385,139784,2026-01-01,2026-10-07,Strategy,Board & Card Games,24,GroovyII,User,False
2026-10-08T15:01Z,chart,top-earning,445,8767738036,109879653745962,Saber Arena ⚔️,106,35409,4261,0.8926,5159314,102,122670,2025-09-21,2026-10-06,Action,Battlegrounds & Fighting,18,PlayForceGames,Group,False
2026-10-08T15:01Z,chart,top-earning,446,5272606478,15288629078,[UPDATE🚗] Highway Legends,1584,228651,18190,0.9263,135827344,1544,8902663,2023-11-06,2026-10-02,Simulation,Vehicle Sim,10,osddxx,User,False
2026-10-08T15:01Z,chart,top-earning,447,16680835,21532277,Notoriety: A PAYDAY® Experience,3048,600067,48342,0.9254,551845436,3048,2795649,2010-01-29,2026-10-08,Shooter,PvE Shooter,80,Moonstone Games,Group,False
2026-10-08T15:01Z,chart,top-earning,448,21164849,20321167,Pilot Training Flight Simulator,5085,877885,63456,0.9326,805241338,5137,2051484,2010-01-04,2026-10-02,Simulation,Vehicle Sim,20,Pilot Training Club,Group,False
2026-10-08T15:01Z,chart,top-earning,449,7115773109,94590879393563,Weird Gun Game [UPDATE!],1109,636575,37341,0.9446,283470928,1112,1037729,2025-01-20,2026-09-26,Shooter,Deathmatch Shooter,24,Redscape Interactive Projects,Group,False
2026-10-08T15:01Z,chart,top-earning,450,10112019404,90184287580174,KILLSTREAK,1477,23046,5940,0.7951,16988722,1457,240295,2026-05-02,2026-10-07,Shooter,Deathmatch Shooter,20,Legionary Studio,Group,False
2026-10-08T15:01Z,chart,top-earning,451,10764897725,80242821185181,+1 Wings For Eggs,20432,144180,3394,0.977,33461532,20369,1552214,2026-09-02,2026-10-08,Simulation,Tycoon,5,Crazay Art,Group,False
2026-10-08T15:01Z,chart,top-earning,452,4839802560,13967668166,LifeTogether 🏠 RP,26516,945244,100569,0.9038,4014575207,26521,15794851,2023-07-05,2026-10-08,Roleplay & Avatar Sim,Life,28,Cinnamon Software,Group,False
2026-10-08T15:01Z,chart,top-earning,453,10421154706,140302982046391,Be The Final Boss [UPDATE],899,117838,4323,0.9646,32905537,937,799713,2026-06-30,2026-09-21,Simulation,Tycoon,6,Apparently Champions,Group,False
2026-10-08T15:01Z,chart,top-earning,454,7586521365,119820005878127,Atlanta Trenches,175,1173,158,0.8813,616896,176,6861,2025-04-23,2026-10-08,Action,Open World Action,30,Next Era Studios,Group,False
2026-10-08T15:01Z,chart,top-earning,455,6466404775,133341016381877,[🎃] MOUNT RNG,3106,253014,12033,0.9546,78869913,3091,142306,2024-08-25,2026-10-08,Simulation,Incremental Simulator,12,TaleSun Studios,Group,False
2026-10-08T15:01Z,chart,top-earning,456,10598688389,105904727825849,Rat Lab 🧪 [TIERS],2143,12356,4669,0.7258,7897902,2130,32420,2026-07-30,2026-10-08,Action,Open World Action,40,Evil Science,Group,False
2026-10-08T15:01Z,chart,top-earning,457,9780429221,98894876188248,Cheating During Testing [BETA],2545,55690,12002,0.8227,81872379,2547,1281276,2026-02-22,2026-10-08,Survival,,24,ebenxzy,User,False
2026-10-08T15:01Z,chart,top-earning,458,7208219743,128039018996175,The Walking Dead Online,789,23985,5842,0.8041,13286547,789,147259,2025-02-07,2026-09-28,Action,Open World Action,50,TWD Online,Group,False
2026-10-08T15:01Z,chart,top-earning,459,10628526114,137737622318848,Ping Pong Training 🏓,3044,17925,402,0.9781,6107863,3038,21218,2026-08-04,2026-10-07,Simulation,Incremental Simulator,10,Training University,Group,False
2026-10-08T15:01Z,chart,top-earning,460,7414497778,95721658376580,[MTC] Multicrew Tank Combat,2820,71665,13953,0.837,78926413,2814,200285,2025-03-22,2026-09-29,Action,Battlegrounds & Fighting,48,Top Giun,Group,False
2026-10-08T15:01Z,chart,top-earning,461,10759478428,96727061242653,Steal Anime Eggs,3613,39410,781,0.9806,4131576,3620,154672,2026-08-24,2026-10-08,Simulation,Tycoon,6,And Collect Insane Animes,Group,False
2026-10-08T15:01Z,chart,top-earning,462,10759430423,110730550789828,[W6] +1 Chop Trees for Treasure,3433,10169,384,0.9636,4246503,3425,116620,2026-08-24,2026-10-08,Simulation,Incremental Simulator,15,ArcHaven,Group,False
2026-10-08T15:01Z,chart,top-earning,463,10766056678,99679692310083,Steal Animal Egg,24518,20913,1331,0.9402,15324319,24587,499387,2026-09-11,2026-10-08,Simulation,Tycoon,6,Sillytung Studios,Group,False
2026-10-08T15:01Z,chart,top-earning,464,10516888336,100293509865504,[Boss🔥] Catch 1 Billion Ducks,873,323410,6629,0.9799,85625979,867,1502000,2026-07-17,2026-09-30,Simulation,Incremental Simulator,18,Billion Duck Hunters,Group,False
2026-10-08T15:01Z,chart,top-earning,465,10766687030,131234943387594,Rocket Rush,4375,10505,2638,0.7993,6184735,4344,20062,2026-09-16,2026-10-08,Simulation,Vehicle Sim,6,VOXELIFIED,Group,False
2026-10-08T15:01Z,chart,top-earning,466,10271723279,87229519582692,[REVAMP] Ultimate Gym Game,919,31867,2106,0.938,7666274,910,159948,2026-06-04,2026-10-03,Sports & Racing,Sports,15,UGG - Gym Simulator,Group,False
2026-10-08T15:01Z,chart,top-earning,467,2239430935,6137321701,[UPD] Blair,1066,237286,20023,0.9222,361836252,1095,1137014,2020-12-25,2026-10-03,Survival,,50,Spooky Scary Games,Group,False
2026-10-08T15:01Z,chart,top-earning,468,8161945512,121389751796006,[LANTERNS] | Era Of Supes,107,42088,3112,0.9312,6596007,123,181074,2025-07-14,2026-10-04,RPG,Action RPG,15,Supe Studios,Group,False
2026-10-08T15:01Z,chart,top-earning,469,6593476325,128662368175518,[SANDEVISTAN COUNTER] DUMMY COUNTER YOUR FRIENDS,1949,230431,23321,0.9081,173016729,1954,309920,2024-09-24,2026-10-07,Action,Battlegrounds & Fighting,20,Uperscuzzi,Group,False
2026-10-08T15:01Z,chart,top-earning,470,10601155553,118298168947099,That Freekick Challenge (TFC),3509,126210,5610,0.9574,32556390,3568,189315,2026-07-31,2026-10-03,Sports & Racing,Sports,20,NelStud,Group,False
2026-10-08T15:01Z,chart,top-earning,471,8066283370,105555311806207,[🎁]Build a Zoo🥚,1446,434758,16519,0.9634,529763299,1429,3068161,2025-07-04,2026-10-04,Simulation,Tycoon,5,Century Farmers,Group,False
2026-10-08T15:01Z,chart,top-earning,472,4673599750,13429790955,📚 Murderers vs Sheriffs 2,2201,192318,28647,0.8704,559944500,2167,518993,2023-05-13,2026-10-03,Shooter,Deathmatch Shooter,16,Murderers vs Sheriffs 2,Group,False
2026-10-08T15:01Z,chart,top-paid-access,1,1946714362,5571328985,[🎉] Bloodlines,1680,44713,9975,0.8176,62762563,1669,164861,2020-08-16,2026-10-08,RPG,Action RPG,1,-Bloodlines-,Group,False
2026-10-08T15:01Z,chart,top-paid-access,2,3747388906,10228136016,[📱MOBILE] Fallen Survival🏹,861,46750,8183,0.851,48239533,855,284374,2022-07-15,2026-10-07,Action,Open World Action,100,Chunk Studios,Group,False
2026-10-08T15:01Z,chart,top-paid-access,3,2350840700,6349094071,[CONSOLE!] Project Flight | Alpha,1297,147556,12928,0.9194,72747650,1294,406610,2021-02-05,2026-10-07,Simulation,Vehicle Sim,20,Project Flight,Group,False
2026-10-08T15:01Z,chart,top-paid-access,4,10766694698,80623972812214,(EARLY BETA) Wheelie Road 🔥,36,2953,129,0.9581,119634,32,6464,2026-09-16,2026-10-06,Simulation,Vehicle Sim,6,Wheelie Road,Group,False
2026-10-08T15:01Z,chart,top-paid-access,5,10582993047,98884195482448,(NO HANDERS | EARLY TESTING🔥) Project Wheelie ,50,17834,1426,0.926,3792785,54,78969,2026-07-28,2026-10-02,Simulation,Vehicle Sim,2,Project Wheelie,Group,False
2026-10-08T15:01Z,chart,top-paid-access,6,1087859240,3016661674,[🎃] Rogue Lineage,1125,118579,23297,0.8358,385304046,1117,345237,2019-03-29,2026-10-04,RPG,Action RPG,10,Rogue Lineage,Group,False
2026-10-08T15:01Z,chart,top-paid-access,7,9549894418,97886399571757,⚠️ Landing Experiments: Plane Crash Sandbox,144,3148,1042,0.7513,783877,153,33107,2026-01-12,2026-10-02,Simulation,Vehicle Sim,1,Black Eagle Industries,Group,False
2026-10-08T15:01Z,chart,top-paid-access,8,5851294352,17070462969,VOXEL DESTRUCT 2 EARLY ACCESS,317,28043,779,0.973,8409397,332,121235,2024-04-08,2026-10-08,Simulation,Physics Sim,30,whatever_dev(),Group,False
2026-10-08T15:01Z,chart,top-paid-access,9,9320646231,115903978623312,Edenville,70,2638,607,0.8129,526089,69,66919,2025-12-08,2026-10-05,Roleplay & Avatar Sim,Life,50,Nocturne Entertainment,Group,False
2026-10-08T15:01Z,chart,top-paid-access,10,10425789398,89087404341836,[UPD 2.8] Regrowth Incremental | ALPHA,585,3152,123,0.9624,119179,589,6823,2026-07-01,2026-10-07,Simulation,Incremental Simulator,12,Grind To Ascend,Group,False
2026-10-08T15:01Z,chart,top-paid-access,11,6942586315,93361401490452,[TUNING] AdrenaLane [BETA],8,20917,5189,0.8012,2136695,9,109737,2024-12-19,2026-10-08,Simulation,Vehicle Sim,15,UfoSquad,Group,False
2026-10-08T15:01Z,chart,top-paid-access,12,10007567876,127750392812160,Last Contract: Tower Defense [EARLY ACCESS],38,1044,60,0.9457,87999,37,5973,2026-04-08,2026-10-08,Strategy,Tower Defense,50,Neverland Industries,Group,False
2026-10-08T15:01Z,chart,top-paid-access,13,5383076404,15591486940,Aurenvale [🎃 Halloween 🎃],89,8512,1848,0.8216,5774096,89,62576,2023-12-09,2026-10-07,Roleplay & Avatar Sim,Pet Care,12,Aurenvale,Group,False
2026-10-08T15:01Z,chart,top-paid-access,14,10452420697,126821001007479,[EA] Combined Arms,121,5025,233,0.9557,889733,114,33425,2026-07-05,2026-09-09,Simulation,Vehicle Sim,12,Combined Arms,Group,False
2026-10-08T15:01Z,chart,top-paid-access,15,10440909815,123730047778966,Villa Rica Testing Grounds,36,686,95,0.8784,95516,34,6448,2026-07-03,2026-10-05,Simulation,Vehicle Sim,25,"Villa Rica, GA Official",Group,False
2026-10-08T15:01Z,chart,top-paid-access,16,5497606909,15899178400,🧟 Call of Mini™ Zombies 2 [BETA],163,22847,1654,0.9325,14054095,164,119546,2024-01-06,2026-10-08,Shooter,PvE Shooter,1,Call of Bloxia Productions,Group,False
2026-10-08T15:01Z,chart,top-paid-access,17,2254119010,6166197050,[2X PVP EXP] [BETA] Bloxugan,113,3567,276,0.9282,1638355,109,28735,2020-12-31,2026-10-08,Strategy,Board & Card Games,1,Bloxugan,Group,False
2026-10-08T15:01Z,chart,top-paid-access,18,5286749994,15327728308,[Sale] Aftermath 🧟,166,140737,29144,0.8284,57064044,171,685042,2023-11-11,2026-09-15,Action,Open World Action,50,C:\Games\,Group,False
2026-10-08T15:01Z,chart,top-paid-access,19,7587104675,139571938533204,Baltic Sea Simulator │BETA [MOBILE SUPPORT],73,2973,784,0.7913,650111,73,21672,2025-04-23,2026-10-05,Simulation,Vehicle Sim,14,Baltic Studios,Group,False
2026-10-08T15:01Z,chart,top-paid-access,20,10282569694,96041842832519,Baltic Bus Simulator | EARLY ACCESS [UPDATE],13,173,26,0.8693,19062,15,2074,2026-06-06,2026-10-05,Simulation,Vehicle Sim,15,Vision Development Interactive,Group,False
2026-10-08T15:01Z,chart,top-paid-access,21,659118871,1788251222,Streamlined [ALPHA],56,19544,1507,0.9284,4244111,54,86896,2018-05-17,2026-09-27,Simulation,Vehicle Sim,20,Streamlined,Group,False
2026-10-08T15:01Z,chart,top-paid-access,22,7949002987,78299474948325,Equistride,67,6521,1449,0.8182,3671136,72,44279,2025-06-19,2026-10-08,Roleplay & Avatar Sim,Pet Care,8,BWA - Studios,Group,False
2026-10-08T15:01Z,chart,top-paid-access,23,5316084314,15408245240,Neon District 2051 - Cyberpunk RP,50,6622,568,0.921,1603056,52,61527,2023-11-20,2026-09-30,Roleplay & Avatar Sim,Life,50,Mareware,Group,False
2026-10-08T15:01Z,chart,top-paid-access,24,5841858050,17035967585, ❄ Strideway,201,37315,4330,0.896,39644014,205,163926,2024-04-06,2026-04-30,Roleplay & Avatar Sim,Pet Care,8,Strideway,Group,False
2026-10-08T15:01Z,chart,top-paid-access,25,10684538441,85524229158571,GLADIATOR VR [PAID ACCESS],10,130,35,0.7879,34394,11,1309,2026-08-12,2026-10-02,Action,,50,OverHeavem,User,False
2026-10-08T15:01Z,chart,top-paid-access,26,7448488942,74271625354615,eko Beta Test,11,5370,195,0.965,169267,13,33579,2025-03-28,2026-10-07,Simulation,Sandbox,12,xander22,Group,False
2026-10-08T15:01Z,chart,top-paid-access,27,2416015385,6470225972,[UPDATE] Nowhere Railways • Early Access •,47,10954,883,0.9254,7917689,47,47823,2021-03-03,2026-10-08,Simulation,Vehicle Sim,16,LOTH Games,Group,False
2026-10-08T15:01Z,chart,top-paid-access,28,10253700254,130375006246658,[WHEELIE PHYSICS!] Project Deep Creek,10,308,66,0.8235,197471,9,2422,2026-05-31,2026-10-07,Simulation,Vehicle Sim,15,Good Enuff Creations,Group,False
2026-10-08T15:01Z,chart,top-paid-access,29,1467077046,4545054277,[VR Exclusive] EdgeWorks,0,6091,1765,0.7753,997568,0,64764,2019-12-26,2026-07-24,Obby & Platformer,,25,GregTame,User,False
2026-10-08T15:01Z,chart,top-paid-access,30,10743170026,99570492821179,Blue River Dev Build,6,120,5,0.96,27256,5,784,2026-08-20,2026-10-03,Simulation,Vehicle Sim,18,Blue River Railroad,Group,False
2026-10-08T15:01Z,chart,top-paid-access,31,4064537489,11428002558,Sapien | Beginnings of Humanity,3,8224,1401,0.8544,1455292,3,131073,2022-10-31,2026-09-30,Survival,,18,GameLab Experiences,Group,False
2026-10-08T15:01Z,chart,top-paid-access,32,8527834040,71633357052422,[WORKING SUSPENSION] TRC | Offroad Park,1,1072,216,0.8323,793301,1,7274,2025-08-24,2026-10-08,Simulation,Vehicle Sim,15,UVM|Studios,Group,False
2026-10-08T15:01Z,chart,top-paid-access,33,4289890765,12165361530,Steam & Steel ,58,6220,496,0.9261,2276207,58,46922,2023-01-15,2026-09-22,Simulation,Vehicle Sim,60,CyberPlay Interactive,Group,False
2026-10-08T15:01Z,chart,top-paid-access,34,4373521124,12434569116,Destination 🌇🏡 [UI REWORK + MINIGAMES! BETA],23,5597,1352,0.8054,925618,23,95441,2023-02-09,2026-10-08,Roleplay & Avatar Sim,Life,35,Boba Builders,Group,False
2026-10-08T15:01Z,chart,top-paid-access,35,8214342832,71756840580475,RoSim 0.4,6,5542,1197,0.8224,621478,6,35264,2025-07-20,2026-09-20,Simulation,Vehicle Sim,10,chedsapp,User,False
2026-10-08T15:01Z,chart,top-paid-access,36,324740367,740581899,Entry Point: Freelancer's Cut,84,11305,244,0.9789,10392328,84,40745,2017-04-16,2026-09-16,Shooter,PvE Shooter,35,Cishshato,User,False
2026-10-08T15:01Z,chart,top-paid-access,37,85651869,180364455,[🌻GREEN HILL] Survive The Disasters 2,19,174667,22330,0.8866,58705848,17,675461,2014-09-30,2026-08-17,Survival,,18,VyrissDev,User,False
2026-10-08T15:01Z,chart,top-paid-access,38,4171073930,11783056644,Wild Heart Stables V.2 ,2,4896,1283,0.7924,2448400,2,29494,2022-12-10,2026-09-19,Roleplay & Avatar Sim,Animal Sim,12,Wild Heart Stables,Group,False
2026-10-08T15:01Z,chart,top-paid-access,39,4905293690,14172431401,The Horse Game,2,13084,2522,0.8384,3826453,2,83166,2023-07-24,2026-03-31,Roleplay & Avatar Sim,Pet Care,30,The Horse Game [Official],Group,False
2026-10-08T15:01Z,chart,top-paid-access,40,3219540889,8416011646,[🚗] Maple County,6,28902,2972,0.9068,11038228,6,118287,2021-12-31,2026-10-02,Roleplay & Avatar Sim,Life,50,Central Roleplay | Community,Group,False
2026-10-08T15:01Z,chart,top-paid-access,41,10009533319,86938762919210,(UPD) Monster Truck LEGENDS,10,989,99,0.909,542931,10,8387,2026-04-09,2026-10-05,Sports & Racing,,12,LRM Studio,Group,False
2026-10-08T15:01Z,chart,top-paid-access,42,5364600678,15542804777,High Iron [Alpha],10,5330,1354,0.7974,1695051,11,37973,2023-12-04,2026-10-05,Simulation,Vehicle Sim,10,- Nebula Games -,Group,False
2026-10-08T15:01Z,chart,top-paid-access,43,1147796911,3178828841,Water Park World [Beta],24,51317,2918,0.9462,9376372,23,256700,2019-05-14,2026-05-03,Simulation,Tycoon,6,Den_S,User,False
2026-10-08T15:01Z,chart,top-paid-access,44,1579747797,4735589050,Prizefighter Boxing,7,6095,1985,0.7543,3681073,7,45849,2020-02-27,2026-10-06,Sports & Racing,Sports,18,Boxout Games,Group,False
2026-10-08T15:01Z,chart,top-paid-access,45,6497846997,118242570944999,cowboy game,12,23102,9132,0.7167,5148115,12,125697,2024-09-01,2026-09-15,Action,Open World Action,1,captainwoodlegs,User,False
2026-10-08T15:01Z,chart,top-paid-access,46,10764693801,77612567332241,AI Salesman,3,213,44,0.8288,6494,2,409,2026-09-01,2026-09-07,Puzzle,,1,DAWNVALE,Group,False
2026-10-08T15:01Z,chart,top-paid-access,47,6820035296,76466415550450,[UPDATE] The Psychological Experiment,1,17211,4907,0.7781,1380683,2,246329,2024-11-20,2026-08-19,Adventure,Story,1,PLATED.,Group,False
2026-10-08T15:01Z,chart,top-paid-access,48,242453665,601239270,Mint Tycoon [BETA],6,26872,2033,0.9297,4084169,7,116015,2017-01-05,2026-02-01,Simulation,Tycoon,6,Bank of Robloxia,Group,False
2026-10-08T15:01Z,chart,top-paid-access,49,7273185020,107152286597557,LIRR Train Simulator | Pre-Release,0,382,47,0.8904,79060,0,2449,2025-02-21,2026-10-07,Simulation,Vehicle Sim,13,Long Island Rail Studio,Group,False
2026-10-08T15:01Z,chart,top-paid-access,50,5721900060,16630762868,Amazonian Survival EA,0,2440,284,0.8957,324474,0,23123,2024-03-05,2026-08-12,Roleplay & Avatar Sim,Animal Sim,50,Amazonian Survival,Group,False
2026-10-08T15:01Z,chart,top-paid-access,51,3696887823,10046500510,Skate Forever 🛹,0,10137,3803,0.7272,5171408,0,87016,2022-06-27,2026-06-28,Sports & Racing,Sports,20,"Ready, set, more!",Group,False
2026-10-08T15:01Z,chart,top-paid-access,52,152631806,404729070,TreeLands Legacy,2,142864,6695,0.9552,16984335,4,480934,2016-04-25,2022-07-29,Simulation,,8,Fissy Games,Group,False
2026-10-08T15:01Z,chart,top-paid-access,53,2929752024,7534035522,Tower World | Alpha,4,23209,1544,0.9376,2124124,6,93823,2021-09-21,2026-09-28,Obby & Platformer,Tower Obby,15,FrancoJ,Group,False
2026-10-08T15:01Z,chart,top-paid-access,54,2535080489,6711870575,[💢ALL FOR ME] Heroes Online 2 ,1,20398,1390,0.9362,2065778,1,59034,2021-04-22,2026-10-05,RPG,Action RPG,1,Bloxxit Studios,Group,False
2026-10-08T15:01Z,chart,top-paid-access,55,1663370770,4878988249,[HALLOWEEN] Mighty Omega,14,31997,4736,0.8711,64590886,15,131643,2020-04-09,2026-09-27,Action,Battlegrounds & Fighting,30,Kengun Omega,Group,False
2026-10-08T15:01Z,chart,top-paid-access,56,3229518631,8446283285,Heroes of Robloxia 2,0,263,7,0.9741,17197,0,2163,2022-01-03,2026-10-05,,,8,Team Super,Group,False
2026-10-08T15:01Z,chart,top-paid-access,57,10485072019,75146334692216,"[BETA] MoVal, CA | School Buses 🚌",1,25,4,0.8621,2108,1,149,2026-07-11,2026-08-11,Simulation,Vehicle Sim,5,Regional Bus Community,Group,False
2026-10-08T15:01Z,chart,top-paid-access,58,7674516670,108665111432737,Ro Theft Auto VI,0,14232,2170,0.8677,1465468,0,181485,2025-05-10,2026-09-19,Action,Open World Action,6,dead game smth,Group,False
2026-10-08T15:01Z,chart,top-paid-access,59,10475919483,137226899304623,Pitwall Manager🏁,3,2140,751,0.7402,653398,4,7758,2026-07-09,2026-09-26,Sports & Racing,Racing,1,InsideLine,Group,False
2026-10-08T15:01Z,chart,top-paid-access,60,1250803741,3540051865,Windgate ⛵,6,2427,495,0.8306,373563,5,24920,2019-07-26,2026-10-07,Adventure,,700,Defaultio,Group,False
2026-10-08T15:01Z,chart,top-paid-access,61,7134571356,119339172690037,Mini Drifters [BETA],0,7692,1559,0.8315,1162481,1,33213,2025-01-24,2026-08-26,Simulation,Vehicle Sim,12,Gassy Studios,Group,False
2026-10-08T15:01Z,chart,top-paid-access,62,1184233856,3286745597,Stranded on Earth [Alpha],6,5179,862,0.8573,610194,6,49925,2019-06-10,2026-09-28,Shooter,PvE Shooter,10,speedydude900,User,False
2026-10-08T15:01Z,chart,top-paid-access,63,2610672811,6855783063,[0.9.2]Batman: Gotham Stories,1,1521,355,0.8108,350597,1,22538,2021-05-23,2026-08-22,,,10,bruceywayne,User,False
2026-10-08T15:01Z,chart,top-paid-access,64,5553771095,16067250409,[UP 1.7📢] DragBrasil 2 ,1,225,23,0.9073,57501,2,1474,2024-01-21,2026-10-06,,,10,joaozinhogaleris03,User,False
2026-10-08T15:01Z,chart,top-paid-access,65,3827656431,10524142058,MTR South Island Line | A train simulator,0,1186,476,0.7136,310666,0,14844,2022-08-08,2025-07-21,Simulation,Vehicle Sim,6,dream.studio,Group,False
2026-10-08T15:01Z,chart,top-paid-access,66,3211189518,8389627336,Find Everything,5,21344,719,0.9674,1934508,6,107831,2021-12-29,2026-07-19,Adventure,Scavenger Hunt,30,Everything Finders,Group,False
2026-10-08T15:01Z,chart,top-paid-access,67,5210666193,15120017937,Dread Camp,71,8680,3696,0.7014,8219946,70,160393,2023-10-20,2026-09-25,Adventure,Story,16,The Gang Stockholm,Group,False
2026-10-08T15:01Z,chart,top-paid-access,68,3087415864,7998589447,[ALL AGES] Down in the Engine Room,0,1440,617,0.7,287736,1,13438,2021-11-14,2026-07-13,Simulation,Vehicle Sim,15,Custard Trans-Atlantic Transportation Company,Group,False
2026-10-08T15:01Z,chart,top-paid-access,69,9578166823,76215675248521,Toilet Merge Simulator,0,19949,711,0.9656,1103278,0,5459,2026-01-17,2026-07-06,Simulation,Tycoon,10,Mogged Group,Group,False
2026-10-08T15:01Z,chart,top-paid-access,70,3700393331,10059595491,WrestlingX | Pro Wrestling,27,246,83,0.7477,200023,25,1259,2022-06-29,2026-10-08,Sports & Racing,Sports,20,Ardio | Liliardio,Group,False
2026-10-08T15:01Z,chart,top-paid-access,71,9571642997,80716761679424,Wall jumps Into 67,0,8382,2159,0.7952,2588975,1,4597,2026-01-16,2026-05-18,Obby & Platformer,,30,Mogged Group,Group,False
2026-10-08T15:01Z,chart,top-rated,1,10209534490,137233438285284,Chicken Farm 🐣,3247,1145566,12043,0.9896,124675905,3239,399627,2026-05-23,2026-10-07,Simulation,Tycoon,6,Skandi Studios,Group,False
2026-10-08T15:01Z,chart,top-rated,2,7028566528,130739873848552,[PERFECTION ✨] Basketball: Zero,7144,7123288,124418,0.9828,1148821911,7116,2237476,2025-01-03,2026-10-05,Sports & Racing,Sports,10,Current.,Group,False
2026-10-08T15:01Z,chart,top-rated,3,4785982047,13796645198,FLASHPOINT⚡,1121,1660386,27123,0.9839,225219105,1124,3128093,2023-06-19,2026-10-08,Action,Open World Action,15,Varis Studios,Group,False
2026-10-08T15:01Z,chart,top-rated,4,10249209189,112641748896693,Missiles vs Cities,1230,866144,11391,0.987,59762569,1226,354714,2026-05-31,2026-09-29,Simulation,Tycoon,8,veedio gaems,Group,False
2026-10-08T15:01Z,chart,top-rated,5,10708913337,113290951185459,[🎉 UPD 7] Anime Dice,60718,576568,4223,0.9927,78612118,60671,142371,2026-08-15,2026-10-08,Simulation,Incremental Simulator,9,More & More Games,Group,False
2026-10-08T15:01Z,chart,top-rated,6,5800312217,16883974868,Jule's RNG [ARC 7 UPD],245,988730,14426,0.9856,106006724,251,988258,2024-03-26,2026-10-04,Simulation,Incremental Simulator,10,Jule Games,Group,False
2026-10-08T15:01Z,chart,top-rated,7,7703614594,108533757090220,[⏳🧪] Garden Tower Defense 🌻,4389,1428313,25857,0.9822,810285825,4349,483625,2025-05-14,2026-10-07,Strategy,Tower Defense,20,Garden Defenders,Group,False
2026-10-08T15:01Z,chart,top-rated,8,7703544118,79657240466394,[🌙] Container RNG📦,490,1073096,17629,0.9838,85481248,488,1516995,2025-05-14,2026-09-21,Simulation,Tycoon,6,Exply Studios,Group,False
2026-10-08T15:01Z,chart,top-rated,9,7798947148,100744519298647,[NOW!] Anime Final Quest,683,806965,12010,0.9853,154480472,681,317525,2025-05-29,2026-09-26,RPG,Action RPG,15,Anime Final Quest,Group,False
2026-10-08T15:01Z,chart,top-rated,10,10144280947,114697347887839,🐒 +1 Speed Monkey Escape,7723,2016104,44741,0.9783,628560886,7697,11964608,2026-05-09,2026-09-26,Simulation,Incremental Simulator,22,100% ALGO SHOT,Group,False
2026-10-08T15:01Z,chart,top-rated,11,7848646653,123821081589134,Break your Bones ☠️,478,929906,14374,0.9848,133019173,478,346480,2025-06-05,2026-10-08,Simulation,Physics Sim,20,High Effort Projects,Group,False
2026-10-08T15:01Z,chart,top-rated,12,9091133975,96645548064314,[🌙] Catch And Tame!,2744,1231919,24698,0.9803,464121926,2795,1289677,2025-11-02,2026-10-07,Simulation,Tycoon,5,Manta Games,Group,False
2026-10-08T15:01Z,chart,top-rated,13,3608732146,9731911476,💪Size Legends Simulator,108,1214669,23145,0.9813,120758856,109,763780,2022-05-26,2026-01-15,Simulation,Incremental Simulator,20,Rho Games,Group,False
2026-10-08T15:01Z,chart,top-rated,14,5578556129,16146832113,Anime Vanguards: Wrathful Assault,24141,2589376,87365,0.9674,2061496534,24139,1998132,2024-01-28,2026-10-08,Strategy,Tower Defense,24,Kitawari,Group,False
2026-10-08T15:01Z,chart,top-rated,15,2644656496,6918802270,Haze Seas ,1041,1802274,42667,0.9769,307497854,1032,4474263,2021-06-06,2026-08-26,RPG,Action RPG,12,[HS] Haze Studios,Group,False
2026-10-08T15:01Z,chart,top-rated,16,10081194651,73814003954154,Pickaxe Tycoon ⛏️,663,510454,5180,0.99,50892641,674,193694,2026-04-25,2026-07-23,Simulation,Tycoon,6,Popular Marketplace,Group,False
2026-10-08T15:01Z,chart,top-rated,17,10368005384,139546619723000,My Giant Sandwich,728,533516,6050,0.9888,38786681,740,192005,2026-06-21,2026-07-28,Simulation,Tycoon,6,Goofy Sandwiches,Group,False
2026-10-08T15:01Z,chart,top-rated,18,2655311011,6938803436,[⭐2X] Anime Dimensions Simulator,335,2313587,60513,0.9745,1427430593,334,3272107,2021-06-11,2026-07-24,RPG,Action RPG,50,Albatross Games,Group,False
2026-10-08T15:01Z,chart,top-rated,19,10039338037,107646426076756,[🌽] Build A Ring Farm,275,795839,14469,0.9821,231723811,289,2480785,2026-04-15,2026-10-08,Simulation,Incremental Simulator,6,Gamecreates,Group,False
2026-10-08T15:01Z,chart,top-rated,20,7640282930,83942919686609,[🔨] Build a Scam Empire!,102,819922,14716,0.9824,69416666,95,2398992,2025-05-03,2026-10-05,Simulation,Tycoon,8,MetaPlay Games,Group,False
2026-10-08T15:01Z,chart,top-rated,21,5595353122,16205713724,Slayers 2,71333,920107,20454,0.9783,114527810,71361,498157,2024-02-02,2026-10-08,RPG,Action RPG,1,Ouw Productions,Group,False
2026-10-08T15:01Z,chart,top-rated,22,9362896961,76285745979410,[👹Boss] Anime Card Collection,3322,598077,9234,0.9848,158395631,3348,222653,2025-12-15,2026-10-03,Simulation,Incremental Simulator,6,Crew Simulators,Group,False
2026-10-08T15:01Z,chart,top-rated,23,9970645639,77843161404023,Run a Restaurant!,7598,539760,7094,0.987,125856769,7631,766276,2026-04-01,2026-10-03,Simulation,Tycoon,6,Burnt Toast Labs!,Group,False
2026-10-08T15:01Z,chart,top-rated,24,6594435384,123662243100680,SpongeBob Tower Defense🍍,634,1553384,36241,0.9772,685282909,630,2924887,2024-09-24,2026-09-14,Strategy,Tower Defense,24,Krabby Krew,Group,False
2026-10-08T15:01Z,chart,top-rated,25,9145063979,92122513197996,⛏️Dig to Escape,5444,1127831,25638,0.9778,592484556,5445,615820,2025-11-10,2026-10-07,Survival,Escape,14,Breakout Funs,Group,False
2026-10-08T15:01Z,chart,top-rated,26,10253446435,79267089300389,[🪓] My Wood Farm ,1140,442521,4472,0.99,21939617,1175,108732,2026-05-31,2026-10-01,Simulation,Tycoon,6,Did I Axe,Group,False
2026-10-08T15:01Z,chart,top-rated,27,6925369391,134257874794717,Capybara Evolution,230,855060,16607,0.9809,162533905,234,707169,2024-12-15,2026-08-20,Simulation,Incremental Simulator,10,Capybara Evolution,Group,False
2026-10-08T15:01Z,chart,top-rated,28,10561352230,103883942725157,[UPD] +1 Drain Water Per Click,1371,443708,4769,0.9894,45311476,1352,1736929,2026-07-25,2026-10-04,Simulation,Incremental Simulator,6,Wrestling Elephant Studio,Group,False
2026-10-08T15:01Z,chart,top-rated,29,6925303818,137628283909891,Goalbound,947,930971,20858,0.9781,74176105,937,272387,2024-12-15,2026-10-07,Sports & Racing,Sports,12,ΞGO,Group,False
2026-10-08T15:01Z,chart,top-rated,30,9168386959,92371631484540,100 Waves Later,186,632021,11146,0.9827,59681541,181,261014,2025-11-14,2026-09-22,Survival,,25,banjo boiler room,Group,False
2026-10-08T15:01Z,chart,top-rated,31,9584852943,95082159892680,[X20] +1 Speed Keyboard Escape | Candy & Chocolate,98880,9915815,321063,0.9686,6344231219,99336,6970744,2026-01-18,2026-10-07,Simulation,Incremental Simulator,22,SecretVerse Studio,Group,False
2026-10-08T15:01Z,chart,top-rated,32,8786713187,107095834793267,Oil Empire🛢️[UPD],857,656081,12595,0.9812,120749032,877,295921,2025-09-23,2026-10-07,Simulation,Tycoon,6,My Pump Game,Group,False
2026-10-08T15:01Z,chart,top-rated,33,4795326392,13827198708,[EVENT] Pull a Sword,602,1383447,38454,0.973,404666445,615,647807,2023-06-22,2026-10-07,Simulation,Incremental Simulator,8,xFrozen Obbys,Group,False
2026-10-08T15:01Z,chart,top-rated,34,10440833423,74102906764176,[✨] Greedy Growers 🌱,2951,719341,15487,0.9789,101952509,2945,331793,2026-07-03,2026-10-04,Simulation,Tycoon,4,Banjo Lady Games,Group,False
2026-10-08T15:01Z,chart,top-rated,35,10067258922,109509029034984,+1 Aura Per Click,2591,400180,4585,0.9887,108680280,2563,6873147,2026-04-22,2026-10-08,Simulation,Incremental Simulator,12,Aura Software,Group,False
2026-10-08T15:01Z,chart,top-rated,36,9792947201,92416421522960,Slime RNG,401,814517,19917,0.9761,536256620,399,3520884,2026-02-25,2026-08-22,Simulation,Incremental Simulator,10,Stouts Studio,Group,False
2026-10-08T15:01Z,chart,top-rated,37,4793836769,13822562292,[🌴NEW MAP]🚗Midnight Chasers: Highway Racing,3357,987612,25130,0.9752,316659632,3364,6648691,2023-06-21,2026-10-07,Simulation,Vehicle Sim,14,Midnight In-dev,Group,False
2026-10-08T15:01Z,chart,top-rated,38,7629884826,131603408057162,Cage Fishing 🐟,139,577261,10540,0.9821,90444304,141,565467,2025-05-02,2026-10-06,Simulation,Tycoon,5,Pearl Point,Group,False
2026-10-08T15:01Z,chart,top-rated,39,8937254139,120217704230083,Dungeon Hunters [UPD],3438,498994,8436,0.9834,231353204,3452,1823510,2025-10-13,2026-09-22,RPG,Action RPG,20,The Evac Syndicate,Group,False
2026-10-08T15:01Z,chart,top-rated,40,7474367816,123921593837160,Climb and Jump Tower [NEW WORLD],4675,1301163,36657,0.9726,1118702168,4636,1435394,2025-04-02,2026-10-06,Simulation,Incremental Simulator,20,Climbing World,Group,False
2026-10-08T15:01Z,chart,top-rated,41,9910245722,117533937949084,Iron Soul: Dungeon,4162,508047,9689,0.9813,324128223,4045,1496596,2026-03-20,2026-10-06,RPG,Action RPG,16,Iron Soul,Group,False
2026-10-08T15:01Z,chart,top-rated,42,9155036056,102574559184919,Craft Food,1142,411854,5731,0.9863,111328241,1144,270192,2025-11-12,2026-09-30,Simulation,Tycoon,5,Craft Food,Group,False
2026-10-08T15:01Z,chart,top-rated,43,6052033819,17670743999,[UPD🍓] Cake Off!,211,668883,15719,0.977,130470283,235,5836672,2024-05-30,2026-09-18,Party & Casual,,8,| Flipping Frogs |,Group,False
2026-10-08T15:01Z,chart,top-rated,44,10376944238,134363641369914,Build Your Backrooms,3816,541961,11052,0.98,60129498,3803,326857,2026-06-22,2026-10-04,Simulation,Tycoon,6,Wind Sun Moon [WSM],Group,False
2026-10-08T15:01Z,chart,top-rated,45,3808223175,10450270085,[⚖️JUDGEMAN] Jujutsu Infinite,1112,1840229,60452,0.9682,723689735,1119,3272557,2022-08-02,2026-09-17,RPG,Action RPG,12,Awesome Ninja Games,Group,False
2026-10-08T15:01Z,chart,top-rated,46,9893515490,113918641206373,☢️ Nuke Your City,250,433684,7271,0.9835,58755342,267,1340110,2026-03-16,2026-10-05,Simulation,Tycoon,6,Nuclear Fun,Group,False
2026-10-08T15:01Z,chart,top-rated,47,8214054500,88728793053496,🚀 Build a Car,672,1089188,27710,0.9752,145636810,675,431433,2025-07-20,2026-06-29,Simulation,Sandbox,6,SUPER SUPER FAST,Group,False
2026-10-08T15:01Z,chart,top-rated,48,6325068386,18668065416,[🧟‍♂️ Don Lorenzo] Blue Lock: Rivals,14663,10238911,356984,0.9663,4986594468,14662,6285028,2024-07-26,2026-10-03,Sports & Racing,Sports,10,Blue Lock Rivals Unofficial Fans,Group,False
2026-10-08T15:01Z,chart,top-rated,49,6945584306,94647229517154,[💀QOL🐱] Azure Latch,7874,1613711,53655,0.9678,586474403,7848,655131,2024-12-20,2026-10-06,Sports & Racing,Sports,10,[B:S] Azure Latch Team,Group,False
2026-10-08T15:01Z,chart,top-rated,50,6720585148,124398083342642,[UPD!] Ride A Cart Down A Slide,89,1013051,27836,0.9733,155605743,78,2575025,2024-10-26,2026-06-28,Simulation,Incremental Simulator,20,amazing fish games made by fish,Group,False
2026-10-08T15:01Z,chart,top-rated,51,9141743926,98664161516921,[NOW] Catch a Monster,2739,536287,11923,0.9783,459638279,2770,603156,2025-11-10,2026-10-03,Adventure,,12,LDS II,Group,False
2026-10-08T15:01Z,chart,top-rated,52,8659262047,134619004688066,Dangerous ATV Driving,1159,515568,10561,0.9799,128433143,1157,1281943,2025-09-07,2026-10-03,Obby & Platformer,,12,Quick Pix,Group,False
2026-10-08T15:01Z,chart,top-rated,53,10336278580,122572082932179,[💎] Sell Ores ⛏️,2535,317814,3527,0.989,44512834,2558,1182604,2026-06-16,2026-10-05,Simulation,Incremental Simulator,6,The Ore Drillers,Group,False
2026-10-08T15:01Z,chart,top-rated,54,7074860883,87039211657390,ARISE 1.0 [🚨STATUS: IN DEV ],303,1292220,41384,0.969,1012984373,306,2740964,2025-01-12,2026-09-28,Simulation,Incremental Simulator,12,CL GAMES!,Group,False
2026-10-08T15:01Z,chart,top-rated,55,7332711118,111989938562194,Brainrot Evolution,2129,1978229,65432,0.968,1888569340,2231,2481326,2025-03-05,2026-10-06,Simulation,Incremental Simulator,6,Brainrot Evolution,Group,False
2026-10-08T15:01Z,chart,top-rated,56,8572854650,120564326011184,Be a YouTuber! 🔴🎥,601,476969,10657,0.9781,130356024,604,885771,2025-08-28,2026-09-19,Simulation,Tycoon,6,IM A YOUTUBER,Group,False
2026-10-08T15:01Z,chart,top-rated,57,9051406594,94217045453265,Dueling Grounds ⚔️ ,7848,2061115,76928,0.964,399417962,7956,7780584,2025-10-28,2026-10-06,Action,Battlegrounds & Fighting,14,Dueling Grounds,Group,False
2026-10-08T15:01Z,chart,top-rated,58,8283159479,95712269457211,🚜 Build a Tractor ,83,381782,5624,0.9855,42235550,87,126065,2025-07-28,2026-05-22,Simulation,Sandbox,5,tractor games!,Group,False
2026-10-08T15:01Z,chart,top-rated,59,7618444254,136955914362530,Horse RNG 🐎 ,109,407405,7697,0.9815,41103107,109,745640,2025-04-29,2026-10-08,Simulation,Incremental Simulator,6,Tou Interactive,Group,False
2026-10-08T15:01Z,chart,top-rated,60,9382839773,104761395312874,[🐲Goku & Castorice🟣] Lineage Piece,1963,287230,3339,0.9885,35932730,1962,89048,2025-12-19,2026-10-07,RPG,Action RPG,12,Prlz's Den,Group,False
2026-10-08T15:01Z,chart,top-rated,61,9167377564,70411440483149,100 Days At Sea,17490,661315,19561,0.9713,384321452,17477,9027118,2025-11-14,2026-10-07,Survival,,27,Stranded Devs,Group,False
2026-10-08T15:01Z,chart,top-rated,62,9619492068,115893378298440,[UPD] Titan Fishing,82,403584,8355,0.9797,51370996,82,358719,2026-01-25,2026-10-08,Simulation,Incremental Simulator,8,Game Noob Studio,Group,False
2026-10-08T15:01Z,chart,top-rated,63,7332812970,106425431775947,Motorcycle Racing 🏍️,170,313080,4108,0.987,70547220,166,2597377,2025-03-05,2026-10-07,Simulation,Incremental Simulator,10,Funny Simulаtors,Group,False
2026-10-08T15:01Z,chart,top-rated,64,9754968779,122902171482835,[💖] +1 Health Per Click,331,429868,9591,0.9782,62181721,321,2970544,2026-02-19,2026-09-15,Simulation,Incremental Simulator,12,Who owns this? Games,Group,False
2026-10-08T15:01Z,chart,top-rated,65,10173311467,137228775845999,Ghost Driver [ALPHA],9594,511998,12764,0.9757,93852952,9623,885130,2026-05-16,2026-10-07,Simulation,Vehicle Sim,15,Tilted Vehicles,Group,False
2026-10-08T15:01Z,chart,top-rated,66,4518160318,12912731475,Mansion Tycoon 🌴🏠,4644,722474,21992,0.9705,658406726,4627,1206366,2023-03-26,2026-09-29,Simulation,Tycoon,8,Capybara's Productions,Group,False
2026-10-08T15:01Z,chart,top-rated,67,9384605736,136764190843219,[🎩] Knockout! 🐧,914,2720907,110907,0.9608,1049647870,908,17276821,2025-12-19,2026-09-21,Party & Casual,Minigame,12,braxworks,Group,False
2026-10-08T15:01Z,chart,top-rated,68,5166944221,15002061926,Death Ball,5224,2981351,121602,0.9608,1635926917,5234,1771179,2023-10-08,2026-10-08,Action,Battlegrounds & Fighting,25,⨯ Small World Games,Group,False
2026-10-08T15:01Z,chart,top-rated,69,9294646427,72317248326994,Bobsled Ride Down a Mountainside,1179,526688,14030,0.9741,112177711,1189,285789,2025-12-04,2026-10-07,Obby & Platformer,Runner,20,North Pole Drift Club,Group,False
2026-10-08T15:01Z,chart,top-rated,70,5972059550,17450551531,[UPD 4.5] Gym League ,1732,1111876,40418,0.9649,831360552,1742,3947200,2024-05-10,2026-10-08,Simulation,Incremental Simulator,8,1v2 Studios,Group,False
2026-10-08T15:01Z,chart,top-rated,71,6216468795,18337464872,Weak Legacy 2 ,231,552249,15089,0.9734,156591632,251,236016,2024-07-04,2026-05-31,RPG,Action RPG,15,Weak Games Corp.,Group,False
2026-10-08T15:01Z,chart,top-rated,72,9793308933,86368783421928,Fall For Brainrots! 🪂,951,291727,3790,0.9872,59624662,970,1431863,2026-02-25,2026-10-08,Simulation,Tycoon,5,The Falling Brainrots,Group,False
2026-10-08T15:01Z,chart,top-rated,73,5295169598,15352028692,Ultimate Home Tycoon 🏠,463,489475,12442,0.9752,255960144,462,2267005,2023-11-14,2026-10-04,Simulation,Tycoon,16,Ultimate Home Tycoon,Group,False
2026-10-08T15:01Z,chart,top-rated,74,9485131494,88933961678687,[⚡] Hyper Speed Runner,1510,362634,7365,0.9801,93285712,1495,455480,2026-01-02,2026-04-11,Simulation,Incremental Simulator,20,Hyper Speed Community,Group,False
2026-10-08T15:01Z,chart,top-rated,75,5866227438,17121846721,Build with Friends,1197,651678,18397,0.9725,370438362,1198,10671716,2024-04-13,2026-10-03,Simulation,Sandbox,9,Tsunami Disaster,Group,False
2026-10-08T15:01Z,chart,top-rated,76,6161049307,18172550962,Pixel Blade,2206,760280,25049,0.9681,239858854,2204,987956,2024-06-23,2026-10-04,RPG,Action RPG,20,Frost Blade Games,Group,False
2026-10-08T15:01Z,chart,top-rated,77,8218591943,89473202019092,Dive into a Pool 💧,77,288363,3915,0.9866,37427761,70,153470,2025-07-21,2026-05-22,Simulation,Incremental Simulator,6,LDS III,Group,False
2026-10-08T15:01Z,chart,top-rated,78,10338952197,94640181989498,Grow a Chicken Fighter,4429,382996,8502,0.9783,116682251,4446,7263632,2026-06-16,2026-09-26,Simulation,Tycoon,8,Grow a Chicken Fighter,Group,False
2026-10-08T15:01Z,chart,top-rated,79,6935083490,94503612388426,Be Fish,733,665672,20639,0.9699,103413242,721,316409,2024-12-18,2026-09-10,Simulation,Incremental Simulator,16,Goofy Vegetables,Group,False
2026-10-08T15:01Z,chart,top-rated,80,3476371299,9285238704,⚡Race Clicker,492,1570675,63822,0.961,978642162,494,1366064,2022-04-05,2026-06-06,Sports & Racing,Racing,25,48h Games,Group,False
2026-10-08T15:01Z,chart,top-rated,81,3608594708,9731376817,✨Collect The Body,1198,1023025,37130,0.965,426366346,1201,678384,2022-05-26,2026-06-25,Adventure,Scavenger Hunt,25,The Venomhawks,Group,False
2026-10-08T15:01Z,chart,top-rated,82,3655030699,9898710720,💸Money Tycoon!,98,542380,16321,0.9708,132865726,99,3534019,2022-06-13,2026-04-15,Simulation,Tycoon,4,EQ Game Studios,Group,False
2026-10-08T15:01Z,chart,top-rated,83,3494556606,9346039031,[Event] My Hello Kitty Cafe(Build),341,882179,32601,0.9644,521601569,330,1991350,2022-04-12,2026-10-08,Simulation,Tycoon,1,Rock Panda Games,Group,False
2026-10-08T15:01Z,chart,top-rated,84,6682487255,110829983956014,[ 🪄🎩] Anime Card Clash,5411,426262,10901,0.9751,522144055,5421,232537,2024-10-16,2026-10-04,Simulation,Incremental Simulator,24,RNG Lab,Group,False
2026-10-08T15:01Z,chart,top-rated,85,10253235584,99108783264633,Build a base RNG 🎲,1665,274788,4225,0.9849,66508453,1656,643430,2026-05-31,2026-10-05,Strategy,Tower Defense,6,Slungpy Games,Group,False
2026-10-08T15:01Z,chart,top-rated,86,9837612476,131346454575416,[💥] Mini War,8691,794671,28976,0.9648,352264829,8774,1245185,2026-03-05,2026-10-07,Simulation,Tycoon,6,M&M Community,Group,False
2026-10-08T15:01Z,chart,top-rated,87,10452740285,134162299584012,Build a Gun Army,2456,267708,3897,0.9857,21634995,2453,109710,2026-07-05,2026-09-06,Simulation,Incremental Simulator,6,Weapon Williamson,Group,False
2026-10-08T15:01Z,chart,top-rated,88,9929086116,115394135656997,+1 Speed Wings Escape 🦅,255,309861,6081,0.9808,59833780,234,4015744,2026-03-23,2026-10-01,Simulation,Incremental Simulator,13,Fruit Frenzy Games,Group,False
2026-10-08T15:01Z,chart,top-rated,89,6215986499,18335956021,Grand Blue [Early Access],623,272984,4470,0.9839,10996565,624,762960,2024-07-04,2026-10-03,RPG,Action RPG,10,Eternal Pose,Group,False
2026-10-08T15:01Z,chart,top-rated,90,7076793942,107040934010858,[NINJA] Project Egoist,256,523742,16356,0.9697,88181175,256,215912,2025-01-12,2026-10-06,Sports & Racing,Sports,12,Cool group for big cool people,Group,False
2026-10-08T15:01Z,chart,top-rated,91,10516888336,100293509865504,[Boss🔥] Catch 1 Billion Ducks,873,323410,6629,0.9799,85625979,867,1502000,2026-07-17,2026-09-30,Simulation,Incremental Simulator,18,Billion Duck Hunters,Group,False
2026-10-08T15:01Z,chart,top-rated,92,10168229420,101736964164901,[💻] My Gaming Cafe!,379,259966,3632,0.9862,27537801,383,105067,2026-05-14,2026-10-05,Simulation,Tycoon,8,Public WIFI,Group,False
2026-10-08T15:01Z,chart,top-rated,93,7373459570,85070202669030,[🦖] BEYBLADE X-BATTLES [Beta12.2],1190,316486,5870,0.9818,167975653,1177,3642018,2025-03-14,2026-10-08,Action,,27,BEYBLADE X,Group,False
2026-10-08T15:01Z,chart,top-rated,94,9784883402,132169393925482,Collect Dinos,131,273461,4569,0.9836,34705125,136,134403,2026-02-23,2026-09-15,Simulation,Tycoon,6,Cretaceous Carnival,Group,False
2026-10-08T15:01Z,chart,top-rated,95,10219827882,101670277171204,Automate a Restaurant 🍲,416,232695,2548,0.9892,10954283,402,103580,2026-05-25,2026-10-08,Simulation,Incremental Simulator,10,m_experiment,Group,False
2026-10-08T15:01Z,chart,top-rated,96,10051853469,136066387156306,[Galaxy 🪐] Be Flash For Brainrots!,327,307685,6051,0.9807,113987858,317,2491377,2026-04-18,2026-10-03,Simulation,Tycoon,5,Can't Hold It Anymore!,Group,False
2026-10-08T15:01Z,chart,top-rated,97,601130232,1537690962,Bee Swarm Simulator,27619,3034388,139878,0.9559,4596106957,27614,6544922,2018-03-21,2026-08-22,Simulation,Incremental Simulator,6,Onett,User,False
2026-10-08T15:01Z,chart,top-rated,98,5170731021,15014439457,Demon Blade,707,712172,25519,0.9654,231700112,732,471521,2023-10-09,2026-09-28,RPG,Action RPG,12,DemonCube,Group,False
2026-10-08T15:01Z,chart,top-rated,99,7113705633,133679065471783,MonsterVerze [💜BETA💜],189,361612,8353,0.9774,19678802,190,475506,2025-01-19,2026-09-30,Roleplay & Avatar Sim,Dress Up,1,PlayGirldom,Group,False
2026-10-08T15:01Z,chart,top-rated,100,9186719164,77747658251236,[2X LUCK 🍀 + MASTERY ⚔️] Sailor Piece,1552,1244689,52653,0.9594,1597566355,1556,843460,2025-11-17,2026-10-07,RPG,Action RPG,12,Shadowrise Devs,Group,False
2026-10-08T15:01Z,chart,most-popular,1,3508322461,9391468976,[SKY ASSASSIN] Jujutsu Shenanigans,124459,2631461,420952,0.8621,7531474277,124018,3085891,2022-04-17,2026-10-08,Action,Battlegrounds & Fighting,20,Tze's Shenanigans,Group,False
2026-10-08T15:01Z,chart,most-popular,2,10764627709,107535308163741,Huss Valley,79874,85265,10167,0.8935,46341076,79864,110181,2026-08-31,2026-10-08,Action,Battlegrounds & Fighting,30,Huss Valley Official,Group,False
2026-10-08T15:01Z,chart,most-popular,3,10563114921,107778070777162,Steal An Egg,1499102,3293203,278643,0.922,7218946399,1546443,7112148,2026-07-25,2026-10-08,Simulation,Tycoon,7,and Collect Rare Pets,Group,False
2026-10-08T15:01Z,chart,most-popular,4,66654135,142823291,Murder Mystery 2,185637,10733482,1083976,0.9083,31129887159,185585,24394888,2014-01-18,2026-09-24,Survival,1 vs All,12,Nikilis,User,False
2026-10-08T15:01Z,chart,most-popular,5,2711375305,7041939546,Catalog Avatar Creator,56455,3027804,203272,0.9371,8056153363,56393,5899656,2021-07-03,2026-10-07,Shopping,Avatar Shopping,24,Muneeb,User,False
2026-10-08T15:01Z,chart,most-popular,6,383310974,920587237,[🎃] Adopt Me!,186016,9536416,1513216,0.8631,44981007038,185980,29718112,2017-07-14,2026-10-07,Roleplay & Avatar Sim,Pet Care,35,Uplift Games,Group,False
2026-10-08T15:01Z,chart,most-popular,7,6035872082,17625359962,RIVALS,165120,10726714,723539,0.9368,18589856226,165638,94149858,2024-05-26,2026-10-07,Shooter,Deathmatch Shooter,40,Nosniy Games,Group,False
2026-10-08T15:01Z,chart,most-popular,8,5569032992,16116270224,🎃 Dandy's World [ALPHA],115766,1722341,248054,0.8741,7572534539,115697,4692488,2024-01-26,2026-10-07,Survival,Escape,35,BlushCrunch Studio,Group,False
2026-10-08T15:01Z,chart,most-popular,9,5595353122,16205713724,Slayers 2,71333,920084,20452,0.9783,114527810,71361,498157,2024-02-02,2026-10-08,RPG,Action RPG,1,Ouw Productions,Group,False
2026-10-08T15:01Z,chart,most-popular,10,2440500124,6516141723,DOORS 🚨,52131,4726334,354731,0.9302,7844448558,51962,8250583,2021-03-14,2026-10-05,Survival,Escape,50,LSPLASH,Group,False
2026-10-08T15:01Z,chart,most-popular,11,994732206,2753915549,Blox Fruits,210139,12748107,1065564,0.9229,64864099175,210687,20042809,2019-01-16,2026-09-27,RPG,Action RPG,12,Gamer Robot Inc,Group,False
2026-10-08T15:01Z,chart,most-popular,12,10685282333,96510596525082,Ball VS Ball,36851,219508,28019,0.8868,87334018,36461,138796,2026-08-12,2026-10-05,Party & Casual,,25,ATYS 3,Group,False
2026-10-08T15:01Z,chart,most-popular,13,5750914919,16732694052,Fisch 🐟,70039,3043223,309334,0.9077,4990486529,69779,3666793,2024-03-13,2026-10-08,Simulation,,20,Fisching,Group,False
2026-10-08T15:01Z,chart,most-popular,14,5203828273,15101393044,Dress To Impress ⭐,49937,4020090,418878,0.9056,11118305937,49862,7554574,2023-10-18,2026-10-08,Roleplay & Avatar Sim,Dress Up,13,Dress To Impress Group,Group,False
2026-10-08T15:01Z,chart,most-popular,15,578392296,1458767429,ABA,12488,515423,123242,0.807,1346213229,12492,998876,2018-02-25,2026-10-08,Action,Battlegrounds & Fighting,16,Dogs Studios: South,Group,False
2026-10-08T15:01Z,chart,most-popular,16,6331902150,18687417158,Forsaken,51561,2391338,441138,0.8443,5791679509,51626,3232742,2024-07-28,2026-10-06,Survival,1 vs All,9,Forsaken Dev Team,Group,False
2026-10-08T15:01Z,chart,most-popular,17,3808081382,10449761463,The Strongest Battlegrounds,51150,5317328,1030262,0.8377,19373899802,50906,7693993,2022-08-02,2026-10-06,Action,Battlegrounds & Fighting,15,Yielding Arts,Group,False
2026-10-08T15:01Z,chart,most-popular,18,7326934954,79546208627805,99 Nights in the Forest 🔦,215655,5442899,571955,0.9049,29931612490,215823,9813180,2025-03-04,2026-10-07,Survival,,25,Grandma's Favourite Games,Group,False
2026-10-08T15:01Z,chart,most-popular,19,6931042565,73956553001240,[UPD] Volleyball Legends,46888,2573577,130014,0.9519,3940863450,46847,5462509,2024-12-17,2026-10-08,Sports & Racing,Sports,12,Volleyball Game Group,Group,False
2026-10-08T15:01Z,chart,most-popular,20,2619619496,6872265039,BedWars [🎣RERELEASE🪤],19571,2480137,533920,0.8229,11755491321,19600,4634235,2021-05-27,2026-10-06,Action,Battlegrounds & Fighting,40,Easy.gg,Group,False
2026-10-08T15:01Z,chart,most-popular,21,10155360168,126987974021910,Illegal Soccer,43741,89594,13930,0.8654,147828212,43637,238298,2026-05-12,2026-10-05,Sports & Racing,Sports,8,Repotted,Group,False
2026-10-08T15:01Z,chart,most-popular,22,7709344486,109983668079237,[🌗] Steal a Brainrot,96292,15450590,2691760,0.8516,73861962577,96278,29501974,2025-05-16,2026-10-08,Simulation,Tycoon,8,BRAZILIAN SPYDER,Group,False
2026-10-08T15:01Z,chart,most-popular,23,1686885941,4924922222,Brookhaven 🏡RP,324674,8621614,1416331,0.8589,88335044511,324404,30376041,2020-04-21,2026-10-06,Roleplay & Avatar Sim,Life,30,Brookhaven by Voldex,Group,False
2026-10-08T15:01Z,chart,most-popular,24,10764613327,131683977882464,[🎧] GUESS THE SONG! 0.5s,3575,5032,2010,0.7146,4324247,3613,35656,2026-08-31,2026-10-08,Entertainment,Music & Audio,16,First Note,Group,False
2026-10-08T15:01Z,chart,most-popular,25,9534705677,122446657157717,[🔥NEW SNIPER] Sniper Arena,20829,289539,25956,0.9177,305592393,20999,3029392,2026-01-10,2026-10-08,Shooter,Deathmatch Shooter,20,9D GAME CLUB,Group,False
2026-10-08T15:01Z,chart,most-popular,26,703124385,1962086868,Tower of Hell,41251,4366482,1565848,0.736,29094227999,41154,12034469,2018-06-18,2026-10-03,Obby & Platformer,Tower Obby,20,YXceptional Studios,Group,False
2026-10-08T15:01Z,chart,most-popular,27,4777817887,13772394625,Blade Ball,18399,8456241,591701,0.9346,6474467543,18377,12995082,2023-06-17,2026-10-08,Action,Battlegrounds & Fighting,16,Wiggity.,Group,False
2026-10-08T15:01Z,chart,most-popular,28,88070565,185655149,[🎃] Welcome to Bloxburg ,25403,5638680,733834,0.8848,10120817485,25442,14007789,2014-11-04,2026-10-08,Roleplay & Avatar Sim,Life,12,Bloxburg Development,Group,False
2026-10-08T15:01Z,chart,most-popular,29,10624691669,134208374070897,{ Pt. 2 } MONOCHROME👁️,8358,81264,14470,0.8489,142273624,8361,410689,2026-08-03,2026-10-07,Puzzle,Escape Room,20,MONOCHROME_HOLDER,Group,False
2026-10-08T15:01Z,chart,most-popular,30,10673920146,99409088950210,Survive a Million Monkeys,12519,27585,906,0.9682,6616130,12541,133583,2026-08-10,2026-10-08,Survival,,25,gorilla warfare.,Group,False
2026-10-08T15:01Z,chart,most-popular,31,4750561026,13687899540,Cold War [VIETNAM],8503,198989,22128,0.8999,50472953,8451,332673,2023-06-08,2026-10-02,Shooter,Deathmatch Shooter,80,Grip Studios,Group,False
2026-10-08T15:01Z,chart,most-popular,32,9584852943,95082159892680,[X20] +1 Speed Keyboard Escape | Candy & Chocolate,99398,9915896,321067,0.9686,6344231219,99336,6970744,2026-01-18,2026-10-07,Simulation,Incremental Simulator,22,SecretVerse Studio,Group,False
2026-10-08T15:01Z,chart,most-popular,33,10665420648,78453398695059,[UPD 2] THRESHOLD ,10190,182767,4709,0.9749,15211108,10151,163813,2026-08-09,2026-10-08,Survival,Escape,45,Reskioat,User,False
2026-10-08T15:01Z,chart,most-popular,34,184199275,2338325648,[🔥] NFL Universe Football,3753,571497,62082,0.902,992457043,3796,1926577,2018-09-12,2026-10-06,Sports & Racing,Sports,12,NFL Universe Football by Voldex,Group,False
2026-10-08T15:01Z,chart,most-popular,35,10173311467,137228775845999,Ghost Driver [ALPHA],9517,511998,12764,0.9757,93852952,9623,885130,2026-05-16,2026-10-07,Simulation,Vehicle Sim,15,Tilted Vehicles,Group,False
2026-10-08T15:01Z,chart,most-popular,36,10035204815,124216119978534,[⚡] Ride A Pet,90223,403763,14007,0.9665,330449364,88143,330557,2026-04-14,2026-10-08,Simulation,Tycoon,6,this game is gud,Group,False
2026-10-08T15:01Z,chart,most-popular,37,10512942223,114574503491412,Anime Zero [SHADOW MONARCH] 🦋👑,53794,46294,1139,0.976,8876348,53607,40254,2026-07-16,2026-10-08,RPG,Action RPG,20,LY*,Group,False
2026-10-08T15:01Z,chart,most-popular,38,903807016,2534724415,[🗺️] Emergency Response: Liberty County,5364,1185948,119812,0.9082,1597801324,5440,2852708,2018-11-01,2026-10-07,Roleplay & Avatar Sim,Life,50,Police Roleplay Community,Group,False
2026-10-08T15:01Z,chart,most-popular,39,10742937135,109166720609444,(🎮Update!)   Survive The Hulk,5161,10226,2473,0.8053,5915527,5137,70502,2026-08-20,2026-10-08,Survival,1 vs All,12,Survive The Hulk,Group,False
2026-10-08T15:01Z,chart,most-popular,40,10282097014,118845698633260,Pet Store Tycoon,22490,30613,1509,0.953,4366881,22472,83076,2026-06-06,2026-10-08,Simulation,Tycoon,8,already arrived studios,Group,False
2026-10-08T15:01Z,chart,most-popular,41,10765582175,94009908234110,dogs,13619,38618,4203,0.9018,4352497,13566,48531,2026-09-07,2026-10-06,Survival,Escape,12,AZOT,Group,False
2026-10-08T15:01Z,chart,most-popular,42,10761687472,113481077323469,Scream And Run [VERITY],5787,99734,13639,0.8797,135945640,5762,457458,2026-08-25,2026-10-07,Survival,Escape,50,Scream And Run Studios,Group,False
2026-10-08T15:01Z,chart,most-popular,43,113491250,292439477,[Fall Weapon Remodels!] Phantom Forces,2527,2464336,251340,0.9074,1801915627,2529,5987483,2015-08-31,2026-10-03,Shooter,Deathmatch Shooter,32,StyLiS Studios,Group,False
2026-10-08T15:01Z,chart,most-popular,44,10765012427,123720558354386,Build the Pyramid!,16536,100399,5214,0.9506,33062638,16620,149333,2026-09-03,2026-10-01,Simulation,Incremental Simulator,100,Janitors Studios,Group,False
2026-10-08T15:01Z,chart,most-popular,45,10765951887,111702513024754,DUCTWORKS,2018,8083,804,0.9095,829177,2005,23815,2026-09-10,2026-10-08,Simulation,,20,Scaryneff73,User,False
2026-10-08T15:01Z,chart,most-popular,46,10258991999,101770480176177,[MONGOLS] Command An Army,21690,162187,8102,0.9524,61997786,21707,866706,2026-06-02,2026-10-08,Action,Battlegrounds & Fighting,12,"Fight, Fight, Fight!",Group,False
2026-10-08T15:01Z,chart,most-popular,47,6945584306,94647229517154,[💀QOL🐱] Azure Latch,7874,1613711,53655,0.9678,586474403,7848,655131,2024-12-20,2026-10-06,Sports & Racing,Sports,10,[B:S] Azure Latch Team,Group,False
2026-10-08T15:01Z,chart,most-popular,48,372226183,893973440,Flee the Facility,11931,2803292,240590,0.921,6056853118,11939,9718685,2017-07-01,2026-10-01,Survival,1 vs All,5,A.W. Apps,Group,False
2026-10-08T15:01Z,chart,most-popular,49,5995470825,17516596118,🎃Hypershot,22303,1871879,109706,0.9446,1337544258,22238,22194139,2024-05-17,2026-10-08,Shooter,Deathmatch Shooter,17,Frosted Studio,Group,False
2026-10-08T15:01Z,chart,most-popular,50,10759518799,121165298854655,[CLASSES] DON'T LET HIM IN,4118,11958,1016,0.9217,10686049,4160,103772,2026-08-24,2026-10-07,Survival,,30,dilly dally games,Group,False
2026-10-08T15:01Z,chart,most-popular,51,321778215,735030788,Royale🎃High,6643,3264627,535003,0.8592,10462530663,6675,13329385,2017-04-10,2026-10-07,Roleplay & Avatar Sim,Dress Up,12,callmehbob,User,False
2026-10-08T15:01Z,chart,most-popular,52,9908641400,82866880824588,Football Fusion 3,1272,36223,7780,0.8232,76555269,1272,58892,2026-03-20,2026-10-01,Sports & Racing,Sports,14,XSTNS GAMES,Group,False
2026-10-08T15:01Z,chart,most-popular,53,10148749921,78515283254292,Animal Hospital (Anomaly) 🧪,33836,1320980,90358,0.936,2403663257,33808,3131548,2026-05-10,2026-10-06,Survival,,30,Animal Anomaly,Group,False
2026-10-08T15:01Z,chart,most-popular,54,7585140258,118418618261207,RUNAWAYS [beta],10608,399252,15827,0.9619,144737619,10643,659751,2025-04-23,2026-10-02,Action,Open World Action,50,supercat games,Group,False
2026-10-08T15:01Z,chart,most-popular,55,111958650,286090429,Arsenal,2591,5125725,665537,0.8851,6312503603,2602,11520212,2015-08-18,2026-10-07,Shooter,Deathmatch Shooter,16,ROLVe,Group,False
2026-10-08T15:01Z,chart,most-popular,56,10756011174,77108422251420,[🔱] Search For The Needle,16112,372658,16050,0.9587,97441007,16136,225993,2026-08-23,2026-10-08,Simulation,Incremental Simulator,20,Garage Games,Group,False
2026-10-08T15:01Z,chart,most-popular,57,9931749389,77649408247578,🎃HALLOWEEN 🎃 Dungeon Quest Reborn,6698,164703,6193,0.9638,151404949,6640,246527,2026-03-24,2026-10-06,RPG,Action RPG,40,Delta Quarters OG,Group,False
2026-10-08T15:01Z,chart,most-popular,58,10766502612,93539470484676,[UPD!] Scam With Your Friends,1740,2070,762,0.7309,1244096,1767,18820,2026-09-15,2026-10-08,Survival,,25,DO NOT REDEEM IT,Group,False
2026-10-08T15:01Z,chart,most-popular,59,1176784616,3260590327,Tower Defense Simulator,12296,2077976,129094,0.9415,5004534033,12262,3519286,2019-06-05,2026-10-05,Strategy,Tower Defense,50,Paradoxum Games,Group,False
2026-10-08T15:01Z,chart,most-popular,60,9891331827,93934100402512,Clover Time [BETA RELEASE],5731,57504,1826,0.9692,2408191,5727,122430,2026-03-16,2026-10-08,RPG,Action RPG,18,AnimeCore Studio,Group,False
2026-10-08T15:01Z,chart,most-popular,61,3647333358,9872472334,Evade ,39447,3242187,210991,0.9389,9274275714,39491,8301731,2022-06-10,2026-10-07,Survival,,15,Hexagon Development Community,Group,False
2026-10-08T15:01Z,chart,most-popular,62,1831550657,5233782396,✨ Creatures of Sonaria 📜 Survive Kaiju Animals,17043,1415552,116087,0.9242,2249962244,16987,11287097,2020-06-25,2026-10-08,Roleplay & Avatar Sim,Animal Sim,75,Sonar Studios,Group,False
2026-10-08T15:01Z,chart,most-popular,63,10090256806,120189115846709,TTK Testing [CUSTOMIZATION],3445,196306,19249,0.9107,55622570,3431,688775,2026-04-27,2026-10-06,Shooter,Deathmatch Shooter,12,Sable Digital,Group,False
2026-10-08T15:01Z,chart,most-popular,64,371263894,891852901,Greenville RP (⭐AUDI + SHELBY RELATED + RACES!),4417,1060961,146405,0.8787,1469170313,4389,2701523,2017-06-28,2026-10-08,Roleplay & Avatar Sim,Life,30,"Greenville, Wisconsin",Group,False
2026-10-08T15:01Z,chart,most-popular,65,601130232,1537690962,Bee Swarm Simulator,27619,3034388,139878,0.9559,4596106957,27614,6544922,2018-03-21,2026-08-22,Simulation,Incremental Simulator,6,Onett,User,False
2026-10-08T15:01Z,chart,most-popular,66,7395930870,79268393072444,Sell Lemons 🍋,11903,358715,20438,0.9461,470974226,11830,505188,2025-03-17,2026-10-07,Simulation,Tycoon,10,BloxByte Games,Group,False
2026-10-08T15:01Z,chart,most-popular,67,5578556129,16146832113,Anime Vanguards: Wrathful Assault,24141,2589378,87365,0.9674,2061496534,24139,1998132,2024-01-28,2026-10-08,Strategy,Tower Defense,24,Kitawari,Group,False
2026-10-08T15:01Z,chart,most-popular,68,10765298801,111543903102439,+1 Stone Skipping,34291,33032,1163,0.966,19946367,34068,736917,2026-09-05,2026-10-08,Simulation,Incremental Simulator,10,Meow Labs,Group,False
2026-10-08T15:01Z,chart,most-popular,69,10766687030,131234943387594,Rocket Rush,4375,10511,2643,0.7991,6184735,4344,20062,2026-09-16,2026-10-08,Simulation,Vehicle Sim,6,VOXELIFIED,Group,False
2026-10-08T15:01Z,chart,most-popular,70,648454481,1730877806,[🍬HALLOWEEN PT 1] Grand Piece Online,15998,1073573,121629,0.8982,1324968073,16096,1511486,2018-05-06,2026-10-08,RPG,Action RPG,1,Grand Quest Games,Group,False
2026-10-08T15:01Z,chart,most-popular,71,10766506199,116802325837172,7 Days Cat-Sitting,17196,10546,3727,0.7389,26479307,17324,98158,2026-09-15,2026-10-07,Survival,,16,HELP ME PLEASE studios,Group,False
2026-10-08T15:01Z,chart,most-popular,72,65241,189707,Natural Disaster Survival,5990,4413260,448839,0.9077,4503008380,5944,11889569,2008-03-28,2026-09-17,Survival,,30,Stickmasterluke,User,False
2026-10-08T15:01Z,chart,most-popular,73,1516533665,4623386862,Piggy [SEASON 9 - FRIGHT NIGHT],13428,4061856,435234,0.9032,14399064083,13476,12260794,2020-01-23,2026-10-07,Survival,,6,Piggy Dev Team,Group,False
2026-10-08T15:01Z,chart,most-popular,74,10762388019,117448312570314,[1 & 2 PLAYER] Grapple Cart Obby,6682,218723,16813,0.9286,28830179,6598,113870,2026-08-26,2026-10-02,Obby & Platformer,,25,rng dev,Group,False
2026-10-08T15:01Z,chart,most-popular,75,2783797267,7171174521,[🌲FOREST🌲] American Plains Mudding,7806,377314,45365,0.8927,714195614,7777,8219513,2021-07-29,2026-10-07,Simulation,Vehicle Sim,15,American Plains Mudding,Group,False
2026-10-08T15:01Z,chart,most-popular,76,5361032378,15532962292,Sol's RNG [ Eon 1-29 ],32977,1424079,134063,0.914,2218563193,32910,1023762,2023-12-03,2026-10-03,Simulation,Incremental Simulator,20,Sol's Studio,Group,False
2026-10-08T15:01Z,chart,most-popular,77,9641502068,112731528776884,KNIFE DUELS,12737,285650,19080,0.9374,121757842,12705,231083,2026-01-29,2026-10-08,Shooter,Deathmatch Shooter,60,KNIFE DUELS Team,Group,False
2026-10-08T15:01Z,chart,most-popular,78,10767012496,101880234193261,[UPDATE] Turbo Soccer : Beta 1.0,8936,18816,1996,0.9041,16022919,8901,46480,2026-09-19,2026-10-08,Sports & Racing,Sports,50,Turbo Soccer,Group,False
2026-10-08T15:01Z,chart,most-popular,79,1525626450,4637668954,(🍂) Rensselaer County,3281,396485,22640,0.946,340399493,3283,886813,2020-01-28,2026-10-07,Simulation,Vehicle Sim,30,Rensselaer County Official,Group,False
2026-10-08T15:01Z,chart,most-popular,80,10764640833,92722005168254,SKI,4638,13225,3223,0.804,21148787,4604,62069,2026-08-31,2026-10-08,Sports & Racing,Racing,25,SKΙ,Group,False
2026-10-08T15:01Z,chart,most-popular,81,3317771874,8737899170,🎃 [HATCH WARS] Pet Simulator 99! 🍀,50043,3069408,170508,0.9474,2661547943,50119,2204297,2022-02-05,2026-10-08,Simulation,Incremental Simulator,10,BIG Games Pets,Group,False
2026-10-08T15:01Z,chart,most-popular,82,10526463655,116921506811323,[NEW] 8 Ball Duels,4883,6744,2457,0.733,14996291,4844,30964,2026-07-18,2026-10-07,Sports & Racing,Sports,50,Pool Duels,Group,False
2026-10-08T15:01Z,chart,most-popular,83,245662005,606849621,Jailbreak,6537,5804756,811761,0.8773,8067524299,6537,18677486,2017-01-06,2026-10-07,Action,Open World Action,30,Badimo,Group,False
2026-10-08T15:01Z,chart,most-popular,84,7028566528,130739873848552,[PERFECTION ✨] Basketball: Zero,7144,7123288,124418,0.9828,1148821911,7116,2237476,2025-01-03,2026-10-05,Sports & Racing,Sports,10,Current.,Group,False
2026-10-08T15:01Z,chart,most-popular,85,7264587281,109397169461300,SNIPER DUELS,2460,127626,38816,0.7668,407960202,2463,1997847,2025-02-19,2026-10-04,Shooter,Deathmatch Shooter,50,LOCKED IN NETWORK,Group,False
2026-10-08T15:01Z,chart,most-popular,86,1202096104,3351674303,Driving Empire,25525,2537332,190775,0.9301,3342903118,25572,31782551,2019-06-23,2026-10-07,Simulation,Vehicle Sim,22,Driving Empire by Voldex,Group,False
2026-10-08T15:01Z,chart,most-popular,87,10550257968,107164765081465,Steal A Verity!,11641,10516,4081,0.7204,29842724,11639,924936,2026-07-23,2026-10-08,Simulation,Tycoon,7,Steal A Verity!,Group,False
2026-10-08T15:01Z,chart,most-popular,88,2765784373,7138009149,PHIGHTING! [BETA],2985,212334,13892,0.9386,91616712,2984,536876,2021-07-22,2026-10-07,Action,Battlegrounds & Fighting,16,boggio,Group,False
2026-10-08T15:01Z,chart,most-popular,89,10436530264,78490532994307,Build An Ant Empire,21643,40156,1580,0.9621,13541417,21642,274718,2026-07-03,2026-10-08,Simulation,Tycoon,6,Insect Kingdom studio,Group,False
2026-10-08T15:01Z,chart,most-popular,90,7398552394,107467295209358,A desrt [SANDBOX],12742,132624,15661,0.8944,261371978,12760,403659,2025-03-18,2026-10-07,Adventure,Exploration,100,DarkCodes studio,Group,False
2026-10-08T15:01Z,chart,most-popular,91,3240075297,8481844229,Berry Avenue 🏠 RP,28797,1147144,186137,0.8604,8821473988,29315,3658020,2022-01-07,2026-10-04,Roleplay & Avatar Sim,Life,31,Amberry Games,Group,False
2026-10-08T15:01Z,chart,most-popular,92,10677698797,102053304052438,DELTARUNE Fight [UPDATE],2758,19892,1652,0.9233,7530783,2784,62332,2026-08-11,2026-10-08,Action,Battlegrounds & Fighting,16,ItsIsaacIO,User,False
2026-10-08T15:01Z,chart,most-popular,93,6739698191,93978595733734,[CURE] Violence District,62547,766784,56077,0.9319,1544499287,62510,1654192,2024-10-31,2026-10-08,Survival,1 vs All,6,VIOLENCE DISTRICT,Group,False
2026-10-08T15:01Z,chart,most-popular,94,9837612476,131346454575416,[💥] Mini War,8796,794671,28976,0.9648,352264829,8774,1245185,2026-03-05,2026-10-07,Simulation,Tycoon,6,M&M Community,Group,False
2026-10-08T15:01Z,chart,most-popular,95,10767408330,116701845804918,Peel THE Potato,28768,20675,1247,0.9431,8263005,28792,24964,2026-09-21,2026-10-05,Simulation,Incremental Simulator,16,soviet potato republic,Group,False
2026-10-08T15:01Z,chart,most-popular,96,5026122481,14564651437,Death in the Box,2797,167315,17680,0.9044,275095985,2806,899771,2023-08-25,2026-10-07,Survival,,50,ARK-ADE,Group,False
2026-10-08T15:01Z,chart,most-popular,97,4568630521,13076380114,[💥] Heroes Battlegrounds,4220,1132965,191888,0.8552,1747621937,4218,1623181,2023-04-11,2026-10-08,Action,Battlegrounds & Fighting,15,more awesome games yo,Group,False
2026-10-08T15:01Z,chart,trending-music-experiences,1,6919822640,139708186687323,Sprunki RP 3D,193,20326,4830,0.808,60512209,192,864363,2024-12-14,2026-10-03,Roleplay & Avatar Sim,Morph Roleplay,35,Pranki Studios,Group,False
2026-10-08T15:01Z,chart,trending-music-experiences,2,6596003198,106809703371658,[🎵] Project : RUSHER,261,129034,9524,0.9313,39274677,238,379836,2024-09-24,2026-10-06,Action,Music & Rhythm,18,aster*kris,Group,False
2026-10-08T15:01Z,chart,trending-music-experiences,3,6983536246,125790795579287,[🎶] Incredible Blox,534,56449,4686,0.9233,60366313,506,206790,2024-12-26,2026-10-04,Entertainment,Music & Audio,50,specil studios Deluxe,Group,False
2026-10-08T15:01Z,chart,trending-music-experiences,4,7307246329,135619589726492,100 Players Musical Chairs,421,265666,45720,0.8532,206935941,377,2354060,2025-02-28,2026-01-13,Party & Casual,Childhood Game,26,Cleanrot,Group,False
2026-10-08T15:01Z,chart,trending-music-experiences,5,6957393054,95685043209957,LITE Rebates - [FLAKE PC] - BETA,54,1141,374,0.7531,5758153,54,5164,2024-12-22,2026-07-03,Simulation,,20,Innovation HUB,Group,False
2026-10-08T15:01Z,chart,trending-music-experiences,6,1917762467,5484617659,🎵 Free Boombox/Radio 🎵,20,4316,1152,0.7893,4821421,17,13893,2020-08-02,2026-08-02,Entertainment,Music & Audio,28,XrTemp,Group,False
2026-10-08T15:01Z,chart,trending-music-experiences,7,7430288939,122627508602297,Chipeo's Choir 2.0,130,4073,552,0.8806,9197606,132,11120,2025-03-24,2026-10-08,Simulation,Vehicle Sim,20,Gabrielchipeord,User,False
2026-10-08T15:01Z,chart,trending-music-experiences,8,7893515528,89343390950953,🎤 My Singing Brainrot,87,590295,20331,0.9667,302525748,82,248612,2025-06-11,2026-08-06,Simulation,Tycoon,8,LOL Beats Game,Group,False
2026-10-08T15:01Z,chart,trending-music-experiences,9,7113599041,125479550217058,vivid memory - cozy house [showcase/RP],207,18608,627,0.9674,9409470,208,125809,2025-01-19,2026-10-04,Social,,25,Soggy frog gang,Group,False
2026-10-08T15:01Z,chart,trending-music-experiences,10,7411615879,71849204829689,[Wyw my sweetie] Trend City RP 🎶,559,22029,1607,0.932,40066486,542,54208,2025-03-21,2026-10-03,Roleplay & Avatar Sim,Dress Up,40,OofMayy Studios,Group,False
2026-10-08T15:01Z,chart,trending-music-experiences,11,3232838484,8457392226,🎶 [RE] RH Dance Studio,414,46782,3871,0.9236,91624141,407,137037,2022-01-05,2026-10-08,Roleplay & Avatar Sim,,50,RH Studios,Group,False
2026-10-08T15:01Z,chart,trending-music-experiences,12,8058628992,114537828794341,Kpop Demon Hunters RP,542,75327,6636,0.919,177750620,537,585671,2025-07-03,2026-10-08,Roleplay & Avatar Sim,Morph Roleplay,50,Kpop Demon Hunterss,Group,False
2026-10-08T15:01Z,chart,trending-music-experiences,13,6273901846,18515565136,💕 Guess the KPOP!,62,6539,874,0.8821,5722388,53,29465,2024-07-16,2026-10-08,Party & Casual,Quiz,30,CheeseNPizza,User,False
2026-10-08T15:01Z,chart,trending-music-experiences,14,6970074970,115132134695110,Sprunki,28,2691,555,0.829,7734292,32,15587,2024-12-25,2025-06-17,Entertainment,Music & Audio,1,racerxe,User,False
2026-10-08T15:01Z,chart,trending-in-rpg,1,648454481,1730877806,[🍬HALLOWEEN PT 1] Grand Piece Online,15998,1073573,121629,0.8982,1324968073,16096,1511486,2018-05-06,2026-10-08,RPG,Action RPG,1,Grand Quest Games,Group,False
2026-10-08T15:01Z,chart,trending-in-rpg,2,9891331827,93934100402512,Clover Time [BETA RELEASE],5731,57504,1826,0.9692,2408191,5727,122430,2026-03-16,2026-10-08,RPG,Action RPG,18,AnimeCore Studio,Group,False
2026-10-08T15:01Z,chart,trending-in-rpg,3,1946714362,5571328985,[🎉] Bloodlines,1680,44713,9975,0.8176,62762563,1669,164861,2020-08-16,2026-10-08,RPG,Action RPG,1,-Bloodlines-,Group,False
2026-10-08T15:01Z,chart,trending-in-rpg,4,1235188606,3475397644,[⭐SZN 10] Dragon Adventures 🐉,5760,1117544,78730,0.9342,1730424066,5787,14549430,2019-07-15,2026-10-07,RPG,,20,Sonar Studios,Group,False
2026-10-08T15:01Z,chart,trending-in-rpg,5,10743048214,116192088324578,🎃 [HALLOWEEN EVENT] FNaF World Multiplayer,3771,9518,419,0.9578,1364732,3774,26748,2026-08-20,2026-10-08,RPG,Turn-based RPG,20,Sunny_Verified,User,False
2026-10-08T15:01Z,chart,trending-in-rpg,6,1087859240,3016661674,[🎃] Rogue Lineage,1125,118579,23297,0.8358,385304046,1117,345237,2019-03-29,2026-10-04,RPG,Action RPG,10,Rogue Lineage,Group,False
2026-10-08T15:01Z,chart,trending-in-rpg,7,2309918273,6270290407,[⚡ SHUNKO] VV: ULTIMATUM,1059,205903,22366,0.902,54483994,1062,531385,2021-01-19,2026-10-05,RPG,Action RPG,30,Midnight Continent,Group,False
2026-10-08T15:01Z,chart,trending-in-rpg,8,3110388936,8075399143,[✨ QOL + Susanoo Rework 👹 ] Ninja Time,2328,180402,19294,0.9034,92902213,2324,311641,2021-11-23,2026-10-03,RPG,Action RPG,1,Boss Studio x Luxinn Games,Group,False
2026-10-08T15:01Z,chart,trending-in-rpg,9,3936365689,10912405603,[DRAGONS!] Clover Retribution,1381,203732,15425,0.9296,73657399,1435,349332,2022-09-14,2026-10-07,RPG,Action RPG,1,Clover Retribution,Group,False
2026-10-08T15:01Z,chart,trending-in-rpg,10,1511883870,4616652839,Shindo Life [250],2436,2243820,145925,0.9389,2730992308,2431,3078383,2020-01-20,2026-08-10,RPG,Action RPG,5,RELL World,Group,False
2026-10-08T15:01Z,chart,trending-in-rpg,11,7458874788,80003276594057, 🎃 [CONSOLE] Pixel Quest!,1393,68183,9966,0.8725,25177903,1389,352905,2025-03-30,2026-10-08,RPG,Open World & Survival RPG,55,Pixel Quest!,Group,False
2026-10-08T15:01Z,chart,trending-in-rpg,12,1782832995,5130598377,A Universal Time,1301,910123,147241,0.8607,992514134,1293,1415900,2020-06-03,2026-09-27,RPG,Action RPG,1,Universe Time Studio,Group,False
2026-10-08T15:01Z,chart,trending-in-rpg,13,6161049307,18172550962,Pixel Blade,2198,760280,25049,0.9681,239858854,2204,987956,2024-06-23,2026-10-04,RPG,Action RPG,20,Frost Blade Games,Group,False
2026-10-08T15:01Z,chart,trending-in-rpg,14,10250809822,87061591699718,Lootbound (BIG UPDATE),388,2328,509,0.8206,715159,376,11551,2026-05-31,2026-10-08,RPG,Action RPG,30,Chick-fil-A Studios,Group,False
2026-10-08T15:01Z,chart,trending-in-rpg,15,114967577,298400657,[ULTRA INSTINCT!] Dragon Ball Final: Reborn,583,92608,14865,0.8617,59806468,597,277091,2015-09-19,2026-10-04,RPG,Action RPG,6,NilSaiyanz,User,False
2026-10-08T15:01Z,chart,trending-in-rpg,16,4862269388,14038329225,Archived,954,35799,16918,0.6791,143204716,956,149612,2023-07-12,2026-09-28,RPG,Action RPG,18,Archived Library,Group,False
2026-10-08T15:01Z,chart,trending-in-rpg,17,5595353122,16205713724,Slayers 2,71359,920107,20454,0.9783,114527810,71361,498157,2024-02-02,2026-10-08,RPG,Action RPG,1,Ouw Productions,Group,False
2026-10-08T15:01Z,chart,trending-in-rpg,18,994732206,2753915549,Blox Fruits,210139,12748107,1065564,0.9229,64864099175,210687,20042809,2019-01-16,2026-09-27,RPG,Action RPG,12,Gamer Robot Inc,Group,False
2026-10-08T15:01Z,chart,trending-in-rpg,19,9931749389,77649408247578,🎃HALLOWEEN 🎃 Dungeon Quest Reborn,6698,164703,6193,0.9638,151404949,6640,246527,2026-03-24,2026-10-06,RPG,Action RPG,40,Delta Quarters OG,Group,False
2026-10-08T15:01Z,chart,trending-in-rpg,20,4658598196,13379208636,Attack on Titan Revolution,13017,1422666,59699,0.9597,1153557685,12972,1504567,2023-05-07,2026-09-28,RPG,Action RPG,20,AoTR [PI],Group,False
2026-10-08T15:01Z,chart,trending-in-rpg,21,1016936714,2809202155,[CDR & DD] Your Bizarre Adventure,10034,1451225,181990,0.8886,2267745425,10027,1970628,2019-02-02,2026-09-30,RPG,Action RPG,20,Bizarre Studios®,Group,False
2026-10-08T15:01Z,chart,trending-in-rpg,22,6760085372,128451689942376,[🎞️ DOMAIN] Jujutsu: Zero,5103,223142,11014,0.953,127257842,5151,212230,2024-11-04,2026-10-07,RPG,Action RPG,14,Studio Resonance,Group,False
2026-10-08T15:01Z,chart,trending-in-rpg,23,7359962123,80734098185936,An Average Campaign [Alpha v0.5.1],2481,88696,5264,0.944,58227503,2485,275234,2025-03-10,2026-10-07,RPG,Turn-based RPG,50,An Average Campaign,Group,False
2026-10-08T15:01Z,chart,trending-in-rpg,24,9880286438,111097829542198,[Wild Hunt Upd!] Legacy Piece,7150,85259,2598,0.9704,26137593,7128,66151,2026-03-14,2026-10-06,RPG,Action RPG,12,Gwynn's Shrine,Group,False
2026-10-08T15:01Z,chart,trending-in-rpg,25,7970033072,125503525638054,The Veil,1049,158503,3910,0.9759,7690152,1043,109358,2025-06-22,2026-10-04,RPG,Action RPG,16,BlackstarDW Studios,Group,False
2026-10-08T15:01Z,chart,trending-in-rpg,26,3419284255,9096881148,Peroxide [Update!],2108,456689,45944,0.9086,420356893,2118,866487,2022-03-14,2026-10-08,RPG,Action RPG,30,[Peroxide],Group,False
2026-10-08T15:01Z,chart,trending-in-rpg,27,3164075108,8246874626,[X2 WEEK] Dragon Soul | Anime MMO 🐲,2520,499315,28217,0.9465,289564281,2508,749713,2021-12-13,2026-10-07,RPG,Action RPG,6,Dragon Soul (DS),Group,False
2026-10-08T15:01Z,chart,trending-in-rpg,28,10768462078,74608256292004,[Pokemon Brick Bronze] [Bronze Forever],2464,3066,83,0.9736,1444690,2457,7682,2026-09-28,2026-10-08,RPG,Turn-based RPG,20,Hyper Ball Games,Group,False
2026-10-08T15:01Z,chart,trending-in-rpg,29,9656201728,106484206883664,[ 🐺 STARRK] Dungeon Lootr,1582,62274,3094,0.9527,31505223,1596,110372,2026-01-31,2026-10-06,RPG,,15,ClickBytes,Group,False
2026-10-08T15:01Z,chart,trending-in-sports-and-racing,1,6931042565,73956553001240,[UPD] Volleyball Legends,46888,2573590,130017,0.9519,3940863450,46847,5462509,2024-12-17,2026-10-08,Sports & Racing,Sports,12,Volleyball Game Group,Group,False
2026-10-08T15:01Z,chart,trending-in-sports-and-racing,2,184199275,2338325648,[🔥] NFL Universe Football,3753,571496,62082,0.902,992457043,3796,1926577,2018-09-12,2026-10-06,Sports & Racing,Sports,12,NFL Universe Football by Voldex,Group,False
2026-10-08T15:01Z,chart,trending-in-sports-and-racing,3,6945584306,94647229517154,[💀QOL🐱] Azure Latch,7874,1613711,53655,0.9678,586474403,7848,655131,2024-12-20,2026-10-06,Sports & Racing,Sports,10,[B:S] Azure Latch Team,Group,False
2026-10-08T15:01Z,chart,trending-in-sports-and-racing,4,9908641400,82866880824588,Football Fusion 3,1272,36223,7780,0.8232,76555269,1272,58892,2026-03-20,2026-10-01,Sports & Racing,Sports,14,XSTNS GAMES,Group,False
2026-10-08T15:01Z,chart,trending-in-sports-and-racing,5,7028566528,130739873848552,[PERFECTION ✨] Basketball: Zero,7169,7123288,124418,0.9828,1148821911,7116,2237476,2025-01-03,2026-10-05,Sports & Racing,Sports,10,Current.,Group,False
2026-10-08T15:01Z,chart,trending-in-sports-and-racing,6,10767012496,101880234193261,[UPDATE] Turbo Soccer : Beta 1.0,8878,18771,1995,0.9039,16022919,8901,46480,2026-09-19,2026-10-08,Sports & Racing,Sports,50,Turbo Soccer,Group,False
2026-10-08T15:01Z,chart,trending-in-sports-and-racing,7,10526463655,116921506811323,[NEW] 8 Ball Duels,4883,6744,2457,0.733,14996291,4844,30964,2026-07-18,2026-10-07,Sports & Racing,Sports,50,Pool Duels,Group,False
2026-10-08T15:01Z,chart,trending-in-sports-and-racing,8,6325068386,18668065416,[🧟‍♂️ Don Lorenzo] Blue Lock: Rivals,14663,10238911,356984,0.9663,4986594468,14662,6285028,2024-07-26,2026-10-03,Sports & Racing,Sports,10,Blue Lock Rivals Unofficial Fans,Group,False
2026-10-08T15:01Z,chart,trending-in-sports-and-racing,9,4931927012,14259168147,[🎃]🏀Basketball Legends🏀,2377,666963,105694,0.8632,769035457,2370,696718,2023-07-31,2026-10-07,Sports & Racing,Sports,10,InfinitySports,Group,False
2026-10-08T15:01Z,chart,trending-in-sports-and-racing,10,7883776681,90906407195271,[EVENT🎃] Racket Rivals ,6604,1207091,64577,0.9492,574075237,6458,4747589,2025-06-10,2026-10-07,Sports & Racing,Sports,18,⨯ Small World Games,Group,False
2026-10-08T15:01Z,chart,trending-in-sports-and-racing,11,6505338302,90913221847091,🏈Football Legends🏈,804,70548,10847,0.8667,134074895,783,98754,2024-09-02,2026-10-05,Sports & Racing,Sports,14,InfinityLegends,Group,False
2026-10-08T15:01Z,chart,trending-in-sports-and-racing,12,5666473198,16447934574,[🎃] Soccer: Touch Football,4961,106307,19112,0.8476,444172975,5043,143079,2024-02-20,2026-10-08,Sports & Racing,Sports,10,Touch Games,Group,False
2026-10-08T15:01Z,chart,trending-in-sports-and-racing,13,8558141897,99588440661442,Flag Football 🏈,465,35344,4665,0.8834,57718413,467,80503,2025-08-27,2026-09-29,Sports & Racing,Sports,14,[CFB] - College Football,Group,False
2026-10-08T15:01Z,chart,trending-in-sports-and-racing,14,6925303818,137628283909891,Goalbound,947,930971,20858,0.9781,74176105,937,272387,2024-12-15,2026-10-07,Sports & Racing,Sports,12,ΞGO,Group,False
2026-10-08T15:01Z,chart,trending-in-sports-and-racing,15,10124403207,120458890713784,[🔥CODES] Road to Glory: Football (Beta),203,1271,313,0.8024,1081323,202,4312,2026-05-04,2026-10-07,Sports & Racing,Sports,1,Road to Glory: College Football,Group,False
2026-10-08T15:01Z,chart,trending-in-sports-and-racing,16,9893475671,105935731955936,[PARK 🎃] OT7 Football 🏈,326,7036,709,0.9085,8387885,324,14008,2026-03-16,2026-10-08,Sports & Racing,Sports,14,[OT7] - OTSEVEN,Group,False
2026-10-08T15:01Z,chart,trending-in-sports-and-racing,17,7128251171,101432174163538,[TRADING] Superstar Baseball,425,197867,17050,0.9207,103034567,408,236555,2025-01-22,2026-10-06,Sports & Racing,Sports,14,Metavision,Group,False
2026-10-08T15:01Z,chart,trending-in-sports-and-racing,18,7884563721,134558434771720,[🔥RALLIES] Arcade Basketball 🏀 ,356,239136,28564,0.8933,140480400,343,877352,2025-06-10,2026-10-07,Sports & Racing,Sports,28,Arcade Basketball,Group,False
2026-10-08T15:01Z,chart,trending-in-sports-and-racing,19,10739112966,119242658671952,Street Soccer Pro,7176,2810,769,0.7851,3272386,7211,24680,2026-08-19,2026-10-08,Sports & Racing,Sports,8,Unnamed Football Prod,Group,False
2026-10-08T15:01Z,chart,trending-in-sports-and-racing,20,1198533421,3339374541,Midnight Racing: Tokyo,908,256597,28988,0.8985,184579279,901,734443,2019-06-20,2026-10-06,Sports & Racing,Racing,8,devGem,Group,False
2026-10-08T15:01Z,chart,trending-in-sports-and-racing,21,8181391950,85056532479796,[UPD] Neo Tennis,1491,264253,27165,0.9068,242226957,1453,4579414,2025-07-17,2026-09-04,Sports & Racing,Sports,12,Century Athletes,Group,False
2026-10-08T15:01Z,chart,trending-in-sports-and-racing,22,10155360168,126987974021910,Illegal Soccer,43741,89612,13932,0.8654,147828212,43637,238298,2026-05-12,2026-10-05,Sports & Racing,Sports,8,Repotted,Group,False
2026-10-08T15:01Z,chart,trending-in-sports-and-racing,23,10764640833,92722005168254,SKI,4638,13218,3223,0.804,21148787,4604,62069,2026-08-31,2026-10-08,Sports & Racing,Racing,25,SKΙ,Group,False
2026-10-08T15:01Z,chart,trending-in-sports-and-racing,24,10601155553,118298168947099,That Freekick Challenge (TFC),3509,126195,5609,0.9574,32556390,3568,189315,2026-07-31,2026-10-03,Sports & Racing,Sports,20,NelStud,Group,False
2026-10-08T15:01Z,chart,trending-in-sports-and-racing,25,7372152033,84956402848349,Realistic Golf ⛳,483,17167,6364,0.7295,33862456,498,59297,2025-03-13,2026-08-28,Sports & Racing,Sports,14,Sharkie212,User,False
2026-10-08T15:01Z,chart,trending-in-sports-and-racing,26,4949420752,14315258385,Realistic Street Soccer,21507,494200,90226,0.8456,1695061687,21347,807372,2023-08-04,2026-10-07,Sports & Racing,Sports,8,The Builder's Legion,Group,False
2026-10-08T15:01Z,chart,trending-in-sports-and-racing,27,4293374620,12177325772,FIFA Super Soccer,11314,461608,105541,0.8139,1577976548,11305,1106713,2023-01-16,2026-10-07,Sports & Racing,Sports,8,Play! Football,Group,False
2026-10-08T15:01Z,chart,trending-in-sports-and-racing,28,10370802481,105452889569708,[UPDATE] Beatball,1685,25280,9254,0.732,112664599,1691,338552,2026-06-21,2026-10-08,Sports & Racing,Sports,8,Lucentum Games,Group,False
2026-10-08T15:01Z,chart,trending-in-sports-and-racing,29,1871172282,5342047554,💀 Backstretch Battles Racing,160,176047,51339,0.7742,102039416,165,355550,2020-07-13,2026-10-04,Sports & Racing,Racing,20,Backstretch Battles,Group,False
2026-10-08T15:01Z,chart,trending-in-sports-and-racing,30,10435851846,73889875294947,[EVENT] Hit Home Runs,147,19459,2789,0.8746,23799351,149,230844,2026-07-02,2026-10-05,Sports & Racing,Sports,10,Super Fun Sport Games,Group,False
2026-10-08T15:01Z,chart,trending-in-shooter,1,9534705677,122446657157717,[🔥NEW SNIPER] Sniper Arena,20829,289539,25956,0.9177,305592393,20999,3029392,2026-01-10,2026-10-08,Shooter,Deathmatch Shooter,20,9D GAME CLUB,Group,False
2026-10-08T15:01Z,chart,trending-in-shooter,2,113491250,292439477,[Fall Weapon Remodels!] Phantom Forces,2538,2464336,251340,0.9074,1801915627,2529,5987483,2015-08-31,2026-10-03,Shooter,Deathmatch Shooter,32,StyLiS Studios,Group,False
2026-10-08T15:01Z,chart,trending-in-shooter,3,111958650,286090429,Arsenal,2650,5125725,665537,0.8851,6312503603,2602,11520212,2015-08-18,2026-10-07,Shooter,Deathmatch Shooter,16,ROLVe,Group,False
2026-10-08T15:01Z,chart,trending-in-shooter,4,10090256806,120189115846709,TTK Testing [CUSTOMIZATION],3444,196306,19249,0.9107,55622570,3431,688775,2026-04-27,2026-10-06,Shooter,Deathmatch Shooter,12,Sable Digital,Group,False
2026-10-08T15:01Z,chart,trending-in-shooter,5,4342047058,12334109280,Guts & Blackpowder,12243,524700,32760,0.9412,607504907,12278,1327063,2023-01-31,2026-10-06,Shooter,PvE Shooter,20,Guts & Blackpowder,Group,False
2026-10-08T15:01Z,chart,trending-in-shooter,6,7633926880,114234929420007,[UPDATE] BloxStrike,15275,617514,34713,0.9468,289163986,15236,962536,2025-05-02,2026-10-06,Shooter,Deathmatch Shooter,14,BloxStrike,Group,False
2026-10-08T15:01Z,chart,trending-in-shooter,7,10766222230,93773799627660,Portal Arena [UPDATE],728,3156,582,0.8443,2204434,739,9452,2026-09-12,2026-10-08,Shooter,Deathmatch Shooter,50,[R&M] Portal Studios,Group,False
2026-10-08T15:01Z,chart,trending-in-shooter,8,7265339759,94987506187454,[🗡️ BALLISTIC KNIFE] REDLINER,927,148518,15296,0.9066,67681441,908,372568,2025-02-19,2026-10-06,Shooter,Deathmatch Shooter,75,REDLINER,Group,False
2026-10-08T15:01Z,chart,trending-in-shooter,9,10767826343,73810139314608,✈️ Zombie Air Force,2390,1433,225,0.8643,266443,2383,5118,2026-09-24,2026-10-08,Shooter,PvE Shooter,10,fresh green beans,Group,False
2026-10-08T15:01Z,chart,trending-in-shooter,10,16680835,21532277,Notoriety: A PAYDAY® Experience,3048,600067,48342,0.9254,551845436,3048,2795649,2010-01-29,2026-10-08,Shooter,PvE Shooter,80,Moonstone Games,Group,False
2026-10-08T15:01Z,chart,trending-in-shooter,11,7882785167,78353262320982,Enfosi,2056,31001,3077,0.9097,11785047,2044,79424,2025-06-10,2026-10-07,Shooter,PvE Shooter,50,Tumore,Group,False
2026-10-08T15:01Z,chart,trending-in-shooter,12,1281592938,3678761576,[🗣️CALLOUT🗣️] ENTRENCHED 🥀,3337,471658,39684,0.9224,314712582,3367,2601803,2019-08-18,2026-10-01,Shooter,Deathmatch Shooter,40,Edot,Group,False
2026-10-08T15:01Z,chart,trending-in-shooter,13,10648640958,77463332823746,[UPD 2 🏆] Hood Rivals,1678,36930,3882,0.9049,42254234,1684,482598,2026-08-07,2026-10-08,Shooter,Deathmatch Shooter,30,A-Grade Productions,Group,False
2026-10-08T15:01Z,chart,trending-in-shooter,14,1851087906,5286116071,[🐶DOGS] Hunting Season [BETA],1916,126392,50003,0.7165,121074895,1916,437613,2020-07-04,2026-10-04,Shooter,,200,Josima Studios,Group,False
2026-10-08T15:01Z,chart,trending-in-shooter,15,6583326485,118367369949006,Ground War [TANKS],3900,92852,22943,0.8019,140520661,3845,224527,2024-09-21,2026-10-07,Shooter,Deathmatch Shooter,32,Stealth Developers,Group,False
2026-10-08T15:01Z,chart,trending-in-shooter,16,9060222574,127558106328265,[CONSOLE] REALISTIC HOME INVASION,404,728,545,0.5719,202024,389,2607,2025-10-29,2026-10-08,Shooter,Deathmatch Shooter,16,Damascus_Mel,User,False
2026-10-08T15:01Z,chart,trending-in-shooter,17,6035872082,17625359962,RIVALS,166627,10726646,723543,0.9368,18589856226,165638,94149858,2024-05-26,2026-10-07,Shooter,Deathmatch Shooter,40,Nosniy Games,Group,False
2026-10-08T15:01Z,chart,trending-in-shooter,18,4750561026,13687899540,Cold War [VIETNAM],8503,198972,22126,0.8999,50472953,8451,332673,2023-06-08,2026-10-02,Shooter,Deathmatch Shooter,80,Grip Studios,Group,False
2026-10-08T15:01Z,chart,trending-in-shooter,19,5995470825,17516596118,🎃Hypershot,22303,1871869,109705,0.9446,1337544258,22238,22194139,2024-05-17,2026-10-08,Shooter,Deathmatch Shooter,17,Frosted Studio,Group,False
2026-10-08T15:01Z,chart,trending-in-shooter,20,9641502068,112731528776884,KNIFE DUELS,12672,285650,19080,0.9374,121757842,12705,231083,2026-01-29,2026-10-08,Shooter,Deathmatch Shooter,60,KNIFE DUELS Team,Group,False
2026-10-08T15:01Z,chart,trending-in-shooter,21,7264587281,109397169461300,SNIPER DUELS,2442,127626,38816,0.7668,407960202,2463,1997847,2025-02-19,2026-10-04,Shooter,Deathmatch Shooter,50,LOCKED IN NETWORK,Group,False
2026-10-08T15:01Z,chart,trending-in-shooter,22,3730079862,10165583746,Examination,4555,163576,14258,0.9198,60578685,4592,492750,2022-07-09,2026-10-05,Shooter,PvE Shooter,20,{MENLO-INFANTRY-DIVISION},Group,False
2026-10-08T15:01Z,chart,trending-in-shooter,23,6190071862,18259975825,Grave/Digger,2005,83347,11568,0.8781,69646799,2000,231592,2024-06-29,2026-10-07,Shooter,Deathmatch Shooter,32,Archeximus,User,False
2026-10-08T15:01Z,chart,trending-in-shooter,24,9561553764,120851538706364,Murder Duels,11606,259207,17603,0.9364,269700202,11580,225939,2026-01-14,2026-10-03,Shooter,Deathmatch Shooter,50,Breakfast,Group,False
2026-10-08T15:01Z,chart,trending-in-shooter,25,5091490171,14772802900,[🎥REPLAY] Jailbird,1447,107778,11849,0.901,93062559,1395,316115,2023-09-14,2026-09-02,Shooter,Deathmatch Shooter,40,Jailbird Official,Group,False
2026-10-08T15:01Z,chart,trending-in-shooter,26,9294074907,90568084448279,[FPS] One Tap,16226,220684,30200,0.8796,585252195,16290,652737,2025-12-04,2026-10-08,Shooter,Deathmatch Shooter,8,Stringless Banjo,Group,False
2026-10-08T15:01Z,chart,trending-in-shooter,27,10057403337,84556640895285,[🔥 BERSERKER] Deagle Arena,9801,79272,11323,0.875,237455817,9791,8828671,2026-04-19,2026-10-07,Shooter,Deathmatch Shooter,8,Deagle Arena,Group,False
2026-10-08T15:01Z,chart,trending-in-shooter,28,1003981402,2778230703,Reminiscence Zombies,401,54732,4747,0.9202,32589921,395,242891,2019-01-23,2026-10-08,Shooter,PvE Shooter,30,Tri-Circular Studios,Group,False
2026-10-08T15:01Z,chart,trending-in-shooter,29,9511454418,123873483242204,[💥BLAST] Anime Finals,433,19044,1702,0.918,4528062,421,35706,2026-01-06,2026-10-08,Shooter,Deathmatch Shooter,12,MOVI Games,Group,False
2026-10-08T15:01Z,chart,trending-in-action,1,3508322461,9391468976,[SKY ASSASSIN] Jujutsu Shenanigans,124209,2631474,420964,0.8621,7531474277,124018,3085891,2022-04-17,2026-10-08,Action,Battlegrounds & Fighting,20,Tze's Shenanigans,Group,False
2026-10-08T15:01Z,chart,trending-in-action,2,10764627709,107535308163741,Huss Valley,79874,85265,10167,0.8935,46341076,79864,110181,2026-08-31,2026-10-08,Action,Battlegrounds & Fighting,30,Huss Valley Official,Group,False
2026-10-08T15:01Z,chart,trending-in-action,3,3808081382,10449761463,The Strongest Battlegrounds,50690,5317328,1030262,0.8377,19373899802,50906,7693993,2022-08-02,2026-10-06,Action,Battlegrounds & Fighting,15,Yielding Arts,Group,False
2026-10-08T15:01Z,chart,trending-in-action,4,2765784373,7138009149,PHIGHTING! [BETA],2985,212334,13891,0.9386,91616712,2984,536876,2021-07-22,2026-10-07,Action,Battlegrounds & Fighting,16,boggio,Group,False
2026-10-08T15:01Z,chart,trending-in-action,5,10737656087,128899661081075,(👑UPDATE👑) THA BRONX 3,2330,9740,769,0.9268,6110631,2338,14789,2026-08-18,2026-10-08,Action,Open World Action,30,223Z STUDIOS,Group,False
2026-10-08T15:01Z,chart,trending-in-action,6,7219654364,135856908115931,[🎃DUELS] Murderers VS Sheriffs,28737,267934,39258,0.8722,1891635601,28749,16707819,2025-02-09,2026-10-08,Action,Battlegrounds & Fighting,30,MVS Duels Community,Group,False
2026-10-08T15:01Z,chart,trending-in-action,7,10575295323,128808728984345,Highway Patrol [Alpha],5845,2932,811,0.7833,4999921,5858,19379,2026-07-26,2026-10-08,Action,Open World Action,28,1reality,Group,False
2026-10-08T15:01Z,chart,trending-in-action,8,1008451066,2788229376,Da Hood,2108,1297553,542720,0.7051,2954730539,2107,3007064,2019-01-27,2026-10-05,Action,Open World Action,45,Da Hood Entertainment,Group,False
2026-10-08T15:01Z,chart,trending-in-action,9,4557322431,13042495892,[QT: REWIRED] Project: Afternight,1148,96146,9265,0.9121,59690802,1145,209957,2023-04-08,2026-10-06,Action,Music & Rhythm,40,Dawndreamer Studios,Group,False
2026-10-08T15:01Z,chart,trending-in-action,10,2380077519,6403373529,[UPDATE🏴‍☠️] Slap Battles👏,7291,1958359,317492,0.8605,3654262443,7308,4664019,2021-02-16,2026-10-07,Action,Battlegrounds & Fighting,16,Slap Battles,Group,False
2026-10-08T15:01Z,chart,trending-in-action,11,3990106548,11158043705,Baddies 💅,3271,478998,96297,0.8326,1873996393,3289,6417781,2022-10-03,2026-10-07,Action,Battlegrounds & Fighting,22,Meow Meow Games!,Group,False
2026-10-08T15:01Z,chart,trending-in-action,12,8524572339,99449877692519,bridger: WESTERN (UPD!),2449,81742,22451,0.7845,96276213,2478,139107,2025-08-23,2026-10-08,Action,Open World Action,25,BRIDGER INC.,Group,False
2026-10-08T15:01Z,chart,trending-in-action,13,10732236937,127403135954624,[ Halloween ] Kaiju Alpha,9046,40875,3588,0.9193,35020047,9050,69426,2026-08-17,2026-10-08,Action,Battlegrounds & Fighting,25,SULU OPPA,Group,False
2026-10-08T15:01Z,chart,trending-in-action,14,1998835206,5670218884,[🎂] item asylum,1614,514459,77598,0.8689,594544856,1566,1178510,2020-09-08,2026-09-09,Action,Battlegrounds & Fighting,30,Jean's Bizarre Community,Group,False
2026-10-08T15:01Z,chart,trending-in-action,15,4987856151,14438406081,Wanted [💰UPDATE],13963,377224,12337,0.9683,128245849,14051,533667,2023-08-14,2026-10-06,Action,Open World Action,30,DevvGames,Group,False
2026-10-08T15:01Z,chart,trending-in-action,16,6061766680,17698425045,[UNBANS] fight in a school,2312,313988,81560,0.7938,570744133,2267,606219,2024-06-01,2026-10-03,Action,Battlegrounds & Fighting,30,Fight In A Game,Group,False
2026-10-08T15:01Z,chart,trending-in-action,17,578392296,1458767429,ABA,12478,515423,123242,0.807,1346213229,12492,998876,2018-02-25,2026-10-08,Action,Battlegrounds & Fighting,16,Dogs Studios: South,Group,False
2026-10-08T15:01Z,chart,trending-in-action,18,2619619496,6872265039,BedWars [🎣RERELEASE🪤],19571,2480133,533920,0.8229,11755491321,19600,4634235,2021-05-27,2026-10-06,Action,Battlegrounds & Fighting,40,Easy.gg,Group,False
2026-10-08T15:01Z,chart,trending-in-action,19,4777817887,13772394625,Blade Ball,18399,8456241,591701,0.9346,6474467543,18377,12995082,2023-06-17,2026-10-08,Action,Battlegrounds & Fighting,16,Wiggity.,Group,False
2026-10-08T15:01Z,chart,trending-in-action,20,10258991999,101770480176177,[MONGOLS] Command An Army,21690,162187,8102,0.9524,61997786,21707,866706,2026-06-02,2026-10-08,Action,Battlegrounds & Fighting,12,"Fight, Fight, Fight!",Group,False
2026-10-08T15:01Z,chart,trending-in-action,21,7585140258,118418618261207,RUNAWAYS [beta],10608,399243,15826,0.9619,144737619,10643,659751,2025-04-23,2026-10-02,Action,Open World Action,50,supercat games,Group,False
2026-10-08T15:01Z,chart,trending-in-action,22,245662005,606849621,Jailbreak,6522,5804756,811761,0.8773,8067524299,6537,18677486,2017-01-06,2026-10-07,Action,Open World Action,30,Badimo,Group,False
2026-10-08T15:01Z,chart,trending-in-action,23,1054526971,2916899287,Blackhawk Rescue Mission 5,5196,618458,67751,0.9013,631773718,5176,1716625,2019-03-03,2026-10-04,Action,Open World Action,1,PLATINUM FIVE,Group,False
2026-10-08T15:01Z,chart,trending-in-action,24,10677698797,102053304052438,DELTARUNE Fight [UPDATE],2815,19892,1652,0.9233,7530783,2784,62332,2026-08-11,2026-10-08,Action,Battlegrounds & Fighting,16,ItsIsaacIO,User,False
2026-10-08T15:01Z,chart,trending-in-action,25,4568630521,13076380114,[💥] Heroes Battlegrounds,4220,1132965,191888,0.8552,1747621937,4218,1623181,2023-04-11,2026-10-08,Action,Battlegrounds & Fighting,15,more awesome games yo,Group,False
2026-10-08T15:01Z,chart,trending-in-action,26,2404080894,6447798030,[LULLABY] Funky Friday,2183,1975506,215113,0.9018,2019995040,2171,4117937,2021-02-26,2026-09-14,Action,Music & Rhythm,20,Lyte Interactive,Group,False
2026-10-08T15:01Z,chart,trending-in-action,27,73885730,155615604,Prison Life,5509,1539411,270664,0.8505,3045235111,5460,6009310,2014-05-02,2026-07-03,Action,Open World Action,24,Aesthetical,User,False
2026-10-08T15:01Z,chart,trending-in-action,28,9051406594,94217045453265,Dueling Grounds ⚔️ ,7969,2061115,76928,0.964,399417962,7956,7780584,2025-10-28,2026-10-06,Action,Battlegrounds & Fighting,14,Dueling Grounds,Group,False
2026-10-08T15:01Z,chart,trending-in-action,29,4348829796,12355337193,MVSD | Murderers VS Sheriffs Duels,8839,571107,105552,0.844,2716056320,8793,11608389,2023-02-02,2026-10-06,Action,Battlegrounds & Fighting,40,RED21 Games,Group,False
2026-10-08T15:01Z,chart,trending-in-action,30,358276974,863266079,Apocalypse Rising 2,2691,262303,43038,0.859,196565837,2689,1014928,2017-06-11,2026-10-06,Action,Open World Action,120,Dualpoint Interactive,Group,False
2026-10-08T15:01Z,chart,trending-in-action,31,4730278139,13621938427,[DEIMOS👹] untitled boxing game 🥊,10409,1398733,207499,0.8708,1458868759,10350,1369614,2023-06-02,2026-10-08,Action,Battlegrounds & Fighting,22,drowningsome,Group,False
2026-10-08T15:01Z,chart,trending-in-adventure,1,7398552394,107467295209358,A desrt [SANDBOX],12742,132624,15661,0.8944,261371978,12760,403659,2025-03-18,2026-10-07,Adventure,Exploration,100,DarkCodes studio,Group,False
2026-10-08T15:01Z,chart,trending-in-adventure,2,10766349481,109170952597926,🌱 Cut all the Grass!,6761,16537,729,0.9578,4000035,6737,16060,2026-09-13,2026-10-08,Adventure,Story,12,Lawn Lovers,Group,False
2026-10-08T15:01Z,chart,trending-in-adventure,3,10335443723,74154038755975,Homer Nightmares [HORROR],1358,16790,4994,0.7707,23435386,1384,1230844,2026-06-15,2026-10-07,Adventure,Story,50,awake homer,Group,False
2026-10-08T15:01Z,chart,trending-in-adventure,4,10752833252,103331563595376,Gnomes! [Steal & Escape],1513,2901,472,0.8601,6729819,1513,45127,2026-08-22,2026-09-29,Adventure,Scavenger Hunt,20,Sneaky Gnomes,Group,False
2026-10-08T15:01Z,chart,trending-in-adventure,5,5650396773,16389395869,a dusty trip [🚗SEASON],11644,2030561,224030,0.9006,2579116168,11624,2320266,2024-02-16,2026-10-04,Adventure,,25,Jandel's Road Trip,Group,False
2026-10-08T15:01Z,chart,trending-in-adventure,6,10766057873,78258380634037,[UPD] drive home,618,1577,572,0.7338,260300,635,9464,2026-09-11,2026-10-07,Adventure,,12,we the goats!,Group,False
2026-10-08T15:01Z,chart,trending-in-adventure,7,7488668004,86479448397834,🎃 Bake or Die 💀 ,7898,140945,11711,0.9233,351898271,7910,454455,2025-04-05,2026-10-05,Adventure,,32,Big Bakers,Group,False
2026-10-08T15:01Z,chart,trending-in-adventure,8,3085257211,7991339063,Rainbow Friends,5789,1537995,303801,0.8351,5137866459,5770,3872227,2021-11-14,2026-05-29,Adventure,Story,50,Roy & Charcle,Group,False
2026-10-08T15:01Z,chart,trending-in-adventure,9,972475338,2693023319,🚩Expedition Antarctica,4841,503188,82036,0.8598,716102087,4773,1891822,2018-12-30,2026-09-26,Adventure,,42,Playduo Studio,Group,False
2026-10-08T15:01Z,chart,trending-in-adventure,10,9826885587,134381727982611,Evomon[S3 TRADE],4612,307069,8863,0.9719,153939248,4600,362697,2026-03-03,2026-10-08,Adventure,,12,Evomon Devs,Group,False
2026-10-08T15:01Z,chart,trending-in-adventure,11,10226701629,109881277752094,Clean The Library 📖 ,1084,143047,11319,0.9267,96102981,1089,351198,2026-05-26,2026-10-08,Adventure,Scavenger Hunt,12,Retro Library,Group,False
2026-10-08T15:01Z,chart,trending-in-adventure,12,9522015993,71457452830106,bote ried,1322,50992,25466,0.6669,138630823,1303,248810,2026-01-08,2026-08-23,Adventure,Exploration,40,Cleanrot,Group,False
2026-10-08T15:01Z,chart,trending-in-adventure,13,1318971886,3851622790,Break In (Story),1982,1099716,121842,0.9003,3017637666,2003,4161778,2019-09-09,2023-10-09,Adventure,Story,45,Cracky4,User,False
2026-10-08T15:01Z,chart,trending-in-adventure,14,10394873066,139658812744090,(NEW TRUCKS🔥) Westville Florida,154,1836,320,0.8516,845489,154,5070,2026-06-25,2026-10-08,Adventure,Exploration,15,Zayeaz Productions,Group,False
2026-10-08T15:01Z,chart,trending-in-adventure,15,4925010421,14237585680,Interliminality (ALPHA 1.3.6),777,192620,16093,0.9229,92912671,791,905978,2023-07-29,2026-10-06,Adventure,,60,Studio308,Group,False
2026-10-08T15:01Z,chart,trending-in-adventure,16,4807308814,13864661000,Break In 2 (Story),2519,346531,56206,0.8604,1042511356,2496,878931,2023-06-25,2025-04-04,Adventure,Story,55,Cracky4,User,False
2026-10-08T15:01Z,chart,trending-in-adventure,17,10565445771,74542317333958,Verity Companion [AI],514,48348,30681,0.6118,34095162,533,107351,2026-07-25,2026-10-06,Adventure,Story,8,buzzword games,Group,False
2026-10-08T15:01Z,chart,trending-in-adventure,18,3761186887,10277607801,Apeirophobia,565,589574,51651,0.9194,437390791,560,2335492,2022-07-19,2026-10-07,Adventure,Exploration,40,Polaroid Studios,Group,False
2026-10-08T15:01Z,chart,trending-in-adventure,19,4221956550,11928087342,The Butchery,1331,179834,24328,0.8808,137937505,1354,836531,2022-12-26,2026-08-21,Adventure,Story,20,chubby_baby7,User,False
2026-10-08T15:01Z,chart,trending-in-adventure,20,5698013839,16550701481,A DEADLY BOAT TRIP,243,154291,10357,0.9371,72666312,240,285680,2024-02-27,2026-06-14,Adventure,Exploration,32,Badass Experiences,Group,False
2026-10-08T15:01Z,chart,trending-in-adventure,21,5096440156,14787369036,weird strict dad [🎮MODES] ,1338,145735,30943,0.8249,552462815,1350,665819,2023-09-16,2026-09-16,Adventure,Story,20,BlueLoop Studios,Group,False
2026-10-08T15:01Z,chart,trending-in-adventure,22,5668114043,16454399300,Scary Sushi [CHAPTER 2],974,171752,25296,0.8716,248830488,963,758446,2024-02-20,2026-10-05,Adventure,Story,40,Evil Twin Games,Group,False
2026-10-08T15:01Z,chart,trending-in-adventure,23,9885372266,82797688803922,Unseen Liminality,2925,150743,10201,0.9366,88364999,2920,2516168,2026-03-15,2026-09-30,Adventure,Exploration,15,The Unseen Zone,Group,False
2026-10-08T15:01Z,chart,trending-in-adventure,24,10539411000,92637789841354,🍂 Clean all the Leaves,11027,132706,20013,0.869,221490030,10992,349283,2026-07-21,2026-10-07,Adventure,Story,12,Muffin Interactive,Group,False
2026-10-08T15:01Z,chart,trending-in-adventure,25,7018190066,116495829188952,Dead Rails,12346,3348812,268795,0.9257,6594377060,12390,6130340,2025-01-01,2026-10-06,Adventure,Exploration,16,RCM Games,Group,False
2026-10-08T15:01Z,chart,trending-in-adventure,26,9796898051,101906032112547,Drill to Earth’s Core 🌎,11537,85232,6979,0.9243,69349210,11435,1054996,2026-02-25,2026-10-03,Adventure,Exploration,20,Game Name.,Group,False
2026-10-08T15:01Z,chart,trending-in-adventure,27,8237105425,96775630583143,A Broken Dream,1474,347006,7973,0.9775,44155392,1470,932135,2025-07-23,2026-10-08,Adventure,Story,40,Snap Shot Studios,Group,False
2026-10-08T15:01Z,chart,trending-in-adventure,28,2643072291,6915976310,Frigid Dusk,1539,108574,22351,0.8293,98784372,1571,1009124,2021-06-06,2026-06-09,Adventure,Story,20,Idc Studio,Group,False
2026-10-08T15:01Z,chart,trending-in-entertainment,1,10764613327,131683977882464,[🎧] GUESS THE SONG! 0.5s,3592,5032,2010,0.7146,4324247,3613,35656,2026-08-31,2026-10-08,Entertainment,Music & Audio,16,First Note,Group,False
2026-10-08T15:01Z,chart,trending-in-entertainment,2,4165164803,11765402359,Clip It 😂🎬👗,4972,183718,57094,0.7629,568468562,4928,572173,2022-12-07,2026-10-08,Entertainment,Video,32,Neura,Group,False
2026-10-08T15:01Z,chart,trending-in-entertainment,3,10561309674,74794684871990,[Spit It Out] Tendaz Animashons,598,6088,298,0.9533,1736893,605,27633,2026-07-25,2026-10-08,Entertainment,Showcase & Hub,2,Animashons,Group,False
2026-10-08T15:01Z,chart,trending-in-entertainment,4,10175155684,121297490325652,[YARARARA] Mrouse's Animations,1358,15889,1541,0.9116,9641027,1357,78992,2026-05-16,2026-10-05,Entertainment,,15,Mrouse's Store,Group,False
2026-10-08T15:01Z,chart,trending-in-entertainment,5,10010371086,73684979946677,🌌Invincible Edit Test,1529,57793,2626,0.9565,44516762,1502,149435,2026-04-09,2026-10-07,Entertainment,,20,Tuff Edits,Group,False
2026-10-08T15:01Z,chart,trending-in-entertainment,6,1953956112,5593470048,Visual Pianos 🎹,309,45264,5259,0.8959,62630187,320,885781,2020-08-20,2026-10-04,Entertainment,Music & Audio,25,Visual Piano Studios,Group,False
2026-10-08T15:01Z,chart,trending-in-entertainment,7,3349588628,8848607186,Digital Piano 🎹,253,39374,6489,0.8585,59271646,257,1233516,2022-02-17,2026-10-07,Entertainment,Music & Audio,25,Digital Piano Org.,Group,False
2026-10-08T15:01Z,chart,trending-in-entertainment,8,9221949930,92056615686999,I WANNA RUN AWAY! ,532,9430,1701,0.8472,11268592,519,273145,2025-11-22,2026-10-08,Entertainment,Music & Audio,30,Studios DX,Group,False
2026-10-08T15:01Z,chart,trending-in-entertainment,9,10569930060,124142675784254,[UPD 🎃] maybe tomorrow ill open the door,337,70325,7718,0.9011,13675728,349,203557,2026-07-26,2026-10-05,Entertainment,Showcase & Hub,1,up2lt,User,False
2026-10-08T15:01Z,chart,trending-in-entertainment,10,10148419081,71278628540517,Magic Piano,348,2631,84,0.9691,573195,330,8955,2026-05-10,2026-10-07,Entertainment,Music & Audio,30,D_Hua,User,False
2026-10-08T15:01Z,chart,trending-in-entertainment,11,7175500329,127283002506746,Roblox Replay,248,65732,6944,0.9045,31936348,238,171185,2025-01-31,2026-10-08,Entertainment,Showcase & Hub,1,nktu,User,False
2026-10-08T15:01Z,chart,trending-in-entertainment,12,9671745030,77301670644441,[I MISS THE QUIET] Luuynix's Animations,208,26118,2310,0.9187,17324946,192,111816,2026-02-03,2026-10-08,Entertainment,Showcase & Hub,1,Luuy Studios,Group,False
2026-10-08T15:01Z,chart,trending-in-entertainment,13,10506354213,74012041386288,[LAG TRAIN] Trending Meme Animations,140,11756,1858,0.8635,8618621,144,64916,2026-07-15,2026-08-19,Entertainment,,1,Reflections Studio!!,Group,False
2026-10-08T15:01Z,chart,trending-in-entertainment,14,5283170248,15317947079,better discovery,23,137792,2533,0.9819,17766567,20,353444,2023-11-10,2026-09-29,Entertainment,Showcase & Hub,1,Mariage Sorcière,Group,False
2026-10-08T15:01Z,chart,trending-in-entertainment,15,2938948258,7564300794,Piano Music Sheet Practice,128,14018,1427,0.9076,14034830,129,57498,2021-09-25,2026-06-22,Entertainment,Music & Audio,1,Music Sheet Practice,Group,False
2026-10-08T15:01Z,chart,trending-in-entertainment,16,10302044098,100363325836588,[🎶] ClickBeats,84,7072,1614,0.8142,4654240,84,100561,2026-06-10,2026-09-24,Entertainment,Music & Audio,50,Coos Studios,Group,False
2026-10-08T15:01Z,chart,trending-in-entertainment,17,6357377403,18764693977,🔑[FREE!] Dynamic Cutscenes Animation Game⭐🦂,134,34369,4451,0.8853,19418480,147,145499,2024-08-02,2026-09-30,Entertainment,,1,tvdisko's studio corp,Group,False
2026-10-08T15:01Z,chart,trending-in-entertainment,18,9943273705,86278918117445,Red Eyes Runner Server,1143,6059,5069,0.5445,20825466,1119,47580,2026-03-26,2026-10-05,Entertainment,,75,Ulgrin_SGT,User,False
2026-10-08T15:01Z,chart,trending-in-entertainment,19,9372077571,125756097576326,Street Beats 💿,98,36214,2248,0.9416,15703889,94,69743,2025-12-17,2026-07-07,Entertainment,Music & Audio,24,Unsigned Games,Group,False
2026-10-08T15:01Z,chart,trending-in-entertainment,20,4049540036,11380769866,Chipeo Paradise ,56,5133,659,0.8862,8473365,54,12784,2022-10-26,2026-09-27,Entertainment,Music & Audio,40,Chuckin' Chuck,Group,False
2026-10-08T15:01Z,chart,trending-in-entertainment,21,2227097851,6116002492,🌟 Free Boombox/Radio 🌟,225,9281,868,0.9145,7705874,229,15407,2020-12-21,2026-10-08,Entertainment,Music & Audio,50,[ ERRORR ],Group,False
2026-10-08T15:01Z,chart,trending-in-entertainment,22,6889096819,129172085363202,[🔺PYRAMIXED] Literally SPRUNKI 🎶,414,27369,6927,0.798,79403533,395,70138,2024-12-07,2026-10-08,Entertainment,Music & Audio,1,crowned7885,Group,False
2026-10-08T15:01Z,chart,trending-in-entertainment,23,1784051919,5133040469,[New Update] Beat up simulator,290,355146,20986,0.9442,232807502,285,2122288,2020-06-04,2026-09-28,Entertainment,,24,Imded Studios,Group,False
2026-10-08T15:01Z,chart,trending-in-entertainment,24,4723764956,13600218266,🎥My Movie,8739,521716,35105,0.937,597577164,8632,935458,2023-05-30,2026-10-04,Entertainment,Video,50,Good Ape,Group,False
2026-10-08T15:01Z,chart,trending-in-entertainment,25,5367389312,15550215902,[🎵CUSTOM SERVERS] Sing It! Karaoke Battles [VC🎤],2434,169067,14559,0.9207,404618081,2476,2081612,2023-12-05,2026-10-05,Entertainment,Music & Audio,12,Stupid Simple Games,Group,False
2026-10-08T15:01Z,chart,trending-in-entertainment,26,9800616505,75605211243454,[NEW MUSIC🎵🎧 ] Beat Battles ,201,14097,1990,0.8763,3739951,210,46849,2026-02-26,2026-10-07,Entertainment,Music & Audio,50,Overtune,Group,False
2026-10-08T15:01Z,chart,trending-in-entertainment,27,6983536246,125790795579287,[🎶] Incredible Blox,534,56449,4686,0.9233,60366313,506,206790,2024-12-26,2026-10-04,Entertainment,Music & Audio,50,specil studios Deluxe,Group,False
2026-10-08T15:01Z,chart,trending-in-obby-and-platformer,1,703124385,1962086868,Tower of Hell,41251,4366482,1565848,0.736,29094227999,41154,12034469,2018-06-18,2026-10-03,Obby & Platformer,Tower Obby,20,YXceptional Studios,Group,False
2026-10-08T15:01Z,chart,trending-in-obby-and-platformer,2,10415694629,81734857983173,Carry the Glass Together! [2 Player Obby],6232,22007,2861,0.885,25771485,6170,125772,2026-06-29,2026-10-08,Obby & Platformer,,26,Ritronics Studios,Group,False
2026-10-08T15:01Z,chart,trending-in-obby-and-platformer,3,4850044287,13999660589,Together [Party Game],4475,188762,32324,0.8538,722807055,4385,1465001,2023-07-08,2026-09-18,Obby & Platformer,,70,Maxx Fun,Group,False
2026-10-08T15:01Z,chart,trending-in-obby-and-platformer,4,3264581003,8562822414,Eternal Towers of Hell,1000,103545,26044,0.799,120534148,1003,197628,2022-01-17,2026-10-07,Obby & Platformer,Tower Obby,1,ETERNITγ,Group,False
2026-10-08T15:01Z,chart,trending-in-obby-and-platformer,5,9774451882,106251887264209,Math Glass Bridge 🧠,3274,7422,3787,0.6621,18793627,3273,25703,2026-02-21,2026-06-03,Obby & Platformer,,40,Apex Tech.,Group,False
2026-10-08T15:01Z,chart,trending-in-obby-and-platformer,6,8401518398,122606989565107,Obby But You're on a Scooter,4876,21269,8372,0.7176,121113023,4924,108808,2025-08-10,2026-10-07,Obby & Platformer,,10,BINARY TECH,Group,False
2026-10-08T15:01Z,chart,trending-in-obby-and-platformer,7,10642548584,130163005224846,Doki Doki Obby Club!,1448,4343,740,0.8544,703803,1458,18329,2026-08-06,2026-10-07,Obby & Platformer,Classic Obby,20,7ikut,User,False
2026-10-08T15:01Z,chart,trending-in-obby-and-platformer,8,10236023188,111363135577981,[☀️🌴UPDATE] ASMR Tower,1868,338404,11377,0.9675,124692472,1860,315812,2026-05-28,2026-09-18,Obby & Platformer,Tower Obby,15,3 Studio,Group,False
2026-10-08T15:01Z,chart,trending-in-obby-and-platformer,9,10674234194,78744056205900,Autumn Outfit Tower! [Would you Rather] 🍂,1160,1764,387,0.8201,3177926,1150,132931,2026-08-10,2026-10-06,Obby & Platformer,Tower Obby,30,luvauoraa,User,False
2026-10-08T15:01Z,chart,trending-in-obby-and-platformer,10,7720654467,73189007576537,Blockies [2-3-4-5 Player Obby] ,4335,40433,4938,0.8912,98736838,4287,262644,2025-05-17,2026-10-06,Obby & Platformer,,12,ByBalsa,Group,False
2026-10-08T15:01Z,chart,trending-in-obby-and-platformer,11,9298096434,130880054413998,Dreamworlds [Dreamcore Obby],909,54696,5384,0.9104,13683233,937,156652,2025-12-04,2026-10-04,Obby & Platformer,,8,InkyRuins,Group,False
2026-10-08T15:01Z,chart,trending-in-obby-and-platformer,12,7877723741,80607040330429,Dash World [PLATFORMER],1356,82715,47869,0.6334,212179289,1363,216426,2025-06-09,2026-10-07,Obby & Platformer,Runner,10,Tarylem,Group,False
2026-10-08T15:01Z,chart,trending-in-obby-and-platformer,13,9828847171,136878485469151,Coffee Stage Tower (300+ STAGES!),205,6870,1399,0.8308,8971220,195,986926,2026-03-03,2026-10-08,Obby & Platformer,Tower Obby,32,2 Jump Towers 2,Group,False
2026-10-08T15:01Z,chart,trending-in-obby-and-platformer,14,323675642,738339342,Flood Escape 2 🌊,378,544488,123396,0.8152,598646817,387,2221012,2017-04-13,2026-10-08,Obby & Platformer,,20,Crazyblox Games,Group,False
2026-10-08T15:01Z,chart,trending-in-obby-and-platformer,15,10764221401,117043200777029,TROLL Fly & Carry Tower,12201,12200,566,0.9557,3750393,12042,482276,2026-08-28,2026-10-08,Obby & Platformer,Tower Obby,20,and Get Free Balloons,Group,False
2026-10-08T15:01Z,chart,trending-in-obby-and-platformer,16,9294646427,72317248326994,Bobsled Ride Down a Mountainside,1262,526688,14030,0.9741,112177711,1189,285789,2025-12-04,2026-10-07,Obby & Platformer,Runner,20,North Pole Drift Club,Group,False
2026-10-08T15:01Z,chart,trending-in-obby-and-platformer,17,9830725726,109694820409483,[W27] Obby But You're on a Kart,5072,14036,4457,0.759,64239957,4990,71836,2026-03-03,2026-10-04,Obby & Platformer,,10,BLUEFLOWER STUDIOS,Group,False
2026-10-08T15:01Z,chart,trending-in-obby-and-platformer,18,1861512506,5315066937,surf,127,70092,46337,0.602,81747273,133,187743,2020-07-09,2026-10-06,Obby & Platformer,,16,StrafesNET,Group,False
2026-10-08T15:01Z,chart,trending-in-obby-and-platformer,19,7577791613,103731330407395,Chained in Backrooms,739,59782,23122,0.7211,113641585,708,608441,2025-04-21,2026-09-30,Obby & Platformer,,32,Musta and Alexander,Group,False
2026-10-08T15:01Z,chart,trending-in-obby-and-platformer,20,5620182793,16288616721,Skateboard Obby🎃,758,232530,51999,0.8172,599509643,778,2392752,2024-02-08,2026-10-07,Obby & Platformer,,20,Gorilla Obby,Group,False
2026-10-08T15:01Z,chart,trending-in-obby-and-platformer,21,6215464786,18334179599,Chained [2 Player Obby],1215,140976,27809,0.8352,439121793,1232,10606204,2024-07-04,2026-09-28,Obby & Platformer,,15,1-Day,Group,False
2026-10-08T15:01Z,chart,trending-in-obby-and-platformer,22,10762388019,117448312570314,[1 & 2 PLAYER] Grapple Cart Obby,6682,218723,16813,0.9286,28830179,6598,113870,2026-08-26,2026-10-02,Obby & Platformer,,25,rng dev,Group,False
2026-10-08T15:01Z,chart,trending-in-obby-and-platformer,23,9592387369,123847390309161,[HELL] Spiral Difficulty Chart Obby,5200,84877,19931,0.8098,64604339,5211,199118,2026-01-20,2026-10-06,Obby & Platformer,Classic Obby,15,Jindijim,User,False
2026-10-08T15:01Z,chart,trending-in-obby-and-platformer,24,83858907,183364845,[💎] Speed Run 4,809,1039435,369571,0.7377,1752578931,828,4568191,2014-10-20,2026-09-24,Obby & Platformer,,30,Vurse,User,False
2026-10-08T15:01Z,chart,trending-in-obby-and-platformer,25,5385674359,15598056478,BEAT BOUNCE 🎶 (GEOMETRY DASH),1947,271457,103405,0.7242,526594709,1924,378898,2023-12-10,2026-10-05,Obby & Platformer,Runner,50,Calf Productions,Group,False
2026-10-08T15:01Z,chart,trending-in-obby-and-platformer,26,7948426536,107894105055312,[🎃👻UPDATE] Wax ASMR Tower,5886,14339,1722,0.8928,60729297,5833,118632,2025-06-19,2026-10-08,Obby & Platformer,Tower Obby,12,solarstone314,User,False
2026-10-08T15:01Z,chart,trending-in-obby-and-platformer,27,9878210988,125633828844867,Overhang,198,19186,3494,0.8459,5011171,203,48835,2026-03-14,2026-10-05,Obby & Platformer,,20,song IV,Group,False
2026-10-08T15:01Z,chart,trending-in-obby-and-platformer,28,6153964325,18152595062,Chained Together [2-3-4-5 PLAYER],791,53040,18448,0.7419,192360099,742,538110,2024-06-22,2025-08-15,Obby & Platformer,,30,Archive Experiences,Group,False
2026-10-08T15:01Z,chart,trending-in-obby-and-platformer,29,10124421343,118464614321108,Biker Duo 🏍️ [2 Player Obby],1562,46239,1160,0.9755,24009255,1557,44547,2026-05-04,2026-09-26,Obby & Platformer,,14,Turion Studios,Group,False
2026-10-08T15:01Z,chart,trending-in-party-and-casual,1,10685282333,96510596525082,Ball VS Ball,36851,219508,28019,0.8868,87334018,36461,138796,2026-08-12,2026-10-05,Party & Casual,,25,ATYS 3,Group,False
2026-10-08T15:01Z,chart,trending-in-party-and-casual,2,10597001332,102764584124249,I Can Read Your Mind,4264,16238,10957,0.5971,4035876,4319,98827,2026-07-30,2026-10-08,Party & Casual,Quiz,12,1GZ Developments,Group,False
2026-10-08T15:01Z,chart,trending-in-party-and-casual,3,6049736902,17664585395,Spelling Race,5832,67780,7826,0.8965,86905596,5706,117760,2024-05-30,2026-10-07,Party & Casual,,12,Team Ry LLC,Group,False
2026-10-08T15:01Z,chart,trending-in-party-and-casual,4,10766390665,103168011197605,[UPD 3🎉] Guess The Real Size!,6857,6837,1473,0.8227,2655105,6759,43163,2026-09-14,2026-10-05,Party & Casual,,20,Guess that?,Group,False
2026-10-08T15:01Z,chart,trending-in-party-and-casual,5,4049246711,11379739543,Timebomb Duels [Alpha],17247,227891,124813,0.6461,931358882,17206,622978,2022-10-25,2026-10-07,Party & Casual,,30,Customs Community,Group,False
2026-10-08T15:01Z,chart,trending-in-party-and-casual,6,10765748731,133421482112382,Scroll a Game,2121,2502,681,0.7861,947203,2120,9976,2026-09-09,2026-10-05,Party & Casual,Minigame,10,COOLER BIRD GAMES,Group,False
2026-10-08T15:01Z,chart,trending-in-party-and-casual,7,10766364164,135439033252889,[UPD] Is It Verity?,1275,5142,1703,0.7512,7683301,1319,25277,2026-09-13,2026-10-07,Party & Casual,,22,Prince Creations,Group,False
2026-10-08T15:01Z,chart,trending-in-party-and-casual,8,10767094794,125347847326052,How Similar Are You? [2 Player Quiz],568,1476,4808,0.2349,880120,577,6095,2026-09-19,2026-09-20,Party & Casual,Quiz,40,THE TEST COMPANY,Group,False
2026-10-08T15:01Z,chart,trending-in-party-and-casual,9,9449993534,106683702021527,Guess the Slapper,2421,18483,8700,0.6799,55524151,2381,77792,2025-12-28,2026-09-12,Party & Casual,,30,sinhaleseunit,User,False
2026-10-08T15:01Z,chart,trending-in-party-and-casual,10,2936053166,7554888362,[🦑] Squid Game X,17345,1522272,101730,0.9374,2275322343,17418,1868631,2021-09-24,2026-10-05,Party & Casual,Minigame,80,redifi,Group,False
2026-10-08T15:01Z,chart,trending-in-party-and-casual,11,1836146838,5244411056,Bloxy Bingo,1436,348690,65949,0.8409,506135552,1509,1366438,2020-06-27,2026-10-03,Party & Casual,,80,Bloxy Bingo,Group,False
2026-10-08T15:01Z,chart,trending-in-party-and-casual,12,10767815979,81548692127925,[FIX] Rarest Answer Wins! 🧠 ,400,297,298,0.4992,156450,405,1514,2026-09-24,2026-10-08,Party & Casual,Quiz,24,Rarest Answer Wins!,Group,False
2026-10-08T15:01Z,chart,trending-in-party-and-casual,13,7008097940,99567941238278,[🥇] Ink Game,11429,1247595,327392,0.7921,3345362746,11347,22409692,2024-12-31,2026-10-06,Party & Casual,,100,games i think,Group,False
2026-10-08T15:01Z,chart,trending-in-party-and-casual,14,110181652,277751860,Epic Minigames ✨,1618,2272031,236119,0.9059,2357811549,1576,8611703,2015-07-29,2026-10-06,Party & Casual,Minigame,12,Typical Games,Group,False
2026-10-08T15:01Z,chart,trending-in-party-and-casual,15,9825259729,135486323963203,Duck Duck (Tag) 🦆,13505,51983,6356,0.8911,21891865,13509,152554,2026-03-02,2026-10-07,Party & Casual,Childhood Game,10,Quack Quack Co.,Group,False
2026-10-08T15:01Z,chart,trending-in-party-and-casual,16,10759594563,111801263516291,Choose the Stronger Anime!,2225,8859,2181,0.8024,6658118,2188,14932,2026-08-24,2026-10-07,Party & Casual,Minigame,30,Epic Party Games!,Group,False
2026-10-08T15:01Z,chart,trending-in-party-and-casual,17,10667006841,97506470800237,Guess the Anime Color,3476,13606,3149,0.8121,13133405,3419,35804,2026-08-09,2026-10-08,Party & Casual,,30,Epic Party Games!,Group,False
2026-10-08T15:01Z,chart,trending-in-party-and-casual,18,1709917610,4972273297,Regretevator [ ELEVATOR SIMULATOR ],1365,406825,45239,0.8999,264565044,1368,1073929,2020-05-02,2026-10-08,Party & Casual,Minigame,10,The Axolotl Sun,Group,False
2026-10-08T15:01Z,chart,trending-in-party-and-casual,19,10399125962,73621314943835,Guess the character color,3586,36315,22849,0.6138,125371011,3612,218135,2026-06-26,2026-10-05,Party & Casual,,26,CineStars,Group,False
2026-10-08T15:01Z,chart,trending-in-party-and-casual,20,10521797740,131479356121251,[🍁] 50 Player BINGO!,4149,68070,15683,0.8127,57018825,4151,118599,2026-07-18,2026-09-28,Party & Casual,Minigame,40,Turret Sims,Group,False
2026-10-08T15:01Z,chart,trending-in-party-and-casual,21,10507650215,134439648709984,SlopWare,418,10218,2285,0.8172,1075427,409,31791,2026-07-15,2026-10-06,Party & Casual,Minigame,5,Garbage Factory inc,Group,False
2026-10-08T15:01Z,chart,trending-in-party-and-casual,22,1668992109,4889315193,Total Roblox Drama,1502,324200,66235,0.8304,814515938,1491,1046323,2020-04-12,2026-06-08,Party & Casual,Minigame,50,Mojo's Games,Group,False
2026-10-08T15:01Z,chart,trending-in-party-and-casual,23,10438013523,89035794510548,🕹️ Endless GAMES [NO ADS],1099,207887,16845,0.925,59936734,1094,318537,2026-07-03,2026-10-07,Party & Casual,Minigame,35,Studio Heat,Group,False
2026-10-08T15:01Z,chart,trending-in-party-and-casual,24,10113997049,70990751935174,[UPD] Violent Party!,662,45118,6383,0.8761,22246763,638,234396,2026-05-02,2026-10-04,Party & Casual,Minigame,22,Machine Party X,Group,False
2026-10-08T15:01Z,chart,trending-in-party-and-casual,25,8017401632,88932739628526,Wavelength! [BETA],391,53587,3629,0.9366,65334849,364,156159,2025-06-28,2026-09-27,Party & Casual,,25,Brainwave Arcade,Group,False
2026-10-08T15:01Z,chart,trending-in-party-and-casual,26,5239362765,15198166649,DON'T GET ELIMINATED,3786,170613,70120,0.7087,398888343,3790,505200,2023-10-28,2026-10-05,Party & Casual,Minigame,50,Badass Experiences,Group,False
2026-10-08T15:01Z,chart,trending-in-party-and-casual,27,7592844193,112890665053510,Guess the Song or Die 🎵,1068,9081,829,0.9163,5380825,1049,153400,2025-04-24,2026-10-01,Party & Casual,Quiz,12,Guess the Song Community,Group,False
2026-10-08T15:01Z,chart,trending-in-puzzle,1,10624691669,134208374070897,{ Pt. 2 } MONOCHROME👁️,8358,81259,14466,0.8489,142273624,8361,410689,2026-08-03,2026-10-07,Puzzle,Escape Room,20,MONOCHROME_HOLDER,Group,False
2026-10-08T15:01Z,chart,trending-in-puzzle,2,10189903609,91704854174760,Finish The Word! [ SUMMER ],4796,88931,8376,0.9139,88822590,4800,145503,2026-05-19,2026-10-07,Puzzle,Word,25,Table Game X,Group,False
2026-10-08T15:01Z,chart,trending-in-puzzle,3,10421901778,140576663170542,[CINEMA] Clean Everything,6349,41409,2188,0.9498,21335774,6379,112495,2026-06-30,2026-10-04,Puzzle,,15,BTM's Group,Group,False
2026-10-08T15:01Z,chart,trending-in-puzzle,4,7983308985,129866685202296,Last Letter 💬,738,491424,20162,0.9606,137001688,757,237909,2025-06-23,2026-09-27,Puzzle,Word,30,MmiiGames,Group,False
2026-10-08T15:01Z,chart,trending-in-puzzle,5,10426768719,102524792142207,Traffic Flow 🚗 [RELEASE],285,3183,2919,0.5216,629221,297,13014,2026-07-01,2026-10-03,Puzzle,,1,The FoxStudios,Group,False
2026-10-08T15:01Z,chart,trending-in-puzzle,6,6113928308,17844293708,🔑Project: Escape Room [MULTIPLAYER],1784,137333,10736,0.9275,90526263,1802,477664,2024-06-13,2026-09-24,Puzzle,Escape Room,15,seriif,User,False
2026-10-08T15:01Z,chart,trending-in-puzzle,7,4858558391,14026026722,Terminal [Escape Room],1109,105880,13903,0.8839,68846264,1103,578050,2023-07-11,2026-10-07,Puzzle,Escape Room,50,CCF Studios,Group,False
2026-10-08T15:01Z,chart,trending-in-puzzle,8,5156590883,14970015233,🍉 Watermelon GO! [2.0] [Fruit Game],176,112439,10473,0.9148,75305998,179,242525,2023-10-05,2026-10-07,Puzzle,Match & Merge,12,Akio-gg,Group,False
2026-10-08T15:01Z,chart,trending-in-puzzle,9,9865931248,124369430681784,Word Hunt🔍 ,2707,1251,260,0.8279,3197220,2706,170117,2026-03-11,2026-10-08,Puzzle,Word,12,Puzzle Empire.,Group,False
2026-10-08T15:01Z,chart,trending-in-puzzle,10,9520692022,134360023649587,[330] Save Your Friend!,3902,2882,4411,0.3952,8456040,3913,635137,2026-01-07,2026-10-08,Puzzle,Escape Room,15,Maximise Games,Group,False
2026-10-08T15:01Z,chart,trending-in-puzzle,11,10458028403,139262527889515,The Login Game,221,13559,11857,0.5335,5089538,217,90124,2026-07-06,2026-10-04,Puzzle,,125,The Woods Company,Group,False
2026-10-08T15:01Z,chart,trending-in-puzzle,12,10302179427,117996728392182,[🔺 NEW SHAPES] Stack the Shapes,1249,493,370,0.5713,2434175,1253,6185,2026-06-10,2026-10-08,Puzzle,,8,Square Lab,Group,False
2026-10-08T15:01Z,chart,trending-in-puzzle,13,9702840627,100079017940927,🤔Hot or Cold: Guess the Word!,249,164860,5672,0.9667,11664270,236,202143,2026-02-10,2026-07-16,Puzzle,Word,12,Context Works,Group,False
2026-10-08T15:01Z,chart,trending-in-puzzle,14,10764385875,135964797750692,Doodle Balls! ❤️,426,1456,1528,0.4879,3200352,428,8543,2026-08-29,2026-10-07,Puzzle,,20,UnquaIified Studios,Group,False
2026-10-08T15:01Z,chart,trending-in-puzzle,15,4170977322,11782774748,IQ Test 🧠,2580,359209,31052,0.9204,318015630,2547,15955731,2022-12-10,2026-10-06,Puzzle,,12,Cranky Games,Group,False
2026-10-08T15:01Z,chart,trending-in-puzzle,16,953622098,2653064683,Word Bomb,114,208186,33791,0.8604,108472526,103,543849,2018-12-16,2026-09-15,Puzzle,Word,9,OMG,Group,False
2026-10-08T15:01Z,chart,trending-in-puzzle,17,8851542818,131572543049913,[🎃🦆] Detective Duck,887,92436,4280,0.9557,60573464,886,377877,2025-10-02,2026-10-08,Puzzle,,30,Protocol: Anomaly,Group,False
2026-10-08T15:01Z,chart,trending-in-puzzle,18,10380743712,98981291156378,BASTA / STOP [TUTTI FRUTTI] 💡,525,3258,1125,0.7433,12165977,537,39338,2026-06-23,2026-10-05,Puzzle,Word,30,Veltrane Games,Group,False
2026-10-08T15:01Z,chart,trending-in-puzzle,19,1258866324,3577061261,[UPDATE!] Defusal 💣,119,94010,15391,0.8593,50155584,115,674154,2019-08-01,2026-09-29,Puzzle,Escape Room,40,Polygon Interactive,Group,False
2026-10-08T15:01Z,chart,trending-in-puzzle,20,5905501282,17262338236,Wordie🧩,144,108459,25793,0.8079,84991173,132,1756526,2024-04-23,2026-10-05,Puzzle,Word,12,Puzzle Empire.,Group,False
2026-10-08T15:01Z,chart,trending-in-puzzle,21,10756780270,126325864277234,STOP! Word Duel,2944,859,237,0.7838,5010963,2920,14602,2026-08-23,2026-10-07,Puzzle,Word,26,Guri Games,Group,False
2026-10-08T15:01Z,chart,trending-in-puzzle,22,10641300771,93173930300028,[🌈] Color Stack,1496,8947,1033,0.8965,13004380,1463,100987,2026-08-06,2026-10-02,Puzzle,,24,Cool Table Games,Group,False
2026-10-08T15:01Z,chart,trending-in-puzzle,23,10753487407,93467044568807,🙈🙊🙉 BOMBANANA!,2011,23456,1220,0.9506,17344012,2015,85583,2026-08-22,2026-10-03,Puzzle,Escape Room,12,TARK Games,Group,False
2026-10-08T15:01Z,chart,trending-in-puzzle,24,3047037061,7871169780,bLockerman's Minesweeper,2075,84889,13162,0.8658,154922475,2079,157063,2021-11-01,2026-10-04,Puzzle,,5,bLockerman666,User,False
2026-10-08T15:01Z,chart,trending-in-puzzle,25,10765764482,97248134864084,[CHAPTER 2] Cut it Out!,2478,10696,2126,0.8342,11886273,2467,74013,2026-09-09,2026-10-01,Puzzle,,70,party fun games.,Group,False
2026-10-08T15:01Z,chart,trending-in-puzzle,26,10628006421,139705352041000,[🧠] Chiidoku,869,20779,1826,0.9192,6545082,870,115651,2026-08-04,2026-10-08,Puzzle,,50,Chiidoku,Group,False
2026-10-08T15:01Z,chart,trending-in-puzzle,27,9948575164,120841752776030,[🎃] Merge Shop,1850,141110,5886,0.96,54552848,1835,249250,2026-03-27,2026-10-03,Puzzle,Match & Merge,6,mPhase,Group,False
2026-10-08T15:01Z,chart,trending-in-puzzle,28,10699057921,109584643077945,[🍁] WikiRace!,236,10491,1590,0.8684,4092677,235,52328,2026-08-13,2026-09-27,Puzzle,Word,80,WikiRace! Club,Group,False
2026-10-08T15:01Z,chart,trending-in-puzzle,29,10765718108,108709045756259,Find the Holy Land 👁️‍🗨️Part.2 (UPDATE),356,9805,1307,0.8824,1912087,364,50273,2026-09-08,2026-10-04,Puzzle,Escape Room,20,tekel studio,Group,False
2026-10-08T15:01Z,chart,trending-in-puzzle,30,10649457157,109547184439419,AI Interrogation 📁,256,27962,9533,0.7458,5360957,238,119368,2026-08-07,2026-10-08,Puzzle,,1,TrueTalk AI,Group,False
2026-10-08T15:01Z,chart,trending-in-roleplay-and-avatar-sim,1,383310974,920587237,[🎃] Adopt Me!,186283,9536416,1513216,0.8631,44981007038,185980,29718112,2017-07-14,2026-10-07,Roleplay & Avatar Sim,Pet Care,35,Uplift Games,Group,False
2026-10-08T15:01Z,chart,trending-in-roleplay-and-avatar-sim,2,1686885941,4924922222,Brookhaven 🏡RP,324674,8621614,1416331,0.8589,88335044511,324404,30376041,2020-04-21,2026-10-06,Roleplay & Avatar Sim,Life,30,Brookhaven by Voldex,Group,False
2026-10-08T15:01Z,chart,trending-in-roleplay-and-avatar-sim,3,10767922762,138929956115729,Dress Designer,8247,7909,918,0.896,1581338,8257,80138,2026-09-24,2026-10-08,Roleplay & Avatar Sim,Dress Up,8,Wisterium,Group,False
2026-10-08T15:01Z,chart,trending-in-roleplay-and-avatar-sim,4,4839802560,13967668166,LifeTogether 🏠 RP,26516,945242,100569,0.9038,4014575207,26521,15794851,2023-07-05,2026-10-08,Roleplay & Avatar Sim,Life,28,Cinnamon Software,Group,False
2026-10-08T15:01Z,chart,trending-in-roleplay-and-avatar-sim,5,6521100398,74395953411817,Dreamville 🏡 RP [Multiple Kids! 👧],24119,269869,14031,0.9506,351181643,24306,593597,2024-09-07,2026-10-03,Roleplay & Avatar Sim,Life,25,Dreamfusion Games,Group,False
2026-10-08T15:01Z,chart,trending-in-roleplay-and-avatar-sim,6,9855761734,136020512003847,[GANGS] San Diego Roleplay,13551,146241,24630,0.8559,213937006,13471,295643,2026-03-08,2026-10-06,Roleplay & Avatar Sim,Life,50,San Diego Community,Group,False
2026-10-08T15:01Z,chart,trending-in-roleplay-and-avatar-sim,7,10222476236,97577741629233,⭐Catalog Avatar Runway,7140,69880,5297,0.9295,42256406,7138,161606,2026-05-25,2026-10-08,Roleplay & Avatar Sim,Dress Up,15,Context Works,Group,False
2026-10-08T15:01Z,chart,trending-in-roleplay-and-avatar-sim,8,140733710,373513488,FNAF RP - TPRR [🐻FB3 HUMANS📺] ,1575,275673,39104,0.8758,413472403,1581,1222455,2016-02-26,2026-10-08,Roleplay & Avatar Sim,Morph Roleplay,12,The Pizzeria Roleplay: Remastered,Group,False
2026-10-08T15:01Z,chart,trending-in-roleplay-and-avatar-sim,9,6774320049,122485613019196,Dubai 🏡 RP [KIDS UPDATE! 👶🎉],11960,86505,11867,0.8794,279493956,11997,962002,2024-11-09,2026-10-06,Roleplay & Avatar Sim,Life,30,GameOver Productions.,Group,False
2026-10-08T15:01Z,chart,trending-in-roleplay-and-avatar-sim,10,2682938349,6989310863,Wild Horse Islands,4261,252665,21266,0.9224,682353830,4295,661463,2021-06-22,2026-10-02,Roleplay & Avatar Sim,Pet Care,20,Happy Acres,Group,False
2026-10-08T15:01Z,chart,trending-in-roleplay-and-avatar-sim,11,10320417842,110233092317096,Lakefalls Medical: GP Simulator 🩺,2232,24922,810,0.9685,7822726,2241,197421,2026-06-13,2026-10-06,Roleplay & Avatar Sim,Life,8,Coda Games,Group,False
2026-10-08T15:01Z,chart,trending-in-roleplay-and-avatar-sim,12,5422546686,15696848933,[🍁] Horse Life,1967,486014,21954,0.9568,369213637,1971,2251498,2023-12-21,2026-10-08,Roleplay & Avatar Sim,Pet Care,30,Sonar Studios,Group,False
2026-10-08T15:01Z,chart,trending-in-roleplay-and-avatar-sim,13,1271059807,3631820248,[🎉6th Anniversary!] Stevos Gem Eras Roleplay,891,90071,8651,0.9124,76631227,881,393913,2019-08-10,2026-10-08,Roleplay & Avatar Sim,Morph Roleplay,50,TimTsuki,User,False
2026-10-08T15:01Z,chart,trending-in-roleplay-and-avatar-sim,14,6845400164,112851296174239,Rate My Avatar 2 🔊,215,35708,9156,0.7959,70164389,221,585268,2024-11-27,2026-10-05,Roleplay & Avatar Sim,Dress Up,75,RMA Society,Group,False
2026-10-08T15:01Z,chart,trending-in-roleplay-and-avatar-sim,15,547524060,1365404657,Feather Family 🎃 [Burrowing Owl],7712,470019,42875,0.9164,1469779691,7728,2289447,2018-01-24,2026-10-05,Roleplay & Avatar Sim,Animal Sim,60,The Feather Family 🕊️,Group,False
2026-10-08T15:01Z,chart,trending-in-roleplay-and-avatar-sim,16,5203828273,15101393044,Dress To Impress ⭐,49937,4020090,418878,0.9056,11118305937,49862,7554574,2023-10-18,2026-10-08,Roleplay & Avatar Sim,Dress Up,13,Dress To Impress Group,Group,False
2026-10-08T15:01Z,chart,trending-in-roleplay-and-avatar-sim,17,88070565,185655149,[🎃] Welcome to Bloxburg ,25403,5638680,733834,0.8848,10120817485,25442,14007789,2014-11-04,2026-10-08,Roleplay & Avatar Sim,Life,12,Bloxburg Development,Group,False
2026-10-08T15:01Z,chart,trending-in-roleplay-and-avatar-sim,18,903807016,2534724415,[🗺️] Emergency Response: Liberty County,5364,1185948,119812,0.9082,1597801324,5440,2852708,2018-11-01,2026-10-07,Roleplay & Avatar Sim,Life,50,Police Roleplay Community,Group,False
2026-10-08T15:01Z,chart,trending-in-roleplay-and-avatar-sim,19,321778215,735030788,Royale🎃High,6643,3264628,535003,0.8592,10462530663,6675,13329385,2017-04-10,2026-10-07,Roleplay & Avatar Sim,Dress Up,12,callmehbob,User,False
2026-10-08T15:01Z,chart,trending-in-roleplay-and-avatar-sim,20,1831550657,5233782396,✨ Creatures of Sonaria 📜 Survive Kaiju Animals,17021,1415552,116087,0.9242,2249962244,16987,11287097,2020-06-25,2026-10-08,Roleplay & Avatar Sim,Animal Sim,75,Sonar Studios,Group,False
2026-10-08T15:01Z,chart,trending-in-roleplay-and-avatar-sim,21,371263894,891852901,Greenville RP (⭐AUDI + SHELBY RELATED + RACES!),4417,1060961,146405,0.8787,1469170313,4389,2701523,2017-06-28,2026-10-08,Roleplay & Avatar Sim,Life,30,"Greenville, Wisconsin",Group,False
2026-10-08T15:01Z,chart,trending-in-roleplay-and-avatar-sim,22,3240075297,8481844229,Berry Avenue 🏠 RP,29255,1147144,186137,0.8604,8821473988,29315,3658020,2022-01-07,2026-10-04,Roleplay & Avatar Sim,Life,31,Amberry Games,Group,False
2026-10-08T15:01Z,chart,trending-in-roleplay-and-avatar-sim,23,47545,192800,🍕Work at a Pizza Place,8148,3467448,264648,0.9291,5611236690,8029,13611194,2008-03-28,2026-10-08,Roleplay & Avatar Sim,Life,12,Dued1,User,False
2026-10-08T15:01Z,chart,trending-in-roleplay-and-avatar-sim,24,1278035280,3663340706,Warrior Cats: Ultimate Edition,5169,501686,37309,0.9308,782741556,5149,1518871,2019-08-15,2026-10-05,Roleplay & Avatar Sim,Animal Sim,60,WarriorCatsRP,Group,False
2026-10-08T15:01Z,chart,trending-in-roleplay-and-avatar-sim,25,6749060816,132352755769957,Asylum Life 🔊,5755,303374,60740,0.8332,293632603,5748,1918697,2024-11-02,2026-10-06,Roleplay & Avatar Sim,,40,Asylum Life Community,Group,False
2026-10-08T15:01Z,chart,trending-in-roleplay-and-avatar-sim,26,10566677406,106568491289620,[将] Shogun's Reign,3361,22907,2692,0.8948,6375187,3369,140462,2026-07-25,2026-10-08,Roleplay & Avatar Sim,Life,1,Shogun's Reign,Group,False
2026-10-08T15:01Z,chart,trending-in-roleplay-and-avatar-sim,27,3308103880,8704997000,[🧪] Maple Hospital 🍂,6039,494003,77324,0.8647,1838427806,6054,2118835,2022-02-01,2026-10-08,Roleplay & Avatar Sim,Life,50,Marizma Games,Group,False
2026-10-08T15:01Z,chart,trending-in-roleplay-and-avatar-sim,28,1852226622,5289509545,Gacha Online ✨ RP,10998,730371,198681,0.7861,3000496529,10972,2748943,2020-07-05,2026-08-28,Roleplay & Avatar Sim,Morph Roleplay,45,SnowdustDev,User,False
2026-10-08T15:01Z,chart,trending-in-roleplay-and-avatar-sim,29,1742264997,5041144419,SCP: Roleplay,1637,676547,73500,0.902,508023698,1643,1293510,2020-05-16,2026-10-06,Roleplay & Avatar Sim,,50,SCP | Roleplay Community,Group,False
2026-10-08T15:01Z,chart,trending-in-shopping,1,2711375305,7041939546,Catalog Avatar Creator,56338,3027804,203272,0.9371,8056153363,56393,5899656,2021-07-03,2026-10-07,Shopping,Avatar Shopping,24,Muneeb,User,False
2026-10-08T15:01Z,chart,trending-in-shopping,2,2065706268,5814304937,Outfit Loader Testing Place,498,74259,17920,0.8056,163642007,562,417815,2020-10-11,2026-09-17,Shopping,Avatar Shopping,10,coded clothing,Group,False
2026-10-08T15:01Z,chart,trending-in-shopping,3,10589881655,124239460312806,SELL YOUR OUTFIT,3588,5658,340,0.9433,2564423,3596,8664,2026-07-29,2026-10-07,Shopping,Avatar Shopping,28,The Avatar Game,Group,False
2026-10-08T15:01Z,chart,trending-in-shopping,4,9076692567,112114621008524,[CATALOG🛍️] UGC Creator 🎨,491,41679,8829,0.8252,34738319,502,156981,2025-11-01,2026-09-24,Shopping,Avatar Shopping,15,Build a UGC,Group,False
2026-10-08T15:01Z,chart,trending-in-shopping,5,9098253051,81505130631572,FACEPAINTING! UGC CREATOR 🖌️,263,46307,4936,0.9037,32799635,269,2344922,2025-11-04,2026-10-05,Shopping,Avatar Shopping,1,FACEPAINTING,Group,False
2026-10-08T15:01Z,chart,trending-in-shopping,6,10764431809,103788471440691,[260+ NEW 🎃] Halloween Matching Outfits,56,362,89,0.8027,156832,69,6448,2026-08-30,2026-10-07,Shopping,Avatar Shopping,20,Jck Luxe,Group,False
2026-10-08T15:01Z,chart,trending-in-shopping,7,10751153610,81387538570957,[HALLOWEEN🎃] Larp Shopping 🛍️,80,1800,553,0.765,911751,81,36231,2026-08-22,2026-10-07,Shopping,Avatar Shopping,50,LARP COMMUNITYs,Group,False
2026-10-08T15:01Z,chart,trending-in-shopping,8,6091537736,17781909742,[HALLOWEEN 🎃] Matching Outfit ideas,20,1594,426,0.7891,896163,23,11358,2024-06-08,2026-10-06,Shopping,Avatar Shopping,15,Pawsheens,Group,False
2026-10-08T15:01Z,chart,trending-in-shopping,9,10066618669,96707166754980,Catalog Avatar Builder,1485,3999,1716,0.6997,28591175,1461,37622,2026-04-21,2026-09-29,Shopping,Avatar Shopping,26,K4 Games,Group,False
2026-10-08T15:01Z,chart,trending-in-shopping,10,9459951439,73136526659195,🛍️ Tiramisu Outfit Catalog,218,13143,734,0.9471,8860635,226,163593,2025-12-29,2026-09-26,Shopping,Avatar Shopping,10,tira miss u,Group,False
2026-10-08T15:01Z,chart,trending-in-shopping,11,10205184118,102612844247090,[UPDATE] SELL YOUR AVATAR,258,50723,3111,0.9422,20608235,251,63252,2026-05-22,2026-10-01,Shopping,Avatar Shopping,20,SELL THE AVATAR,Group,False
2026-10-08T15:01Z,chart,trending-in-shopping,12,9796643263,77187847593796,Avatar Maker,636,5572,1527,0.7849,26769509,633,981189,2026-02-25,2026-10-08,Shopping,Avatar Shopping,25,Avatar Maker Club,Group,False
2026-10-08T15:01Z,chart,trending-in-shopping,13,9209811415,102071609564196,🎞️ Emote Catalog,227,19070,1855,0.9114,52471426,229,125363,2025-11-20,2026-09-25,Shopping,Avatar Shopping,28,"L,XOXO",Group,False
2026-10-08T15:01Z,chart,trending-in-shopping,14,8005378926,112130209541489,Catalog Avatar Editor,682,7329,1373,0.8422,40740417,732,831381,2025-06-26,2026-08-16,Shopping,Avatar Shopping,20,Catalog X,Group,False
2026-10-08T15:01Z,chart,trending-in-shopping,15,10764570523,107564665870882,[🎃] Cool Avatar Hub,29,2102,230,0.9014,822189,33,8729,2026-08-31,2026-10-02,Shopping,Avatar Shopping,20,Cool Avatar Hub,Group,False
2026-10-08T15:01Z,chart,trending-in-shopping,16,10677679844,129347788768074,letters basic outfit ideas,16,369,53,0.8744,138889,21,3565,2026-08-11,2026-10-03,Shopping,Avatar Shopping,50,man of letters,Group,False
2026-10-08T15:01Z,chart,trending-in-shopping,17,10267638347,94292962063277,🛍️ Avatar Catalog,1415,1620,488,0.7685,8099688,1419,479481,2026-06-03,2026-10-08,Shopping,Avatar Shopping,22,RETAIL THERAPY.,Group,False
2026-10-08T15:01Z,chart,trending-in-shopping,18,2652888345,6934310111,Avatar Simulator,1926,21535,5947,0.7836,265540307,1910,128184,2021-06-10,2026-10-07,Shopping,Avatar Shopping,24,Avatar Simulator Group,Group,False
2026-10-08T15:01Z,chart,trending-in-shopping,19,10331052349,104498935626365,[🎃] Boy Outfit Ideas,13,1201,68,0.9464,232658,14,2697,2026-06-15,2026-10-07,Shopping,Avatar Shopping,20,/one more chance,Group,False
2026-10-08T15:01Z,chart,trending-in-shopping,20,7710406091,120927317637180,[1400+ Outfits ] xx3t Outfit Shop,17,1121,302,0.7878,1095232,16,19549,2025-05-16,2026-10-07,Shopping,Avatar Shopping,6,xx3t,Group,False
2026-10-08T15:01Z,chart,trending-in-shopping,21,8232894618,122213771295821,[ ♡ ] Promises avatar closet ,27,1580,211,0.8822,623160,36,15620,2025-07-23,2026-10-07,Shopping,Avatar Shopping,20,Doulette,Group,False
2026-10-08T15:01Z,chart,trending-in-shopping,22,9868579866,134007125647531,Classic Catalog,25,2723,206,0.9297,732426,24,28681,2026-03-11,2026-09-28,Shopping,Avatar Shopping,30,Catalog Fanatics,Group,False
2026-10-08T15:01Z,chart,trending-in-shopping,23,10139318212,123276525788536,🛍️ Shop It [Alpha v1.11],122,664,323,0.6727,1485361,121,5865,2026-05-08,2026-09-28,Shopping,Avatar Shopping,24,Neura,Group,False
2026-10-08T15:01Z,chart,trending-in-shopping,24,10766317371,81867840414105,🎃 Halloween Matching Outfits,25,91,45,0.6691,56865,20,2588,2026-09-13,2026-10-07,Shopping,Avatar Shopping,8,Game_Production,Group,False
2026-10-08T15:01Z,chart,trending-in-shopping,25,10188861194,86145498709536,🛍️ Avatar Outfit Catalog [60M+ Outfits],171,4693,329,0.9345,2304124,180,10167,2026-05-19,2026-10-08,Shopping,Avatar Shopping,25,Context Works,Group,False
2026-10-08T15:01Z,chart,trending-in-shopping,26,10766991752,132645962304513,[NEW 🎃] Halloween Matching Outfits,7,183,20,0.9015,33121,8,606,2026-09-19,2026-09-23,Shopping,Avatar Shopping,50,Hazel’s Baddies,Group,False
2026-10-08T15:01Z,chart,trending-in-shopping,27,5960318269,17416373337,[ 3.19 ] matching outfit ideas,7,372,53,0.8753,166359,6,3900,2024-05-07,2026-09-28,Shopping,Avatar Shopping,20,3.19,Group,False
2026-10-08T15:01Z,chart,trending-in-shopping,28,7554119808,75387700043737,🛍️ My Avatar!,14233,160131,15629,0.9111,446932608,14265,5561713,2025-04-17,2026-10-08,Shopping,Avatar Shopping,28,THINK DIFFERENT.,Group,False
2026-10-08T15:01Z,chart,trending-in-shopping,29,9753458401,116502367082500,StyleMe,793,12015,2297,0.8395,13185336,799,47779,2026-02-18,2026-10-07,Shopping,Avatar Shopping,17,StyleMe Group,Group,False
2026-10-08T15:01Z,chart,trending-in-simulation,1,5750914919,16732694052,Fisch 🐟,69743,3043229,309333,0.9077,4990486529,69779,3666793,2024-03-13,2026-10-08,Simulation,,20,Fisching,Group,False
2026-10-08T15:01Z,chart,trending-in-simulation,2,10282097014,118845698633260,Pet Store Tycoon,22490,30613,1509,0.953,4366881,22472,83076,2026-06-06,2026-10-08,Simulation,Tycoon,8,already arrived studios,Group,False
2026-10-08T15:01Z,chart,trending-in-simulation,3,10173311467,137228775845999,Ghost Driver [ALPHA],9517,511998,12764,0.9757,93852952,9623,885130,2026-05-16,2026-10-07,Simulation,Vehicle Sim,15,Tilted Vehicles,Group,False
2026-10-08T15:01Z,chart,trending-in-simulation,4,10768565603,104416416393862,[UPD] Get Your Driver's License!,8333,4262,5568,0.4336,3270270,8408,10930,2026-09-29,2026-10-08,Simulation,Idle,25,Time Will Pass,Group,False
2026-10-08T15:01Z,chart,trending-in-simulation,5,601130232,1537690962,Bee Swarm Simulator,27613,3034388,139878,0.9559,4596106957,27614,6544922,2018-03-21,2026-08-22,Simulation,Incremental Simulator,6,Onett,User,False
2026-10-08T15:01Z,chart,trending-in-simulation,6,10765012427,123720558354386,Build the Pyramid!,16536,100426,5214,0.9506,33062638,16620,149333,2026-09-03,2026-10-01,Simulation,Incremental Simulator,100,Janitors Studios,Group,False
2026-10-08T15:01Z,chart,trending-in-simulation,7,10767408330,116701845804918,Peel THE Potato,28768,20675,1247,0.9431,8263005,28792,24964,2026-09-21,2026-10-05,Simulation,Incremental Simulator,16,soviet potato republic,Group,False
2026-10-08T15:01Z,chart,trending-in-simulation,8,3317771874,8737899170,🎃 [HATCH WARS] Pet Simulator 99! 🍀,50043,3069411,170508,0.9474,2661547943,50119,2204297,2022-02-05,2026-10-08,Simulation,Incremental Simulator,10,BIG Games Pets,Group,False
2026-10-08T15:01Z,chart,trending-in-simulation,9,10756011174,77108422251420,[🔱] Search For The Needle,16112,372658,16050,0.9587,97441007,16136,225993,2026-08-23,2026-10-08,Simulation,Incremental Simulator,20,Garage Games,Group,False
2026-10-08T15:01Z,chart,trending-in-simulation,10,10766812776,109959833715820,"WideOpen [MOTORCYCLE, TRAFFIC CUTS, CUSTOMIZATION]",3771,3139,134,0.9591,1852902,3836,9189,2026-09-17,2026-10-08,Simulation,Vehicle Sim,16,Elevator4022,User,False
2026-10-08T15:01Z,chart,trending-in-simulation,11,10765298801,111543903102439,+1 Stone Skipping,34291,33032,1163,0.966,19946367,34068,736917,2026-09-05,2026-10-08,Simulation,Incremental Simulator,10,Meow Labs,Group,False
2026-10-08T15:01Z,chart,trending-in-simulation,12,2783797267,7171174521,[🌲FOREST🌲] American Plains Mudding,7834,377314,45365,0.8927,714195614,7777,8219513,2021-07-29,2026-10-07,Simulation,Vehicle Sim,15,American Plains Mudding,Group,False
2026-10-08T15:01Z,chart,trending-in-simulation,13,10767634248,102476635575386,Firefighting Sim 🚒,22817,5011,433,0.9205,5211726,22587,22888,2026-09-22,2026-10-08,Simulation,,8,Blackbox Express,Group,False
2026-10-08T15:01Z,chart,trending-in-simulation,14,1525626450,4637668954,(🍂) Rensselaer County,3281,396485,22640,0.946,340399493,3283,886813,2020-01-28,2026-10-07,Simulation,Vehicle Sim,30,Rensselaer County Official,Group,False
2026-10-08T15:01Z,chart,trending-in-simulation,15,10766687030,131234943387594,Rocket Rush,4344,10511,2643,0.7991,6184735,4344,20062,2026-09-16,2026-10-08,Simulation,Vehicle Sim,6,VOXELIFIED,Group,False
2026-10-08T15:01Z,chart,trending-in-simulation,16,10436530264,78490532994307,Build An Ant Empire,21811,40156,1580,0.9621,13541417,21642,274718,2026-07-03,2026-10-08,Simulation,Tycoon,6,Insect Kingdom studio,Group,False
2026-10-08T15:01Z,chart,trending-in-simulation,17,10767240772,137477934962022,Crack the Egg 🥚,11777,11626,1577,0.8806,2431232,11761,17954,2026-09-20,2026-10-05,Simulation,Incremental Simulator,20,egg shell games,Group,False
2026-10-08T15:01Z,chart,trending-in-simulation,18,10708913337,113290951185459,[🎉 UPD 7] Anime Dice,60718,576568,4223,0.9927,78612118,60671,142371,2026-08-15,2026-10-08,Simulation,Incremental Simulator,9,More & More Games,Group,False
2026-10-08T15:01Z,chart,trending-in-simulation,19,10767628417,92796716336864,Create Pottery!,3526,5427,393,0.9325,875613,3520,20213,2026-09-22,2026-10-04,Simulation,Tycoon,6,Team Lychee!,Group,False
2026-10-08T15:01Z,chart,trending-in-simulation,20,2668101271,6961824067,Fling Things and People,32270,949563,231907,0.8037,3604029303,32846,2582001,2021-06-16,2025-10-29,Simulation,Physics Sim,25,Horomori,User,False
2026-10-08T15:01Z,chart,trending-in-simulation,21,10550257968,107164765081465,Steal A Verity!,11641,10516,4081,0.7204,29842724,11639,924936,2026-07-23,2026-10-08,Simulation,Tycoon,7,Steal A Verity!,Group,False
2026-10-08T15:01Z,chart,trending-in-simulation,22,850110028,2418863943,"[HIGHWAY TRAFFIC] Roanoke, VA Driving RP",2394,380295,36924,0.9115,189630055,2410,706355,2018-09-27,2026-10-07,Simulation,Vehicle Sim,30,"Roanoke, VA",Group,False
2026-10-08T15:01Z,chart,trending-in-simulation,23,10748543623,131526356112663,[SECRETS!⭐] Pack A Rare Card,3729,43357,681,0.9845,1776574,3728,54070,2026-08-21,2026-10-08,Simulation,Incremental Simulator,15,and Grade Cards,Group,False
2026-10-08T15:01Z,chart,trending-in-simulation,24,10765067592,75766778174856,[UPD6] Tower Incremental,6361,5200,584,0.899,2233432,6340,35268,2026-09-04,2026-10-08,Simulation,Incremental Simulator,8,Lucky CStudios,Group,False
2026-10-08T15:01Z,chart,trending-in-simulation,25,10667357873,76841016201110,💭Dream Car Collection ,7791,32098,1524,0.9547,13503283,7778,201140,2026-08-09,2026-10-08,Simulation,Incremental Simulator,6,F Students = Inventors,Group,False
2026-10-08T15:01Z,chart,trending-in-simulation,26,10636331438,90920025162454,[ISLANDS] Roll a Fisherman 🎣,8783,74087,1296,0.9828,9882064,8790,317936,2026-08-05,2026-10-07,Simulation,Tycoon,6,FISH X SPEEDI,Group,False
2026-10-08T15:01Z,chart,trending-in-simulation,27,10765906597,118723800148573,⛳ Clean all the Balls [2X Luck],2576,11167,557,0.9525,2520386,2582,10679,2026-09-10,2026-10-08,Simulation,Incremental Simulator,12,Little Green Studios,Group,False
2026-10-08T15:01Z,chart,trending-in-simulation,28,1526814825,4639625707,[Visby] War Tycoon,10201,1109173,106128,0.9127,1125023307,10167,4424084,2020-01-29,2026-10-05,Simulation,Tycoon,18,KizmoTek Studio,Group,False
2026-10-08T15:01Z,chart,trending-in-simulation,29,7265977477,140317247681516,Jump Clicker 🚀,32854,94334,4922,0.9504,123333703,32718,9207754,2025-02-19,2026-09-21,Simulation,Incremental Simulator,20,lol games..,Group,False
2026-10-08T15:01Z,chart,trending-in-simulation,30,10766309747,98940528508770,Melt All The Ice!🧊,4583,33524,945,0.9726,8424311,4592,31699,2026-09-13,2026-10-07,Simulation,Incremental Simulator,20,The Frozen Studio,Group,False
2026-10-08T15:01Z,chart,trending-in-simulation,31,10740316645,79389059854988,⛏️ My Anime Mine,9952,54534,696,0.9874,5638705,9943,22098,2026-08-19,2026-10-07,Simulation,Tycoon,12,Curseddd Games,Group,False
2026-10-08T15:01Z,chart,trending-in-simulation,32,10766142497,91122750358192,Drive A Tuk Tuk,3680,1843,309,0.8564,1777754,3623,15632,2026-09-12,2026-10-07,Simulation,Vehicle Sim,10,Lumora Inc.,Group,False
2026-10-08T15:01Z,chart,trending-in-simulation,33,10767582899,101914705206759,[💻UPD] 📱 Build a Phone Empire,7641,4847,1263,0.7933,1135135,7589,12513,2026-09-22,2026-10-07,Simulation,Tycoon,8,DEVTEC STUDIOS,Group,False
2026-10-08T15:01Z,chart,trending-in-simulation,34,10263732883,139063887391814,[UPD 2.0] TBOD^2 [Tycoon But One Dropper: SQUARED],1894,11358,2141,0.8414,6379531,1893,38864,2026-06-03,2026-10-07,Simulation,Tycoon,8,BOG [But One Games],Group,False
2026-10-08T15:01Z,chart,trending-in-simulation,35,10766056678,99679692310083,Steal Animal Egg,24518,20913,1331,0.9402,15324319,24587,499387,2026-09-11,2026-10-08,Simulation,Tycoon,6,Sillytung Studios,Group,False
2026-10-08T15:01Z,chart,trending-in-simulation,36,10765288803,114326934417838,Break and Steal an Egg,104084,155499,3328,0.979,43796751,103944,241308,2026-09-05,2026-10-07,Simulation,Tycoon,7,ILGames x Eggs,Group,False
2026-10-08T15:01Z,chart,trending-in-simulation,37,10766004084,132386075859319,[CLANS] Escape the Cave,2616,4207,439,0.9055,1848314,2598,11232,2026-09-11,2026-10-08,Simulation,Incremental Simulator,20,WorldLab Studios®,Group,False
2026-10-08T15:01Z,chart,trending-in-simulation,38,10765686447,82081400078378,Steal ASMR!,13342,23569,1259,0.9493,11853319,13337,61043,2026-09-08,2026-10-08,Simulation,Tycoon,7,ASMR Creations,Group,False
2026-10-08T15:01Z,chart,trending-in-simulation,39,10744310825,104320321984431,Paint to Get Rich [MUSEUM] 🎨,22172,8299,3155,0.7246,20945445,22162,1176360,2026-08-20,2026-10-06,Simulation,Tycoon,6,Toasty Works,Group,False
2026-10-08T15:01Z,chart,trending-in-simulation,40,10765541201,119156763806075,2 Player Pizza Tycoon 🍕,8811,1453,139,0.9127,2485103,8793,10763,2026-09-07,2026-10-05,Simulation,Tycoon,8,MSL Games,Group,False
2026-10-08T15:01Z,chart,trending-in-simulation,41,10700618962,132767904294856,[⚽] Blue Lock Farm,10379,30340,527,0.9829,12341450,10463,298858,2026-08-14,2026-10-08,Simulation,Tycoon,8,Finding Illusions,Group,False
2026-10-08T15:01Z,chart,trending-in-simulation,42,10563114921,107778070777162,Steal An Egg,1499102,3293203,278643,0.922,7218946399,1546443,7112148,2026-07-25,2026-10-08,Simulation,Tycoon,7,and Collect Rare Pets,Group,False
2026-10-08T15:01Z,chart,trending-in-simulation,43,9584852943,95082159892680,[X20] +1 Speed Keyboard Escape | Candy & Chocolate,99398,9915815,321063,0.9686,6344231219,99336,6970744,2026-01-18,2026-10-07,Simulation,Incremental Simulator,22,SecretVerse Studio,Group,False
2026-10-08T15:01Z,chart,trending-in-simulation,44,7709344486,109983668079237,[🌗] Steal a Brainrot,96032,15450590,2691760,0.8516,73861962577,96278,29501974,2025-05-16,2026-10-08,Simulation,Tycoon,8,BRAZILIAN SPYDER,Group,False
2026-10-08T15:01Z,chart,trending-in-simulation,45,5361032378,15532962292,Sol's RNG [ Eon 1-29 ],32977,1424082,134063,0.914,2218563193,32910,1023762,2023-12-03,2026-10-03,Simulation,Incremental Simulator,20,Sol's Studio,Group,False
2026-10-08T15:01Z,chart,trending-in-simulation,46,10035204815,124216119978534,[⚡] Ride A Pet,90223,403763,14007,0.9665,330449364,88143,330557,2026-04-14,2026-10-08,Simulation,Tycoon,6,this game is gud,Group,False
2026-10-08T15:01Z,chart,trending-in-simulation,47,7395930870,79268393072444,Sell Lemons 🍋,11903,358722,20438,0.9461,470974226,11830,505188,2025-03-17,2026-10-07,Simulation,Tycoon,10,BloxByte Games,Group,False
2026-10-08T15:01Z,chart,trending-in-simulation,48,10717002748,100753254401525,[W2] +1 DMG FPS,9125,99369,3945,0.9618,10710391,9072,435589,2026-08-15,2026-10-08,Simulation,Incremental Simulator,16,Mappy Tappy,Group,False
2026-10-08T15:01Z,chart,trending-in-simulation,49,1202096104,3351674303,Driving Empire,25525,2537332,190775,0.9301,3342903118,25572,31782551,2019-06-23,2026-10-07,Simulation,Vehicle Sim,22,Driving Empire by Voldex,Group,False
2026-10-08T15:01Z,chart,trending-in-simulation,50,9837612476,131346454575416,[💥] Mini War,8691,794665,28974,0.9648,352264829,8774,1245185,2026-03-05,2026-10-07,Simulation,Tycoon,6,M&M Community,Group,False
2026-10-08T15:01Z,chart,trending-in-simulation,51,210851291,537413528,Build A Boat For Treasure,13825,3659718,259237,0.9339,5220524933,13714,8539584,2016-11-02,2026-10-02,Simulation,Sandbox,7,Chillz Studios,Group,False
2026-10-08T15:01Z,chart,trending-in-simulation,52,10261267004,98800969324557,[🚂 UPD] Storage Hunters: Open World,13234,125771,7192,0.9459,128096108,13280,376954,2026-06-02,2026-10-04,Simulation,Tycoon,8,Absolute Zero!,Group,False
2026-10-08T15:01Z,chart,trending-in-simulation,53,10684750879,118805555015549,[BOSS]+1 Loot To Forge,37575,136422,4593,0.9674,65076644,37269,2751195,2026-08-12,2026-10-08,Simulation,Incremental Simulator,8,Good Bro Studio,Group,False
2026-10-08T15:01Z,chart,trending-in-simulation,54,7094518649,119048529960596,Restaurant Tycoon 3,8904,392551,19345,0.953,376132634,8907,903677,2025-01-16,2026-10-08,Simulation,Tycoon,6,Ultraw,User,False
2026-10-08T15:01Z,chart,trending-in-simulation,55,2471084,13822889,🌳 Lumber Tycoon 2,6834,2034648,285460,0.877,1332804574,6815,4648581,2009-07-30,2026-10-06,Simulation,Tycoon,6,Defaultio,User,False
2026-10-08T15:01Z,chart,trending-in-simulation,56,7436755782,126884695634066,[🧑‍🌾] Grow a Garden 🌶️,17703,9435988,1054899,0.8994,35961152730,17713,11438981,2025-03-25,2026-10-06,Simulation,Tycoon,4,The Garden Game,Group,False
2026-10-08T15:01Z,chart,trending-in-simulation,57,10495391267,110527353762049,Roblox Stock Exchange 2,1255,12126,897,0.9311,5151050,1283,62522,2026-07-13,2026-10-08,Simulation,,35,Summit Productions Development,Group,False
2026-10-08T15:01Z,chart,trending-in-simulation,58,911750776,2551991523,Broken Bones IV,3911,1404880,185968,0.8831,1527554510,3866,4483113,2018-11-07,2026-08-08,Simulation,Physics Sim,30,Zaquille,User,False
2026-10-08T15:01Z,chart,trending-in-simulation,59,10430019389,126546868403353,[🎃] Spot the Fake For Anime!,11303,153934,2791,0.9822,11532519,11300,333144,2026-07-01,2026-10-08,Simulation,Incremental Simulator,6,20XX Studio,Group,False
2026-10-08T15:01Z,chart,trending-in-simulation,60,10526853622,132239307080610,[🌋] Deep Fishing🎣,8394,28018,939,0.9676,9573526,8391,161800,2026-07-18,2026-10-08,Simulation,Incremental Simulator,12,LazyGames.,Group,False
2026-10-08T15:01Z,chart,trending-in-simulation,61,10741654282,105011592530400,Build and Kill Zombies,16453,247841,5026,0.9801,48180319,16968,1122844,2026-08-19,2026-10-08,Simulation,Sandbox,5,Zombie Car Crusher,Group,False
2026-10-08T15:01Z,chart,trending-in-simulation,62,10764479526,92648272637932,+1 Mog Evolution,17845,295983,5948,0.9803,37002678,17854,388187,2026-08-30,2026-10-07,Simulation,Incremental Simulator,12,Navoj Mog,Group,False
2026-10-08T15:01Z,chart,trending-in-simulation,63,9872734936,70435795041539,[UPD] Junk Mechanics,10908,49916,6457,0.8855,55039008,10931,122685,2026-03-12,2026-10-06,Simulation,Vehicle Sim,12,Oil Leak,Group,False
2026-10-08T15:01Z,chart,trending-in-simulation,64,21164849,20321167,Pilot Training Flight Simulator,5085,877885,63456,0.9326,805241338,5137,2051484,2010-01-04,2026-10-02,Simulation,Vehicle Sim,20,Pilot Training Club,Group,False
2026-10-08T15:01Z,chart,trending-in-simulation,65,79301772,166986752,🔨Plane Crazy🔨 [UPDATE],4869,400783,99040,0.8018,504797928,4826,2001515,2014-07-16,2026-10-03,Simulation,Sandbox,12,Plane Crazy Developers,Group,False
2026-10-08T15:01Z,chart,trending-in-simulation,66,31970568,69184822,Theme Park Tycoon 2,3439,2083659,256886,0.8902,1621837690,3467,6099374,2012-01-02,2026-08-31,Simulation,Tycoon,6,Den_S,User,False
2026-10-08T15:01Z,chart,trending-in-strategy,1,5578556129,16146832113,Anime Vanguards: Wrathful Assault,24141,2589376,87365,0.9674,2061496534,24139,1998132,2024-01-28,2026-10-08,Strategy,Tower Defense,24,Kitawari,Group,False
2026-10-08T15:01Z,chart,trending-in-strategy,2,3541611379,9503261072,TB II | Tower Defense X: BETA,6169,334028,20170,0.9431,417507120,6180,338335,2022-04-30,2026-10-07,Strategy,Tower Defense,50,Tower Defense X,Group,False
2026-10-08T15:01Z,chart,trending-in-strategy,3,9480281767,133585162751824,Monopoly,2401,18989,4664,0.8028,29220878,2385,139784,2026-01-01,2026-10-07,Strategy,Board & Card Games,24,GroovyII,User,False
2026-10-08T15:01Z,chart,trending-in-strategy,4,10764297006,138110382920220,Pixel Conquest,7161,17111,3856,0.8161,42307765,7163,28711,2026-08-29,2026-10-08,Strategy,,175,8Yoonie,User,False
2026-10-08T15:01Z,chart,trending-in-strategy,5,4983034985,14422394494,Conquer The World WW2 [👑 Formables ],16653,121009,28385,0.81,293702431,16653,874065,2023-08-13,2026-10-02,Strategy,,14,Marian_Dev,User,False
2026-10-08T15:01Z,chart,trending-in-strategy,6,1531130248,4646477729,Tower Heroes [UPD] 🎃 ,2482,363907,43666,0.8929,532088945,2470,859414,2020-02-01,2026-10-08,Strategy,Tower Defense,23,Pixel-bit Studio,Group,False
2026-10-08T15:01Z,chart,trending-in-strategy,7,5580972377,16154918775,[RANKED] 💥 BUCKSHOT,2373,695997,25229,0.965,149068876,2422,619811,2024-01-28,2026-10-03,Strategy,,24,crookit,Group,False
2026-10-08T15:01Z,chart,trending-in-strategy,8,8946565814,129932912185311,[UPDATE 3.0 ⚓] Anime Origins,2250,33695,2230,0.9379,27155352,2240,27436,2025-10-14,2026-10-08,Strategy,Tower Defense,22,Origins Project,Group,False
2026-10-08T15:01Z,chart,trending-in-strategy,9,10757247806,103767961452227,Build and Conquer,3427,5040,549,0.9018,1257398,3417,12467,2026-08-23,2026-10-08,Strategy,,8,The Slop Company,Group,False
2026-10-08T15:01Z,chart,trending-in-strategy,10,10246108265,113987393426315,[⚓] Navy War,3367,94087,3264,0.9665,22270304,3383,163261,2026-05-30,2026-10-06,Strategy,,6,Parabola MMOVEMENT,Group,False
2026-10-08T15:01Z,chart,trending-in-strategy,11,3183403065,8304191830,[🤹APRIL FOOL'S🤡] AA,2451,723602,65230,0.9173,2513167211,2438,1398184,2021-12-21,2025-09-03,Strategy,Tower Defense,30,Gomu,Group,False
2026-10-08T15:01Z,chart,trending-in-strategy,12,10231502419,99714898369873,SNACK Defense! 🍉 [TD],2924,20473,765,0.964,7170466,2931,54798,2026-05-27,2026-10-05,Strategy,Tower Defense,25,Games by Bug,Group,False
2026-10-08T15:01Z,chart,trending-in-strategy,13,10424107160,114125816375987,[🌙] Survive The Night,4182,9277,509,0.948,4610924,4204,41997,2026-07-01,2026-10-08,Strategy,Tower Defense,50,Duni&Minion,Group,False
2026-10-08T15:01Z,chart,trending-in-strategy,14,10236805062,89638842072277,Frontline Commander ⚔️ RTS,727,5895,693,0.8948,876773,722,32104,2026-05-28,2026-10-05,Strategy,,150,FRONTLINE COMMANDER,Group,False
2026-10-08T15:01Z,chart,trending-in-strategy,15,10765834825,139710760637043,Rule The World 🌍,685,3205,1628,0.6631,2666685,691,5468,2026-09-09,2026-10-06,Strategy,,50,kind of fun games,Group,False
2026-10-08T15:01Z,chart,trending-in-strategy,16,5665954430,16446180574,♠ Twenty One,305,217607,15870,0.932,93448833,311,935155,2024-02-20,2026-09-18,Strategy,Board & Card Games,50,Worst. experience,Group,False
2026-10-08T15:01Z,chart,trending-in-strategy,17,2283649692,6222531507,CHESS!,780,78708,29702,0.726,110650935,782,260071,2021-01-10,2026-09-22,Strategy,Board & Card Games,100,Cookie development,Group,False
2026-10-08T15:01Z,chart,trending-in-strategy,18,6272727021,18512318831,[🎉RELEASE🎉] Undertale Adventures X,1890,40302,2961,0.9316,16673686,1882,35072,2024-07-16,2026-10-08,Strategy,Tower Defense,15,Side Productions,Group,False
2026-10-08T15:01Z,chart,trending-in-strategy,19,10737986845,139536504610209,🛠️Build and Kill Verity,6796,4241,436,0.9068,4326467,6765,137456,2026-08-18,2026-10-06,Strategy,Tower Defense,6,100M CCU,Group,False
2026-10-08T15:01Z,chart,trending-in-strategy,20,7703614594,108533757090220,[⏳🧪] Garden Tower Defense 🌻,4389,1428313,25857,0.9822,810285825,4349,483625,2025-05-14,2026-10-07,Strategy,Tower Defense,20,Garden Defenders,Group,False
2026-10-08T15:01Z,chart,trending-in-strategy,21,1176784616,3260590327,Tower Defense Simulator,12368,2077976,129094,0.9415,5004534033,12262,3519286,2019-06-05,2026-10-05,Strategy,Tower Defense,50,Paradoxum Games,Group,False
2026-10-08T15:01Z,chart,trending-in-strategy,22,7613921865,84515722934860,[🧪] Anime Expeditions ,7235,271720,12207,0.957,802570630,7238,211914,2025-04-28,2026-10-08,Strategy,Tower Defense,24,Expeditions Entertainment,Group,False
2026-10-08T15:01Z,chart,trending-in-strategy,23,918677693,2569453732,Rise of Nations,1409,268201,39374,0.872,311668619,1405,653060,2018-11-14,2026-10-01,Strategy,,700,Hyperant,User,False
2026-10-08T15:01Z,chart,trending-in-strategy,24,3267012194,8571687919,LOCOfficial!,582,266418,40324,0.8685,327880744,593,1088905,2022-01-17,2026-10-07,Strategy,Board & Card Games,100,Rawblocky,Group,False
2026-10-08T15:01Z,chart,trending-in-strategy,25,10529769390,134459712190924,[📊PATCH📊] Slop Tower Defense! 💔,8018,11326,2863,0.7982,26191296,8065,17412,2026-07-19,2026-10-08,Strategy,Tower Defense,20,Slop TD!,Group,False
2026-10-08T15:01Z,chart,trending-in-strategy,26,3913007563,10834586502,The Battle Bricks,2251,183477,33417,0.8459,143451926,2268,315239,2022-09-06,2026-10-02,Strategy,Tower Defense,1,Tumore,Group,False
2026-10-08T15:01Z,chart,trending-in-strategy,27,7934320560,70400654680508,Five Nights TD 2 [EVOLUTIONS],1846,164579,8095,0.9531,110521048,1825,137264,2025-06-17,2026-10-08,Strategy,Tower Defense,20,Hyper TD,Group,False
2026-10-08T15:01Z,chart,trending-in-strategy,28,7685678300,124389216346675,Control Europe,4744,334885,20533,0.9422,286318925,4746,764008,2025-05-11,2026-09-29,Strategy,,14,Hidden Studio.,Group,False
2026-10-08T15:01Z,chart,trending-in-strategy,29,7823137182,81239378558719,Hide the body,1012,131594,22186,0.8557,398176028,1030,561006,2025-06-01,2026-10-08,Strategy,,15,Doge Cloud,Group,False
2026-10-08T15:01Z,chart,trending-in-strategy,30,7738524573,98936097545088,Retro Tower Defense,1412,106182,9624,0.9169,176666932,1409,168744,2025-05-20,2026-10-02,Strategy,Tower Defense,30,Plaything Games,Group,False
2026-10-08T15:01Z,chart,trending-in-survival,1,5569032992,16116270224,🎃 Dandy's World [ALPHA],115766,1722341,248054,0.8741,7572534539,115697,4692488,2024-01-26,2026-10-07,Survival,Escape,35,BlushCrunch Studio,Group,False
2026-10-08T15:01Z,chart,trending-in-survival,2,2440500124,6516141723,DOORS 🚨,52131,4726334,354731,0.9302,7844448558,51962,8250583,2021-03-14,2026-10-05,Survival,Escape,50,LSPLASH,Group,False
2026-10-08T15:01Z,chart,trending-in-survival,3,7326934954,79546208627805,99 Nights in the Forest 🔦,215532,5442899,571955,0.9049,29931612490,215823,9813180,2025-03-04,2026-10-07,Survival,,25,Grandma's Favourite Games,Group,False
2026-10-08T15:01Z,chart,trending-in-survival,4,10765582175,94009908234110,dogs,13619,38618,4203,0.9018,4352497,13566,48531,2026-09-07,2026-10-06,Survival,Escape,12,AZOT,Group,False
2026-10-08T15:01Z,chart,trending-in-survival,5,10665420648,78453398695059,[UPD 2] THRESHOLD ,10190,182767,4709,0.9749,15211108,10151,163813,2026-08-09,2026-10-08,Survival,Escape,45,Reskioat,User,False
2026-10-08T15:01Z,chart,trending-in-survival,6,10673920146,99409088950210,Survive a Million Monkeys,12519,27645,910,0.9681,6616130,12541,133583,2026-08-10,2026-10-08,Survival,,25,gorilla warfare.,Group,False
2026-10-08T15:01Z,chart,trending-in-survival,7,10742937135,109166720609444,(🎮Update!)   Survive The Hulk,5161,10226,2473,0.8053,5915527,5137,70502,2026-08-20,2026-10-08,Survival,1 vs All,12,Survive The Hulk,Group,False
2026-10-08T15:01Z,chart,trending-in-survival,8,10766506199,116802325837172,7 Days Cat-Sitting,17335,10536,3724,0.7388,26479307,17324,98158,2026-09-15,2026-10-07,Survival,,16,HELP ME PLEASE studios,Group,False
2026-10-08T15:01Z,chart,trending-in-survival,9,3647333358,9872472334,Evade ,39447,3242193,210991,0.9389,9274275714,39491,8301731,2022-06-10,2026-10-07,Survival,,15,Hexagon Development Community,Group,False
2026-10-08T15:01Z,chart,trending-in-survival,10,10759518799,121165298854655,[CLASSES] DON'T LET HIM IN,4118,11954,1016,0.9217,10686049,4160,103772,2026-08-24,2026-10-07,Survival,,30,dilly dally games,Group,False
2026-10-08T15:01Z,chart,trending-in-survival,11,1516533665,4623386862,Piggy [SEASON 9 - FRIGHT NIGHT],13428,4061861,435237,0.9032,14399064083,13476,12260794,2020-01-23,2026-10-07,Survival,,6,Piggy Dev Team,Group,False
2026-10-08T15:01Z,chart,trending-in-survival,12,10766395909,137095720966003,Film Animals [1-5 Player],8589,11908,812,0.9362,3117937,8590,35895,2026-09-14,2026-10-08,Survival,,25,ChrisBacker1993,Group,False
2026-10-08T15:01Z,chart,trending-in-survival,13,6739698191,93978595733734,[CURE] Violence District,62547,766784,56077,0.9319,1544499287,62510,1654192,2024-10-31,2026-10-08,Survival,1 vs All,6,VIOLENCE DISTRICT,Group,False
2026-10-08T15:01Z,chart,trending-in-survival,14,5026122481,14564651437,Death in the Box,2851,167313,17680,0.9044,275095985,2806,899771,2023-08-25,2026-10-07,Survival,,50,ARK-ADE,Group,False
2026-10-08T15:01Z,chart,trending-in-survival,15,6324644175,18666738837,Death Order: Simon Says,3806,153340,20354,0.8828,68385569,3830,364127,2024-07-26,2026-10-08,Survival,,72,Voxq Enterprises,Group,False
2026-10-08T15:01Z,chart,trending-in-survival,16,6635513269,127877871885165,he ate them. [HORROR],5091,147950,3927,0.9741,13695409,5059,101052,2024-10-05,2026-10-08,Survival,,20,GavinToBlame,User,False
2026-10-08T15:01Z,chart,trending-in-survival,17,10762757054,115668616082195,WHO FARTED?,5740,22219,5891,0.7904,18713263,5628,63996,2026-08-26,2026-10-07,Survival,1 vs All,10,Badass Experiences,Group,False
2026-10-08T15:01Z,chart,trending-in-survival,18,5829613337,16991287194,something evil will happen,2737,360711,28724,0.9262,372573855,2726,892664,2024-04-03,2026-10-03,Survival,,20,larvae studios,Group,False
2026-10-08T15:01Z,chart,trending-in-survival,19,66654135,142823291,Murder Mystery 2,185637,10733520,1083981,0.9083,31129887159,185585,24394888,2014-01-18,2026-09-24,Survival,1 vs All,12,Nikilis,User,False
2026-10-08T15:01Z,chart,trending-in-survival,20,6331902150,18687417158,Forsaken,52143,2391338,441138,0.8443,5791679509,51626,3232742,2024-07-28,2026-10-06,Survival,1 vs All,9,Forsaken Dev Team,Group,False
2026-10-08T15:01Z,chart,trending-in-survival,21,372226183,893973440,Flee the Facility,11931,2803292,240590,0.921,6056853118,11939,9718685,2017-07-01,2026-10-01,Survival,1 vs All,5,A.W. Apps,Group,False
2026-10-08T15:01Z,chart,trending-in-survival,22,10148749921,78515283254292,Animal Hospital (Anomaly) 🧪,33836,1320980,90358,0.936,2403663257,33808,3131548,2026-05-10,2026-10-06,Survival,,30,Animal Anomaly,Group,False
2026-10-08T15:01Z,chart,trending-in-survival,23,10761687472,113481077323469,Scream And Run [VERITY],5787,99734,13639,0.8797,135945640,5762,457458,2026-08-25,2026-10-07,Survival,Escape,50,Scream And Run Studios,Group,False
2026-10-08T15:01Z,chart,trending-in-survival,24,5039839070,14608970270,(ANNIVERSARY) Outcome Memories v0.2,5535,304872,40950,0.8816,355632602,5503,521504,2023-08-29,2026-10-08,Survival,1 vs All,8,Team Red Ring,Group,False
2026-10-08T15:01Z,chart,trending-in-survival,25,65241,189707,Natural Disaster Survival,5990,4413260,448839,0.9077,4503008380,5944,11889569,2008-03-28,2026-09-17,Survival,,30,Stickmasterluke,User,False
2026-10-08T15:01Z,chart,trending-in-survival,26,6170143659,18199615050,[UPD] Demonology🕯️,3612,351897,16137,0.9562,874994446,3618,1240693,2024-06-25,2026-09-08,Survival,,30,Blaqk Magic Blue,Group,False
2026-10-08T15:01Z,chart,trending-in-survival,27,10031562156,109423220190564,[UPDATE] Backrooms Company,4290,28040,3840,0.8795,42263369,4261,445138,2026-04-13,2026-10-06,Survival,,50,Devs 4 U Productions,Group,False
2026-10-08T15:01Z,chart,trending-in-survival,28,10759337137,85967844112283,Last Stop [Beta],6566,181887,5312,0.9716,37347467,6599,373370,2026-08-24,2026-10-05,Survival,,25,The Hidden Route,Group,False
2026-10-08T15:01Z,chart,trending-in-survival,29,10391036163,126096010539917,Anomaly Detected,2320,16552,2240,0.8808,8162459,2313,172127,2026-06-25,2026-10-08,Survival,,8,BanuTheCat,User,False
2026-10-08T15:01Z,chart,more-when-you-subscribe,1,383310974,920587237,[🎃] Adopt Me!,186283,9536416,1513216,0.8631,44981007038,185980,29718112,2017-07-14,2026-10-07,Roleplay & Avatar Sim,Pet Care,35,Uplift Games,Group,False
2026-10-08T15:01Z,chart,more-when-you-subscribe,2,3317771874,8737899170,🎃 [HATCH WARS] Pet Simulator 99! 🍀,50043,3069411,170508,0.9474,2661547943,50119,2204297,2022-02-05,2026-10-08,Simulation,Incremental Simulator,10,BIG Games Pets,Group,False
2026-10-08T15:01Z,chart,more-when-you-subscribe,3,6765805766,104715542330896,BlockSpin 🔪 [MANSION UNDERGROUND],25167,277375,75628,0.7858,1279349635,25184,989496,2024-11-06,2026-10-03,Action,Open World Action,28,Cinnamon Go!,Group,False
2026-10-08T15:01Z,chart,more-when-you-subscribe,4,1176784616,3260590327,Tower Defense Simulator,12296,2077976,129094,0.9415,5004534033,12262,3519286,2019-06-05,2026-10-05,Strategy,Tower Defense,50,Paradoxum Games,Group,False
2026-10-08T15:01Z,chart,more-when-you-subscribe,5,3647333358,9872472334,Evade ,40066,3242193,210991,0.9389,9274275714,39491,8301731,2022-06-10,2026-10-07,Survival,,15,Hexagon Development Community,Group,False
2026-10-08T15:01Z,chart,more-when-you-subscribe,6,7094518649,119048529960596,Restaurant Tycoon 3,8904,392552,19345,0.953,376132634,8907,903677,2025-01-16,2026-10-08,Simulation,Tycoon,6,Ultraw,User,False
2026-10-08T15:01Z,chart,more-when-you-subscribe,7,4582358979,13127800756,Arm Wrestle Simulator,1746,1243578,67314,0.9487,1321818964,1738,1029334,2023-04-14,2026-10-03,Simulation,Incremental Simulator,9,Kubo Games,Group,False
2026-10-08T15:01Z,chart,more-when-you-subscribe,8,3936365689,10912405603,[DRAGONS!] Clover Retribution,1426,203738,15425,0.9296,73657399,1435,349332,2022-09-14,2026-10-07,RPG,Action RPG,1,Clover Retribution,Group,False
2026-10-08T15:01Z,chart,more-when-you-subscribe,9,2380077519,6403373529,[UPDATE🏴‍☠️] Slap Battles👏,7291,1958356,317492,0.8605,3654262443,7308,4664019,2021-02-16,2026-10-07,Action,Battlegrounds & Fighting,16,Slap Battles,Group,False
2026-10-08T15:01Z,chart,more-when-you-subscribe,10,4793836769,13822562292,[🌴NEW MAP]🚗Midnight Chasers: Highway Racing,3342,987618,25130,0.9752,316659632,3364,6648691,2023-06-21,2026-10-07,Simulation,Vehicle Sim,14,Midnight In-dev,Group,False
2026-10-08T15:01Z,chart,more-when-you-subscribe,11,4839802560,13967668166,LifeTogether 🏠 RP,26470,945244,100569,0.9038,4014575207,26521,15794851,2023-07-05,2026-10-08,Roleplay & Avatar Sim,Life,28,Cinnamon Software,Group,False
2026-10-08T15:01Z,chart,more-when-you-subscribe,12,648454481,1730877806,[🍬HALLOWEEN PT 1] Grand Piece Online,15998,1073573,121629,0.8982,1324968073,16096,1511486,2018-05-06,2026-10-08,RPG,Action RPG,1,Grand Quest Games,Group,False
2026-10-08T15:01Z,chart,more-when-you-subscribe,13,5995470825,17516596118,🎃Hypershot,22303,1871879,109706,0.9446,1337544258,22238,22194139,2024-05-17,2026-10-08,Shooter,Deathmatch Shooter,17,Frosted Studio,Group,False
2026-10-08T15:01Z,chart,more-when-you-subscribe,14,88070565,185655149,[🎃] Welcome to Bloxburg ,25403,5638686,733832,0.8848,10120817485,25442,14007789,2014-11-04,2026-10-08,Roleplay & Avatar Sim,Life,12,Bloxburg Development,Group,False
2026-10-08T15:01Z,chart,more-when-you-subscribe,15,321778215,735030788,Royale🎃High,6643,3264628,535003,0.8592,10462530663,6675,13329385,2017-04-10,2026-10-07,Roleplay & Avatar Sim,Dress Up,12,callmehbob,User,False
2026-10-08T15:01Z,chart,more-when-you-subscribe,16,184199275,2338325648,[🔥] NFL Universe Football,3753,571496,62082,0.902,992457043,3796,1926577,2018-09-12,2026-10-06,Sports & Racing,Sports,12,NFL Universe Football by Voldex,Group,False
2026-10-08T15:01Z,chart,more-when-you-subscribe,17,10541331578,124032631078772,[🦉DARK FOREST] Poly Loot⚔️,1533,12045,1340,0.8999,3260266,1499,215665,2026-07-21,2026-10-04,RPG,Action RPG,10,Poly Loot,Group,False
2026-10-08T15:01Z,chart,more-when-you-subscribe,18,850110028,2418863943,"[HIGHWAY TRAFFIC] Roanoke, VA Driving RP",2394,380296,36925,0.9115,189630055,2410,706355,2018-09-27,2026-10-07,Simulation,Vehicle Sim,30,"Roanoke, VA",Group,False
2026-10-08T15:01Z,chart,more-when-you-subscribe,19,245662005,606849621,Jailbreak,6522,5804754,811761,0.8773,8067524299,6537,18677486,2017-01-06,2026-10-07,Action,Open World Action,30,Badimo,Group,False
2026-10-08T15:01Z,chart,more-when-you-subscribe,20,3170483284,8265622251,Croydon: London Bus Simulator,791,55372,15663,0.7795,72432758,794,211905,2021-12-16,2026-10-06,Simulation,Vehicle Sim,50,Centro Interactive,Group,False
2026-10-08T15:01Z,chart,more-when-you-subscribe,21,7474367816,123921593837160,Climb and Jump Tower [NEW WORLD],4675,1301163,36657,0.9726,1118702168,4636,1435394,2025-04-02,2026-10-06,Simulation,Incremental Simulator,20,Climbing World,Group,False
2026-10-08T15:01Z,chart,more-when-you-subscribe,22,3734304510,10179538382,South Bronx: The Trenches❗,883,278155,50609,0.8461,441286371,861,462643,2022-07-10,2026-08-18,Action,,1,DR1LLIN,Group,False
2026-10-08T15:01Z,chart,more-when-you-subscribe,23,1001911915,2772610559,Farming and Friends,2058,274557,35926,0.8843,242147862,2254,689129,2019-01-21,2026-10-08,Simulation,Tycoon,8,Dunn Games,Group,False
2026-10-08T15:01Z,chart,more-when-you-subscribe,24,2139712082,5951002734,[🕷️HALLOWEEN 1.5] Project Baki,576,85730,21548,0.7991,78082119,578,198457,2020-11-13,2026-10-08,Action,,22,Project Baki,Group,False
2026-10-08T15:01Z,chart,more-when-you-subscribe,25,1852226622,5289509545,Gacha Online ✨ RP,10998,730371,198681,0.7861,3000496529,10972,2748943,2020-07-05,2026-08-28,Roleplay & Avatar Sim,Morph Roleplay,45,SnowdustDev,User,False
2026-10-08T15:01Z,chart,more-when-you-subscribe,26,1742264997,5041144419,SCP: Roleplay,1637,676547,73500,0.902,508023698,1643,1293510,2020-05-16,2026-10-06,Roleplay & Avatar Sim,,50,SCP | Roleplay Community,Group,False
2026-10-08T15:01Z,chart,more-when-you-subscribe,27,4795326392,13827198708,[EVENT] Pull a Sword,601,1383447,38454,0.973,404666445,615,647807,2023-06-22,2026-10-07,Simulation,Incremental Simulator,8,xFrozen Obbys,Group,False
2026-10-08T15:01Z,chart,more-when-you-subscribe,28,6996253752,121567535120062, 🔥[UPDATE]🔥Central Streets,181,51327,2212,0.9587,17311170,200,113305,2024-12-29,2026-10-07,Action,Open World Action,26,Central Productions (RP),Group,False
2026-10-08T15:01Z,chart,more-when-you-subscribe,29,7848204961,77013253496192,[🌟] School RP #FR  ,351,13131,1294,0.9103,9786261,359,85787,2025-06-05,2026-10-08,Roleplay & Avatar Sim,Life,1,ÉLITE FR.,Group,False
2026-10-08T15:01Z,chart,more-when-you-subscribe,30,3164075108,8246874626,[X2 WEEK] Dragon Soul | Anime MMO 🐲,2520,499315,28217,0.9465,289564281,2508,749713,2021-12-13,2026-10-07,RPG,Action RPG,6,Dragon Soul (DS),Group,False
2026-10-08T15:01Z,chart,more-when-you-subscribe,31,3317679266,8737602449,PLS DONATE 💸,2854,3697793,279193,0.9298,5245049609,2826,4439426,2022-02-05,2026-08-16,Social,,28,Quataun,Group,False
2026-10-08T15:01Z,chart,more-when-you-subscribe,32,8640389608,104642175413589,[🎃UPDATE] Summer Donations🌴,284,4399,459,0.9055,2400883,290,4691,2025-09-05,2026-10-08,Social,,26,Summer Donation Crew,Group,False
2026-10-08T15:01Z,chart,more-when-you-subscribe,33,5897329101,17234598656,(NEW PORTS + 6M VISITS!) Cruise Ship Simulator,76,9493,2761,0.7747,6088287,73,35012,2024-04-21,2026-10-06,Simulation,Vehicle Sim,15,Tableboard Studios,Group,False
2026-10-08T15:01Z,chart,more-when-you-subscribe,34,2239430935,6137321701,[UPD] Blair,1095,237286,20023,0.9222,361836252,1095,1137014,2020-12-25,2026-10-03,Survival,,50,Spooky Scary Games,Group,False
2026-10-08T15:01Z,chart,more-when-you-subscribe,35,5497606909,15899178400,🧟 Call of Mini™ Zombies 2 [BETA],162,22847,1654,0.9325,14054095,164,119546,2024-01-06,2026-10-08,Shooter,PvE Shooter,1,Call of Bloxia Productions,Group,False
2026-10-08T15:01Z,chart,more-when-you-subscribe,36,7428819247,114478751418135,[UPD] South London Remastered,586,54536,4498,0.9238,38154827,594,255548,2025-03-24,2026-10-08,Action,Open World Action,35,Money Motivated!,Group,False
2026-10-08T15:01Z,chart,more-when-you-subscribe,37,2491559356,6608498361,Cursed Tank Simulator【HOLD THE LINE】,953,60743,17608,0.7753,89244059,957,181059,2021-04-04,2026-10-04,Action,,1,tanmk,Group,False
2026-10-08T15:01Z,chart,more-when-you-subscribe,38,7884563721,134558434771720,[🔥RALLIES] Arcade Basketball 🏀 ,356,239136,28564,0.8933,140480400,343,877352,2025-06-10,2026-10-07,Sports & Racing,Sports,28,Arcade Basketball,Group,False
2026-10-08T15:01Z,chart,more-when-you-subscribe,39,605887098,1554960397,Car Dealership Tycoon  [🏠],2536,1529995,116673,0.9291,2532193451,2480,3727297,2018-03-27,2026-10-07,Simulation,Tycoon,15,Foxzie,Group,False
2026-10-08T15:01Z,chart,more-when-you-subscribe,40,6726637224,71600459831333,Street Life Remastered 🔥,1910,168500,25153,0.8701,175158523,1933,1644069,2024-10-27,2026-10-07,Action,Open World Action,35,flipsy's games,Group,False
2026-10-08T15:01Z,chart,more-when-you-subscribe,41,1180269832,3272915504,Arcane Odyssey 🌊,547,370763,30651,0.9236,155339882,552,882967,2019-06-07,2026-10-07,RPG,Action RPG,12,Vetex,Group,False
2026-10-08T15:01Z,chart,more-when-you-subscribe,42,8316902627,127742093697776,[🪙] Plants & Brainrots 🌻,2701,3026621,166583,0.9478,4712910109,2759,2001396,2025-08-01,2026-10-07,Simulation,Tycoon,5,Splitting Point - PVB,Group,False
2026-10-08T15:01Z,chart,more-when-you-subscribe,43,1147304238,3177438863,[🔥EVENT] Dragon Blox,632,469527,45984,0.9108,612950425,632,1275673,2019-05-14,2026-10-05,RPG,Action RPG,14,G RBLX Games,Group,False
2026-10-08T15:01Z,chart,more-when-you-subscribe,44,3666294218,9938675423,🌲 Oaklands [⛏️ REVAMP],992,121036,15574,0.886,60616766,982,422673,2022-06-17,2026-10-06,Simulation,Tycoon,8,Typical Developers,Group,False
2026-10-08T15:01Z,chart,more-when-you-subscribe,45,848145103,2414851778,Dungeon Quest! ⚔️ RPG Adventure,160,1160611,103638,0.918,2333459863,156,5882307,2018-09-25,2026-05-01,RPG,Action RPG,40,Dungeon Quest by Voldex,Group,False
2026-10-08T15:01Z,chart,more-when-you-subscribe,46,110181652,277751860,Epic Minigames ✨,1578,2272031,236119,0.9059,2357811549,1576,8611703,2015-07-29,2026-10-06,Party & Casual,Minigame,12,Typical Games,Group,False
2026-10-08T15:01Z,chart,more-when-you-subscribe,47,833209132,2376885433,[NEW] Vesteria,497,256995,27886,0.9021,100713331,482,899540,2018-09-18,2026-10-08,RPG,Action RPG,10,The Vesteria Team,Group,False
2026-10-08T15:01Z,chart,more-when-you-subscribe,48,3204175584,8369888266,Redcliff City 🏡RP ,2869,225533,36758,0.8599,1210864290,2847,1050574,2021-12-27,2026-09-26,Roleplay & Avatar Sim,Life,26,Redcliff City RP,Group,False
2026-10-08T15:01Z,chart,more-when-you-subscribe,49,4154513353,11729688377,Booga Booga [DAILY🎁],997,192256,44000,0.8138,267736705,996,532966,2022-12-03,2026-10-08,RPG,Open World & Survival RPG,50,Gang O' Fries Entertainment,Group,False
2026-10-08T15:01Z,chart,more-when-you-subscribe,50,2860485766,7331676440,[😱] Horror Elevator!,110,86723,10170,0.895,58242249,103,2025534,2021-08-26,2026-09-19,Party & Casual,Minigame,18,Game Chefs,Group,False
2026-10-08T15:01Z,chart,more-when-you-subscribe,51,8974153311,103104121623678,[x2 & BUU] Dragon Ball Hyper Reborn,179,3136,493,0.8641,3169745,182,11011,2025-10-18,2026-10-08,RPG,Action RPG,25,Dark Strange,Group,False
2026-10-08T15:01Z,chart,more-when-you-subscribe,52,5944821008,17371491481,🚨 Birmingham Vehicle Simulator,1739,16808,6874,0.7097,61565748,1762,442823,2024-05-03,2026-10-08,Simulation,Vehicle Sim,50,Birmingham Vehicle Simulator,Group,False
2026-10-08T15:01Z,chart,more-when-you-subscribe,53,2865535599,7346416636,Pop It Trading ✨,173,430423,53220,0.89,839853118,171,2767079,2021-08-28,2026-09-24,Simulation,,22,club XOX,Group,False
2026-10-08T15:01Z,chart,more-when-you-subscribe,54,5049569843,14641667067,Titan Tower Defense,499,146311,7067,0.9539,135456436,495,533646,2023-09-01,2026-10-05,Strategy,Tower Defense,18,[What A Game],Group,False
2026-10-08T15:01Z,chart,more-when-you-subscribe,55,1527252839,4640354700,Ben 10 Super Hero Time,459,82814,23604,0.7782,605239349,464,2879053,2020-01-29,2026-10-08,Action,Battlegrounds & Fighting,20,Cartoon Network Games,Group,False
2026-10-08T15:01Z,chart,more-when-you-subscribe,56,274816972,654732683,[New Car!🛫] Car Crushers 2 - Physics Simulation,2813,1981323,138445,0.9347,1370449420,2779,7133743,2017-02-11,2026-10-06,Simulation,Vehicle Sim,20,Car Crushers Community,Group,False
2026-10-08T15:01Z,chart,more-when-you-subscribe,57,5812546130,16927467487,"[UPD 3] West Coast, Florida",457,22654,5799,0.7962,26230939,449,66259,2024-03-29,2026-10-05,Simulation,Vehicle Sim,25,PolyCore Games,Group,False
2026-10-08T15:01Z,chart,more-when-you-subscribe,58,5720553711,16625391970,NewSmith 🏡 RP,6437,242478,22604,0.9147,767478535,6514,3181698,2024-03-04,2026-10-08,Roleplay & Avatar Sim,Life,28,ARKverse office,Group,False
2026-10-08T15:01Z,chart,more-when-you-subscribe,59,10648555380,84303145803269,[🎃 WORKS] Donation Central 💸,309,9547,455,0.9545,2068842,309,49424,2026-08-07,2026-10-05,Social,,45,Project Blu!,Group,False
2026-10-08T15:01Z,chart,more-when-you-subscribe,60,4518160318,12912731475,Mansion Tycoon 🌴🏠,4644,722474,21992,0.9705,658406726,4627,1206366,2023-03-26,2026-09-29,Simulation,Tycoon,8,Capybara's Productions,Group,False
2026-10-08T15:01Z,chart,more-when-you-subscribe,61,5827120940,16981421605,Reborn As Swordsman,322,359709,11249,0.9697,197590669,330,3793165,2024-04-02,2026-09-18,Simulation,Incremental Simulator,10,Weapon Kingdom,Group,False
2026-10-08T15:01Z,chart,more-when-you-subscribe,62,2711375305,7041939546,Catalog Avatar Creator,56338,3027804,203272,0.9371,8056153363,56393,5899656,2021-07-03,2026-10-07,Shopping,Avatar Shopping,24,Muneeb,User,False
2026-10-08T15:01Z,chart,more-when-you-subscribe,63,7229464493,114291906728616,[🎃] POLY-Z RNG | Zombie Shooter,147,16188,3599,0.8181,11305193,150,43484,2025-02-11,2026-10-05,Shooter,PvE Shooter,32,STUDIO 04,Group,False
2026-10-08T15:01Z,chart,more-when-you-subscribe,64,4263576532,12077443856,Cali Shootout 💥,700,518349,36277,0.9346,191163007,706,492045,2023-01-07,2026-09-30,Action,Open World Action,30,Crimelife,Group,False
2026-10-08T15:01Z,chart,more-when-you-subscribe,65,10593671708,133438949159785,Endless Zombies,169,826,218,0.7912,2838320,169,7296,2026-07-29,2026-10-04,Survival,,30,Dreamshot Productions,Group,False
2026-10-08T15:01Z,chart,more-when-you-subscribe,66,7160901012,113002475938787,Clothing Factory Tycoon 2,90,14765,3927,0.7899,3563279,89,67445,2025-01-28,2026-09-17,Simulation,Tycoon,12,Salty Fish Studios,Group,False
2026-10-08T15:01Z,chart,more-when-you-subscribe,67,7617886606,75911090871122,[FIXES] VARSITY FOOTBALL🏈,86,1575,376,0.8073,2520623,87,28800,2025-04-29,2026-10-08,Sports & Racing,Sports,14,American State Football,Group,False
2026-10-08T15:01Z,chart,more-when-you-subscribe,68,4996628751,14469379009,Eat Same Color Food Challenge,397,20623,4153,0.8324,108792681,403,7535544,2023-08-17,2026-05-19,Party & Casual,,21,SAND4,Group,False
2026-10-08T15:01Z,chart,more-when-you-subscribe,69,5048990623,14639856040,[🔥] Steal TIME for SWORDS,114,17983,3095,0.8532,12157169,108,41970,2023-08-31,2026-10-08,Action,Battlegrounds & Fighting,26,ICEEDX,Group,False
2026-10-08T15:01Z,chart,more-when-you-subscribe,70,5753515186,16740784399,The Eastern War 2.5,300,70026,26376,0.7264,64685217,314,346115,2024-03-14,2026-10-08,Shooter,Deathmatch Shooter,10,"Military Productions,",Group,False
2026-10-08T15:01Z,chart,more-when-you-subscribe,71,10037019232,136611085381274,Marine Academy: Military Roleplay,100,5762,1637,0.7788,4641231,104,14310,2026-04-14,2026-10-02,Roleplay & Avatar Sim,Life,150,Blue Canopy,Group,False
2026-10-08T15:01Z,chart,more-when-you-subscribe,72,4086773669,11497119928,PET PARTY 🎉 RP,221,84393,29767,0.7393,506388995,216,242439,2022-11-07,2026-10-07,Roleplay & Avatar Sim,,24,club XOX,Group,False
2026-10-08T15:01Z,chart,more-when-you-subscribe,73,5012222382,14518422161,Gunfight Arena,571,695516,96591,0.8781,1046586102,532,1825541,2023-08-21,2026-10-03,Shooter,Deathmatch Shooter,20,Gunfight Studio,Group,False
2026-10-08T15:01Z,chart,more-when-you-subscribe,74,3107874866,8067158534,[VOICE🔊] Rap Battles 🔥,98,53047,11251,0.825,71977613,96,894746,2021-11-22,2026-10-02,Social,,15,Lavaflow Studios,Group,False
2026-10-08T15:01Z,chart,more-when-you-subscribe,75,2366560560,6377740507,[Stickers] Miraculous™ RP: Ladybug & Cat Noir,1983,258405,44702,0.8525,981189258,1904,2351093,2021-02-11,2026-10-05,Roleplay & Avatar Sim,Morph Roleplay,26,Toya,Group,False
2026-10-08T15:01Z,chart,more-when-you-subscribe,76,5713659018,16605303570,[🔥NEW!] Artemis Royale,65,31990,7009,0.8203,39328396,65,73910,2024-03-03,2026-10-07,Shooter,Battle Royale,30,Artemis Studios!,Group,False
2026-10-08T15:01Z,chart,more-when-you-subscribe,77,7706951053,130496219537579,First Is Owner ,463,51631,14507,0.7807,74467259,466,753557,2025-05-15,2026-10-07,Party & Casual,Minigame,7,dm_own,User,False
2026-10-08T15:01Z,chart,more-when-you-subscribe,78,124283622,335760407,TPS: Street Soccer 🏆,438,256107,86662,0.7472,793534310,463,673141,2015-12-23,2026-10-05,Sports & Racing,Sports,8,TAYFUN7,User,False
2026-10-08T15:01Z,chart,more-when-you-subscribe,79,2131410080,5935278470,[WATERSPORTS UPD] Lake Ozark,180,16821,3948,0.8099,19013277,190,68646,2020-11-09,2026-10-05,Simulation,Vehicle Sim,20,Ozark Development Team,Group,False
2026-10-08T15:01Z,chart,more-when-you-subscribe,80,204387960,523707617,Universal Roblox Theme Park,83,194464,23768,0.8911,131919728,98,846386,2016-10-13,2026-10-01,Simulation,,35,Universal Roblox Park & Resort,Group,False
2026-10-08T15:01Z,chart,more-when-you-subscribe,81,10231678265,83942486971826,[NEW!] Saturation Diving,130,15018,1534,0.9073,5697048,124,155289,2026-05-27,2026-09-29,Survival,,50,The_BucketHead,User,False
2026-10-08T15:01Z,chart,more-when-you-subscribe,82,4851783408,14004668761,[FIX]⚽Real Futbol,363,134108,26095,0.8371,248449158,384,238030,2023-07-09,2026-10-02,Sports & Racing,Sports,14,Real Futbol Official,Group,False
2026-10-08T15:01Z,chart,more-when-you-subscribe,83,5247232141,15220242937,Don't Anger the Button 😡,1548,12878,5386,0.7051,76842654,1556,3736605,2023-10-30,2026-09-22,Party & Casual,Minigame,10,Fun-Tastic Games,Group,False
2026-10-08T15:01Z,chart,more-when-you-subscribe,84,5113572498,14839650434,College Football 🏈,54,8863,2057,0.8116,27387769,51,23008,2023-09-21,2026-10-07,Sports & Racing,Sports,18,[CFB] - College Football,Group,False
2026-10-08T15:01Z,chart,more-when-you-subscribe,85,6940206974,107792622719098,SnugLife RP 🏡,6315,12013,2798,0.8111,48039308,6337,3567639,2024-12-19,2026-10-05,Roleplay & Avatar Sim,Life,30,Neleaves,Group,False
2026-10-08T15:01Z,chart,more-when-you-subscribe,86,7002376067,122266086263997,[🎃HALLOWEEN SKINS] Eternal Enemies,150,10129,3066,0.7676,12426630,123,33496,2024-12-30,2026-10-07,Roleplay & Avatar Sim,Animal Sim,32,DOCTOR_HYENA,User,False
2026-10-08T15:01Z,chart,more-when-you-subscribe,87,4293374620,12177325772,FIFA Super Soccer,11314,461608,105541,0.8139,1577976548,11305,1106713,2023-01-16,2026-10-07,Sports & Racing,Sports,8,Play! Football,Group,False
2026-10-08T15:01Z,chart,more-when-you-subscribe,88,1499870257,4598019433,[QUEST] generic roleplay gaem.,302,261676,66504,0.7974,127471981,302,973031,2020-01-14,2026-10-07,Roleplay & Avatar Sim,Life,100,AznDibs,User,False
2026-10-08T15:01Z,chart,more-when-you-subscribe,89,1325411718,3891618314,⚓ Harbor Havoc,1557,249148,32735,0.8839,400906858,1481,441817,2019-09-14,2026-09-21,Shooter,,40,Harbor Havoc,Group,False
2026-10-08T15:01Z,chart,more-when-you-subscribe,90,7429689898,83312952548612,Troll is a pinning tower 2,725,1433770,79588,0.9474,513254629,698,820039,2025-03-24,2026-10-08,Obby & Platformer,Tower Obby,32,크롱 스튜디오,Group,False
2026-10-08T15:01Z,chart,learning-and-explore,1,3536173216,9484293069,Sesame Street: Mecha Builders The Game,87,10183,7641,0.5713,96238652,93,55486,2022-04-28,2025-10-07,Puzzle,,1,Whacky Wizards,Group,False
2026-10-08T15:01Z,chart,learning-and-explore,2,3914607290,10840095864,Mission: Mars – Explore the Red Planet 🔴,2,3967,2175,0.6459,7966855,3,28709,2022-09-06,2026-09-06,Simulation,,24,Museum of Science,Group,False
2026-10-08T15:01Z,chart,learning-and-explore,3,5042430067,14618179455,Build a Rocket VS Mark Rober,25,100106,10524,0.9049,21380576,32,114130,2023-08-29,2024-09-04,Simulation,Sandbox,7,CrunchLabs,Group,False
2026-10-08T15:01Z,chart,learning-and-explore,4,3951147015,10959918411,Studio Lite,1237,94601,13959,0.8714,141226520,1193,193397,2022-09-19,2026-07-01,Simulation,Sandbox,1,ScottSpiritWalker,User,False
2026-10-08T15:01Z,chart,learning-and-explore,5,2251388500,6161235818,Twisted [BETA],1685,216897,23177,0.9035,194548800,1715,561067,2020-12-30,2026-10-07,Simulation,,25,Twisted Official,Group,False
2026-10-08T15:01Z,chart,learning-and-explore,6,3627275994,9802068147,Museum Tycoon🏛️,47,57859,6098,0.9047,34451905,46,166924,2022-06-03,2026-10-05,Simulation,Tycoon,6,Zoomy Studios,Group,False
2026-10-08T15:01Z,chart,learning-and-explore,7,6657534906,78959878729166,Aquatica Observatory ,66,20997,799,0.9633,7890266,67,84123,2024-10-10,2026-08-08,Social,,35,Aquatica Studios,Group,False
2026-10-08T15:01Z,chart,learning-and-explore,8,953622098,2653064683,Word Bomb,113,208186,33791,0.8604,108472526,103,543849,2018-12-16,2026-09-15,Puzzle,Word,9,OMG,Group,False
2026-10-08T15:01Z,chart,learning-and-explore,9,2025565382,5716123942,Untamed Animals,1,28260,13137,0.6827,37865879,1,205520,2020-09-21,2024-01-16,Roleplay & Avatar Sim,Pet Care,30,Untamed Planet,Group,False
2026-10-08T15:01Z,chart,learning-and-explore,10,969351457,2686040248,Math Obby ✨,3,58872,17290,0.773,33115223,3,296272,2018-12-28,2026-06-12,Obby & Platformer,Classic Obby,10,0bid0,User,False
2026-10-08T15:01Z,chart,learning-and-explore,11,4055567612,11399271177,Words of Power,1,2796,777,0.7825,1443364,1,17193,2022-10-28,2025-10-31,RPG,Action RPG,40,Mrs Wordsmith,Group,False
2026-10-08T15:01Z,chart,learning-and-explore,12,4380922749,12458468699,The Trolley Game,0,52775,5502,0.9056,11709701,2,100900,2023-02-11,2026-06-07,Party & Casual,Quiz,6,Koobillion Games,Group,False
2026-10-08T15:01Z,chart,learning-and-explore,13,1093311378,3030166262,1867 Historical Role Play,1,6847,2414,0.7393,2942503,1,54371,2019-04-02,2026-08-18,Roleplay & Avatar Sim,,21,cyberpiper,User,False
2026-10-08T15:01Z,chart,learning-and-explore,14,2137105308,5946155382,Trivia! Roblox Game Show [Jeopardy],334,39355,13331,0.747,55138791,341,171503,2020-11-12,2026-09-28,Party & Casual,Quiz,50,L27 Dev,Group,False
2026-10-08T15:01Z,chart,learning-and-explore,15,6711224984,126934081192584,[UPDATE!] Robot World - featuring Salvage Safari!,1,642,1045,0.3806,3902666,1,7521,2024-10-24,2026-08-19,Simulation,,30,Robot Champions,Group,False
2026-10-08T15:01Z,chart,learning-and-explore,16,2283649692,6222531507,CHESS!,780,78707,29702,0.726,110650935,782,260071,2021-01-10,2026-09-22,Strategy,Board & Card Games,100,Cookie development,Group,False
2026-10-08T15:01Z,chart,learning-and-explore,17,79301772,166986752,🔨Plane Crazy🔨 [UPDATE],4869,400783,99040,0.8018,504797928,4826,2001515,2014-07-16,2026-10-03,Simulation,Sandbox,12,Plane Crazy Developers,Group,False
2026-10-08T15:01Z,chart,learning-and-explore,18,5091615162,14773138733,Backpack Adventure: Find the Animals 🐻,1,7180,496,0.9354,3001194,2,23520,2023-09-14,2026-10-01,Adventure,Scavenger Hunt,15,Goode Goode Studios,Group,False
2026-10-08T15:01Z,chart,learning-and-explore,19,4408288935,12550651382,Ecos: La Brea,815,76171,6913,0.9168,55749416,799,284259,2023-02-20,2026-10-05,Roleplay & Avatar Sim,Animal Sim,85,Ecos Team,Group,False
2026-10-08T15:01Z,chart,learning-and-explore,20,6409446943,18923383360,[UPDATE 26] FIRESTORM 2 🔥,38,13602,3056,0.8165,6577072,36,61585,2024-08-12,2026-09-14,Simulation,,1,FireX Industries,Group,False
2026-10-08T15:01Z,chart,learning-and-explore,21,5518318131,15959881028,Placer 📍,3,11055,5915,0.6514,10638683,3,45662,2024-01-12,2025-04-11,Party & Casual,Quiz,12,Ming Media,Group,False
2026-10-08T15:01Z,chart,learning-and-explore,22,112845193,289685010,Bird Simulator,3,283641,57227,0.8321,49234890,3,775837,2015-08-26,2023-03-24,Roleplay & Avatar Sim,Animal Sim,24,Avian Skies,Group,False
2026-10-08T15:01Z,chart,learning-and-explore,23,3081555258,7978512334,Shovelware's Brain Game,42,169963,13168,0.9281,59104305,47,491613,2021-11-12,2025-06-01,Party & Casual,Quiz,6,Shovelware Systems,Group,False
2026-10-08T15:01Z,chart,learning-and-explore,24,3929033413,10888259502,Piano Rooms,5,6516,1249,0.8392,6680153,5,65293,2022-09-11,2026-08-16,Entertainment,Music & Audio,20,Musical Innovations,Group,False
2026-10-08T15:01Z,chart,learning-and-explore,25,97706693,223399075,Rocket Tester,8,66000,8659,0.884,25292653,8,241309,2015-03-05,2022-12-17,Simulation,,6,TriplePattyBurger,User,False
2026-10-08T15:01Z,chart,learning-and-explore,26,6506790141,91305848856772,Revive Atlantis,1,444,295,0.6008,364952,1,2207,2024-09-03,2025-08-12,Education,,5,fish in a bottle Official,Group,False
2026-10-08T15:01Z,chart,learning-and-explore,27,10060481733,95567912268660,Better Blocks [🏡 Town Builder ⚡],17,1285,318,0.8016,844690,14,7736,2026-04-20,2026-10-06,Simulation,Tycoon,8,Fair Count,Group,False
2026-10-08T15:01Z,chart,learning-and-explore,28,9906165155,133016571469118,Make a Mandala,1,393,107,0.786,255093,1,1701,2026-03-19,2026-09-09,Adventure,Scavenger Hunt,11,Goode Goode Studios,Group,False
2026-10-08T15:01Z,chart,learning-and-explore,29,114070244,294790062,Roblox Titanic,461,276490,57412,0.8281,354090052,499,1221884,2015-09-06,2026-09-30,Survival,,30,Virtual Valley Games,Group,False
2026-10-08T15:01Z,chart,learning-and-explore,30,5354625397,15516236993,Mini Cities 2 ,228,54983,8465,0.8666,32865929,230,144489,2023-12-01,2026-10-06,Simulation,Tycoon,6,DestroyerCam Fan Club,Group,False
2026-10-08T15:01Z,chart,learning-and-explore,31,537069295,1334669864,Lua Learning,3,138328,9567,0.9353,9862846,2,305167,2018-01-15,2026-06-19,Education,,20,Torpedo Software LLC,Group,False
2026-10-08T15:01Z,chart,learning-and-explore,32,6938969105,123243055683524,Where Am I? 🗺️ [Alpha],48,5642,2280,0.7122,17197980,62,44750,2024-12-19,2026-10-05,Party & Casual,Quiz,50,CULTURE-SHOCK,Group,False
2026-10-08T15:01Z,chart,learning-and-explore,33,455701239,1101660398,Atlantic Hurricane Simulator 🌀,8,14644,6969,0.6776,8568768,5,48107,2017-10-11,2026-07-01,Education,,30,vanilla_wizard,User,False
2026-10-08T15:01Z,chart,learning-and-explore,34,6906503978,79071834805702,Art Leap by Belvedere Museum,4,16722,1698,0.9078,3831604,1,64394,2024-12-11,2026-10-07,Education,,8,Belvedere Museum,Group,False
2026-10-08T15:01Z,chart,learning-and-explore,35,21164849,20321167,Pilot Training Flight Simulator,5085,877885,63456,0.9326,805241338,5137,2051484,2010-01-04,2026-10-02,Simulation,Vehicle Sim,20,Pilot Training Club,Group,False
2026-10-08T15:01Z,chart,learning-and-explore,36,2501141430,6652606416,Circuit Maker 2,20,4975,1864,0.7274,5673753,18,21578,2021-04-08,2026-06-23,Simulation,Sandbox,10,Circuit Maker Community,Group,False
2026-10-08T15:01Z,chart,learning-and-explore,37,5988568657,17496780975,Care Bears: Caring Quest,52,17474,2302,0.8836,21957995,53,277804,2024-05-15,2026-07-21,Party & Casual,Minigame,21,Care Bears x Exclusible,Group,False
2026-10-08T15:01Z,chart,learning-and-explore,38,2463274810,6557769953,Scripting School,6,58798,3023,0.9511,4423148,6,188859,2021-03-23,2026-02-12,Education,,1,TwoToned Studios,Group,False
2026-10-08T15:01Z,chart,learning-and-explore,39,4145952225,11704713454,CodeCombat Worlds [Lua Coding RPG],1,1663,724,0.6967,1059636,1,8758,2022-11-30,2025-01-28,,,20,CodeCombat,Group,False
2026-10-08T15:01Z,chart,learning-and-explore,40,5174979552,15027718878,🚀 The Space Simulator,786,337867,12525,0.9643,92424608,840,5577646,2023-10-10,2026-10-03,Simulation,,20,mooonc0w,User,False
2026-10-08T15:01Z,chart,learning-and-explore,41,9762578530,73503837134305,Color Catch,21,7989,1458,0.8457,2438950,15,22237,2026-02-20,2026-10-07,Party & Casual,,13,National Gallery of Art,Group,False
2026-10-08T15:01Z,chart,learning-and-explore,42,3934229151,10905680506,Welcome to TechQuest by Computer History Museum,42,7210,1578,0.8204,23603927,44,32176,2022-09-13,2023-07-20,Adventure,Exploration,6,CHM Development,Group,False
2026-10-08T15:01Z,chart,learning-and-explore,43,2308115211,6266940721,StockRise: Stock Simulator,1,24439,7286,0.7703,8921849,1,88911,2021-01-19,2026-05-05,Simulation,,24,StockRise,Group,False
2026-10-08T15:01Z,chart,learning-and-explore,44,210851291,537413528,Build A Boat For Treasure,13704,3659718,259237,0.9339,5220524933,13714,8539584,2016-11-02,2026-10-02,Simulation,Sandbox,7,Chillz Studios,Group,False
2026-10-08T15:01Z,chart,learning-and-explore,45,6794845242,88364323402553,[🗿🐀FREE UGCs] Final Score,4,19630,1093,0.9473,1648054,5,10839,2024-11-14,2026-06-07,RPG,Action RPG,12,Koninklijk Concertgebouworkest Group,Group,False
2026-10-08T15:01Z,chart,learning-and-explore,46,6252201542,18448043901,[🎶] BeatMerger (CREATE YOUR OWN SONGS),23,14121,3780,0.7888,11274308,20,101584,2024-07-12,2026-07-08,Entertainment,Music & Audio,1,NsFlashcrafter1,User,False
2026-10-08T15:01Z,chart,learning-and-explore,47,2817076516,7232779505,Type Race!,4,47419,12257,0.7946,18865796,3,129847,2021-08-10,2025-10-06,Party & Casual,,15,haz3mn,User,False
2026-10-08T15:01Z,chart,learning-and-explore,48,3801657309,10425361163,CurioCity,9,18017,1114,0.9418,2993189,8,12139,2022-07-31,2024-07-30,,,6,The Franklin Institute,Group,False
2026-10-08T15:01Z,chart,learning-and-explore,49,7091388561,127707120843339,Math Murder,413,167081,14252,0.9214,133778755,429,119619,2025-01-15,2026-07-21,Education,,8,Spelling Studios,Group,False
2026-10-08T15:01Z,chart,learning-and-explore,50,2208244398,6082527099,✏️ Project Sudoku,11,10665,1585,0.8706,6210513,11,42557,2020-12-13,2026-07-21,Puzzle,,30,GreatPanda3's Group,Group,False
2026-10-08T15:01Z,chart,learning-and-explore,51,1375027828,4201429814,Roblox Creator Challenge,57,44808,9825,0.8202,78565284,52,357015,2019-10-24,2020-05-20,Sports & Racing,Racing,30,Roblox Creator Challenge,Group,False
2026-10-08T15:01Z,chart,learning-and-explore,52,1217298587,3408507762,Click the Flag 🌍,26,15318,5602,0.7322,14345992,30,59021,2019-07-03,2026-08-24,Party & Casual,Quiz,15,a_mb0385,User,False
2026-10-08T15:01Z,chart,learning-and-explore,53,2533027421,6708164649,Ocean Conservation Experience,2,19624,2470,0.8882,4394370,2,47782,2021-04-21,2024-09-28,,,50,Natalie_Clabo,User,False
2026-10-08T15:01Z,chart,learning-and-explore,54,3616579578,9759893929,Zoo Tropica 🦓 ,14,7218,1478,0.83,9120643,13,17461,2022-05-29,2026-04-03,Simulation,,30,- Simulation Games -,Group,False
2026-10-08T15:01Z,chart,learning-and-explore,55,5905501282,17262338236,Wordie🧩,144,108459,25793,0.8079,84991173,132,1756526,2024-04-23,2026-10-05,Puzzle,Word,12,Puzzle Empire.,Group,False
2026-10-08T15:01Z,chart,learning-and-explore,56,6015491985,17571821642,Math Tower Race,2688,89305,11717,0.884,380468760,2597,232009,2024-05-22,2026-09-24,Party & Casual,,8,Team Ry LLC,Group,False
2026-10-08T15:01Z,chart,learning-and-explore,57,3645313968,9865836356,🐯Endangered World,37,45549,4117,0.9171,37912953,40,165432,2022-06-10,2025-10-27,Adventure,,8,Playduo Studio,Group,False
2026-10-08T15:01Z,chart,learning-and-explore,58,4034530348,11328835705,Word Search!,62,21790,6821,0.7616,45671999,46,109421,2022-10-20,2024-10-19,Puzzle,Word,40,GalaxyGourmet,User,False
