archetype,name,ccu,visits,like_ratio,up_votes,created,updated,age_days,days_since_update,genre_l1,genre_l2,creator,creator_type,universe_id,url,found_by_query
physics_random_duel,2D Basketball🏀,39,29859490,0.7574,41981,2024-06-14,2026-09-15,846,23,Sports & Racing,Sports,MmiiGames,Group,6118057247,https://www.roblox.com/games/17855939479,basket random
head_sports,[RANKED] Super Head Soccer,841,115231966,0.9258,112932,2026-03-03,2026-10-08,219,0,Sports & Racing,Sports,God Bless Zak,Group,9830176316,https://www.roblox.com/games/122494806393707,head soccer
head_sports,🏀 Basketball Stars 3,132,61084790,0.8541,33065,2023-12-09,2026-10-01,1034,7,Sports & Racing,Sports,Ma1e Group,Group,5379950946,https://www.roblox.com/games/15583100726,basketball stars
head_sports,Head Soccer,0,1565038,0.4425,358,2026-04-10,2026-08-10,181,59,Sports & Racing,Sports,Pickup Basketball,Group,10014205755,https://www.roblox.com/games/128584528706045,head soccer
head_sports,[🏆⚽] Head Soccer Simulator,0,20389157,0.976,199016,2024-01-19,2026-06-16,993,114,Simulation,Incremental Simulator,| Hungry Gaming |,Group,5543899125,https://www.roblox.com/games/16037561679,head soccer
head_sports,🏀 Basketball Stars 2,0,45320499,0.7461,14535,2022-07-20,2026-05-28,1541,133,Sports & Racing,Sports,Ma1e,User,3766677499,https://www.roblox.com/games/10298335542,basketball stars
head_sports,2D Soccer⚽,0,55107,0.6176,21,2026-07-15,2026-07-19,85,81,Sports & Racing,Sports,899 games,Group,10509837951,https://www.roblox.com/games/140716948395531,2d soccer
coop_duo_puzzle,[1 & 2 PLAYER] Grapple Cart Obby,6517,28853355,0.9286,218789,2026-08-26,2026-10-02,43,6,Obby & Platformer,,rng dev,Group,10762388019,https://www.roblox.com/games/117448312570314,2 player obby
coop_duo_puzzle,Carry the Glass Together! [2 Player Obby],6279,25786282,0.8849,22014,2026-06-29,2026-10-08,101,0,Obby & Platformer,,Ritronics Studios,Group,10415694629,https://www.roblox.com/games/81734857983173,duo obby
coop_duo_puzzle,Together [Party Game],4337,722815808,0.8538,188762,2023-07-08,2026-09-18,1188,20,Obby & Platformer,,Maxx Fun,Group,4850044287,https://www.roblox.com/games/13999660589,chained together
coop_duo_puzzle,Blockies [2-3-4-5 Player Obby] ,4313,98745999,0.8912,40433,2025-05-17,2026-10-06,509,2,Obby & Platformer,,ByBalsa,Group,7720654467,https://www.roblox.com/games/73189007576537,teamwork puzzles
coop_duo_puzzle,Team School Breakout! (TEAMWORK OBBY),2751,306631687,0.6827,8779,2023-08-03,2026-09-18,1162,20,Obby & Platformer,,Meltdown Obbies,Group,4944984948,https://www.roblox.com/games/14301835518,teamwork puzzles
coop_duo_puzzle,TEAM GRANDMA ESCAPE!👵🏻 (TEAMWORK OBBY),2257,263276182,0.5925,6383,2023-08-17,2026-06-12,1148,118,Obby & Platformer,,Despicable Obbies,Group,4998493959,https://www.roblox.com/games/14475396559,teamwork puzzles
coop_duo_puzzle,Teamwork Puzzles (Obby),1941,734006485,0.5123,40322,2023-04-19,2026-07-24,1268,76,Obby & Platformer,,LemonBread Studios,Group,4599924264,https://www.roblox.com/games/13184713709,2 player obby
coop_duo_puzzle,Dog Walk 🐶 [2 Player Obby],1722,431551951,0.5505,39921,2025-01-11,2026-10-05,635,3,Obby & Platformer,,Yamato Studios x Foxique,Group,7073604286,https://www.roblox.com/games/99758842280353,2 player obby
coop_duo_puzzle,Biker Duo 🏍️ [2 Player Obby],1498,24013837,0.9755,46243,2026-05-04,2026-09-26,157,12,Obby & Platformer,,Turion Studios,Group,10124421343,https://www.roblox.com/games/118464614321108,2 player obby
coop_duo_puzzle,Team Stepmom Run! (TEAMWORK OBBY),1298,168060740,0.65,2217,2024-06-23,2026-09-23,837,15,Obby & Platformer,,Spectacular Obbies,Group,6163884815,https://www.roblox.com/games/18180736634,2 player puzzle
coop_duo_puzzle,Webbed! ❄️ [2 Player Obby],1280,465561942,0.8663,107513,2025-03-11,2026-07-04,576,96,Obby & Platformer,,studio arsenic,Group,7364297396,https://www.roblox.com/games/132586479415502,duo obby
coop_duo_puzzle,Chained [2 Player Obby],1222,439125965,0.8352,140976,2024-07-04,2026-09-28,826,10,Obby & Platformer,,1-Day,Group,6215464786,https://www.roblox.com/games/18334179599,duo obby
coop_duo_puzzle,Police And Prisoner [2 Player Obby],1011,849055,0.7755,152,2026-08-27,2026-10-06,42,2,Obby & Platformer,,BOBO Games!!,Group,10763416341,https://www.roblox.com/games/81586392042497,2 player obby
coop_duo_puzzle,[💌] Roll a Fat Friend [2 Players Obby],792,239278225,0.766,24495,2025-01-13,2026-09-02,633,36,Obby & Platformer,,Pushing C,Group,7081611770,https://www.roblox.com/games/120790217521707,duo obby
coop_duo_puzzle,Duckies! 🐤 [2 Player Obby],725,49379496,0.7065,5792,2026-05-07,2026-09-29,154,9,Obby & Platformer,,Invite Your Friends!,Group,10132466472,https://www.roblox.com/games/101723587858956,2 player obby
coop_duo_puzzle,Chained Together [2-3-4-5 PLAYER],681,192362072,0.7419,53040,2024-06-22,2025-08-15,838,419,Obby & Platformer,,Archive Experiences,Group,6153964325,https://www.roblox.com/games/18152595062,chained together
coop_duo_puzzle,Chained in Backrooms,677,113643792,0.7211,59782,2025-04-21,2026-09-30,535,8,Obby & Platformer,,Musta and Alexander,Group,7577791613,https://www.roblox.com/games/103731330407395,chained together
coop_duo_puzzle,Carry an Egg [2 Player Obby],570,578835366,0.741,60698,2024-08-31,2026-10-07,768,1,Obby & Platformer,,Skeptic Softworks,Group,6491900489,https://www.roblox.com/games/92171645661524,2 player obby
coop_duo_puzzle,Boat Together [1 - 6 Player],434,10902767,0.8353,3454,2025-12-23,2026-03-22,289,200,Adventure,Exploration,PanCommunity,Group,9408992442,https://www.roblox.com/games/118579556148220,chained together
coop_duo_puzzle,Teamwork Tower 2,417,74845591,0.9289,41694,2025-07-15,2026-05-21,450,140,Obby & Platformer,Tower Obby,Locked In Towers,Group,8169861485,https://www.roblox.com/games/91193393488569,teamwork puzzles
coop_duo_puzzle,Obby Together (2 Players),409,29769992,0.5278,1892,2026-02-13,2026-08-01,237,68,Obby & Platformer,,VlN3_Dev,User,9719468622,https://www.roblox.com/games/115005590982874,fireboy and watergirl
coop_duo_puzzle,TEAM EVIL MOM ESCAPE!👱🏻‍♀️ (TEAMWORK OBBY),400,54121354,0.5147,1625,2023-12-26,2026-09-14,1017,24,Obby & Platformer,,Despicable Obbies,Group,5447532339,https://www.roblox.com/games/15758663417,teamwork puzzles
coop_duo_puzzle,Carry Puzzles (Teamwork Obby),396,524000679,0.5584,18819,2023-08-26,2026-09-23,1139,15,Obby & Platformer,,Decent Labs,Group,5031482529,https://www.roblox.com/games/14581889272,teamwork puzzles
coop_duo_puzzle,(+10) Escape The Rooms [2 Player],386,7747954,0.8083,7592,2025-09-09,2026-08-30,394,39,Obby & Platformer,,PEAK Games !,Group,8675480462,https://www.roblox.com/games/81712765462061,co-op puzzle
coop_duo_puzzle,Easy Teamwork Obby!,339,116091843,0.7965,4340,2024-11-15,2026-10-07,692,1,Obby & Platformer,,Spectacular Obbies,Group,6797677834,https://www.roblox.com/games/93563420945975,teamwork puzzles
coop_duo_puzzle,Carry A Bunny♥️ [2 Player Obby],332,2348701,0.7353,425,2026-03-07,2026-10-05,215,3,Obby & Platformer,,DevPoint Studio's,Group,9845476289,https://www.roblox.com/games/82400187661950,2 player obby
coop_duo_puzzle,Build and Destroy [2 Player Obby],328,69134773,0.9152,15965,2025-05-26,2026-10-01,500,7,Obby & Platformer,,Dynerix Studio,Group,7778848023,https://www.roblox.com/games/89413975336733,2 player obby
coop_duo_puzzle,Teamwork Obby [2 Player] (Obby) 🤝,306,8446300,0.5946,462,2026-03-04,2026-09-20,218,18,Obby & Platformer,,SyncPlay Studio,Group,9834163164,https://www.roblox.com/games/77004371351110,chained together
coop_duo_puzzle,Teamwork Puzzles 2 (Obby),302,1031537186,0.926,708385,2023-02-28,2026-06-25,1318,105,Obby & Platformer,,Pear Pressure,Group,4434803478,https://www.roblox.com/games/12641272458,2 player puzzle
coop_duo_puzzle,Drive it! [2 Player Obby],293,195724383,0.9474,300101,2024-09-02,2026-09-24,766,14,Obby & Platformer,,density.,Group,6505212049,https://www.roblox.com/games/100831517378953,2 player obby
coop_duo_puzzle,Chicken Jockey [2 Player Obby],288,179509604,0.9366,92090,2025-04-16,2026-03-15,540,207,Obby & Platformer,,PlayPixel,Group,7546135071,https://www.roblox.com/games/71412777087552,2 player puzzle
coop_duo_puzzle,Teamwork Tower,282,96437959,0.9076,87641,2025-06-26,2026-04-22,469,169,Obby & Platformer,Tower Obby,Locked In Towers,Group,8000413855,https://www.roblox.com/games/118891884735667,teamwork puzzles
coop_duo_puzzle,Be My Camera [2 Player Obby],277,51991297,0.5798,6164,2025-01-25,2026-09-21,621,17,Obby & Platformer,,Obby Republic,Group,7145230420,https://www.roblox.com/games/95205997597502,duo obby
coop_duo_puzzle,Block and Mine 🧱 [2 Player Obby] ,273,56249180,0.8992,12737,2025-06-24,2026-09-25,471,13,Obby & Platformer,,Blockins,Group,7989618781,https://www.roblox.com/games/74148182861618,fireboy and watergirl
coop_duo_puzzle,Fling A Friend! [2 Player Obby],263,138120898,0.9231,59768,2024-11-14,2026-09-08,693,30,Obby & Platformer,,Bob's Crew,Group,6795084137,https://www.roblox.com/games/123785180486774,fireboy and watergirl
coop_duo_puzzle,Carry A Friend! (Teamwork Obby),247,436392458,0.9335,310199,2023-08-15,2026-09-01,1150,37,Obby & Platformer,,Picture Pearfect,Group,4990998060,https://www.roblox.com/games/14448662003,2 player obby
coop_duo_puzzle,Teamwork Obby,243,125134893,0.7897,11298,2024-01-04,2025-12-02,1008,310,Obby & Platformer,,pears_gg,User,5485660832,https://www.roblox.com/games/15864327873,2 player puzzle
coop_duo_puzzle,Team School Escape! (TEAMWORK OBBY),240,265031598,0.6341,13500,2023-04-22,2026-09-21,1265,17,Obby & Platformer,,Decent Obbies,Group,4610249460,https://www.roblox.com/games/13218487861,teamwork puzzles
coop_duo_puzzle,Chained Cars [2 Player Obby],233,132150532,0.8684,57592,2024-10-01,2026-06-16,737,114,Obby & Platformer,,Punchline Team,Group,6623153829,https://www.roblox.com/games/128520572013466,chained together
coop_duo_puzzle,Throw Me [2 Player Obby],227,74193018,0.9089,36858,2024-04-19,2026-10-06,902,2,Obby & Platformer,,XN Games Studio,Group,5889697701,https://www.roblox.com/games/17204041246,2 player obby
coop_duo_puzzle,Stretch A Friend [2 Player Obby],206,72169779,0.9608,74184,2025-04-03,2026-06-03,553,127,Obby & Platformer,,Punchline Team,Group,7481713061,https://www.roblox.com/games/113816179306818,duo obby
coop_duo_puzzle,Team Prison Run! (TEAMWORK OBBY),206,212803224,0.7497,7196,2023-08-30,2026-01-08,1135,273,Obby & Platformer,,Meltdown Obbies,Group,5045757922,https://www.roblox.com/games/14629231756,teamwork puzzles
coop_duo_puzzle,[NEW] Escape School Together!,188,66659960,0.6987,2222,2025-03-17,2026-08-17,570,52,Obby & Platformer,,Northern Lights LTD,Group,7394135520,https://www.roblox.com/games/119380318364625,chained together
coop_duo_puzzle,Teamwork Obby Puzzles [2 Player] 🤝,187,1308220,0.8036,180,2026-05-01,2026-10-07,160,1,Obby & Platformer,,SyncPlay Studio,Group,10109105170,https://www.roblox.com/games/127089986448544,co-op puzzle
coop_duo_puzzle,Team School Escape! (TEAMWORK OBBY) 🏫,182,2421146,0.7262,122,2026-07-19,2026-09-19,81,19,Obby & Platformer,,UFO Creations,Group,10532125557,https://www.roblox.com/games/101259015189547,teamwork puzzles
coop_duo_puzzle,[UPD] Team Daycare Escape! (TEAMWORK OBBY),165,514824241,0.6873,27120,2023-06-10,2026-09-05,1216,33,Obby & Platformer,,Superfly Obbies,Group,4755741100,https://www.roblox.com/games/13703839980,co-op puzzle
coop_duo_puzzle,Kick Your Friend [2 Player Obby],163,133881015,0.9596,123190,2025-02-07,2026-10-06,608,2,Obby & Platformer,,Above The Air!,Group,7208561693,https://www.roblox.com/games/116623319969839,duo obby
coop_duo_puzzle,Fat And Skinny [ 2 Player Obby ],162,98531018,0.8447,18376,2025-08-30,2026-10-03,404,5,Obby & Platformer,,Be OK Games,Group,8592814161,https://www.roblox.com/games/134989184196699,2 player obby
coop_duo_puzzle,TEAM EVIL KAREN ESCAPE! (TEAMWORK OBBY),158,74051637,0.6762,4717,2024-04-14,2026-10-03,907,5,Obby & Platformer,,Super Funny Obbys,Group,5872304714,https://www.roblox.com/games/17143328105,teamwork puzzles
coop_duo_puzzle,TEAM BARRA'S HOUSE ESCAPE! 👵🏻 (2 PLAYER OBBY),152,15996259,0.6946,357,2025-08-23,2026-10-04,411,4,Obby & Platformer,,Gold Abyss Games,Group,8524864163,https://www.roblox.com/games/98411029434491,2 player obby
coop_duo_puzzle,Altitorture [2 Player Obby],148,318817737,0.885,203857,2023-07-16,2026-09-05,1180,33,Obby & Platformer,,Matrix Entertainment,Group,4877714411,https://www.roblox.com/games/14086581572,chained together
coop_duo_puzzle,Carry a Friend Tower [2 PLAYER TOWER OBBY],146,35372237,0.9128,14370,2025-04-04,2026-08-01,552,68,Obby & Platformer,,Tower Mania Studio,Group,7486872264,https://www.roblox.com/games/108607245570478,duo obby
coop_duo_puzzle,Carry an Aquarium [2 Player Obby],133,34874497,0.971,53236,2024-12-22,2026-09-11,655,27,Obby & Platformer,,VoxSimple Games,Group,6954752429,https://www.roblox.com/games/126745534056786,fireboy and watergirl
coop_duo_puzzle,Roll a Log [2 Player Obby],132,8437065,0.705,2782,2026-02-01,2026-09-22,249,16,Obby & Platformer,,9h Games,Group,9657098507,https://www.roblox.com/games/82991061326884,duo obby
coop_duo_puzzle,Mount Together [2 - 10 Player],130,2578995,0.836,897,2026-02-17,2026-03-22,233,200,Obby & Platformer,,PanCommunity,Group,9746034104,https://www.roblox.com/games/111975681009691,chained together
coop_duo_puzzle,my driver is blind [2 Player Obby],125,10297419,0.9442,13973,2026-03-06,2026-09-18,216,20,Obby & Platformer,,The Coop Scoop,Group,9843407918,https://www.roblox.com/games/119872115101234,2 player obby
coop_duo_puzzle,Carry a Baby [2 Player Obby],115,105340225,0.9041,35395,2024-09-18,2026-07-04,750,96,Obby & Platformer,,+1 Block Each Time,Group,6571312976,https://www.roblox.com/games/101863423902563,fireboy and watergirl
coop_duo_puzzle,Teamwork in Tsunami,113,48289997,0.6094,6776,2023-06-09,2024-02-02,1217,979,Survival,,LavaST,Group,4753245433,https://www.roblox.com/games/13696318393,teamwork puzzles
coop_duo_puzzle,Scooter Duo 🛴 [2 Player Obby],112,28250,0.9216,47,2026-09-20,2026-10-08,18,0,Obby & Platformer,Classic Obby,Obstacle Labs,Group,10767201394,https://www.roblox.com/games/121371815815493,duo obby
coop_duo_puzzle,Break It Obby! (UPD) [2 Player Obby],103,27300368,0.9593,26598,2025-03-08,2026-05-13,579,148,Obby & Platformer,,Vi Games,Group,7343942944,https://www.roblox.com/games/101739659155809,duo obby
bike_trials,[1 & 2 PLAYER] Grapple Cart Obby,6517,28853355,0.9286,218789,2026-08-26,2026-10-02,43,6,Obby & Platformer,,rng dev,Group,10762388019,https://www.roblox.com/games/117448312570314,dirt bike obby
bike_trials,[W27] Obby But You're on a Kart,5155,64252766,0.759,14039,2026-03-03,2026-10-04,219,4,Obby & Platformer,,BLUEFLOWER STUDIOS,Group,9830725726,https://www.roblox.com/games/109694820409483,obby but you're on a bike
bike_trials,Obby But You're on a Scooter,4972,121125715,0.7176,21269,2025-08-10,2026-10-07,424,1,Obby & Platformer,,BINARY TECH,Group,8401518398,https://www.roblox.com/games/122606989565107,bike obby
bike_trials,Biker Duo 🏍️ [2 Player Obby],1495,24013837,0.9755,46243,2026-05-04,2026-09-26,157,12,Obby & Platformer,,Turion Studios,Group,10124421343,https://www.roblox.com/games/118464614321108,bike obby
bike_trials,[🚲PARK] Obby But You’re On a Bike,1078,1946362463,0.7635,947901,2023-07-25,2026-10-03,1171,5,Obby & Platformer,,FORTUNE 777,Group,4908792642,https://www.roblox.com/games/14184086618,bike obby
bike_trials,Skateboard Obby🎃,833,599511869,0.8172,232531,2024-02-08,2026-10-07,973,1,Obby & Platformer,,Gorilla Obby,Group,5620182793,https://www.roblox.com/games/16288616721,bike obby
bike_trials,[NEW] Skateboard of Hell Obby,722,172096437,0.6808,22085,2024-01-27,2026-03-08,985,214,Obby & Platformer,,Limitless Obbies,Group,5576890130,https://www.roblox.com/games/16141640360,obby but you're on a bike
bike_trials,[UPD] Bike of Hell,564,627744653,0.7171,363766,2023-10-01,2026-09-14,1103,24,Obby & Platformer,,Captain Grumpy Games,Group,5148099079,https://www.roblox.com/games/14943334555,obby but you're on a bike
bike_trials,[W2] Obby But You're on a Board,563,1826659,0.6436,186,2026-04-01,2026-10-06,190,2,Obby & Platformer,,CLOCKWORKED PROJECTS,Group,9971895648,https://www.roblox.com/games/139208542491098,obby but you're on a bike
bike_trials,Bike Obby For Brainrots!,447,89776414,0.9409,112443,2026-03-24,2026-09-26,198,12,Simulation,Incremental Simulator,B B BRAINROTS,Group,9934614409,https://www.roblox.com/games/136919941417380,bike obby
bike_trials,Bike Downhill,287,19765355,0.9521,106243,2026-05-12,2026-09-27,149,11,Simulation,Incremental Simulator,Bike Downhill,Group,10160522805,https://www.roblox.com/games/108389155265141,moto x3m
bike_trials,Drive it! [2 Player Obby],263,195724383,0.9474,300101,2024-09-02,2026-09-24,766,14,Obby & Platformer,,density.,Group,6505212049,https://www.roblox.com/games/100831517378953,drive mad
bike_trials,Bike Obby for Soccer Cards!,48,3261579,0.902,4438,2026-04-07,2026-09-10,184,28,Obby & Platformer,,summerhough,Group,10003765097,https://www.roblox.com/games/130997624003980,obby but you're on a bike
bike_trials,(UPDATE) Obby But You're on a Golf Cart,3,25377,0.6296,17,2026-08-24,2026-10-06,45,2,Obby & Platformer,,Morelope studios,Group,10757991118,https://www.roblox.com/games/74856832121162,obby but you're on a bike
bike_trials,Bike Obby For Eggs!,1,162303,0.7333,22,2026-09-09,2026-10-02,29,6,Simulation,Incremental Simulator,Dont Skip Leg Day,Group,10765793911,https://www.roblox.com/games/98160662044987,dirt bike obby
ragdoll_gore_course,Fling Things and People,31500,3604100660,0.8037,949567,2021-06-16,2025-10-29,1940,344,Simulation,Physics Sim,Horomori,User,2668101271,https://www.roblox.com/games/6961824067,ragdoll playground
ragdoll_gore_course,Broken Bones IV,3950,1527565500,0.8831,1404883,2018-11-07,2026-08-08,2892,61,Simulation,Physics Sim,Zaquille,User,911750776,https://www.roblox.com/games/2551991523,broken bones
ragdoll_gore_course,RAGDOLL. ENGINE!!! 😡,1532,205386765,0.8655,126129,2020-09-12,2026-10-07,2217,1,Simulation,Physics Sim,Byteonix,Group,2007050448,https://www.roblox.com/games/5683833663,ragdoll
ragdoll_gore_course,Fling Playground,1330,763708,0.6779,261,2026-01-06,2026-10-08,275,0,Simulation,Physics Sim,The Promised Flingers,Group,9514625031,https://www.roblox.com/games/80038274908161,ragdoll playground
ragdoll_gore_course,Ultimate Ragdoll Playground,898,295272688,0.7846,33201,2022-10-14,2026-09-30,1455,8,Simulation,Physics Sim,ShrekWasMyIdea,User,4018794732,https://www.roblox.com/games/11273483795,ragdoll
ragdoll_gore_course,Active Ragdoll Physics,894,221636,0.63,189,2026-09-18,2026-10-07,20,1,Simulation,Physics Sim,Odd Physics,Group,10766938647,https://www.roblox.com/games/102672229309175,ragdoll playground
ragdoll_gore_course,Ragdoll Engine 🩸 [ Beta ],885,56687,0.9471,483,2026-09-24,2026-10-08,14,0,Simulation,Physics Sim,Ragdoll Co,Group,10767907509,https://www.roblox.com/games/112332082095944,ragdoll
ragdoll_gore_course,Ragdoll Sandbox,824,24117325,0.8663,7136,2025-07-27,2026-10-03,438,5,Simulation,Physics Sim,Slopwork Studios,Group,8270344898,https://www.roblox.com/games/131462535182704,ragdoll playground
ragdoll_gore_course,Ragdoll Physics Havoc,721,382206833,0.8224,114671,2021-01-27,2026-10-08,2080,0,Simulation,Physics Sim,DozenGarlic,User,2327461601,https://www.roblox.com/games/6305582775,ragdoll playground
ragdoll_gore_course,Ragdoll Physics Testing Grounds 🚧,548,32281829,0.668,3477,2020-08-14,2026-08-06,2246,63,Simulation,Physics Sim,Frobulate,Group,1941842588,https://www.roblox.com/games/5557156817,ragdoll
ragdoll_gore_course,Break your Bones ☠️,458,133020053,0.9848,929908,2025-06-05,2026-10-08,490,0,Simulation,Physics Sim,High Effort Projects,Group,7848646653,https://www.roblox.com/games/123821081589134,broken bones
ragdoll_gore_course,Clone Ragdoll,429,7677897,0.8509,2140,2026-03-04,2026-10-03,218,5,Simulation,,Slopwork Studios,Group,9831485100,https://www.roblox.com/games/139728291986537,ragdoll
ragdoll_gore_course,Tip's Ragdolls 💥,329,17553093,0.8569,8937,2025-01-29,2026-10-02,617,6,Simulation,Physics Sim,TheTipArrowNT,User,7165819903,https://www.roblox.com/games/102522804138915,ragdoll playground
ragdoll_gore_course,Ragdoll Engine,320,87705498,0.8438,24106,2020-12-31,2026-09-27,2107,11,Social,,Ragdoll Engine_Community,Group,2253699514,https://www.roblox.com/games/6165420832,ragdoll
ragdoll_gore_course,Ragdoll🌊Waterpark,319,111645100,0.807,27238,2023-10-03,2026-06-02,1101,128,Simulation,Physics Sim,REDD's Wastelands,Group,5153268250,https://www.roblox.com/games/14959543012,ragdoll
ragdoll_gore_course,🎈 Ragdoll Simulator,282,298938665,0.7931,191029,2020-04-27,2026-08-26,2355,43,Simulation,Physics Sim,Frobulate,Group,1699553764,https://www.roblox.com/games/4950394908,ragdoll playground
ragdoll_gore_course,Evolution Ragdoll [ EUPHORIA RAGDOLL ],245,50724915,0.65,11815,2024-02-23,2026-10-05,958,3,Simulation,Physics Sim,Armframe Studios,Group,5678594929,https://www.roblox.com/games/16484430822,ragdoll playground
ragdoll_gore_course,R15 Ragdoll Test [🛠️],243,41873626,0.8194,14538,2018-01-05,2026-09-30,3198,8,Simulation,Physics Sim,verridden,User,526430730,https://www.roblox.com/games/1301251542,ragdoll playground
ragdoll_gore_course,RAGDOLL,206,26321364,0.7559,8122,2021-12-24,2026-09-27,1749,11,Simulation,Physics Sim,Reinvent,Group,3192462684,https://www.roblox.com/games/8342867486,ragdoll playground
ragdoll_gore_course,[UPD] Motion Euphoria Ragdoll,158,47998981,0.8596,29658,2024-05-25,2026-06-14,866,116,Simulation,Physics Sim,inlike's room,Group,6027857614,https://www.roblox.com/games/17604230967,ragdoll
ragdoll_gore_course,Ragdoll Physics - Brick Edition,157,46920246,0.6947,5966,2021-05-01,2026-08-11,1986,58,Simulation,Physics Sim,DozenGarlic,User,2556498063,https://www.roblox.com/games/6750799502,ragdoll
ragdoll_gore_course,[🔊] Softbody Ragdoll Engine,143,31166215,0.7556,11055,2023-12-18,2026-10-03,1025,5,Simulation,Physics Sim,darkenians,User,5413384598,https://www.roblox.com/games/15672028550,ragdoll
ragdoll_gore_course,Ragdoll Testing 2 [BETA],143,10884193,0.7897,3676,2023-02-22,2026-09-07,1324,31,Simulation,Physics Sim,ARTFVL,User,4413881706,https://www.roblox.com/games/12569565104,ragdoll
ragdoll_gore_course,✨[UPDATE] Admin Ragdoll Engine,97,521193788,0.8742,375817,2020-11-13,2026-06-11,2155,119,Simulation,Physics Sim,Byteonix,Group,2139563899,https://www.roblox.com/games/5950733731,ragdoll
ragdoll_gore_course,Break your Friends 🦴,77,54840440,0.9574,115776,2025-10-21,2026-07-14,352,86,Simulation,Physics Sim,Fat Rat: The Singularity,Group,8997111763,https://www.roblox.com/games/126881587516442,happy wheels
ragdoll_gore_course,Ragdoll Testing,72,293465682,0.8857,177217,2019-07-02,2026-08-08,2655,61,Simulation,Physics Sim,ARTFVL,User,1216210570,https://www.roblox.com/games/3404168302,ragdoll playground
ragdoll_gore_course,(🩸UPD) Ragdoll Sandbox Game 🩸,59,9954935,0.7279,2774,2026-03-16,2026-10-08,206,0,Simulation,Physics Sim,Ragdoll Sandbox Games,Group,9891141559,https://www.roblox.com/games/130967570201252,ragdoll playground
ragdoll_gore_course,Ragdoll Battlegrounds,53,25720459,0.5189,5145,2021-04-03,2026-10-08,2014,0,Action,Battlegrounds & Fighting,Metatable,Group,2491140204,https://www.roblox.com/games/6607797163,ragdoll
ragdoll_gore_course,Ragdoll Reborn,46,19811787,0.6687,2462,2022-04-14,2025-05-01,1638,525,Simulation,Physics Sim,gollira games,Group,3499025207,https://www.roblox.com/games/9361215504,ragdoll playground
ragdoll_gore_course,Active Ragdoll Sandbox Playground,33,19601406,0.7308,5027,2024-07-07,2026-08-29,823,40,Simulation,Physics Sim,wavs chamber,Group,6232865834,https://www.roblox.com/games/18385686948,ragdoll playground
ragdoll_gore_course,RAGDOLL UNIVERSE ,31,50413326,0.827,176133,2018-02-27,2026-09-30,3145,8,Action,Battlegrounds & Fighting,LSPLASH,Group,580765040,https://www.roblox.com/games/1466995005,ragdoll
ragdoll_gore_course,[🌑 SHADOW!] Ragdoll a Lucky Block,31,11543860,0.9497,15273,2026-05-15,2026-10-02,146,6,Simulation,Tycoon,ATM & GuiGui,Group,10171732905,https://www.roblox.com/games/88537828625671,ragdoll
ragdoll_gore_course,Ragdoll Engine [Catalog + Emotes],27,7089890,0.7316,706,2021-10-09,2026-09-02,1825,36,Simulation,Physics Sim,Time Only,Group,2984108166,https://www.roblox.com/games/7685042059,ragdoll
ragdoll_gore_course,Ragdoll Engine but it's underwater,24,53629755,0.7331,14636,2020-12-08,2026-09-08,2130,30,Simulation,Physics Sim,UISize,User,2196600775,https://www.roblox.com/games/6059455248,ragdoll
ragdoll_gore_course,Ragdoll Football,24,17109,0.9231,84,2026-09-18,2026-10-08,20,0,Sports & Racing,Sports,BloxyBricks,User,10766921988,https://www.roblox.com/games/81469298413354,ragdoll
ragdoll_gore_course,Ragdoll Crash Party!,22,1517499,0.6822,440,2022-12-08,2026-09-05,1400,33,Simulation,Physics Sim,BradTheProDog,User,4167679982,https://www.roblox.com/games/11773122184,ragdoll
ragdoll_gore_course,Untitled Ragdoll Game,19,30376193,0.7024,7065,2021-09-25,2026-03-28,1839,194,Simulation,Physics Sim,That’s Epik! Studios,Group,2936708057,https://www.roblox.com/games/7557034660,ragdoll playground
ragdoll_gore_course,Competitive Broken Bones IV,18,5412156,0.7939,1976,2023-09-29,2023-10-11,1105,1093,Simulation,Physics Sim,Zaquille,User,5136641797,https://www.roblox.com/games/14909549295,broken bones
ragdoll_gore_course,Dynamic Ragdoll Engine,18,55095802,0.7638,8814,2024-04-13,2025-11-01,908,341,Simulation,Physics Sim,Good Fruit Quality,Group,5867014964,https://www.roblox.com/games/17124373093,ragdoll
ragdoll_gore_course,Ragdoll Animals,17,11422636,0.7436,3124,2024-11-28,2026-09-21,679,17,Simulation,Physics Sim,Takawakalaka,Group,6848789087,https://www.roblox.com/games/121571737300302,ragdoll playground
ragdoll_gore_course,R6 Dynamic Ragdoll,15,6864620,0.8572,4826,2025-06-27,2026-07-15,468,85,Simulation,Physics Sim,Fat Kirry Studio,Group,8007924527,https://www.roblox.com/games/81019564674146,ragdoll
ragdoll_gore_course,Ragdoll Factory,15,3933631,0.8297,7131,2023-09-08,2026-09-03,1126,35,Simulation,Incremental Simulator,Mangoshaped,Group,5071916724,https://www.roblox.com/games/14712331154,ragdoll
ragdoll_gore_course,[RAGDOLL!] EVIL NOOBS SURVIVAL!,14,34295606,0.5234,7297,2018-05-05,2026-10-08,3078,0,Survival,,Psvita65594,User,645150540,https://www.roblox.com/games/1716312457,ragdoll
ragdoll_gore_course,Ragdoll Euphoria,13,38707340,0.7544,5917,2021-08-31,2026-09-26,1864,12,Simulation,Physics Sim,Creative Storms,Group,2875801095,https://www.roblox.com/games/7376358693,ragdoll playground
ragdoll_gore_course,Wipeout Obby! (RAGDOLL UPDATE),13,22385860,0.308,2370,2021-08-11,2026-08-29,1884,40,Obby & Platformer,Classic Obby,Goose Entertainment,Group,2818991557,https://www.roblox.com/games/7236402956,ragdoll
ragdoll_gore_course,Break Your Bones,11,264539,0.6071,68,2026-05-19,2026-09-24,142,14,Simulation,Physics Sim,poopinginmypants1,User,10188533374,https://www.roblox.com/games/118161871686925,broken bones
ragdoll_gore_course,general ragdoll chaos,11,46492172,0.8549,60092,2019-03-12,2025-08-17,2767,417,Simulation,Physics Sim,cddreamgirl,User,1066288430,https://www.roblox.com/games/2951896419,ragdoll playground
ragdoll_gore_course,Ragdoll Mod (🎃HALLOWEEN),10,442681,0.4887,108,2026-03-30,2026-10-04,192,4,Simulation,Sandbox,Speer Studio's,Group,9965460379,https://www.roblox.com/games/84086556211359,ragdoll playground
ragdoll_gore_course,🦴 Ragdoll Training,9,1762426,0.8599,1215,2026-04-01,2026-06-26,190,104,Simulation,Incremental Simulator,TPC Games,Group,9972805752,https://www.roblox.com/games/107449809224130,ragdoll
ragdoll_gore_course,Turbo Dismount testing,9,3735182,0.8401,2206,2021-03-16,2021-08-12,2032,1883,Simulation,Physics Sim,RCarCrash,User,2445574441,https://www.roblox.com/games/6525450361,dismount
ragdoll_gore_course,Broken Bones V,8,71451950,0.8796,63129,2022-10-05,2026-08-06,1464,63,Simulation,Physics Sim,Wavey Games,Group,3993933391,https://www.roblox.com/games/11179373590,broken bones
ragdoll_gore_course,Ragdoll Engine without gravity,8,11610707,0.7418,4232,2021-03-03,2025-01-27,2045,619,Simulation,,UISize,User,2415777417,https://www.roblox.com/games/6469763523,ragdoll
ragdoll_gore_course,Unfunny Ragdolls,7,4067447,0.7498,1507,2022-08-03,2026-09-13,1527,25,Simulation,Physics Sim,Luc's Ragdoll Community,Group,3812544013,https://www.roblox.com/games/10467679536,ragdoll playground
ragdoll_gore_course,Kill Ragdoll NPCs ⚔️,6,286853,0.7549,970,2026-07-24,2026-10-05,76,3,Simulation,Sandbox,Fynex Studio,Group,10557014901,https://www.roblox.com/games/73819469561636,ragdoll
ragdoll_gore_course,Ragdoll Engine Testing Server,6,22783353,0.9089,23608,2025-06-23,2026-09-25,472,13,Simulation,Physics Sim,Byteonix,Group,7984596250,https://www.roblox.com/games/97709608610081,ragdoll playground
ragdoll_gore_course,Octopius [Ragdoll Obby],5,16204309,0.5884,11064,2023-07-22,2026-05-31,1174,130,Obby & Platformer,,⁕Mushroomz Games⁕,Group,4899477069,https://www.roblox.com/games/14154649563,ragdoll
ragdoll_gore_course,Total RAGDOLL Sandbox 🌴,4,1113013,0.8358,341,2026-01-28,2026-08-28,253,41,Simulation,Physics Sim,Two Three Studios,Group,9634898286,https://www.roblox.com/games/111618816634786,ragdoll
ragdoll_gore_course,Ragdoll Physics,4,4513537,0.5367,307,2024-03-18,2026-10-06,934,2,Simulation,Physics Sim,Goofy Ah Giggle,Group,5768466671,https://www.roblox.com/games/16785004761,ragdoll playground
ragdoll_gore_course,Ragdoll Engine but there's no gravity,3,44648052,0.8177,7348,2023-10-24,2026-04-29,1080,162,Simulation,Physics Sim,Byteonix,Group,5226576949,https://www.roblox.com/games/15162407879,ragdoll
ragdoll_gore_course,untitled ragdoll game,2,879218,0.8371,1619,2025-08-19,2026-07-14,415,86,Simulation,Physics Sim,inDEVV,Group,8480508791,https://www.roblox.com/games/80695957706654,ragdoll playground
troll_platformer,TROLL Hug Tower,14546,212803224,0.8599,77851,2026-07-07,2026-09-22,93,16,Obby & Platformer,Tower Obby,Trash Container,Group,10460801145,https://www.roblox.com/games/103037106396302,troll tower
troll_platformer,TROLL Fly & Carry Tower,12039,3779570,0.9558,12307,2026-08-28,2026-10-08,41,0,Obby & Platformer,Tower Obby,and Get Free Balloons,Group,10764221401,https://www.roblox.com/games/117043200777029,troll tower
troll_platformer,Squishy Troll Tower [BETA],4834,10426269,0.8618,12874,2026-08-14,2026-10-06,55,2,Obby & Platformer,Tower Obby,Bu_upload,User,10704015784,https://www.roblox.com/games/82648796375761,troll obby
troll_platformer,💥 Extreme Gear Troll Tower,3422,54437293,0.881,17334,2026-03-19,2026-10-07,203,1,Obby & Platformer,Tower Obby,Sleepy Towers Games,Group,9906154135,https://www.roblox.com/games/103285721487694,troll tower
troll_platformer,TROLL Wheelchair Tower,2784,5255744,0.8017,1694,2026-08-30,2026-10-08,39,0,Obby & Platformer,Tower Obby,SpecialDev,Group,10764467420,https://www.roblox.com/games/128855003532450,troll tower
troll_platformer,Hug a TROLL Tower!,2040,3038460,0.9323,1225,2026-08-24,2026-10-03,45,5,Obby & Platformer,Tower Obby,Eyrie Softworks,Group,10758726566,https://www.roblox.com/games/86627643297235,troll tower
troll_platformer,😠 Verity's Troll Tower,1914,1169561,0.7331,173,2026-09-15,2026-10-07,23,1,Obby & Platformer,Tower Obby,ASMR Towers.,Group,10766567836,https://www.roblox.com/games/126675182905804,troll obby
troll_platformer,[💥]Troll Ragdoll Tower,1855,36452690,0.8406,12960,2025-12-21,2026-10-07,291,1,Obby & Platformer,Tower Obby,Three Pillars Studio,Group,9395278151,https://www.roblox.com/games/86374876468143,rage obby
troll_platformer,Only Up Laser Tower,1835,7296929,0.7028,714,2026-04-10,2026-10-08,181,0,Obby & Platformer,Tower Obby,Syntax Error Creations,Group,10014496141,https://www.roblox.com/games/109579237461406,only up
troll_platformer,TROLL Hug Admin Tower,1128,9071379,0.6933,1282,2025-08-03,2026-10-05,431,3,Obby & Platformer,Tower Obby,FREE ADMIN [OP],Group,8339999039,https://www.roblox.com/games/136579612571673,troll tower
troll_platformer,Gear Troll Slap Tower 💥,1035,121780413,0.9153,39099,2025-11-18,2026-10-07,324,1,Obby & Platformer,Tower Obby,900 Experiences,Group,9198323655,https://www.roblox.com/games/88951201927122,troll tower
troll_platformer,Dance Troll Tower,1031,4305079,0.8349,1937,2026-08-16,2026-10-08,53,0,Obby & Platformer,Tower Obby,JEMO DANCE,Group,10720818424,https://www.roblox.com/games/86827142669824,troll tower
troll_platformer,TROLL Hug Baby tower,940,7658078,0.888,3155,2026-08-21,2026-10-04,48,4,Obby & Platformer,Tower Obby,Mr Chow Studios,Group,10747900291,https://www.roblox.com/games/107751778606501,troll tower
troll_platformer,[1CP] Mount Kara 🚩,884,43160340,0.4235,10560,2025-11-19,2026-10-06,323,2,Obby & Platformer,,Metasful,User,9202115432,https://www.roblox.com/games/131138758703415,getting over it
troll_platformer,Hug TROLL Tower!,828,713721,0.815,141,2026-09-05,2026-10-03,33,5,Obby & Platformer,,Frame's Development,Group,10765315826,https://www.roblox.com/games/97591424611932,troll tower
troll_platformer,Troll Obby,725,106712283,0.8661,94651,2023-04-20,2026-08-04,1267,65,Obby & Platformer,,Randomizers X,Group,4601145322,https://www.roblox.com/games/13189735542,troll obby
troll_platformer,Climb [TROPHIES! 🏆],687,80380060,0.6083,42226,2024-07-15,2026-10-03,815,5,Obby & Platformer,,Codename 23,Group,6268803418,https://www.roblox.com/games/18500105193,getting over it
troll_platformer,Troll is a pinning tower 2,671,513258763,0.9474,1433770,2025-03-24,2026-10-08,563,0,Obby & Platformer,Tower Obby,크롱 스튜디오,Group,7429689898,https://www.roblox.com/games/83312952548612,troll tower
troll_platformer,TROLL Throw Tower! 3 😎,629,18538802,0.848,7184,2026-06-24,2026-08-20,106,49,Obby & Platformer,Tower Obby,Rush Tower Plays,Group,10384890234,https://www.roblox.com/games/137370015275609,troll tower
troll_platformer,TROLL Cat Tower 🐱,553,19444482,0.9299,29116,2026-03-17,2026-05-18,205,143,Obby & Platformer,Tower Obby,Pineapple Broski,Group,9897098788,https://www.roblox.com/games/72609893614278,troll tower
troll_platformer,INSANE Troll Slap Tower 😈,408,213520329,0.898,145785,2025-06-21,2026-09-12,474,26,Obby & Platformer,Tower Obby,Scavenger Hunting Studios,Group,7964539330,https://www.roblox.com/games/110470672231288,troll tower
troll_platformer,[✋] Slapper Troll Tower ,385,16732468,0.8298,7413,2026-07-05,2026-10-05,95,3,Obby & Platformer,Tower Obby,Don’t Fall Studios,Group,10454932245,https://www.roblox.com/games/92801681573829,troll tower
troll_platformer,TROLL Hug or Jail Tower,319,1564478,0.8163,582,2026-08-15,2026-10-02,54,6,Obby & Platformer,Tower Obby,haha fan club,Group,10715691708,https://www.roblox.com/games/138034223075699,troll obby
troll_platformer,Zombie Troll Tower,300,35114286,0.9251,37656,2025-06-08,2025-07-08,487,457,Obby & Platformer,Tower Obby,Fun Addictive Towers,Group,7868055955,https://www.roblox.com/games/129408497314827,troll tower
troll_platformer,Dance Troll Tower 2,289,245656,0.8163,40,2026-10-04,2026-10-08,4,0,Obby & Platformer,Tower Obby,JEMO DANCE,Group,10769250655,https://www.roblox.com/games/111282464808037,troll tower
troll_platformer,[🎨] Camo Troll Tower 4,281,31475831,0.8617,9698,2025-10-01,2026-06-24,372,106,Obby & Platformer,Tower Obby,Low Health Games,Group,8847904177,https://www.roblox.com/games/72525366293660,troll obby
troll_platformer,Troll is a pinning tower 0,258,23029429,0.8961,10565,2025-04-20,2026-10-07,536,1,Obby & Platformer,Tower Obby,타워게임들,Group,7570489548,https://www.roblox.com/games/122332285860226,troll tower
troll_platformer,Troll Hug ASMR Tower,236,799004,0.8385,135,2026-08-05,2026-10-03,64,5,Obby & Platformer,Tower Obby,New Fresh Start,Group,10634599278,https://www.roblox.com/games/78117421453560,troll obby
troll_platformer,IMPOSSIBLE Obby to Heaven 😇,216,106613098,0.7719,115504,2024-01-08,2026-01-07,1004,274,Obby & Platformer,Classic Obby,The Mega Obby Group,Group,5504530122,https://www.roblox.com/games/15919221063,level devil
troll_platformer,[NEW] TROLL OBBY 😈,213,107328866,0.9044,97842,2025-07-13,2026-10-07,452,1,Obby & Platformer,,Dev_dev Games,Group,8152539587,https://www.roblox.com/games/126690911414483,troll obby
troll_platformer,Not Cute Anymore Troll Tower 💕,207,35462896,0.8778,41519,2026-02-04,2026-08-26,246,43,Obby & Platformer,Tower Obby,Epic Troll Games,Group,9675229740,https://www.roblox.com/games/81899478810901,troll tower
troll_platformer,Auto Wallhop Troll Tower 🔁,180,18920530,0.8968,10917,2026-06-18,2026-09-26,112,12,Obby & Platformer,Tower Obby,Epic Wall Hop,Group,10348973621,https://www.roblox.com/games/101754965994520,troll tower
troll_platformer,[🌞] Slide Troll Tower,178,24941372,0.9145,24917,2025-06-04,2026-10-02,491,6,Obby & Platformer,Tower Obby,Towerdom,Group,7840687260,https://www.roblox.com/games/72154623228221,troll obby
troll_platformer,Cursed Troll Tower 💀,177,59544318,0.7539,38860,2025-07-14,2026-09-16,451,22,Obby & Platformer,Tower Obby,TTowers,Group,8157480608,https://www.roblox.com/games/80858274130963,troll tower
troll_platformer,Mrbeast's Deadly Obby,174,62912431,0.5175,3599,2025-07-19,2026-09-23,446,15,Obby & Platformer,,Waterwood Studio,Group,8196860941,https://www.roblox.com/games/88264996806108,level devil
troll_platformer,Troll Easy Tower,167,53331801,0.7876,15748,2025-07-31,2026-09-20,434,18,Obby & Platformer,Tower Obby,Mxt Towers,Group,8304732032,https://www.roblox.com/games/90048768291999,troll tower
troll_platformer,Slap Happy Troll Tower ✋,164,38491234,0.7892,7739,2026-04-12,2026-10-07,179,1,Obby & Platformer,Tower Obby,Wonder Towers,Group,10029257138,https://www.roblox.com/games/118845070796321,troll obby
troll_platformer,[💥] Infinite Troll Tower,152,54386965,0.9188,29628,2025-07-20,2026-08-07,445,62,Obby & Platformer,Tower Obby,Lightning Fast Development,Group,8212965377,https://www.roblox.com/games/126235315046308,troll tower
troll_platformer,Troll Tower 2 🖐,142,143646132,0.9226,167560,2025-05-11,2026-06-02,515,128,Obby & Platformer,Tower Obby,Realistik,Group,7687145492,https://www.roblox.com/games/118771036645714,troll tower
troll_platformer,[🎨] Camo Troll Tower,132,156036526,0.9061,107221,2025-08-02,2026-06-24,432,106,Obby & Platformer,Tower Obby,Low Health Games,Group,8330409552,https://www.roblox.com/games/72462386094083,troll tower
troll_platformer,😭 Cry For Me Troll Tower 🎶,129,17269797,0.9222,25088,2026-02-13,2026-03-16,237,206,Obby & Platformer,Tower Obby,Creator Exchange DEV,Group,9716340958,https://www.roblox.com/games/71565666593141,troll tower
troll_platformer,Freeze Troll Tower 🧊,128,22935256,0.8369,19462,2025-08-24,2026-05-12,410,149,Obby & Platformer,Tower Obby,Cold Obbys,Group,8537386355,https://www.roblox.com/games/139747517558790,troll tower
troll_platformer,Jail Troll Tower,108,22892371,0.8628,37207,2025-10-29,2026-10-02,344,6,Obby & Platformer,Tower Obby,로블록스 문화부,Group,9056172581,https://www.roblox.com/games/112064495670992,troll tower
troll_platformer,ball and axe,107,158859571,0.4699,185403,2017-12-14,2026-09-24,3220,14,Obby & Platformer,,DoctorPurpl,User,504765147,https://www.roblox.com/games/1242235469,getting over it
troll_platformer,[😈] Troll Slap Tower,96,72043440,0.9287,26364,2025-08-30,2026-08-25,404,44,Obby & Platformer,Tower Obby,Brazilian Team,Group,8584153563,https://www.roblox.com/games/76006971006303,troll tower
troll_platformer,Troll Sleep Tower 🥱,93,29343530,0.9396,31899,2025-05-06,2026-01-20,520,261,Obby & Platformer,Tower Obby,Wamerugaming,Group,7654370575,https://www.roblox.com/games/136272288120249,troll tower
troll_platformer,AURA EDIT TROLL OBBY,90,781968,0.4857,204,2026-07-04,2026-10-06,96,2,Obby & Platformer,Classic Obby,2 Jump Obbies 2,Group,10443498119,https://www.roblox.com/games/121842265476726,troll obby
troll_platformer,[🤡] Troll or Slap Tower 🖐️,83,31498630,0.8382,7829,2025-06-10,2026-04-08,485,183,Obby & Platformer,Tower Obby,Gerbs,Group,7886290234,https://www.roblox.com/games/78509884559344,troll tower
troll_platformer,Lucky Block Troll Tower 🍀,78,80570242,0.9432,52357,2025-08-22,2026-07-23,412,77,Obby & Platformer,Tower Obby,Tower Arcade,Group,8514466390,https://www.roblox.com/games/76128254547104,troll tower
troll_platformer,[😈] Aura Troll Slap Tower,75,19321626,0.755,1140,2025-12-08,2026-08-07,304,62,Obby & Platformer,Tower Obby,Mining Fame,Group,9323729992,https://www.roblox.com/games/127867453131813,troll obby
troll_platformer,😈 Cheap Admin Troll Tower [8 Robux],73,18229896,0.8561,18258,2025-09-11,2025-12-29,392,283,Obby & Platformer,Tower Obby,Lowest CCU Games,Group,8689064492,https://www.roblox.com/games/111007368033841,troll tower
troll_platformer,Troll Players in a Cart Ride Tower,71,24841256,0.9207,18790,2025-06-03,2026-10-03,492,5,Obby & Platformer,Tower Obby,LOL Towers,Group,7833193505,https://www.roblox.com/games/130411991361582,troll tower
troll_platformer,Troll is a pinning tower 4,67,92900212,0.9168,107967,2025-05-24,2026-09-14,502,24,Obby & Platformer,Tower Obby,크롱 스튜디오,Group,7762712538,https://www.roblox.com/games/88049480741001,troll tower
troll_platformer,[😎] TROLL Hug Tower,67,3385049,0.935,1122,2026-04-03,2026-09-05,188,33,Obby & Platformer,Tower Obby,Hug Fun Games!,Group,9984633531,https://www.roblox.com/games/118692690185858,troll tower
troll_platformer,Morph Troll Tower,66,30239299,0.7653,8642,2025-08-25,2026-04-01,409,190,Obby & Platformer,Tower Obby,Morph Troll Towers,Group,8543731659,https://www.roblox.com/games/83538263389360,troll tower
troll_platformer,Giant Slap Troll Tower 🤚,58,13912427,0.8816,14484,2025-10-07,2026-09-24,366,14,Obby & Platformer,Tower Obby,Sleepy Towers Games,Group,8892539298,https://www.roblox.com/games/109101587019740,troll tower
troll_platformer,Gear Troll Tower,56,18912197,0.8875,3804,2026-03-17,2026-06-12,205,118,Obby & Platformer,Tower Obby,Indonesians Team,Group,9896324917,https://www.roblox.com/games/115481369282600,troll tower
troll_platformer,Getting Over it[Remastered]🔨,51,109867989,0.3157,65497,2023-02-11,2026-06-05,1335,125,Obby & Platformer,,yaseenrahmanking,User,4379108937,https://www.roblox.com/games/12452509832,getting over it
troll_platformer,Troll is a pinning tower 5,42,74165660,0.8938,50854,2025-07-12,2026-09-14,453,24,Obby & Platformer,Tower Obby,크롱 스튜디오,Group,8137661920,https://www.roblox.com/games/82198031499116,troll tower
troll_platformer,CLIMB [⛰️],42,29923214,0.9,84096,2025-06-27,2026-08-28,468,41,Adventure,Exploration,Cool Games by cool devs,Group,8011932667,https://www.roblox.com/games/98878544296435,getting over it
endless_runner,SKI,4707,21167156,0.8041,13226,2026-08-31,2026-10-08,38,0,Sports & Racing,Racing,SKΙ,Group,10764640833,https://www.roblox.com/games/92722005168254,snow rider
endless_runner,💀 Run Or Die!,1927,9332159,0.7491,3028,2026-08-17,2026-09-24,52,14,Survival,1 vs All,Jew Trade & Clothing LLC,Group,10730818741,https://www.roblox.com/games/135446196332870,endless runner
endless_runner,[⚡] Hyper Speed Runner,1460,93289162,0.9801,362639,2026-01-02,2026-04-11,279,180,Simulation,Incremental Simulator,Hyper Speed Community,Group,9485131494,https://www.roblox.com/games/88933961678687,endless runner
endless_runner,Bobsled Ride Down a Mountainside,1132,112181752,0.9741,526705,2025-12-04,2026-10-07,308,1,Obby & Platformer,Runner,North Pole Drift Club,Group,9294646427,https://www.roblox.com/games/72317248326994,snow rider
endless_runner,Subway Surfing,607,33945087,0.8845,22261,2025-09-25,2026-10-07,378,1,Obby & Platformer,Runner,Feranull,User,8799094487,https://www.roblox.com/games/110677803091411,subway surfers
endless_runner,💀 Run or Dead!,335,1778026,0.7724,777,2026-07-13,2026-09-19,87,19,Survival,1 vs All,Ham's MM2,Group,10495483334,https://www.roblox.com/games/107492404624343,temple run
endless_runner,"SLIDE 999,999 MILES IN A BOX OBBY!",289,60485373,0.8645,49065,2024-08-22,2026-03-22,777,200,Simulation,Idle,VlN3_Dev,User,6453200442,https://www.roblox.com/games/120312206928316,slope
endless_runner,⚡ Speed Runner!,279,429427220,0.6991,97715,2021-02-27,2026-07-24,2049,76,Obby & Platformer,Runner,Arcade Gaming,Group,2406494408,https://www.roblox.com/games/6452292184,endless runner
endless_runner,Subway Runners,111,7098131,0.6594,1028,2025-04-08,2026-10-06,548,2,Obby & Platformer,Runner,Misth Studio,Group,7506362957,https://www.roblox.com/games/82720804506362,subway surfers
endless_runner,Sled Obby [QOL],50,50580523,0.5531,18649,2023-11-01,2025-11-16,1072,326,Obby & Platformer,,Square Helix,Group,5253648332,https://www.roblox.com/games/15237530662,snow rider
endless_runner,Make A Sleigh & Slide Downhill,43,148665,0.2864,63,2026-09-02,2026-09-17,36,21,Simulation,,101% quality,Group,10764888893,https://www.roblox.com/games/96206176642633,snow rider
endless_runner,Subway Mayhem MODDED,40,418699,0.8227,1406,2026-04-22,2026-10-08,169,0,Action,Battlegrounds & Fighting,Subway Mayhem MODDED Group,Group,10068777425,https://www.roblox.com/games/96975911242537,subway surfers
endless_runner,Subway Surfers,21,75900413,0.5248,7502,2022-06-05,2026-09-05,1586,33,Obby & Platformer,Runner,fanum09090,User,3635696036,https://www.roblox.com/games/9831047724,subway surfers
endless_runner,subway surfers,21,1856007,0.6338,334,2026-02-19,2026-10-07,231,1,Obby & Platformer,,supermaster465,User,9758554002,https://www.roblox.com/games/114806495748592,subway surfers
endless_runner,ESCAPE SUBWAY OBBY!,21,524989,0.3073,268,2026-08-23,2026-09-29,46,9,Obby & Platformer,,rich mentality,Group,10757343257,https://www.roblox.com/games/97558144720486,subway surfers
endless_runner,Automatic Subway - Line 2,18,7697772,0.8712,3056,2019-12-26,2026-09-12,2478,26,Simulation,Vehicle Sim,ALOI3E,User,1467889957,https://www.roblox.com/games/4546185613,subway surfers
endless_runner,Automatic Subway - Line 1 and EST 1,17,15319231,0.8573,6890,2019-07-31,2026-10-04,2626,4,Simulation,Vehicle Sim,ALOI3E,User,1257331106,https://www.roblox.com/games/3570038036,subway surfers
endless_runner,⛷️Ski Racing [UPD✨],17,8921042,0.9653,33057,2025-07-30,2025-09-23,435,380,Simulation,Incremental Simulator,Century Simulators,Group,8297396368,https://www.roblox.com/games/84209856657668,snow rider
endless_runner,Subway Surfers,15,6574465,0.5051,886,2024-11-03,2026-07-28,704,72,Obby & Platformer,Runner,DANB3T,User,6755009408,https://www.roblox.com/games/111282521556988,subway surfers
endless_runner,Run or Die,15,17875179,0.8828,49251,2025-10-10,2026-10-05,363,3,Obby & Platformer,Runner,Death Or Run,Group,8914680488,https://www.roblox.com/games/95713983489925,endless runner
endless_runner,🎃 [SPOOKY] Subway Hell ,13,608954,0.7394,542,2026-04-26,2026-10-07,165,1,Roleplay & Avatar Sim,,Last Turn Entertainment,Group,10087244210,https://www.roblox.com/games/92344634724108,subway surfers
endless_runner,PTA Subway: Fifth Avenue,11,9161017,0.8675,10314,2021-06-30,2026-10-07,1926,1,Simulation,Vehicle Sim,Potato Transit Authority,Group,2703818775,https://www.roblox.com/games/7027922660,subway surfers
endless_runner,Build a Sled,7,3473322,0.9729,19797,2025-07-28,2025-12-07,437,305,Simulation,Sandbox,The Sled Game,Group,8283966968,https://www.roblox.com/games/86973267765611,snow rider
endless_runner,Subway Surf for Brainrots🚇,6,2537327,0.9368,9361,2026-02-28,2026-09-12,222,26,Simulation,Tycoon,Brainrot Surf,Group,9811252347,https://www.roblox.com/games/78475473751685,subway surfers
endless_runner,100 Player Sledding [HARD ☠️],6,29136638,0.7673,56770,2024-12-11,2025-11-23,666,319,Survival,,| Puggy Pals |,Group,6903917279,https://www.roblox.com/games/74602579860296,snow rider
endless_runner,+1 Speed Subway Rush,4,19074,0.25,3,2026-09-07,2026-10-07,31,1,Simulation,Tycoon,ibrayo03,User,10765545709,https://www.roblox.com/games/77364165529898,tunnel rush
endless_runner,Sled Down The Highest Mountain,3,13508186,0.9559,212849,2024-08-19,2026-07-27,780,73,Simulation,Incremental Simulator,Studio Inked,Group,6440011936,https://www.roblox.com/games/19003126417,snow rider
endless_runner,[🔧]Sled Racing ❄️,2,1612693,0.9596,10770,2025-11-30,2026-09-17,312,21,Sports & Racing,Sports,warpflight's Studio,Group,9274330048,https://www.roblox.com/games/111760992330577,snow rider
endless_runner,Subway Mayhem🚆[NEW]!,1,173780,0.5128,120,2026-08-14,2026-09-28,55,10,Action,Battlegrounds & Fighting,Whom.,Group,10704239235,https://www.roblox.com/games/137421629451305,subway surfers
endless_runner,Sledding Game❄️,1,3702697,0.5514,1405,2025-11-17,2026-07-18,325,82,Simulation,Physics Sim,TopFun Studio,Group,9191408417,https://www.roblox.com/games/72510313626495,snow rider
precision_platformer,Tower of Hell,41862,29094474649,0.736,4366490,2018-06-18,2026-10-03,3034,5,Obby & Platformer,Tower Obby,YXceptional Studios,Group,703124385,https://www.roblox.com/games/1962086868,vex obby
precision_platformer,ASMR Auto Wallhop Tower 2,5894,13247338,0.7316,905,2026-08-22,2026-10-06,47,2,Obby & Platformer,Tower Obby,Nova Games Group,Group,10751939592,https://www.roblox.com/games/132081245551901,2d platformer
precision_platformer,[HELL] Spiral Difficulty Chart Obby,5144,64618933,0.8098,84884,2026-01-20,2026-10-06,261,2,Obby & Platformer,Classic Obby,Jindijim,User,9592387369,https://www.roblox.com/games/123847390309161,vex obby
precision_platformer,Easy Auto Wall Hop Tower,1898,11115299,0.6591,4086,2026-07-19,2026-10-01,81,7,Obby & Platformer,Tower Obby,Trend Towers,Group,10528486934,https://www.roblox.com/games/94229259371229,wall hop obby
precision_platformer,[⚡] Hyper Speed Runner,1470,93289162,0.9801,362639,2026-01-02,2026-04-11,279,180,Simulation,Incremental Simulator,Hyper Speed Community,Group,9485131494,https://www.roblox.com/games/88933961678687,speed run
precision_platformer,[💎] Speed Run 4,868,1752581798,0.7377,1039434,2014-10-20,2026-09-24,4371,14,Obby & Platformer,,Vurse,User,83858907,https://www.roblox.com/games/183364845,run 3
precision_platformer,🌈 Fall 99999 Rainbow Spiral! Parkour Obby,778,242971133,0.5712,15947,2020-11-28,2026-05-15,2140,146,Obby & Platformer,Classic Obby,Splashy Studio,Group,2171758161,https://www.roblox.com/games/6011940308,parkour
precision_platformer,Wall Hop Battles,748,20045024,0.4522,7404,2026-06-08,2026-10-02,122,6,Obby & Platformer,Classic Obby,Babu2200,User,10292947079,https://www.roblox.com/games/103185879508967,wall hop obby
precision_platformer,+1 Speed Parkour Obby Escape,740,6145962,0.8418,10781,2026-06-11,2026-10-07,119,1,Simulation,Incremental Simulator,Pixel Gold,Group,10307582366,https://www.roblox.com/games/133457381057432,parkour
precision_platformer,Wall Hop Slap Meter ,663,221971174,0.718,37360,2026-05-08,2026-09-05,153,33,Obby & Platformer,,The WallHop Game,Group,10139325104,https://www.roblox.com/games/93265851514769,wall hop obby
precision_platformer,Difficulty Parkour Obby🏃,656,10994925,0.8793,26331,2026-06-30,2026-10-05,100,3,Obby & Platformer,,Parkour World Studio,Group,10421374253,https://www.roblox.com/games/75541033455741,parkour
precision_platformer,Fun Obby Parkour,576,696354,0.6326,136,2026-09-22,2026-10-08,16,0,Obby & Platformer,Classic Obby,moneyndie,User,10767572728,https://www.roblox.com/games/76831684007608,parkour
precision_platformer,+1 Speed Run for Brainrots!,557,28545016,0.942,16352,2026-02-26,2026-07-10,224,90,Simulation,Incremental Simulator,Sahur Corp.,Group,9800909176,https://www.roblox.com/games/76152990565183,run 3
precision_platformer,+1 Wall Hop Obby Escape,552,31210633,0.8227,20882,2026-07-18,2026-10-08,82,0,Simulation,Incremental Simulator,67 OBBY GAMES,Group,10526434002,https://www.roblox.com/games/140462309938712,wall hop obby
precision_platformer,Wall Hop Practice,514,263876976,0.7379,76203,2020-05-17,2026-09-21,2335,17,Obby & Platformer,,minderkat,User,1743990973,https://www.roblox.com/games/5044920251,wall hop obby
precision_platformer,The Core of Wallhop Tower,399,171647532,0.6375,19134,2025-05-20,2026-08-29,506,40,Obby & Platformer,Tower Obby,leflameL,User,7735580090,https://www.roblox.com/games/121439935748881,wall hop obby
precision_platformer,PARKOUR Legacy,362,473355615,0.7546,749832,2016-06-30,2026-10-08,3752,0,Obby & Platformer,,A Mongoose Studio,Group,170247232,https://www.roblox.com/games/445664957,2d platformer
precision_platformer,🍫Tower Of Candy - Tower Of Hell,302,123351003,0.7391,4221,2024-05-25,2026-08-11,866,58,Obby & Platformer,Tower Obby,Invertion Studios,Group,6030909708,https://www.roblox.com/games/17612027930,parkour
precision_platformer,Easy Parkour Obby 🌈,286,204877462,0.6517,14790,2021-09-07,2026-07-28,1857,72,Obby & Platformer,Classic Obby,lol games..,Group,2894092245,https://www.roblox.com/games/7427929301,parkour
precision_platformer,⚡ Speed Runner!,277,429427220,0.6991,97714,2021-02-27,2026-07-24,2049,76,Obby & Platformer,Runner,Arcade Gaming,Group,2406494408,https://www.roblox.com/games/6452292184,speed run
precision_platformer,Parkour Spiral,260,47259310,0.7966,28449,2024-10-23,2026-09-08,715,30,Obby & Platformer,Tower Obby,Hielke Studios,Group,6709042729,https://www.roblox.com/games/131547682328842,parkour
precision_platformer,INSANE wall hop tower😈,255,18816360,0.8809,21336,2025-05-06,2026-09-15,520,23,Obby & Platformer,Tower Obby,Brhome Studio,Group,7655025047,https://www.roblox.com/games/133253665097625,wall hop obby
precision_platformer,Parkour Spiral 2,199,6484911,0.8248,3732,2025-11-05,2026-09-08,337,30,Obby & Platformer,Tower Obby,Hielke Studios,Group,9106796850,https://www.roblox.com/games/96596531231580,parkour
precision_platformer,🏁 Parkour Obby [W7],193,102806022,0.6793,19576,2025-05-01,2026-09-14,525,24,Obby & Platformer,,Parkour MGMT,Group,7626153268,https://www.roblox.com/games/95145490867665,vex obby
precision_platformer,Piggy's Wall Hop Obby,192,5050776,0.8496,21671,2025-06-26,2026-09-23,469,15,Obby & Platformer,Classic Obby,Piggy's Obbies,Group,8005546849,https://www.roblox.com/games/122856741731744,wall hop obby
precision_platformer,Parkour Run!,179,505431818,0.7752,114908,2021-05-13,2026-04-05,1974,186,Obby & Platformer,,GamesReborn Fun,Group,2587270618,https://www.roblox.com/games/6811842210,run 3
precision_platformer,Escape Parkour Obby,176,58361602,0.7175,1963,2023-11-04,2026-10-01,1069,7,Obby & Platformer,Classic Obby,TopGames Formation,Group,5264767796,https://www.roblox.com/games/15266716361,parkour
precision_platformer,[UPD] Parkour For Brainrots!,172,55442081,0.876,82339,2026-03-12,2026-10-06,210,2,Simulation,Tycoon,Fly To 8 Figs,Group,9871986464,https://www.roblox.com/games/75034791252172,parkour
precision_platformer,Ultra Parkour Obby,133,25645901,0.4635,2219,2023-11-20,2024-06-13,1053,847,Obby & Platformer,Classic Obby,Loop Hole Games,Group,5316293237,https://www.roblox.com/games/15408849212,parkour
precision_platformer,Untitled Parkour Game,129,36084334,0.7269,41016,2024-01-29,2026-10-01,983,7,Obby & Platformer,,A Silly Studio,Group,5584394571,https://www.roblox.com/games/16166423027,2d platformer
precision_platformer,Learn To Wall Hop Obby! 🏃‍♂️,123,36641347,0.8559,65272,2025-05-23,2026-09-11,503,27,Obby & Platformer,,Amicus Studios,Group,7754399883,https://www.roblox.com/games/96602062364413,wall hop obby
precision_platformer,Parkour Obby Escape Reach,118,2026354,0.462,79,2026-09-21,2026-10-08,17,0,Simulation,Tycoon,Escape Obby Roblox Games,Group,10767541511,https://www.roblox.com/games/117474420626839,parkour
precision_platformer,Become a Wallhop Pro Obby,118,19298106,0.5818,13823,2025-08-05,2026-09-09,429,29,Obby & Platformer,,Happy Obbying,Group,8355008153,https://www.roblox.com/games/74171266895367,wall hop obby
precision_platformer,Short But Hard Wallhop Tower,114,14813793,0.265,2382,2026-01-31,2026-10-06,250,2,Obby & Platformer,Tower Obby,RelWel Games,Group,9653804173,https://www.roblox.com/games/114086127097930,wall hop obby
precision_platformer,Easy Obby Parkour,103,12621020,0.8481,1775,2024-06-11,2026-09-14,849,24,Obby & Platformer,Classic Obby,ValensGames,Group,6103280407,https://www.roblox.com/games/17814506714,parkour
precision_platformer,Speed's Wall Hop Obby,101,20807446,0.8098,32949,2025-06-17,2026-10-07,478,1,Obby & Platformer,Classic Obby,Speed's Studio,Group,7934989742,https://www.roblox.com/games/101819119929603,wall hop obby
precision_platformer,Easy To Hard Wall Hop Obby 2,101,10115374,0.7349,15030,2025-07-09,2026-09-06,456,32,Obby & Platformer,,Difficulty Charts,Group,8114204086,https://www.roblox.com/games/103373677657428,wall hop obby
precision_platformer,Clock's Difficulty Chart Obby HARD,90,110928481,0.4238,50011,2020-10-31,2026-09-24,2168,14,Obby & Platformer,Classic Obby,clocks forever,Group,2112490643,https://www.roblox.com/games/5899995594,parkour
precision_platformer,Wall Hop To VIP Tower,82,34617196,0.7994,33361,2025-07-08,2026-10-07,457,1,Obby & Platformer,Tower Obby,Mxt Towers,Group,8106250200,https://www.roblox.com/games/120335238954685,wall hop obby
precision_platformer,Nearly IMPOSSIBLE Wall Hop Obby,74,9528152,0.7297,15240,2025-06-15,2025-08-05,480,429,Obby & Platformer,Classic Obby,League Productions,Group,7921391393,https://www.roblox.com/games/86910581331921,wall hop obby
precision_platformer,Auto Wallhop Tower But Hard!🔄,74,26208077,0.6705,8171,2026-06-15,2026-09-05,115,33,Obby & Platformer,Tower Obby,HARUKON_0221,User,10332579362,https://www.roblox.com/games/107839068914459,wall hop obby
precision_platformer,Slap Wall Hop Troll Tower,72,408214,0.7695,611,2026-08-20,2026-09-26,49,12,Obby & Platformer,Tower Obby,The Largest Tower Games Ever,Group,10744041969,https://www.roblox.com/games/97893194061445,wall hop obby
precision_platformer,Parkour bumper 2 🐝 باركور معاه صداع ,63,2809155,0.705,2019,2026-07-19,2026-10-08,81,0,Obby & Platformer,Tower Obby,KSA Game Studio,Group,10531328075,https://www.roblox.com/games/127877430124413,parkour
precision_platformer,Speed Run 12,62,373495124,0.5201,49476,2015-03-26,2026-08-30,4214,39,Obby & Platformer,Runner,superguy0173,User,99402433,https://www.roblox.com/games/230503554,run 3
precision_platformer,[W13] Obby But You're a Parkour Master,60,105999444,0.856,95446,2024-07-11,2026-09-23,819,15,Obby & Platformer,,Dynamic Dashers,Group,6250654615,https://www.roblox.com/games/18442824136,parkour
precision_platformer,Speed Run 100,59,25403112,0.7777,5541,2021-01-05,2026-10-05,2102,3,Obby & Platformer,Runner,sotearful,User,2268197116,https://www.roblox.com/games/6192664105,speed run
precision_platformer,Speed Run 8,58,7274925,0.4099,782,2024-05-11,2025-02-24,880,591,Obby & Platformer,Runner,Little Bit Of Everything Ltd.,Group,5975322768,https://www.roblox.com/games/17459302011,speed run
precision_platformer,[NEW!] Kb's Wall Hop Difficulty Chart 2,58,1965863,0.8427,5425,2025-07-12,2026-10-04,453,4,Obby & Platformer,Classic Obby,Kb's Obbies,Group,8138662732,https://www.roblox.com/games/140150841122323,wall hop obby
precision_platformer,Wall Hop Viral Obby,52,777481,0.5023,218,2026-06-06,2026-10-08,124,0,Obby & Platformer,Classic Obby,Viral Obbies,Group,10278762208,https://www.roblox.com/games/113701699541653,wall hop obby
precision_platformer,Leon's Wall Hop Obby,49,11283888,0.8524,30930,2025-07-25,2026-09-30,440,8,Obby & Platformer,,Obby Towerss,Group,8255799048,https://www.roblox.com/games/122365779533345,wall hop obby
precision_platformer,Wall Hop Tower!,43,28517117,0.8675,7020,2025-07-05,2026-08-30,460,39,Obby & Platformer,Tower Obby,Zrx Towers,Group,8079090630,https://www.roblox.com/games/103875406370088,wall hop obby
precision_platformer,Troll and Wall Hop Master,43,19328088,0.8672,24029,2025-05-28,2026-10-02,498,6,Obby & Platformer,Tower Obby,로블록스 문화부,Group,7788114812,https://www.roblox.com/games/83211259642396,wall hop obby
precision_platformer,Mastering Wallhop Tower,37,74256940,0.8709,73493,2025-03-05,2026-08-28,582,41,Obby & Platformer,Tower Obby,Wino Games,Group,7331771719,https://www.roblox.com/games/91111000005100,wall hop obby
precision_platformer,Easy To Hard Wall Hop Obby,36,35856509,0.8621,68095,2025-06-15,2026-01-20,480,261,Obby & Platformer,,Difficulty Charts,Group,7921260413,https://www.roblox.com/games/85907682116985,wall hop obby
precision_platformer,Speed Run 4 NIGHTMARE Mode,34,37608508,0.5591,22223,2024-09-11,2026-06-23,757,107,Obby & Platformer,,Blοx Universe,Group,6541749038,https://www.roblox.com/games/124802383555509,run 3
precision_platformer,Speed Run Tower 2,32,3056565,0.2874,240,2026-04-18,2026-08-06,173,63,Obby & Platformer,Tower Obby,크롱 스튜디오,Group,10052749271,https://www.roblox.com/games/105961638029207,run 3
precision_platformer,Wallhop Slap Tower 🖐️,31,22462811,0.9362,49520,2025-06-11,2026-04-15,484,176,Obby & Platformer,Tower Obby,Grow a Tower,Group,7892330454,https://www.roblox.com/games/110876351628508,wall hop obby
precision_platformer,Obby But You Wall Hop,29,11796444,0.7771,29767,2025-07-12,2026-02-25,453,225,Obby & Platformer,Classic Obby,Hard Obby Games!,Group,8139745385,https://www.roblox.com/games/94332461565958,wall hop obby
precision_platformer,Wall Hop to VIP Obby,27,34132827,0.7262,20873,2025-06-05,2026-04-16,490,175,Obby & Platformer,Classic Obby,VlN3_Dev,User,7847372361,https://www.roblox.com/games/79105324247424,wall hop obby
precision_platformer,[NEW] Admin Wall Hop Obby 🎁,26,17765265,0.766,9251,2025-10-05,2026-08-05,368,64,Obby & Platformer,,Obby Towerss,Group,8879217336,https://www.roblox.com/games/134187619057275,wall hop obby
rhythm_auto_runner,BEAT BOUNCE 🎶 (GEOMETRY DASH),1932,526601127,0.7242,271458,2023-12-10,2026-10-05,1033,3,Obby & Platformer,Runner,Calf Productions,Group,5385674359,https://www.roblox.com/games/15598056478,beat bounce
rhythm_auto_runner,Dash World [PLATFORMER],1363,212182275,0.6334,82715,2025-06-09,2026-10-07,486,1,Obby & Platformer,Runner,Tarylem,Group,7877723741,https://www.roblox.com/games/80607040330429,geometry dash
rhythm_auto_runner,Poly Dash (Geometry Dash),587,123672459,0.6167,57044,2023-11-06,2026-10-07,1067,1,Obby & Platformer,Runner,team exc,Group,5270259419,https://www.roblox.com/games/15282120493,geometry dash obby
rhythm_auto_runner,[UPD] Geometry Dash 1.1,449,2561335,0.5588,1535,2020-12-30,2026-10-07,2108,1,Obby & Platformer,Runner,GDash Games,Group,2250844717,https://www.roblox.com/games/6160147794,geometry dash
rhythm_auto_runner,Electric Dash,263,82866115,0.6723,31723,2025-02-05,2026-10-06,610,2,Obby & Platformer,,Pls Play Studios,Group,7198878133,https://www.roblox.com/games/113060096859884,geometry dash obby
rhythm_auto_runner,GD Recreation [ALPHA],66,700205,0.4938,440,2025-06-27,2026-10-08,468,0,Obby & Platformer,Runner,TRex gamer squad,Group,8014443474,https://www.roblox.com/games/130195943844260,geometry dash
rhythm_auto_runner,DashBlox (Daily Levels!),54,20997912,0.3532,6851,2023-10-18,2026-10-08,1086,0,Obby & Platformer,Runner,Studio Storm,Group,5203208431,https://www.roblox.com/games/15099727851,geometry dash
rhythm_auto_runner,UPD! [1.0] Geometry Dash,12,5483589,0.4998,1163,2024-12-24,2026-05-28,653,133,Obby & Platformer,Runner,The Yash Studio,Group,6967884442,https://www.roblox.com/games/80566896254924,beat bounce
rhythm_auto_runner,[🟢] Geometry Dash Multiverse,9,4050845,0.4626,1368,2023-10-08,2026-09-17,1096,21,Obby & Platformer,Runner,Silent_Marx,User,5169974240,https://www.roblox.com/games/15011991204,geometry dash obby
rhythm_auto_runner,Geometry Blox,2,20518716,0.3302,7951,2023-05-31,2025-08-13,1226,421,Obby & Platformer,Runner,ZennFake,User,4725056434,https://www.roblox.com/games/13604847321,beat bounce
stickman_swing,Swing For Eggs,8138,29205042,0.8429,15817,2026-08-27,2026-10-07,42,1,Simulation,Tycoon,faderanat's spiders,Group,10763764817,https://www.roblox.com/games/109203247742910,spider swing
stickman_swing,[1 & 2 PLAYER] Grapple Cart Obby,6517,28853355,0.9286,218757,2026-08-26,2026-10-02,43,6,Obby & Platformer,,rng dev,Group,10762388019,https://www.roblox.com/games/117448312570314,grapple obby
stickman_swing,+1 Speed Grapple Escape,1080,2914602,0.4892,1115,2026-08-25,2026-10-08,44,0,Simulation,Incremental Simulator,swing and stuf,Group,10760241849,https://www.roblox.com/games/76211214406279,grapple obby
stickman_swing,[SOON] Spider Rising: Spider-Man🕷️ ,1030,13420976,0.8441,6755,2026-06-04,2026-09-20,126,18,Action,Open World Action,ThreadLine Games,Group,10270077585,https://www.roblox.com/games/133082608403413,web swing
stickman_swing,[W10] Rope Swing Obby,888,297019515,0.862,115329,2024-03-07,2026-06-06,945,124,Obby & Platformer,,Forsix,Group,5728147388,https://www.roblox.com/games/16653555262,stickman hook
stickman_swing,Swing Tower,777,158933603,0.7414,55446,2025-11-27,2026-03-13,315,209,Obby & Platformer,,Swing Games!,Group,9255588637,https://www.roblox.com/games/92432535588391,swing obby
stickman_swing,Swing Obby for Brainrots!,571,398221512,0.8223,173794,2026-02-18,2026-09-16,232,22,Simulation,Tycoon,HEY THATS MINE,Group,9753814298,https://www.roblox.com/games/114640202062357,stickman hook
stickman_swing,+1 Web Swing Escape,326,38986515,0.8453,31888,2026-07-31,2026-10-05,69,3,Simulation,Incremental Simulator,0 ccu Grappling Games,Group,10601447895,https://www.roblox.com/games/110668201954727,web swing
stickman_swing,Would You Rather: Spiderman Outfit Tower,283,7919370,0.796,1908,2026-07-27,2026-10-06,73,2,Obby & Platformer,Tower Obby,CCC gameware,Group,10580838289,https://www.roblox.com/games/91730183227489,spider swing
stickman_swing,Just a Rope Bridge,221,288685410,0.6316,53518,2021-03-24,2025-11-20,2024,322,Action,Battlegrounds & Fighting,tallywally,User,2464573238,https://www.roblox.com/games/6560282512,stickman hook
stickman_swing,Rope Battles,212,123310648,0.8783,98325,2024-12-20,2026-10-08,657,0,Simulation,Physics Sim,Reworld Makers,Group,6944270854,https://www.roblox.com/games/136195938137126,stickman hook
stickman_swing,Spider-Man Tycoon,207,58145185,0.762,7721,2018-09-12,2026-09-12,2948,26,Simulation,Tycoon,Z4ccKx,User,648525223,https://www.roblox.com/games/2340851751,spider swing
stickman_swing,Spider-Man Obby,180,1248302,0.8843,1468,2025-08-22,2026-07-12,412,88,Obby & Platformer,Classic Obby,Whale Studio's,Group,8515328237,https://www.roblox.com/games/130813945778253,spider swing
stickman_swing,🪝+1 Grapple Hook Escape!,153,325308,0.8949,2256,2026-09-13,2026-10-03,25,5,Simulation,Incremental Simulator,no ads games,Group,10766320565,https://www.roblox.com/games/134372540277280,grapple obby
stickman_swing,[✨UPD 3] Swing Obby For Katseye!,146,6085020,0.6332,3606,2026-05-26,2026-10-02,135,6,Simulation,Tycoon,Root A,Group,10225613434,https://www.roblox.com/games/73045710110676,swing obby
stickman_swing,[🔥NEW] 🕷️Cart Ride Into Spider-Man Spiderman 🕷️,144,54083045,0.7599,3561,2023-11-07,2026-05-28,1066,133,Simulation,,Phoenix Creations!,Group,5274716309,https://www.roblox.com/games/15294321143,spider swing
stickman_swing,[COMBAT] Swing Verse [TESTING],116,522746,0.8453,366,2026-07-07,2026-10-07,93,1,Action,Open World Action,RoiGipot,User,10462197965,https://www.roblox.com/games/114842738924052,web swing
stickman_swing,Cart Ride Into Spider-Man Spiderman,104,75102524,0.6441,7912,2022-05-22,2025-12-10,1600,302,Simulation,Idle,cart ride masters!,Group,3599169498,https://www.roblox.com/games/9697246773,spider swing
stickman_swing,+1 Monkey Swing Escape,97,102364,0.9527,282,2026-08-17,2026-09-22,52,16,Simulation,Incremental Simulator,+1 Slop Games,Group,10731105273,https://www.roblox.com/games/89887322944218,web swing
stickman_swing,Grappler Swing,90,153131049,0.5491,51430,2024-08-03,2026-05-25,796,136,Obby & Platformer,,Grandmaster Room,Group,6361652767,https://www.roblox.com/games/18777164149,grapple obby
stickman_swing,SpiderMan RP Adventure,70,11102954,0.6776,580,2022-11-01,2024-09-16,1437,752,Action,,blingmcqueen,User,4068868853,https://www.roblox.com/games/11443150360,spider swing
stickman_swing,Swing To Steal Devil Fruits!,54,9404064,0.6927,7649,2026-03-08,2026-09-30,214,8,Simulation,Tycoon,super mega lol games,Group,9850981293,https://www.roblox.com/games/99432085303990,web swing
stickman_swing,Web Swinging test 2,52,42477268,0.8669,21280,2023-06-02,2026-10-07,1224,1,Simulation,,Profound Productions,Group,4730252837,https://www.roblox.com/games/13621853643,web swing
stickman_swing,+1 Blade Swing Escape,52,557588,0.9735,8525,2026-07-23,2026-09-14,77,24,Simulation,Incremental Simulator,+1 Blade Escape,Group,10550640221,https://www.roblox.com/games/128817582990036,web swing
stickman_swing,[🕸️] Swing Obby for Soccer Legends!,42,4131829,0.9287,14072,2026-03-11,2026-10-01,211,7,Simulation,Tycoon,467 Studios,Group,9865105114,https://www.roblox.com/games/111440125706954,swing obby
stickman_swing,Swing Obby for Forsakens 😈,41,3214729,0.8387,5703,2026-03-12,2026-07-11,210,89,Simulation,Tycoon,ice cream games.,Group,9871319678,https://www.roblox.com/games/86932842210783,swing obby
stickman_swing,Swing Obby for Pony!,38,3827049,0.9477,39016,2026-04-28,2026-09-15,163,23,Simulation,Tycoon,Clouds of Equestria,Group,10094468906,https://www.roblox.com/games/98142438728826,swing obby
stickman_swing,HOOK & STACK!,34,72072,0.3846,15,2026-09-16,2026-09-29,22,9,Action,Battlegrounds & Fighting,Shma Team,Group,10766703801,https://www.roblox.com/games/88202909324651,stickman hook
stickman_swing,Balling | Rope Swinging obby,31,24042616,0.8231,97569,2025-03-14,2026-04-06,573,185,Obby & Platformer,Classic Obby,mega fun balling,Group,7374063713,https://www.roblox.com/games/88620439837064,swing obby
stickman_swing,Swing Obby for Kpop Idols,27,3918469,0.7611,3466,2026-03-30,2026-08-07,192,62,Simulation,Tycoon,Fluxionixx,Group,9965100575,https://www.roblox.com/games/104066884237797,rope swing obby
stickman_swing,[SPIDER-MAN: BRAND NEW DAY] Avenge,27,21743932,0.7692,25066,2021-10-11,2026-08-16,1823,53,Action,Battlegrounds & Fighting,MarvelMarvrans,User,2993668145,https://www.roblox.com/games/7714202692,spider swing
stickman_swing,Grappling Hook Obby,23,141231896,0.4645,112304,2022-11-22,2025-09-20,1416,383,Obby & Platformer,,Die Roll Games,Group,4125587022,https://www.roblox.com/games/11634942124,grapple obby
stickman_swing,+1 Monkey Swing Escape,23,116181,0.7264,77,2026-09-13,2026-10-04,25,4,Simulation,Incremental Simulator,CRAZY MONKEY JUMP,Group,10766284126,https://www.roblox.com/games/134812706485585,spider swing
stickman_swing,+1 Axe Swing Escape,23,116737,0.6771,65,2026-07-21,2026-10-05,79,3,Simulation,Incremental Simulator,hexagonal lands,Group,10543546624,https://www.roblox.com/games/76286371399489,spider swing
stickman_swing,+1 Sword Swing to Escape [DUNGEON],21,999688,0.8999,692,2026-07-30,2026-09-13,70,25,Simulation,Incremental Simulator,Sword Sword Sahur,Group,10595953957,https://www.roblox.com/games/126144544440154,web swing
stickman_swing,[W2] Web Swing for Lucky Blocks,20,8805067,0.976,31538,2026-06-02,2026-08-23,128,46,Simulation,Tycoon,Web Swing,Group,10259382573,https://www.roblox.com/games/86455914125987,web swing
stickman_swing,Ascend: Grapple Challenge,19,8750000,0.8962,50969,2026-04-01,2026-09-23,190,15,Obby & Platformer,,Dragons’ Ambition,Group,9974761923,https://www.roblox.com/games/121709638792092,grapple obby
stickman_swing,LONGEST Zipline Ever,18,4726465,0.8729,21594,2026-05-01,2026-06-17,160,113,Obby & Platformer,,Barely Floating,Group,10109842573,https://www.roblox.com/games/77811515360395,rope swing obby
stickman_swing,Swing Obby for Anime Fruits!,17,691888,0.8714,2358,2026-03-11,2026-04-04,211,187,Simulation,Tycoon,The Ultimate Sponge,Group,9867067642,https://www.roblox.com/games/103854049901851,swing obby
stickman_swing,[SPIDER🕷️] +1 Swing for Strength 💪,17,302848,0.7279,99,2026-08-03,2026-08-30,66,39,Simulation,Incremental Simulator,Big Fun Studios,Group,10624866814,https://www.roblox.com/games/102907867429887,spider swing
stickman_swing,[RELEASE 🎉]  +1 Axe Swing Escape🌲,16,22990,0.8,16,2026-09-18,2026-10-08,20,0,Simulation,Incremental Simulator,BROKEN CLOVER,Group,10766900910,https://www.roblox.com/games/70996353935012,web swing
stickman_swing,Lava Hook Hole,15,4606163,0.6006,4005,2026-03-26,2026-08-23,196,46,Action,Battlegrounds & Fighting,Spriggle,Group,9940546792,https://www.roblox.com/games/89707907497064,stickman hook
stickman_swing,[😱SAHUR] Zipline Troll Tower 😈,15,15511108,0.8018,5510,2025-08-17,2026-07-16,417,84,Obby & Platformer,Tower Obby,Bri'ish Entertainment,Group,8468830775,https://www.roblox.com/games/132214833492664,rope swing obby
stickman_swing,Swing Obby for 99 Nights In The Forest! 🌲,14,3134179,0.2969,494,2026-03-07,2026-07-27,215,73,Simulation,Tycoon,Marqsy Games,Group,9848615424,https://www.roblox.com/games/81885442084902,swing obby
stickman_swing,🕷️[500+] Spider-Man Outfits,14,384488,0.7919,118,2026-06-21,2026-10-04,109,4,Shopping,Avatar Shopping,Brazy Studio,Group,10371053153,https://www.roblox.com/games/94687048380719,spider swing
stickman_swing,Spiderman [HORROR],14,384434,0.6618,272,2026-03-29,2026-09-28,193,10,Adventure,Story,Absolute Cinema Games,Group,9959327778,https://www.roblox.com/games/82850452195394,spider swing
stickman_swing,Hook For Treasure,11,4067,0.8333,10,2026-09-10,2026-10-08,28,0,Simulation,Tycoon,Oggadubo Fan Club,Group,10765927628,https://www.roblox.com/games/131071999028901,stickman hook
stickman_swing,🕸️Cart Ride Into Spiderman!,11,355175,0.5545,56,2026-08-21,2026-10-02,48,6,Obby & Platformer,Runner,BilboBloodAxe,User,10747911114,https://www.roblox.com/games/83111831297040,spider swing
stickman_swing,Grappling Hook Tower ✋,9,20580780,0.8906,3606,2025-10-10,2026-09-26,363,12,Obby & Platformer,Tower Obby,GIGERT,Group,8914538647,https://www.roblox.com/games/125011972927518,grapple obby
stickman_swing,Swing Obby for Squishy Dumplings!,9,347483,0.8883,636,2026-07-11,2026-07-13,89,87,Simulation,Tycoon,ice cream games.,Group,10485350883,https://www.roblox.com/games/91583398542532,swing obby
stickman_swing,Swing Obby for Dinosaurs!,9,814629,0.3879,320,2026-03-06,2026-04-04,216,187,Simulation,Tycoon,Dyazo,Group,9844049880,https://www.roblox.com/games/136332650272275,rope swing obby
stickman_swing,[UPD]🕷️Be A Spiderman,9,7872031,0.4482,1744,2023-12-07,2026-01-26,1036,255,Action,Open World Action,AboodBlox,User,5374806162,https://www.roblox.com/games/15570481012,web swing
stickman_swing,[🕸️] Spider-Man Tower,8,1219486,0.8736,2689,2026-02-19,2026-08-30,231,39,Obby & Platformer,Tower Obby,Aura Sword,Group,9759498802,https://www.roblox.com/games/100464653339384,web swing
stickman_swing,Swing Obby for SCP!,7,1541976,0.7338,1764,2026-03-17,2026-08-04,205,65,Simulation,Tycoon,Clicky Experiences,Group,9895567340,https://www.roblox.com/games/72312037339529,rope swing obby
stickman_swing,🕷️Climb To Slide Into Spider-Man 🕷️,7,1099577,0.8673,255,2026-03-16,2026-04-04,206,187,Simulation,Idle,survival industry,Group,9893964206,https://www.roblox.com/games/128204277912794,spider swing
stickman_swing,[🕷️] Swing Obby for SpiderMan!,6,582305,0.8286,1774,2026-04-04,2026-07-23,187,77,Simulation,Tycoon,Tax Collectors Productions,Group,9990903803,https://www.roblox.com/games/90124605349613,web swing
stickman_swing,[Admin Abuse] Swing To Steal Cars!,6,1958976,0.8007,1599,2026-03-08,2026-08-07,214,62,Simulation,Tycoon,[MBG}SFC,Group,9856321173,https://www.roblox.com/games/127926153776842,web swing
stickman_swing,[3X Luck] Swing Obby for Baddies!,5,2293347,0.8771,14207,2026-03-09,2026-06-21,213,109,Simulation,Tycoon,Accidently Awesome Games,Group,9860531651,https://www.roblox.com/games/129749183922256,swing obby
stickman_swing,Be SpiderMan For BRAINROTS,5,138010,0.6859,107,2026-06-07,2026-10-08,123,0,Simulation,Tycoon,Locked in Studios!,Group,10287829596,https://www.roblox.com/games/103339250341331,spider swing
stickman_swing,[🪝] Grapple 100 Stages!,4,835327,0.7706,1478,2026-06-21,2026-09-01,109,37,Obby & Platformer,,Lotus Cyan,Group,10370908262,https://www.roblox.com/games/82648824453490,grapple obby
io_eat_grow,Eat the World,2008,630951393,0.9473,1103538,2024-02-22,2026-10-04,959,4,Simulation,Incremental Simulator,mPhase,Group,5677613211,https://www.roblox.com/games/16480898254,eat the world
io_eat_grow,Hole🕳️,1706,682418,0.9285,5764,2026-09-24,2026-10-08,14,0,Simulation,Tycoon,Kurkupa,User,10767858548,https://www.roblox.com/games/113371877732022,hole.io
io_eat_grow,Eat Blobs Simulator,1416,245687253,0.7722,184954,2021-12-08,2025-11-08,1765,334,Simulation,Incremental Simulator,Strategic Studio,Group,3149100453,https://www.roblox.com/games/8200787440,eat blobs
io_eat_grow,+1 Black Hole Mass,1170,808526,0.9226,2086,2026-08-15,2026-10-08,54,0,Simulation,Incremental Simulator,Overix Studio,Group,10715135181,https://www.roblox.com/games/86630760792169,hole.io
io_eat_grow,🌎 World.io,676,179564364,0.853,245643,2025-03-09,2026-08-01,578,68,Party & Casual,,Studio Inked,Group,7356195012,https://www.roblox.com/games/86089763581353,hole.io
io_eat_grow,Fish Eat Fish,664,6772030,0.9466,48549,2026-06-10,2026-10-08,120,0,Simulation,Incremental Simulator,Pocket Snack,Group,10301035348,https://www.roblox.com/games/86237374088598,fish eat fish
io_eat_grow,🪱 worm odyssey [slither update !],633,1135545,0.3418,255,2026-07-09,2026-10-06,91,2,Party & Casual,Childhood Game,Hill Country Fare Games,Group,10471861416,https://www.roblox.com/games/113394252054854,slither
io_eat_grow,Be a Snake,467,159016593,0.8724,112080,2024-04-04,2026-09-26,917,12,Simulation,Incremental Simulator,Protori x BarDowned,Group,5835368537,https://www.roblox.com/games/17012548142,slither
io_eat_grow,🕳️ Be a Hole,443,260168524,0.8481,268494,2024-06-23,2026-08-23,837,46,Simulation,Incremental Simulator,Studio Inked,Group,6163740913,https://www.roblox.com/games/18180213499,hole.io
io_eat_grow,Snake Simulator,439,155096050,0.6924,83244,2024-06-25,2026-08-11,835,58,Simulation,Incremental Simulator,Banana Studios Games,Group,6170013953,https://www.roblox.com/games/18199234764,slither
io_eat_grow,[🐉RAID BOSS] Be a Snake!,307,741147,0.8187,1007,2026-09-05,2026-10-05,33,3,Simulation,Incremental Simulator,White Noise Games,Group,10765251051,https://www.roblox.com/games/75835725495100,slither
io_eat_grow,[UPD🦗] DEVOUR 🦑 Eat Fish & Ocean Animals,229,4020703,0.8139,16313,2026-06-27,2026-10-07,103,1,Roleplay & Avatar Sim,Animal Sim,Elasmonian Games,Group,10404293465,https://www.roblox.com/games/129827535941999,fish eat fish
io_eat_grow,Eat Everything In A Grocery Store,160,51852,0.5577,58,2026-10-03,2026-10-08,5,0,Adventure,Scavenger Hunt,Play On Grocery Store,Group,10769188452,https://www.roblox.com/games/128201586883489,eat blobs
io_eat_grow,Slither Simulator 🐍,149,142815875,0.5363,48324,2022-01-21,2026-04-12,1721,179,Simulation,Incremental Simulator,FirstVertex,User,3274817696,https://www.roblox.com/games/8597844216,slither
io_eat_grow,[🐍] Snakey,124,167770422,0.7104,20909,2021-06-07,2025-07-08,1949,457,Survival,1 vs All,Dizzy Donut,Group,2647767875,https://www.roblox.com/games/6924632010,snake io
io_eat_grow,Fill a hole with a million ducks🦆,124,1767511,0.7062,2070,2026-09-02,2026-10-08,36,0,Simulation,Incremental Simulator,Fill a hole with a million ducks,Group,10764812873,https://www.roblox.com/games/81319281809525,hole.io
io_eat_grow,🐍 Snake Game,122,20277432,0.8752,52952,2025-11-28,2026-08-30,314,39,Simulation,Incremental Simulator,Studio Inked,Group,9260916865,https://www.roblox.com/games/101241726024023,slither
io_eat_grow,Obby But You Are A Worm 🐛,102,38519178,0.5604,13152,2026-01-09,2026-10-08,272,0,Obby & Platformer,,Be a Worm Official Group,Group,9531514390,https://www.roblox.com/games/139240853114184,slither
io_eat_grow,🟢[Free Limited] Agaric.io,85,5613355,0.8886,27423,2026-04-10,2026-09-21,181,17,Simulation,Incremental Simulator,Studio Next,Group,10015248476,https://www.roblox.com/games/139160315848670,agar
io_eat_grow,Feed your friends to snakes,79,14462680,0.7951,5462,2026-03-08,2026-10-07,214,1,Simulation,,I can only imagine,Group,9852148017,https://www.roblox.com/games/114407058470964,slither
io_eat_grow,[🍎] Fruity Snake,69,13710583,0.5994,4947,2025-12-03,2026-10-04,309,4,Simulation,Incremental Simulator,Sioma Games,Group,9293462695,https://www.roblox.com/games/121078128712620,slither
io_eat_grow,Eat Blobs to Grow MASSIVE,68,45304629,0.7012,39623,2024-09-05,2026-07-05,763,95,Simulation,Incremental Simulator,Bloob Studios,Group,6515096150,https://www.roblox.com/games/82647344334312,eat blobs
io_eat_grow,Eat Everything!,67,2596127,0.7733,4083,2026-07-16,2026-10-04,84,4,Simulation,Incremental Simulator,Soo Weird Games,Group,10514614874,https://www.roblox.com/games/110835608522594,eat the world
io_eat_grow,100 Players Hole Survive,66,88580065,0.5539,8477,2024-08-20,2026-05-07,779,154,Survival,,Punchline Team,Group,6445172998,https://www.roblox.com/games/126028172590189,hole.io
io_eat_grow,Ants Eat Everything,55,25374859,0.6511,2531,2022-11-08,2026-04-13,1430,178,Roleplay & Avatar Sim,Animal Sim,Silly Ant Studios,Group,4088286058,https://www.roblox.com/games/11503592098,agar
io_eat_grow,Blob Eating Simulator 🔴,54,17885059,0.3487,4799,2024-04-21,2026-10-07,900,1,Simulation,Incremental Simulator,Awesome Fun Games,Group,5898745851,https://www.roblox.com/games/17240213780,eat blobs
io_eat_grow,Eat Blobs to evolve Brainrot,54,2718311,0.7467,858,2026-05-19,2026-07-20,142,80,Simulation,Incremental Simulator,Star whisper,Group,10189616964,https://www.roblox.com/games/89594664601265,eat blobs
io_eat_grow,Be a Tornado,49,73906889,0.911,139673,2024-06-01,2026-09-21,859,17,Simulation,Incremental Simulator,Gigabrain Games!,Group,6061729346,https://www.roblox.com/games/17698307509,hole.io
io_eat_grow,Escape A Giant Snake Obby!,42,72340353,0.5681,9868,2023-08-21,2026-06-28,1144,102,Obby & Platformer,Runner,Ncraft Studios,Group,5011526423,https://www.roblox.com/games/14516220786,snake io
io_eat_grow,Survive SONIC Becomes the SNAKE [UPDATE],39,2324222,0.6748,110,2025-07-16,2026-09-22,449,16,Survival,,MiniAnimeGames,User,8175091287,https://www.roblox.com/games/133253793083183,snake io
io_eat_grow,Be a Hole for Brainrots!,36,1928551,0.9404,7190,2026-04-07,2026-05-06,184,155,Simulation,Tycoon,Brain Mental,Group,10003312058,https://www.roblox.com/games/139212006841787,hole.io
io_eat_grow,Snake Wars 🐍 +1 Length Every Second,35,125798,0.3086,25,2026-09-02,2026-10-04,36,4,Simulation,Sandbox,[ADMIN ABUSE] Snake Wars!,Group,10764842574,https://www.roblox.com/games/117558542125565,snake io
io_eat_grow,[🦠] Cellular.io,31,1762991,0.8148,13296,2026-07-08,2026-09-30,92,8,Party & Casual,,imcensil,User,10470290403,https://www.roblox.com/games/108388593376377,agar
io_eat_grow,Snake Wars,27,43611,0.4231,11,2026-07-23,2026-10-08,77,0,Party & Casual,Minigame,Pivot Creations,Group,10553616327,https://www.roblox.com/games/133245832472666,snake io
io_eat_grow,(Bug fixes!) Survive The Snakes (Desert Edition),26,245281,0.7461,144,2026-03-13,2026-10-06,209,2,Survival,Escape,annettelillypoepjes,User,9875790659,https://www.roblox.com/games/134872188640571,snake io
io_eat_grow,Clean the Snakes,26,74878,0.544,68,2026-08-05,2026-08-16,64,53,Adventure,,UGC Supply Co,Group,10638149079,https://www.roblox.com/games/125557481938659,snake io
io_eat_grow,🐍 The Snakes,25,5390189,0.8153,3866,2024-05-05,2026-10-04,886,4,Survival,,Jambe Games,Group,5951747980,https://www.roblox.com/games/17391328736,snake io
io_eat_grow,🐍 Snakes and Ladders Original,24,1781607,0.7283,1185,2023-05-08,2026-07-05,1249,95,Simulation,,Jatana Studios,Group,4661496475,https://www.roblox.com/games/13389370811,slither
io_eat_grow,Slide Down The Longest Hole In Roblox (or drive),20,20264901,0.4224,9120,2023-10-30,2025-09-06,1074,397,Simulation,Idle,Blue Games Official Group,Group,5245005830,https://www.roblox.com/games/15214025196,hole.io
io_eat_grow,Worm.io 🪱,19,24002503,0.641,19456,2025-05-21,2026-04-12,505,179,Party & Casual,,NTY Entertainment,Group,7745160272,https://www.roblox.com/games/85509428618863,snake io
io_eat_grow,[NEW!] Blob Frenzy,18,24702,0.8,8,2026-09-29,2026-10-07,9,1,Simulation,Incremental Simulator,Yield Labs,Group,10768534041,https://www.roblox.com/games/115882633774906,eat blobs
io_eat_grow,eat the baseplate,17,1122878,0.5735,2709,2026-07-26,2026-10-07,74,1,,,BoberSus & Skudya,Group,10572250766,https://www.roblox.com/games/131903820070868,eat the world
io_eat_grow,Worm 2048,13,162714752,0.5362,54846,2023-02-06,2026-07-16,1340,84,Simulation,Incremental Simulator,MetaMake,Group,4363131662,https://www.roblox.com/games/12399018110,slither
io_eat_grow,Push Dummies Down The Sparta Hole!,13,122391715,0.7131,27096,2012-04-06,2026-03-03,5298,219,Action,Battlegrounds & Fighting,Sethers10,User,39889370,https://www.roblox.com/games/76703229,hole.io
io_eat_grow,[UPD] Feed a Black Hole,13,88501,0.8537,210,2026-07-17,2026-10-08,83,0,Simulation,Incremental Simulator,Scalar Studio,Group,10518329171,https://www.roblox.com/games/82512744052958,hole.io
io_eat_grow,Hole Simulator!,11,82551600,0.8087,162519,2020-02-09,2026-06-24,2433,106,Simulation,Incremental Simulator,Rhyles,Group,1543820620,https://www.roblox.com/games/4670813246,hole.io
io_eat_grow,+1 Black Hole Escape,11,29306,0.65,13,2026-07-23,2026-10-02,77,6,Simulation,Incremental Simulator,InfinityLoop Games,Group,10554534841,https://www.roblox.com/games/97619829468952,hole.io
io_eat_grow,🎲Snake and Chaos,11,5428790,0.693,3831,2026-02-10,2026-09-09,240,29,Party & Casual,Minigame,Raiser Games,Group,9703641271,https://www.roblox.com/games/117437004170199,snake io
io_eat_grow,Slither 🐍,10,2926325,0.5711,3048,2023-07-23,2025-09-19,1173,384,Survival,,Litten's Games,Group,4902171678,https://www.roblox.com/games/14162747150,slither
io_eat_grow,+1 Speed Snake Escape,10,2974867,0.9446,7104,2026-03-23,2026-10-01,199,7,Simulation,Incremental Simulator,New Waves Studio,Group,9928568911,https://www.roblox.com/games/99513507769752,slither
io_eat_grow,The Longest Hole In Roblox,10,103294785,0.6927,64673,2008-12-14,2026-09-17,6507,21,Simulation,Idle,mdude64,User,27284759,https://www.roblox.com/games/6281183,hole.io
io_eat_grow,My Pet Black Hole,10,9844903,0.7523,6265,2024-11-23,2026-01-12,684,269,Simulation,Incremental Simulator,QualifiedGames,Group,6827726224,https://www.roblox.com/games/137176556486395,hole.io
io_eat_grow,Fall down a hole for Brainrots!,9,5854216,0.8532,3005,2026-03-28,2026-04-11,194,180,Simulation,Tycoon,Ento x Dazzy,Group,9954369671,https://www.roblox.com/games/76690673632533,hole.io
io_eat_grow,FIRE IN THE HOLE!,9,9889019,0.7366,2712,2024-01-06,2026-08-22,1006,47,,,Luxiant,User,5493030699,https://www.roblox.com/games/15885928025,hole.io
io_eat_grow,Find The Secret Hole!,8,3871196,0.839,2876,2025-09-20,2026-04-18,383,173,Puzzle,Escape Room,Random Group Inc.,Group,8760091668,https://www.roblox.com/games/116345262400463,hole.io
io_eat_grow,Eat The Entire Universe,8,2168992,0.2699,977,2024-12-13,2026-05-21,664,140,Simulation,Incremental Simulator,5THCreationsHD,User,6911962756,https://www.roblox.com/games/97093219051236,eat the world
io_eat_grow,Eat Blobs to Grow,8,2233772,0.8756,4237,2024-10-10,2026-03-13,728,209,Simulation,Incremental Simulator,6 Figure Studios,Group,6657302929,https://www.roblox.com/games/123169634929542,eat blobs
io_eat_grow,Eat The Universe Simulator,8,6901417,0.8744,39425,2024-03-28,2026-01-18,924,263,Simulation,Incremental Simulator,Eat the Universe Group,Group,5806448631,https://www.roblox.com/games/16905845666,eat the world
io_eat_grow,Eat The City! 🕳️ ,7,1222101,0.7117,1513,2025-12-13,2026-10-06,299,2,Simulation,Incremental Simulator,lolpis Studio,Group,9351498585,https://www.roblox.com/games/132656935310517,hole.io
io_eat_grow,FEED THE BLOB,7,10765,0.6,9,2026-09-23,2026-10-08,15,0,Simulation,Incremental Simulator,Bmanking15,User,10767710437,https://www.roblox.com/games/75004108948035,eat blobs
io_territory,Capture for Magic!,451,7754910,0.6173,8504,2026-05-12,2026-10-05,149,3,Party & Casual,Minigame,Esteemed Moai Society,Group,10160578219,https://www.roblox.com/games/118952094447715,paper.io
io_territory,Color Game! 🎨,394,200389291,0.7089,80134,2025-02-24,2026-10-03,591,5,Party & Casual,,Slime Time Creations,Group,7289427971,https://www.roblox.com/games/99421051519131,color the map
io_territory,Territory Royale ,64,4452410,0.5556,2360,2025-10-08,2026-10-08,365,0,Strategy,,Double Dimension Games,Group,8898919857,https://www.roblox.com/games/121145493096681,territory io
io_territory,Paint.io,34,25489336,0.845,43763,2025-05-14,2026-09-17,512,21,Party & Casual,,CrazyCorrs,User,7703115801,https://www.roblox.com/games/77315028095866,paper.io
io_territory,Color.io,26,65029831,0.8602,186305,2025-01-23,2026-10-03,623,5,Party & Casual,,Vivat and ykk,Group,7133320099,https://www.roblox.com/games/75965306756161,paper.io
io_territory,Territory.io,9,6954202,0.7959,20018,2025-04-09,2026-09-21,547,17,Party & Casual,,HyperViral Holdings,Group,7512276786,https://www.roblox.com/games/136391741306783,territory io
io_territory,[BETA] • The Lake Territory •,2,6520580,0.7762,16179,2015-07-20,2023-04-14,4098,1273,Roleplay & Avatar Sim,Animal Sim,Zyphorx,User,109046496,https://www.roblox.com/games/272303525,claim territory
io_territory,Land.io,1,5051922,0.8572,9252,2025-04-10,2026-04-02,546,189,Party & Casual,,CrazyCorrs,User,7518035575,https://www.roblox.com/games/100670386673982,territory io
io_territory,Keyboard.io - ASMR Territory Capture,0,107649,0.5217,12,2026-09-06,2026-09-27,32,11,Party & Casual,Coloring & Drawing,TheGameDevDad,User,10765450770,https://www.roblox.com/games/138207856986922,claim territory
io_territory,Territory Takeover,0,18006,0.3824,39,2025-09-22,2026-08-22,381,47,Action,Battlegrounds & Fighting,Trimatech Games,Group,8776849277,https://www.roblox.com/games/137091142050829,claim territory
io_territory,Prison Territories,0,34037,0.3333,12,2026-07-18,2026-07-27,82,73,Action,Battlegrounds & Fighting,Elite Shotgunner Squad,Group,10524810714,https://www.roblox.com/games/128912822807217,conquer territory
io_arena_shooter,RIVALS,165957,18590228010,0.9368,10726768,2024-05-26,2026-10-07,865,1,Shooter,Deathmatch Shooter,Nosniy Games,Group,6035872082,https://www.roblox.com/games/17625359962,1v1 build fight
io_arena_shooter,[🎃DUELS] Murderers VS Sheriffs,31283,1891704392,0.8722,267943,2025-02-09,2026-10-08,606,0,Action,Battlegrounds & Fighting,MVS Duels Community,Group,7219654364,https://www.roblox.com/games/135856908115931,gun game
io_arena_shooter,[🔥NEW SNIPER] Sniper Arena,20442,305634076,0.9177,289562,2026-01-10,2026-10-08,271,0,Shooter,Deathmatch Shooter,9D GAME CLUB,Group,9534705677,https://www.roblox.com/games/122446657157717,fps arena
io_arena_shooter,[FPS] One Tap,15919,585300928,0.8796,220689,2025-12-04,2026-10-08,308,0,Shooter,Deathmatch Shooter,Stringless Banjo,Group,9294074907,https://www.roblox.com/games/90568084448279,1v1 build fight
io_arena_shooter,KNIFE DUELS,13032,121793087,0.9374,285684,2026-01-29,2026-10-08,252,0,Shooter,Deathmatch Shooter,KNIFE DUELS Team,Group,9641502068,https://www.roblox.com/games/112731528776884,1v1 build fight
io_arena_shooter,Murder Duels,11640,269735546,0.9364,259220,2026-01-14,2026-10-03,267,5,Shooter,Deathmatch Shooter,Breakfast,Group,9561553764,https://www.roblox.com/games/120851538706364,1v1 build fight
io_arena_shooter,Knife VS Gun DUELS,11433,401149043,0.8569,136146,2025-01-19,2026-10-03,627,5,Action,Battlegrounds & Fighting,Knife Gun Duels,Group,7108384194,https://www.roblox.com/games/120700541929930,1v1 build fight
io_arena_shooter,[W2] +1 DMG FPS,9128,10729162,0.9618,99419,2026-08-15,2026-10-08,54,0,Simulation,Incremental Simulator,Mappy Tappy,Group,10717002748,https://www.roblox.com/games/100753254401525,fps arena
io_arena_shooter,MVSD | Murderers VS Sheriffs Duels,8723,2716080337,0.844,571109,2023-02-02,2026-10-06,1344,2,Action,Battlegrounds & Fighting,RED21 Games,Group,4348829796,https://www.roblox.com/games/12355337193,1v1 build fight
io_arena_shooter,DUELS [🌸SAKURA],5135,124305242,0.8725,74657,2026-01-05,2026-10-07,276,1,Action,Battlegrounds & Fighting,YOU ARE MURDER,Group,9506013695,https://www.roblox.com/games/72387437800091,fps arena
io_arena_shooter,Murder Arena [FPS],4966,24055175,0.8265,6780,2026-08-23,2026-10-04,46,4,Shooter,Deathmatch Shooter,Davey's Basement,Group,10755048940,https://www.roblox.com/games/111475355188494,fps arena
io_arena_shooter,FPS🔥AirDrop Arena [S5]🔥,3876,46383346,0.9723,208177,2026-04-13,2026-10-08,178,0,Shooter,Deathmatch Shooter,Havoc Warfare,Group,10031505426,https://www.roblox.com/games/93091759101123,fps arena
io_arena_shooter,[UPD🩸] Generic Blood Sandbox Shooter🩸,3097,40517616,0.9379,110335,2026-04-30,2026-10-06,161,2,Simulation,Physics Sim,Katoria Studios,Group,10103595714,https://www.roblox.com/games/100034344773758,fps arena
io_arena_shooter,Samurai DUELS,2876,59137983,0.9292,136973,2026-04-20,2026-10-08,171,0,Action,Battlegrounds & Fighting,Seriously Samurai,Group,10059548251,https://www.roblox.com/games/72248722616845,1v1 build fight
io_arena_shooter,[FPS] FLING,2824,6019392,0.7782,1596,2026-03-27,2026-10-06,195,2,Shooter,Deathmatch Shooter,not verified games,Group,9949148856,https://www.roblox.com/games/137334925228489,fps arena
io_arena_shooter,Arsenal,2559,6312511975,0.8851,5125726,2015-08-18,2026-10-07,4069,1,Shooter,Deathmatch Shooter,ROLVe,Group,111958650,https://www.roblox.com/games/286090429,battle royale
io_arena_shooter,Build a Gun Army,2429,21639594,0.9857,267729,2026-07-05,2026-09-06,95,32,Simulation,Incremental Simulator,Weapon Williamson,Group,10452740285,https://www.roblox.com/games/134162299584012,gun game
io_arena_shooter,[FPS] Flick,2059,486642301,0.9291,356145,2025-09-25,2026-05-29,378,132,Shooter,Deathmatch Shooter,Groundwork,Group,8795154789,https://www.roblox.com/games/136801880565837,fps arena
io_arena_shooter,Top sniper [5.2],1126,16266099,0.7975,5263,2026-04-21,2026-10-08,170,0,Shooter,Deathmatch Shooter,Player gathering place,Group,10064344359,https://www.roblox.com/games/119214646022567,gun game
io_arena_shooter,Weird Gun Game [UPDATE!],1074,283473510,0.9446,636577,2025-01-20,2026-09-26,626,12,Shooter,Deathmatch Shooter,Redscape Interactive Projects,Group,7115773109,https://www.roblox.com/games/94590879393563,gun game
io_arena_shooter,Gun and Armor Testing ,1049,51081004,0.8485,31220,2024-01-26,2026-09-10,986,28,Shooter,,Noob Head Productions,Group,5568657754,https://www.roblox.com/games/16115051360,gun game
io_arena_shooter,Killstreak Battle Royale,966,33297594,0.8579,48638,2026-02-10,2026-10-07,240,1,Shooter,Battle Royale,Killstreak Battle Royale,Group,9705384247,https://www.roblox.com/games/104856666707760,battle royale
io_arena_shooter,[FPS] Aura Edit Arena,769,31306041,0.708,11210,2026-01-12,2026-09-01,269,37,Shooter,Deathmatch Shooter,Fun Aura Games,Group,9549946335,https://www.roblox.com/games/106502313058092,fps arena
io_arena_shooter,[🎯FPS] Rocket Rumble,662,37644661,0.7822,9018,2026-03-31,2026-08-24,191,45,Shooter,Deathmatch Shooter,_ Headshot Games _,Group,9968527241,https://www.roblox.com/games/89704645856683,gun game
io_arena_shooter,Gunfight Arena,610,1046587562,0.8781,695516,2023-08-21,2026-10-03,1144,5,Shooter,Deathmatch Shooter,Gunfight Studio,Group,5012222382,https://www.roblox.com/games/14518422161,gun game
io_arena_shooter,Slap DUELS [🎉UPD!],588,115356442,0.8744,145989,2025-07-05,2026-09-29,460,9,Action,Battlegrounds & Fighting,Bye Bye Games,Group,8080863905,https://www.roblox.com/games/139766023909499,1v1 build fight
io_arena_shooter,[🎧] ASMR Gun Tower,583,34697455,0.8204,18881,2026-06-04,2026-07-06,126,94,Obby & Platformer,Tower Obby,Tap the Towers!,Group,10272020404,https://www.roblox.com/games/71229216166991,gun game
io_arena_shooter,[🔥UPD!] STRAFE FPS,578,7440426,0.9026,22479,2025-11-17,2026-10-08,325,0,Shooter,Deathmatch Shooter,Droplet,Group,9187332740,https://www.roblox.com/games/109020905733214,fps arena
io_arena_shooter,Deathmatch 🎃 [FPS],485,1503691,0.6941,295,2026-08-11,2026-10-06,58,2,Shooter,Deathmatch Shooter,BLOXXED! Community,Group,10680167094,https://www.roblox.com/games/136783387832824,fps arena
io_arena_shooter,[v1.3] Scoped FPS 🎯,448,44866878,0.8689,25841,2026-03-16,2026-10-08,206,0,Shooter,Deathmatch Shooter,kimi02,Group,9891453691,https://www.roblox.com/games/93466613073564,gun game
io_arena_shooter,Guns Tycoon,418,34306781,0.9026,29955,2024-07-01,2026-07-12,829,88,Simulation,Tycoon,2UP Studio,Group,6199165981,https://www.roblox.com/games/18286009370,gun game
io_arena_shooter,Gun Armory Tycoon,406,120556176,0.9239,130655,2024-04-25,2026-10-05,896,3,Simulation,Tycoon,Raven Network,Group,5910910774,https://www.roblox.com/games/17277889388,gun game
io_arena_shooter,(1v1) Baseball Blast [BETA],339,3033469,0.8129,830,2026-08-12,2026-10-08,57,0,Sports & Racing,Sports,Ritz Deli Games,Group,10691970750,https://www.roblox.com/games/121483833766510,1v1 build fight
io_arena_shooter,1v1 IQ Race 🧠,329,1048719,0.7249,274,2026-07-28,2026-10-08,72,0,Party & Casual,Minigame,Richer Inc.,Group,10584989724,https://www.roblox.com/games/105306675431828,1v1 build fight
io_arena_shooter,Showdown: Anime FPS ⚔️ Jutsu Shooter,295,21808112,0.7404,9397,2025-11-15,2026-10-08,327,0,Shooter,Deathmatch Shooter,ShowDown FPS - Anime Shooter,Group,9170584552,https://www.roblox.com/games/125538696653169,fps arena
io_arena_shooter,SHOWDOWN: Western FPS,260,10633012,0.9252,67602,2026-04-28,2026-10-06,163,2,Shooter,Deathmatch Shooter,XPAD Studios,Group,10094947746,https://www.roblox.com/games/99699313361769,fps arena
io_arena_shooter,EXCHANGE EXCHANGE - RJ FPS ,247,1277219,0.8079,391,2026-06-19,2026-10-03,111,5,Shooter,Deathmatch Shooter,Comunidade TNC,Group,10358859224,https://www.roblox.com/games/116271122728938,fps arena
io_arena_shooter,[SZN 1 👽] BLITZ FPS,226,5421938,0.9238,18255,2026-07-07,2026-10-02,93,6,Shooter,Deathmatch Shooter,Atlas Creative Games,Group,10464566605,https://www.roblox.com/games/125686182205697,fps arena
io_arena_shooter,[⚔️DUEL] HAVOK | TDM  & Sniper FFA,214,10074020,0.9003,13350,2026-01-14,2026-08-17,267,52,Shooter,Deathmatch Shooter,SparkRealm Games,Group,9557528747,https://www.roblox.com/games/88454318405193,fps arena
io_arena_shooter,The Backrooms With Guns,162,60107442,0.901,89895,2022-01-04,2026-10-03,1738,5,Shooter,PvE Shooter,Floridoit,User,3232181171,https://www.roblox.com/games/8455137364,gun game
io_arena_shooter,FAVELA DO TG -  RJ FPS ,158,1943987,0.7314,640,2026-08-12,2026-10-04,57,4,Shooter,Deathmatch Shooter,Vila Studio,Group,10691288629,https://www.roblox.com/games/117904356309404,fps arena
io_arena_shooter,[FPS] Gun Grounds FFA,148,273305791,0.7519,61482,2023-01-13,2026-06-05,1364,125,Shooter,Deathmatch Shooter,foolyrex,User,4281211770,https://www.roblox.com/games/12137249458,fps arena
io_arena_shooter,Energy Assault FPS,146,328681166,0.8221,330311,2021-01-01,2026-09-23,2106,15,Shooter,Deathmatch Shooter,Typical Games,Group,2257943402,https://www.roblox.com/games/6172932937,fps arena
io_arena_shooter,[FPS] Trickshot 🛡️,132,3473644,0.5766,1687,2026-06-25,2026-10-03,105,5,Shooter,Deathmatch Shooter,VoVo Group,Group,10391842228,https://www.roblox.com/games/72539396281464,gun game
io_arena_shooter,Manual Gun Physics Test (Beta),131,33084220,0.806,41287,2024-05-05,2026-09-11,886,27,Simulation,Physics Sim,.casual studios.,Group,5951638376,https://www.roblox.com/games/17391062737,gun game
io_arena_shooter,[UPDATE!] Bad Business | FPS ,126,550645982,0.8551,779487,2019-05-29,2026-07-01,2689,99,Shooter,Deathmatch Shooter,Bad Business,Group,1168263273,https://www.roblox.com/games/3233893879,fps arena
io_arena_shooter,[📱MOBILE] Baldi Battle Royale,110,72493,0.7244,276,2026-09-23,2026-10-08,15,0,Shooter,,Votex's Sandbox,Group,10767753456,https://www.roblox.com/games/102428235645314,battle royale
io_arena_shooter,[FPS] Recoil,100,16725863,0.7647,7315,2026-02-10,2026-09-24,240,14,Shooter,Deathmatch Shooter,Banjomeni,Group,9706197075,https://www.roblox.com/games/72258920367796,fps arena
io_arena_shooter,TGI - FPS Shot Exchange ,100,26021377,0.7582,6587,2025-11-13,2026-09-23,329,15,Shooter,Deathmatch Shooter,TG'I Studio - FPS,Group,9161802314,https://www.roblox.com/games/121455614269435,fps arena
io_arena_shooter,[FPS🗡️] SHARD,90,5377903,0.9223,26115,2026-05-07,2026-06-12,154,118,Shooter,Deathmatch Shooter,Zero-Sum,Group,10132118238,https://www.roblox.com/games/76417404076212,gun game
io_arena_shooter,Gun Testing PVP [BETA],87,7255949,0.5778,3004,2024-03-03,2026-08-30,949,39,Shooter,Deathmatch Shooter,Noob Head Productions,Group,5716696333,https://www.roblox.com/games/16615176211,gun game
io_arena_shooter,[🔫 NEW GUNS] FLAG FRENZY! RED VS BLUE,75,68752361,0.6583,5246,2023-10-31,2026-08-16,1073,53,Action,Battlegrounds & Fighting,Frenzy Productions!,Group,5248000811,https://www.roblox.com/games/15222475262,gun game
io_arena_shooter,Prison Sniper Escape!,56,153961473,0.9273,78375,2023-07-07,2026-03-16,1189,206,Survival,1 vs All,Jacked Jack's Lair of Despair,Group,4844701626,https://www.roblox.com/games/13983455628,gun game
io_arena_shooter,RIOTFALL [FPS],49,35144333,0.8359,82048,2021-10-21,2026-04-16,1813,175,Shooter,Deathmatch Shooter,Rodeo Interactive,Group,3021395192,https://www.roblox.com/games/7796842481,fps arena
io_arena_shooter,(UPD) HEAT [FPS] ,49,2513644,0.9398,16848,2026-03-15,2026-10-07,207,1,Shooter,Deathmatch Shooter,PolyPoint Studios,Group,9885103184,https://www.roblox.com/games/83055872352243,fps arena
io_arena_shooter,Base Battles 🔫 Gun Shooting,36,312619163,0.8351,400723,2020-07-10,2026-05-29,2281,132,Shooter,Deathmatch Shooter,Base Battles by Voldex,Group,1865489894,https://www.roblox.com/games/5326405001,gun game
io_arena_shooter,Gun Tycoon,34,655095,0.9782,6768,2026-07-03,2026-10-07,97,1,Simulation,Tycoon,ErEr Games,Group,10440229489,https://www.roblox.com/games/96385460581759,gun game
io_arena_shooter,Dota 2 Heroes 1v1 [TECHIEES],32,817985,0.718,820,2026-03-07,2026-09-05,215,33,Action,Battlegrounds & Fighting,Alix's Studio,Group,9849695934,https://www.roblox.com/games/121539142466512,1v1 build fight
io_arena_shooter,💥SNIPE OR DIE [FPS],32,92631334,0.8648,40600,2025-07-14,2025-11-08,451,334,Shooter,Deathmatch Shooter,Chaseroony,User,8162693810,https://www.roblox.com/games/76668493349114,gun game
io_arena_shooter,[FPS] Quickscope,30,1182985,0.7382,750,2025-11-29,2026-09-30,313,8,Shooter,Deathmatch Shooter,W FPS,Group,9268643417,https://www.roblox.com/games/80200164706096,fps arena
sandbox_voxel,Build with Voxels 🔨,4316,147040754,0.6521,10378,2026-01-02,2026-09-05,279,33,Simulation,Sandbox,Toro_king Studios,Group,9490116046,https://www.roblox.com/games/101914772188620,minecraft
sandbox_voxel,Build Your Voxel Coaster,3446,17928780,0.9676,123868,2026-08-15,2026-10-05,54,3,Simulation,Sandbox,Kami x Hanox,Group,10714746778,https://www.roblox.com/games/138860257448193,voxel sandbox
sandbox_voxel,🔨 Voxel Block Builder [🙂 VERITY],1922,129400432,0.6812,7176,2025-06-26,2026-10-08,469,0,Simulation,Sandbox,Goober Labs,Group,8006379851,https://www.roblox.com/games/113457460682474,voxel sandbox
sandbox_voxel,Minecraft 1.20.6,1416,3010131,0.8062,1111,2026-09-19,2026-09-26,19,12,Simulation,Sandbox,.MC Games Studios,Group,10767112865,https://www.roblox.com/games/83272141364663,minecraft
sandbox_voxel,[UPD] Voxel Warfare,1030,31079918,0.7628,14420,2025-04-29,2026-10-06,527,2,Shooter,Deathmatch Shooter,manbou,Group,7618293590,https://www.roblox.com/games/90983151639115,voxel sandbox
sandbox_voxel,Minecraft: Java Edition,873,5447806,0.6163,832,2026-08-29,2026-10-06,40,2,Simulation,Sandbox,FRONT PAGE PLEASE,Group,10764390800,https://www.roblox.com/games/92654024106425,minecraft
sandbox_voxel,Build Voxels With Friends,813,13210503,0.8668,4301,2026-06-04,2026-09-17,126,21,Simulation,Sandbox,[OFFICIAL] WhyMe Studio,Group,10271190433,https://www.roblox.com/games/99826571635411,voxel sandbox
sandbox_voxel,Voxelcraft,354,528419,0.8185,266,2026-07-30,2026-10-04,70,4,Simulation,Sandbox,Infinite Voxels,Group,10596649702,https://www.roblox.com/games/115803701555468,voxel sandbox
sandbox_voxel,VOXEL DESTRUCT 2 EARLY ACCESS,335,8410028,0.973,28044,2024-04-08,2026-10-08,913,0,Simulation,Physics Sim,whatever_dev(),Group,5851294352,https://www.roblox.com/games/17070462969,voxel sandbox
sandbox_voxel,[UPD!] TNT Voxel Playground,290,11650062,0.9553,11806,2026-07-20,2026-09-18,80,20,Simulation,Sandbox,manbou,Group,10535292470,https://www.roblox.com/games/136822524519115,voxel sandbox
sandbox_voxel,Voxel Destruction Physics,262,61382406,0.9189,82718,2022-11-18,2026-03-28,1420,194,Simulation,Physics Sim,whatever_dev(),Group,4113699767,https://www.roblox.com/games/11594344738,voxel sandbox
sandbox_voxel,Minecraft: Java Edition ,260,2483775,0.6495,543,2026-08-23,2026-09-06,46,32,,,Hotpot CCU,Group,10756673717,https://www.roblox.com/games/95137098709390,minecraft
sandbox_voxel,Voxels Craft,234,244229,0.557,88,2026-08-06,2026-09-29,63,9,Simulation,Sandbox,Isaverynicecommunity,Group,10644475735,https://www.roblox.com/games/116416579266393,voxel sandbox
sandbox_voxel,❄️ Voxel Winter Survival ❄️,218,43971,0.8824,15,2026-09-01,2026-10-07,37,1,Survival,,WinterSurvival!,Group,10764702969,https://www.roblox.com/games/126480221879455,voxel sandbox
sandbox_voxel,[☀️] Ultimate Block Build 🔨,217,4556144,0.6828,1214,2025-12-21,2026-10-08,291,0,Simulation,Sandbox,Kulebyak Community,Group,9395554342,https://www.roblox.com/games/133083514087477,minecraft
sandbox_voxel,Craftopia,204,2077609,0.6205,291,2026-07-30,2026-09-27,70,11,,,TVA_Studio,Group,10597061354,https://www.roblox.com/games/82581718193095,minecraft
sandbox_voxel,Voxels,204,881401,0.6806,147,2026-07-30,2026-09-27,70,11,Simulation,Sandbox,TVA_Studio,Group,10598167210,https://www.roblox.com/games/116621455286191,voxel sandbox
sandbox_voxel,Voxel Sandbox ⚡,194,87498855,0.6761,8522,2025-05-16,2026-09-26,510,12,Simulation,Sandbox,BlockGame Development,Group,7713362139,https://www.roblox.com/games/101570908642635,voxel sandbox
sandbox_voxel,Minecraft: Roblox Edition,118,417860,0.6083,73,2026-07-15,2026-09-26,85,12,Survival,,:v of Wonder,Group,10504796068,https://www.roblox.com/games/116456036799054,minecraft
sandbox_voxel,⛏️Lucky Craft💛 (GOLD LUCKY BLOCKS),112,2131222,0.7498,1112,2026-07-04,2026-09-17,96,21,Simulation,Sandbox,Moddedd Creations,Group,10443733809,https://www.roblox.com/games/116697542945591,minecraft
sandbox_voxel,Minecraft,78,16425,0.7826,18,2026-09-29,2026-10-05,9,3,Simulation,Sandbox,Build & Survive Community,Group,10768563198,https://www.roblox.com/games/78686333560075,minecraft
sandbox_voxel,[🔮] Toaken: Voxel Survival,78,246411,0.7037,152,2026-02-05,2026-10-05,245,3,Simulation,Sandbox,Marizma Games,Group,9679719900,https://www.roblox.com/games/118159938224199,voxel sandbox
sandbox_voxel,🔨Voxel Playground,71,49327963,0.901,24949,2025-06-14,2026-10-06,481,2,Simulation,Sandbox,Rainy Creations!,Group,7915183134,https://www.roblox.com/games/110109956537250,voxel sandbox
sandbox_voxel,Voxel Loot,62,173943,0.74,111,2026-07-07,2026-09-24,93,14,RPG,Action RPG,kimi05,Group,10461024108,https://www.roblox.com/games/120568516633579,voxel sandbox
sandbox_voxel,⛏️ Mineworld 💎 (Like Minecraft),58,418798,0.6866,149,2026-05-20,2026-10-04,141,4,Simulation,Sandbox,gummy bear & gummy bee Studios,Group,10193602807,https://www.roblox.com/games/105176483071329,minecraft
sandbox_voxel,Minecraft:Alpha,52,40351,0.7037,19,2026-09-18,2026-10-07,20,1,Simulation,Sandbox,Minecraft: Alpha,Group,10766910901,https://www.roblox.com/games/129487874420596,minecraft
sandbox_voxel,Voxels [VERITY MOD],32,310376,0.4,62,2026-08-27,2026-09-04,42,34,Simulation,Sandbox,Plexcity Studios,Group,10763705553,https://www.roblox.com/games/99908371103803,minecraft
sandbox_voxel,⛏️ModdedCraft Voxels🌈(RAINBOW TNT BLOCKS),32,521110,0.5972,129,2026-06-05,2026-09-26,125,12,Simulation,Sandbox,Hoffdorgame,Group,10276983896,https://www.roblox.com/games/85603062599346,voxel sandbox
sandbox_voxel,SkyCraft Tycoon🏝️,28,6054081,0.8443,3090,2025-08-19,2026-10-04,415,4,Simulation,Tycoon,-Skycraft-,Group,8485370971,https://www.roblox.com/games/106507433631449,minecraft
sandbox_voxel,⛏️ModdedCraft💛 (GOLD LUCKY BLOCKS),27,153503,0.6522,45,2026-06-06,2026-08-24,124,45,,,uithogame,Group,10280728654,https://www.roblox.com/games/110983179305988,minecraft
sandbox_voxel,Voxel World,22,92446,0.5517,32,2026-07-30,2026-10-04,70,4,Simulation,Sandbox,Infinite Voxels,Group,10596646553,https://www.roblox.com/games/129809494260544,voxel sandbox
sandbox_voxel,⛏️ GAMECRAFT ELEVATOR 💎,20,2487003,0.5412,105,2026-01-05,2026-06-25,276,105,Party & Casual,Minigame,O Ouro e a Madeira,Group,9505363506,https://www.roblox.com/games/78780466474867,minecraft
sandbox_voxel,Voxels,15,36918872,0.5679,1711,2025-07-22,2026-09-24,443,14,Simulation,Sandbox,9ohz sandbox,Group,8230539962,https://www.roblox.com/games/124902859288886,voxel sandbox
sandbox_voxel,Cube Voxels Edition,12,43688,0.6842,13,2026-09-08,2026-10-04,30,4,Simulation,Sandbox,InfiniteVoxels,Group,10765674224,https://www.roblox.com/games/140286658062384,voxel sandbox
sandbox_voxel,Baldi's Voxel Game,11,722939,0.7861,397,2025-02-13,2026-09-24,602,14,Simulation,Sandbox,Pyles Development,Group,7236220487,https://www.roblox.com/games/84053338286641,voxel sandbox
sandbox_voxel,Voxels [🛠️],10,32336828,0.8888,11473,2025-06-19,2026-01-09,476,272,Simulation,Sandbox,Dolgon Games,Group,7947746219,https://www.roblox.com/games/93660217867892,voxel sandbox
sandbox_voxel,Find The Minecraft Plushies⛏️,8,50033,0.9249,160,2026-05-23,2026-10-05,138,3,Adventure,Scavenger Hunt,Find The MInecraft Plushies,Group,10206911970,https://www.roblox.com/games/79442825483717,minecraft
sandbox_voxel,Luckycraft [VOXEL SURVIVAL MINECRAFT],6,85748,0.5556,25,2026-09-18,2026-10-08,20,0,Adventure,Exploration,LuckyLucky World,Group,10766973976,https://www.roblox.com/games/72947381662676,voxel sandbox
sandbox_voxel,mihecraft,5,5144727,0.7051,11778,2025-07-18,2026-06-16,447,114,,,vityhysa,User,8188701792,https://www.roblox.com/games/81099268327915,minecraft
sandbox_voxel,Voxel Playground,0,1765007,0.6866,276,2025-12-29,2026-02-12,283,238,Simulation,Sandbox,Bloxcola Studio,Group,9463214787,https://www.roblox.com/games/102264134832174,voxel sandbox
kart_battle,[BETA] KF1 Karting ,176,43776937,0.8012,26709,2022-01-09,2026-10-07,1733,1,Sports & Racing,Racing,KF1 Karting | Official Karting League,Group,3244511534,https://www.roblox.com/games/8496163103,kart racing
kart_battle,Kart Arena,122,77472,0.7414,43,2026-09-13,2026-10-07,25,1,Action,Battlegrounds & Fighting,Kart Arena,Group,10766251540,https://www.roblox.com/games/83909223006012,smash karts
kart_battle,[🎃UPD] Bumper Balls🟡,113,10796702,0.8825,37977,2026-05-18,2026-10-08,143,0,Party & Casual,Minigame,YURRRRRP,Group,10187488536,https://www.roblox.com/games/75056101860138,bumper cars
kart_battle,Bumper Cars! 💥,104,7158078,0.9572,36248,2026-02-17,2026-08-14,233,55,Party & Casual,Minigame,DomBlox Games,Group,9747949088,https://www.roblox.com/games/90444618435823,bumper cars
kart_battle,Kart Wars! 🏎️,91,10894620,0.8261,14449,2025-11-19,2026-09-05,323,33,Sports & Racing,Racing,devGem,Group,9203438594,https://www.roblox.com/games/116846107054100,smash karts
kart_battle,[⚙️] CAR BATTLES,57,43323624,0.951,128565,2025-08-22,2026-09-03,412,35,Action,Battlegrounds & Fighting,Wreck Team,Group,8507372891,https://www.roblox.com/games/103555053141891,kart battle
kart_battle,Crash Cars with Nitro,56,52057222,0.9071,26205,2024-11-27,2026-04-07,680,184,Simulation,Vehicle Sim,Lion Hеаrts,Group,6847216981,https://www.roblox.com/games/137239784250569,smash karts
kart_battle,[BETA]  Roblox Karting Game 🏁,28,6643425,0.7193,3583,2024-07-19,2026-10-07,811,1,Sports & Racing,Racing,xX5eanFXx,User,6288104616,https://www.roblox.com/games/18559062703,kart racing
kart_battle,Roblox Karts,11,7403975,0.8127,19166,2021-11-15,2026-09-14,1788,24,Sports & Racing,Racing,radiogamer,User,3089546450,https://www.roblox.com/games/8006171291,smash karts
kart_battle,[BODYWORK] Multiclass Karting Roblox,4,583376,0.6184,282,2026-01-14,2026-10-07,267,1,Sports & Racing,Racing,Multiclass Karting Studios,Group,9561007466,https://www.roblox.com/games/107865688424709,smash karts
kart_battle,[RELEASE] Bumper Cars,2,79552,0.766,72,2026-07-28,2026-09-29,72,9,Party & Casual,Minigame,Fourteam Extra,Group,10582954084,https://www.roblox.com/games/89655506257641,bumper cars
kart_battle,[BETA] SMASH KART,0,33170,0.6585,27,2026-04-15,2026-10-08,176,0,Adventure,Exploration,FOTM Games & Freeground,Group,10040111439,https://www.roblox.com/games/124244844403401,smash karts
tank_maze_duel,[🍁] Ricochet or Hide!,416,4757901,0.9041,33356,2026-02-14,2026-10-03,236,5,Party & Casual,Minigame,GMITE TEAM,Group,9725948265,https://www.roblox.com/games/80322535399269,ricochet tanks
tank_maze_duel,🎯 Tank Fight,49,3037181,0.9061,4969,2026-07-15,2026-09-25,85,13,Party & Casual,Minigame,Vladtech Experiemental,Group,10509929125,https://www.roblox.com/games/87123122900935,tank duel
tank_maze_duel,Ttank [Alpha],6,1822059,0.479,1256,2025-11-11,2026-08-24,331,45,Action,,Ttank Group,Group,9147894165,https://www.roblox.com/games/83758160828937,tank trouble
tank_maze_duel,Ricochet Arena,1,270989,0.8951,572,2026-08-06,2026-10-08,63,0,Shooter,Deathmatch Shooter,Lumies Studio,Group,10642218771,https://www.roblox.com/games/75816189996885,ricochet tanks
bomberman,Blast Zone,391,101724649,0.859,69741,2022-03-10,2026-09-28,1673,10,Action,Battlegrounds & Fighting,Blast Zone Team,Group,3408154779,https://www.roblox.com/games/9058310544,bomberman
bomberman,Super Bomb Survival,108,219225061,0.9323,526439,2014-06-29,2026-10-01,4484,7,Survival,,Polyhex Games,Group,78351145,https://www.roblox.com/games/164051105,bomberman
bomberman,BOMBER 💣,1,198994,0.8388,484,2026-04-03,2026-10-08,188,0,Party & Casual,Minigame,B3ASTSLAYER,User,9981270079,https://www.roblox.com/games/109866238606281,bomberman
tower_defense,Tower Defense Simulator,12421,5004565164,0.9415,2077977,2019-06-05,2026-10-05,2682,3,Strategy,Tower Defense,Paradoxum Games,Group,1176784616,https://www.roblox.com/games/3260590327,tower defense
tower_defense,[📊PATCH📊] Slop Tower Defense! 💔,7902,26205345,0.7983,11327,2026-07-19,2026-10-08,81,0,Strategy,Tower Defense,Slop TD!,Group,10529769390,https://www.roblox.com/games/134459712190924,tower defense
tower_defense,TB II | Tower Defense X: BETA,6217,417520058,0.9431,334030,2022-04-30,2026-10-07,1622,1,Strategy,Tower Defense,Tower Defense X,Group,3541611379,https://www.roblox.com/games/9503261072,tower defense
tower_defense,[⏳🧪] Garden Tower Defense 🌻,4163,810296230,0.9822,1428315,2025-05-14,2026-10-07,512,1,Strategy,Tower Defense,Garden Defenders,Group,7703614594,https://www.roblox.com/games/108533757090220,tower defense
tower_defense,[🎫 X2 🎫] Alliance Tower Defense! ⚔️,3902,20035944,0.9242,16274,2026-06-25,2026-10-08,105,0,Strategy,Tower Defense,MrUpTime’s Games,Group,10393438342,https://www.roblox.com/games/99703116573266,tower defense
tower_defense,[LEGACY] Toilet Tower Defense,3698,6191773118,0.8556,1346764,2023-06-17,2026-09-09,1209,29,Strategy,Tower Defense,Telanthric Development,Group,4778845442,https://www.roblox.com/games/13775256536,tower defense
tower_defense,[⏳SOON] Cameraman Tower Defense,3270,3968549,0.9878,26019,2026-08-26,2026-10-08,43,0,Strategy,Tower Defense,Aligators Games,Group,10762636904,https://www.roblox.com/games/132929771812494,tower defense
tower_defense,SNACK Defense! 🍉 [TD],2959,7177917,0.964,20483,2026-05-27,2026-10-05,134,3,Strategy,Tower Defense,Games by Bug,Group,10231502419,https://www.roblox.com/games/99714898369873,tower defense
tower_defense,[JJK+S2] Anime RNG Defense,2808,15680363,0.9695,29983,2026-03-26,2026-10-06,196,2,Strategy,Tower Defense,Mera.,Group,9940812243,https://www.roblox.com/games/104693964860826,tower defense
tower_defense,[OG] All Star Tower Defense,2397,7934872716,0.9205,1494869,2020-05-07,2026-10-08,2345,0,Strategy,Tower Defense,Top Down Games,Group,1720936166,https://www.roblox.com/games/4996049426,tower defense
tower_defense,[Upd 10 // part 1] Superbox siege defense ,2020,230939555,0.8663,115593,2023-09-23,2026-10-08,1111,0,Action,Battlegrounds & Fighting,team spelled incorrectly,Group,5117983607,https://www.roblox.com/games/14852797539,tower defense
tower_defense,Sorcerer Tower Defense [NAOYA],1947,193296589,0.9722,408738,2024-06-03,2026-08-30,857,39,Strategy,Tower Defense,Peanut Butter Entertainment,Group,6069634717,https://www.roblox.com/games/17720162456,tower defense
tower_defense,Five Nights TD 2 [EVOLUTIONS],1861,110523509,0.9531,164580,2025-06-17,2026-10-08,478,0,Strategy,Tower Defense,Hyper TD,Group,7934320560,https://www.roblox.com/games/70400654680508,tower defense
tower_defense,[AURORA] Skibi Defense,1610,482026810,0.9232,189251,2023-08-01,2026-10-08,1164,0,Strategy,Tower Defense,Archkos Studios,Group,4938220315,https://www.roblox.com/games/14279693118,tower defense
tower_defense,Retro Tower Defense,1389,176671732,0.9169,106182,2025-05-20,2026-10-02,506,6,Strategy,Tower Defense,Plaything Games,Group,7738524573,https://www.roblox.com/games/98936097545088,tower defense
tower_defense,[⭐EP81] Skibidi Masters Tower Defense,1160,102148571,0.9734,172399,2023-10-19,2026-10-08,1085,0,Strategy,Tower Defense,Mastery Studios Games,Group,5207621753,https://www.roblox.com/games/15111895255,tower defense
tower_defense,[☀️]Hold the Door: Zombie Defense,1119,22008493,0.8448,9902,2026-03-18,2026-10-07,204,1,Strategy,Tower Defense,Zomvex,Group,9900286623,https://www.roblox.com/games/104812936457083,tower defense
tower_defense,💀 House Tower Defense 2 ,781,8977244,0.9784,42165,2026-07-07,2026-10-03,93,5,Strategy,Tower Defense,DeadB Studios,Group,10463578886,https://www.roblox.com/games/131367064230486,tower defense
tower_defense,Build a Dino Defense 🦖,688,7341909,0.8673,2523,2026-08-10,2026-10-08,59,0,Strategy,Tower Defense,Big Chomp Games,Group,10669713140,https://www.roblox.com/games/138949299666923,tower defense
tower_defense,SpongeBob Tower Defense🍍,635,685284431,0.9772,1553383,2024-09-24,2026-09-14,744,24,Strategy,Tower Defense,Krabby Krew,Group,6594435384,https://www.roblox.com/games/123662243100680,tower defense
tower_defense,Periastron Tower Defense [ENDLESS],536,533975,0.9201,2797,2026-06-16,2026-10-05,114,3,Strategy,Tower Defense,Periastron Champions,Group,10340119210,https://www.roblox.com/games/132304466547289,tower defense
tower_defense,Titan Tower Defense,519,135457627,0.9539,146314,2023-09-01,2026-10-05,1133,3,Strategy,Tower Defense,[What A Game],Group,5049569843,https://www.roblox.com/games/14641667067,tower defense
tower_defense,[UPD] Skibidi Tower Defense,509,739214405,0.9304,499733,2023-11-24,2026-04-25,1049,166,Strategy,Tower Defense,SuperSkibidi Games,Group,5329077236,https://www.roblox.com/games/15444929588,tower defense
tower_defense,Cheese Tower Defense 🧀,487,118564324,0.8625,40509,2023-11-01,2026-09-01,1072,37,Strategy,Tower Defense,Decent Games EXTREME,Group,5252919404,https://www.roblox.com/games/15235397483,tower defense
tower_defense,(🔥) Dummy Defense,478,30393893,0.9141,30526,2024-10-03,2026-10-08,735,0,Strategy,Tower Defense,Mr Lazy Guy,Group,6628327758,https://www.roblox.com/games/118198615964701,tower defense
tower_defense,Mutant Plants: Base Defense[✨UPD-2.5],419,5169923,0.9813,31840,2026-07-19,2026-09-04,81,34,Strategy,Tower Defense,Rainbow Isle Base,Group,10531477636,https://www.roblox.com/games/105954652742326,plants vs zombies
tower_defense,[2x💰💎] Brainrot Tower Defense,345,242514773,0.9743,307149,2025-08-04,2026-10-05,430,3,Strategy,Tower Defense,Shock Wave Studio,Group,8343243056,https://www.roblox.com/games/111199269199811,tower defense
tower_defense,[SEASON 10!] Ultimate Tower Defense,321,1111993866,0.9312,439200,2020-11-01,2026-10-04,2167,4,Strategy,Tower Defense,Ghostworks,Group,2114144926,https://www.roblox.com/games/5902977746,tower defense
tower_defense,[2x DROP] Toilet Verse Tower Defense,316,93890276,0.8912,42629,2023-12-06,2026-10-08,1037,0,Strategy,Tower Defense,Toilet Verse,Group,5371127625,https://www.roblox.com/games/15560168390,tower defense
tower_defense,Carrot Tower Defense 🥕,307,7685237,0.8117,3345,2026-03-21,2026-10-07,201,1,Strategy,Tower Defense,Crumbling Crunchy Games,Group,9918481645,https://www.roblox.com/games/92537160695070,tower defense
tower_defense,Five Nights TD [FNTD2],272,755831100,0.9476,498199,2024-01-02,2026-10-01,1010,7,Strategy,Tower Defense,Hyper TD,Group,5479908441,https://www.roblox.com/games/15846919378,tower defense
tower_defense,Toy Defense🧸,271,63330708,0.8621,138988,2020-08-24,2026-10-06,2236,2,Strategy,Tower Defense,Glacid Games,Group,1962399895,https://www.roblox.com/games/5607971791,bloons
tower_defense,Oldest T Tower Defense [💥EP 74 PART 1],254,4760784,0.962,8152,2026-05-02,2026-10-06,159,2,Strategy,Tower Defense,Lightning Developments,Group,10112435932,https://www.roblox.com/games/131241838217477,tower defense
tower_defense,SOON 🎃 Multiverse TD,249,12635391,0.7783,5662,2026-04-08,2026-10-08,183,0,Strategy,Tower Defense,The ROBO Studio!,Group,10008450782,https://www.roblox.com/games/130172344017004,tower defense
tower_defense,💥 War of 1812 Tower Defense,248,11373571,0.8454,7903,2025-08-14,2026-10-08,420,0,Strategy,Tower Defense,United Stаtеs Αrmуᅠᅠ,Group,8438735581,https://www.roblox.com/games/71629130314861,tower defense
tower_defense,[🧸] Defend Your Plushie! TD,198,39027962,0.9852,164867,2026-02-14,2026-10-01,236,7,Strategy,Tower Defense,UpTown Games!,Group,9722598100,https://www.roblox.com/games/116501341774429,bloons
tower_defense,[New Event]Stickman Tower Defense,154,72592829,0.9032,51362,2024-07-15,2026-09-30,815,8,Strategy,Tower Defense,SAND4,Group,6267547203,https://www.roblox.com/games/18495650842,tower defense
tower_defense,[🏴‍☠️ PIRATE SHIP ⛵️] Ball Tower Defense,148,137378360,0.8809,57907,2024-07-05,2026-09-25,825,13,Strategy,Tower Defense,Cash Grab Studios $$$$,Group,6218783244,https://www.roblox.com/games/18343561950,bloons
tower_defense,Doomspire Defense,118,68966935,0.9056,50488,2023-12-05,2026-10-04,1038,4,Strategy,Tower Defense,VY BOX,Group,5367086137,https://www.roblox.com/games/15549445942,tower defense
tower_defense,OG Old T Tower Defense [🦃Thanksgiving],107,8002686,0.9211,6282,2026-01-23,2026-10-08,258,0,Strategy,Tower Defense,OG Old Toilet Tower Defense,Group,9609184239,https://www.roblox.com/games/74479548003797,tower defense
tower_defense,⭐Flavor Frenzy [Tower Defense],99,50198901,0.8957,45070,2022-04-11,2025-07-18,1641,447,Strategy,Tower Defense,BlushCrunch Studio,Group,3493529497,https://www.roblox.com/games/9342644342,bloons
tower_defense,[10X SPEED🔴] The Noob Experiment TD,98,13934489,0.8839,13305,2026-04-05,2026-10-04,186,4,Strategy,Tower Defense,Tower Defense Games!!,Group,9995767809,https://www.roblox.com/games/120362482242403,tower defense
tower_defense,[UPD] 99 Nights Zombie Tower Defense,92,55738905,0.9121,16081,2025-09-07,2026-09-20,396,18,Survival,,Woven Productions,Group,8661631014,https://www.roblox.com/games/95744979554149,tower defense
tower_defense,Tower Defense RNG,90,58129222,0.9565,172828,2024-07-12,2026-04-10,818,181,Strategy,Tower Defense,Stouts Studio,Group,6255392043,https://www.roblox.com/games/18458348062,tower defense
tower_defense, 【🌱New】Merge Plants VS Zombies,87,87991,0.8694,193,2026-08-28,2026-10-08,41,0,Simulation,Tycoon,Defend the Garden 2,Group,10763830934,https://www.roblox.com/games/119208979015875,plants vs zombies
tower_defense,[Miner Rework] Base Tower Defense,85,42262678,0.8644,21772,2021-01-06,2026-07-09,2101,91,Strategy,Tower Defense,FIame7122,User,2270874096,https://www.roblox.com/games/6198192195,tower defense
tower_defense,Backrooms Tower Defense! [TD],63,890301,0.9551,4087,2026-06-11,2026-10-01,119,7,Strategy,Tower Defense,KoboldLabs Interactive,Group,10303475129,https://www.roblox.com/games/82790303370045,tower defense
tower_defense,Merge Tower Defense 7.0,52,47868945,0.9131,76917,2025-01-03,2026-10-02,643,6,Simulation,Tycoon,Merge Empire,Group,7026701434,https://www.roblox.com/games/79205214213091,tower defense
tower_defense,Fusion Defense,52,5419382,0.689,3019,2024-11-22,2026-09-29,685,9,Strategy,Tower Defense,Studio GB,Group,6827467643,https://www.roblox.com/games/70933111424646,plants vs zombies
tower_defense,Wild Rails Tower Defense 🚂,50,79423360,0.9666,173333,2025-04-09,2026-07-03,547,97,Strategy,Tower Defense,TOP 100 GAME,Group,7513026554,https://www.roblox.com/games/99982117479929,tower defense
tower_defense,World Defenders TD,49,304355941,0.8356,199581,2020-09-25,2026-09-26,2204,12,Strategy,Tower Defense,Spectral Roblox,Group,2032463184,https://www.roblox.com/games/5732966938,tower defense
tower_defense,Last Contract: Tower Defense [EARLY ACCESS],44,88088,0.9457,1044,2026-04-08,2026-10-08,183,0,Strategy,Tower Defense,Neverland Industries,Group,10007567876,https://www.roblox.com/games/127750392812160,tower defense
tower_defense,Cool Plants vs Undead RP,37,847561,0.8446,386,2023-08-19,2026-10-07,1146,1,Roleplay & Avatar Sim,Morph Roleplay,Random PVZ Group,Group,5002313367,https://www.roblox.com/games/14487715232,plants vs zombies
tower_defense,[🌲Forest Overseer] Idle Defense,34,26265987,0.8614,14329,2025-10-20,2026-10-08,353,0,Strategy,Tower Defense,Idle Defense,Group,8991105066,https://www.roblox.com/games/81505591700031,tower defense
tower_defense,Defender's Depot 2 Tower Defense,32,33089328,0.868,22614,2022-08-31,2026-07-02,1499,98,Strategy,Tower Defense,Stouts Studio,Group,3895043784,https://www.roblox.com/games/10772052398,tower defense
tower_defense,[⚔️] Plant Defense,30,420303,0.9331,1883,2026-08-09,2026-10-08,60,0,Strategy,Tower Defense,Slushy TD,Group,10660190136,https://www.roblox.com/games/86598346626199,plants vs zombies
tower_defense,Elder T Tower Defense [💗Valentines],29,9935598,0.921,6781,2025-11-02,2026-10-02,340,6,Strategy,Tower Defense,Garden Tower Defense Studio,Group,9086626589,https://www.roblox.com/games/118353582966245,tower defense
tower_defense,Military Tower Defense,29,3144292,0.7844,2783,2024-10-23,2026-07-31,715,69,Strategy,Tower Defense,Grandmaster Games,Group,6710424389,https://www.roblox.com/games/84325097368281,tower defense
tower_defense,SCP Tower Defense,27,74601798,0.9206,82996,2021-09-06,2026-08-06,1858,63,Strategy,Tower Defense,Mashiusam,User,2891231433,https://www.roblox.com/games/7419739660,tower defense
tower_defense,[🔥HOTFIX🔥] Box Tower Defense,22,12855571,0.841,6086,2024-06-25,2026-10-08,835,0,Strategy,Tower Defense,group doesnt have name,Group,6172014378,https://www.roblox.com/games/18204909042,tower defense
gold_miner_claw,[🔮]Tokyo Claw Machine,840,139113045,0.8166,68728,2024-08-22,2026-10-08,777,0,Simulation,,Omochi_Studio's Game center,Group,6451948378,https://www.roblox.com/games/83948716312312,claw machine
gold_miner_claw,[🏗️] Claw Fishing,578,22333637,0.947,129769,2026-04-08,2026-10-07,183,1,Simulation,Incremental Simulator,Smoothly Sailing,Group,10008606756,https://www.roblox.com/games/128931272139211,claw
gold_miner_claw,Claw Machine Hub,243,16302177,0.8012,5449,2025-08-08,2026-10-08,426,0,Simulation,,Advanced Games Group,Group,8377284104,https://www.roblox.com/games/110190862290508,claw machine
gold_miner_claw,Japan Claw Machine Arcade 🕹️,186,15636043,0.951,26147,2025-08-01,2026-09-30,433,8,Simulation,,Island Interactive LLC,Group,8312429877,https://www.roblox.com/games/75505292078622,claw machine
gold_miner_claw,Be a Claw Machine,164,264292,0.7145,448,2026-09-09,2026-10-06,29,2,Simulation,Incremental Simulator,Hold on pls,Group,10765845377,https://www.roblox.com/games/124670883559323,claw machine
gold_miner_claw,Claw Machine Arcade!,156,72618193,0.9485,46278,2025-04-06,2026-10-07,550,1,Simulation,,High Tech Games!,Group,7498824809,https://www.roblox.com/games/123983959217174,claw machine
gold_miner_claw,The Claw🕹️,60,25255406,0.5394,6849,2022-12-21,2025-04-12,1387,544,Survival,1 vs All,SneezyBadger,User,4203689348,https://www.roblox.com/games/11879843402,claw machine
gold_miner_claw,Anime Claw Machine,23,757440,0.9025,1861,2026-02-09,2026-10-03,241,5,Simulation,,Rivrs x Sim,Group,9698564383,https://www.roblox.com/games/131737984105846,claw machine
gold_miner_claw,Advanced Claw Machine ,15,105464036,0.7848,98030,2021-03-29,2026-09-28,2019,10,Simulation,,rosefront100,User,2477616476,https://www.roblox.com/games/6584035841,claw machine
gold_miner_claw,[🎁] Human Claw Machine,12,2802046,0.775,744,2025-12-06,2026-07-22,306,78,,,Rolling Air,Group,9308440722,https://www.roblox.com/games/131902017975475,claw machine
gold_miner_claw,Claw Machine World,10,2558453,0.5938,728,2025-01-23,2026-10-07,623,1,Simulation,,Claw Machine World,Group,7132283081,https://www.roblox.com/games/88817929795212,claw machine
gold_miner_claw,Claw Machine Simulator! 🕹️,6,16881188,0.9512,153029,2021-05-31,2026-02-24,1956,226,Simulation,Incremental Simulator,RB Battles Games,Group,2630305393,https://www.roblox.com/games/6891812658,claw machine
gold_miner_claw,Brainrot Claw Machine,1,12006049,0.9642,27067,2025-10-22,2026-10-03,351,5,Simulation,,Rivrs x Sim,Group,9000788598,https://www.roblox.com/games/85068532902439,claw
fishing_timing,[🦑UPD] Fish It! 🐟,75993,4772312018,0.8283,1345137,2024-10-21,2026-10-08,717,0,Simulation,Incremental Simulator,Fish Atelier,Group,6701277882,https://www.roblox.com/games/121864768012064,fishing simulator
fishing_timing,[ISLANDS] Roll a Fisherman 🎣,8640,9895794,0.9828,74112,2026-08-05,2026-10-07,64,1,Simulation,Tycoon,FISH X SPEEDI,Group,10636331438,https://www.roblox.com/games/90920025162454,tiny fishing
fishing_timing,[🌋] Deep Fishing🎣,8378,9584977,0.9676,28040,2026-07-18,2026-10-08,82,0,Simulation,Incremental Simulator,LazyGames.,Group,10526853622,https://www.roblox.com/games/132239307080610,tiny fishing
fishing_timing,[UPD] Fishing Master,7369,6524218,0.9578,28165,2026-04-15,2026-10-08,176,0,Simulation,Incremental Simulator,Fishing Master Community,Group,10039889230,https://www.roblox.com/games/99925503388128,fishing simulator
fishing_timing,Heavyweight Fishing,5319,55529578,0.9617,80573,2025-08-04,2026-10-07,430,1,Simulation,,Unknown Journey,Group,8342498724,https://www.roblox.com/games/98502499119821,fisch
fishing_timing,Fish an Anime RNG 🎲,3308,17021524,0.9501,38042,2026-01-18,2026-10-08,263,0,Simulation,Tycoon,-チート-,Group,9582986239,https://www.roblox.com/games/74729868188364,fishing simulator
fishing_timing,[🐟UPDATE] Hole Fishing,3154,13118279,0.9816,61091,2026-03-19,2026-10-04,203,4,Simulation,Incremental Simulator,67K CCU,Group,9906378607,https://www.roblox.com/games/80158232099900,tiny fishing
fishing_timing,[🌌] Steal Fish Eggs,2803,24531367,0.9828,87192,2026-08-16,2026-10-03,53,5,Simulation,Tycoon,fishy fish fish!,Group,10718240577,https://www.roblox.com/games/99183404085821,tiny fishing
fishing_timing,Ride A Fish 🐟,2374,591691,0.9309,1766,2026-09-16,2026-10-08,22,0,Simulation,Tycoon,i hope u like,Group,10766691148,https://www.roblox.com/games/104050046639813,tiny fishing
fishing_timing,[🦖] Pull a Lucky Fish,2339,51760776,0.952,77711,2026-05-20,2026-10-08,141,0,Simulation,Tycoon,Openwater Games,Group,10195997258,https://www.roblox.com/games/112781315318195,fishing simulator
fishing_timing,[NEW MAP] How to Fish🐟,1830,10204691,0.6869,5264,2026-08-24,2026-10-05,45,3,Simulation,Incremental Simulator,Fishy Business...,Group,10759661128,https://www.roblox.com/games/86068599934040,fisch
fishing_timing,🦈 Slime Out Fish,1268,12855967,0.8569,5879,2026-07-28,2026-10-05,72,3,Simulation,Incremental Simulator,Slime Out Fish,Group,10583333097,https://www.roblox.com/games/113945994875620,fishing simulator
fishing_timing,Magnet Fishing 🧲,1129,3291418,0.8782,3057,2026-08-11,2026-09-24,58,14,Simulation,Incremental Simulator,Magnet Fishing: 519,Group,10679441410,https://www.roblox.com/games/83717725495693,tiny fishing
fishing_timing,[🦍 UPDT] Fishing Chef ,1106,11255059,0.9694,52680,2025-10-16,2026-10-08,357,0,Simulation,Tycoon,Fishing Chef,Group,8955905923,https://www.roblox.com/games/88599461076137,fisch
fishing_timing,[🧢] Shoot To Fish,945,2421884,0.9427,3934,2026-08-24,2026-09-03,45,35,Simulation,Incremental Simulator,Shoot to Fish,Group,10758214548,https://www.roblox.com/games/113886311729301,tiny fishing
fishing_timing,Risky Fish! 🐟,874,845728,0.9753,10123,2026-08-28,2026-10-07,41,1,Simulation,Tycoon,FishyStuff,Group,10764105980,https://www.roblox.com/games/98785069260586,tiny fishing
fishing_timing,Steal and Fish,817,58073,0.9625,231,2026-09-03,2026-10-08,35,0,Simulation,Tycoon,Omni Worlds,Group,10765007812,https://www.roblox.com/games/130783242519145,fisch
fishing_timing,Be Fish,727,103414628,0.9699,665675,2024-12-18,2026-09-10,659,28,Simulation,Incremental Simulator,Goofy Vegetables,Group,6935083490,https://www.roblox.com/games/94503612388426,tiny fishing
fishing_timing,[🏗️] Claw Fishing,584,22333637,0.947,129769,2026-04-08,2026-10-07,183,1,Simulation,Incremental Simulator,Smoothly Sailing,Group,10008606756,https://www.roblox.com/games/128931272139211,tiny fishing
fishing_timing,Ice Fishing Simulator 🐟,455,75951664,0.8965,97221,2023-08-07,2026-10-06,1158,2,Simulation,Incremental Simulator,WildGuest Games,Group,4960950398,https://www.roblox.com/games/14350413280,fishing simulator
fishing_timing,[🦖] Farm a Fish 🐟,444,51314396,0.9642,79277,2025-07-24,2026-10-06,441,2,Simulation,Tycoon,Tetra Games,Group,8243724761,https://www.roblox.com/games/91296119701853,fisch
fishing_timing,Fishing Simulator! 🐟,371,496722862,0.9215,834459,2019-02-17,2026-09-28,2790,10,Simulation,Incremental Simulator,Cloud Entertainment,Group,1037979853,https://www.roblox.com/games/2866967438,fishing simulator
fishing_timing,Steal A Fish,282,436230998,0.9619,683903,2025-06-13,2026-10-08,482,0,Simulation,Tycoon,MY FISH FRIEND,Group,7907828295,https://www.roblox.com/games/72212564918217,fisch
fishing_timing,Fish For Brainrots! 🎣,258,183905,0.8531,122,2026-08-22,2026-10-08,47,0,Simulation,Incremental Simulator,Server Not Responding,Group,10754246618,https://www.roblox.com/games/103424243856638,tiny fishing
fishing_timing,[🎅UPD ] GO FISHING 🐟,247,248803782,0.9325,222618,2024-11-06,2026-07-30,701,70,Simulation,,Fishing Forum,Group,6764180126,https://www.roblox.com/games/116605585218149,fisch
fishing_timing,[🏮MID AUTUMN UPD] Hunt Giant Fish,227,23191064,0.9743,101137,2025-11-18,2026-10-08,324,0,Simulation,Tycoon,GiantTank,Group,9195537400,https://www.roblox.com/games/115511501544785,fishing simulator
fishing_timing,[UPD🦗] DEVOUR 🦑 Eat Fish & Ocean Animals,225,4020703,0.8139,16313,2026-06-27,2026-10-07,103,1,Roleplay & Avatar Sim,Animal Sim,Elasmonian Games,Group,10404293465,https://www.roblox.com/games/129827535941999,tiny fishing
fishing_timing,Fishing Race Simulator!,205,3009746,0.9676,5609,2026-04-30,2026-06-14,161,116,Simulation,Incremental Simulator,Gone Fishing Kings,Group,10101579159,https://www.roblox.com/games/80501628892293,fishing simulator
fishing_timing,"👽 | 🐠🪸THE REEF🐬🪸  - shark, fish, dolphin game",197,20771917,0.9036,28006,2023-10-15,2026-10-08,1089,0,Roleplay & Avatar Sim,Animal Sim,Sea Parrot,Group,5193782045,https://www.roblox.com/games/15073773912,fisch
fishing_timing,🐟 BE A FISH BAIT! 🤖SCI-FI UPD,187,69943724,0.9548,133595,2025-12-10,2026-10-08,302,0,Simulation,Tycoon,VoidDeckStudios,Group,9330616906,https://www.roblox.com/games/99702578544768,fisch
fishing_timing,Fat Fish 🦐 → 🐡 [🏗️],184,8610225,0.7787,4269,2026-05-28,2026-08-21,133,48,Simulation,Tycoon,Gnarcade,Group,10235163909,https://www.roblox.com/games/125532914658858,tiny fishing
fishing_timing,Fish Tank Tycoon,174,20892663,0.9626,59718,2026-04-27,2026-06-12,164,118,Simulation,Tycoon,FL36 Studios,Group,10092181670,https://www.roblox.com/games/80086813981390,fisch
fishing_timing,My Fishing Brainrots,139,223713132,0.922,87551,2025-10-10,2026-10-08,363,0,Simulation,Tycoon,Fish In The Waters,Group,8916375040,https://www.roblox.com/games/113489516847696,tiny fishing
fishing_timing,[UPD5] Fishing RNG,120,2042235,0.8848,3365,2026-04-28,2026-08-26,163,43,Simulation,Incremental Simulator,Brackton,Group,10096370039,https://www.roblox.com/games/105351862035174,fishing simulator
fishing_timing,Cage Fishing 🐟,113,90444661,0.9821,577260,2025-05-02,2026-10-06,524,2,Simulation,Tycoon,Pearl Point,Group,7629884826,https://www.roblox.com/games/131603408057162,tiny fishing
fishing_timing,[ICE 🧊] How to Really Fish,112,8506217,0.9025,23773,2026-08-24,2026-09-23,45,15,Adventure,Exploration,Crazy Fishing Friends,Group,10758034175,https://www.roblox.com/games/112778631702542,tiny fishing
fishing_timing,Steal From Fish!,102,20328232,0.8084,8494,2026-02-07,2026-10-02,243,6,Simulation,Tycoon,Stop The Steal!,Group,9689793737,https://www.roblox.com/games/120942053619534,fisch
fishing_timing,Shred A Fish! 🗑️🐟,91,20399422,0.8998,35788,2025-09-16,2026-09-22,387,16,Simulation,Incremental Simulator,Sold Out Games,Group,8729410232,https://www.roblox.com/games/109378016465807,fisch
fishing_timing,Spear Fishing[UPD],84,53858001,0.9777,296910,2025-09-18,2026-05-25,385,136,Simulation,,Fishgig Game,Group,8741232785,https://www.roblox.com/games/101953168527257,fishing simulator
fishing_timing,Scale Slimy Fish [UPDATE],81,23753706,0.9788,225803,2026-06-10,2026-09-11,120,27,Simulation,Tycoon,Scale the Deeps,Group,10299611114,https://www.roblox.com/games/82208825713916,fisch
fishing_timing,My Fishing Anime,73,12213538,0.986,89675,2026-02-15,2026-10-04,235,4,Simulation,Tycoon,FishGame Studios,Group,9731857286,https://www.roblox.com/games/112244246405144,fisch
fishing_timing,Ryu's Fishing,69,4779764,0.9649,5411,2026-03-20,2026-09-29,202,9,Simulation,Incremental Simulator,ryulovemodded,User,9909155852,https://www.roblox.com/games/137126475912643,fishing simulator
fishing_timing,Find the Fish [327],65,9840835,0.9206,13129,2025-12-13,2026-09-08,299,30,Adventure,Scavenger Hunt,Where is it?!,Group,9351621449,https://www.roblox.com/games/123100559015779,fisch
fishing_timing,Fishing Fish,64,693242,0.7453,158,2026-05-05,2026-10-08,156,0,Simulation,Incremental Simulator,obbybluw,User,10126746354,https://www.roblox.com/games/122580069929923,fisch
fishing_timing,Slap A Fish 🐟 ,62,6791641,0.9667,41797,2026-01-15,2026-10-07,266,1,Simulation,Incremental Simulator,Reef Fishers,Group,9564471172,https://www.roblox.com/games/139165848273738,fisch
fishing_timing,[UPD] Titan Fishing,60,51371192,0.9797,403584,2026-01-25,2026-10-08,256,0,Simulation,Incremental Simulator,Game Noob Studio,Group,9619492068,https://www.roblox.com/games/115893378298440,fishing simulator
fishing_timing,Scary Fishing 🦀 [HORROR],59,4341984,0.5782,832,2026-05-13,2026-07-27,148,73,Survival,,Mousetrap Midnight,Group,10163906565,https://www.roblox.com/games/88227082453480,fishing simulator
fishing_timing,[🎣] Fish For Eggs ,52,181250,0.8305,147,2026-09-07,2026-10-08,31,0,Simulation,,Bad Bait,Group,10765578123,https://www.roblox.com/games/135933018075013,fisch
fishing_timing,A Fishing Trip,49,202298,0.8474,311,2026-08-25,2026-10-05,44,3,Adventure,,Catch Fishies,Group,10761017948,https://www.roblox.com/games/97790253247015,tiny fishing
fishing_timing,[NEW] Fish Training ⭐,48,51058978,0.9631,94006,2024-12-09,2026-10-06,668,2,Simulation,Incremental Simulator,Alan Z Studio,Group,6897035933,https://www.roblox.com/games/116432016116625,fishing simulator
fishing_timing,Harpoon a Fish,45,27868,0.9634,79,2026-08-28,2026-10-08,41,0,Simulation,,FirstTry,Group,10764240948,https://www.roblox.com/games/113384248926706,fisch
fishing_timing,⭐Star Fishing🎣,44,14810145,0.9896,313434,2025-09-07,2026-09-29,396,9,Simulation,,Star Fishing,Group,8662820852,https://www.roblox.com/games/86111605798689,fishing simulator
fishing_timing,Fish On 🎣,36,362701,0.8738,1052,2025-11-15,2026-10-08,327,0,Simulation,Incremental Simulator,Metoo Group,Group,9170059646,https://www.roblox.com/games/111189697641017,tiny fishing
fishing_timing,[⚓] My Fishing Empire!,34,5282446,0.9868,58905,2026-06-15,2026-09-28,115,10,Simulation,Tycoon,Team Crystal!,Group,10333128931,https://www.roblox.com/games/94872498041813,tiny fishing
fishing_timing,[🌙] My Fishing FNAF,34,2977627,0.9839,54448,2026-02-01,2026-10-04,249,4,Simulation,Tycoon,Pollos Productions,Group,9662358743,https://www.roblox.com/games/90667497307141,tiny fishing
fishing_timing,🧲 Magnet Fishing [Alpha],32,33444082,0.8739,25698,2024-12-22,2026-08-21,655,48,Simulation,Incremental Simulator,Magnet Fishing,Group,6959196911,https://www.roblox.com/games/72881059853962,tiny fishing
fishing_timing,How To Fish [💀 NOT JUST A FISHING GAME],31,5965536,0.5466,35694,2026-02-12,2026-08-31,238,38,Simulation,Incremental Simulator,HTML_Studios,Group,9715261018,https://www.roblox.com/games/111496735337859,tiny fishing
fishing_timing,[🎣]Fish For Junk,31,3489983,0.9245,2583,2026-07-21,2026-09-30,79,8,Simulation,Incremental Simulator,Lucky Blockers!,Group,10539208169,https://www.roblox.com/games/132010220154773,tiny fishing
fishing_timing,Own a Fish Pond,31,86847877,0.9731,253857,2025-04-12,2026-09-22,544,16,Simulation,Tycoon,Block Stud Studios,Group,7527828266,https://www.roblox.com/games/130223052405478,fishing simulator
fishing_timing,Escape Tsunami For Fish!,28,20233522,0.8568,11946,2026-01-10,2026-09-29,271,9,Simulation,Tycoon,Run From Water!,Group,9538407588,https://www.roblox.com/games/109126732009786,fisch
launch_distance,+1 Stone Skipping,33590,20004185,0.966,33083,2026-09-05,2026-10-08,33,0,Simulation,Incremental Simulator,Meow Labs,Group,10765298801,https://www.roblox.com/games/111543903102439,stone skipping
launch_distance,[🍂] Kick a Lucky Block,13332,1905933371,0.9502,1300896,2026-04-07,2026-10-06,184,2,Simulation,Tycoon,No More Flops,Group,10004244222,https://www.roblox.com/games/89469502395769,stone skipping
launch_distance,Kick Ball to Space ⚽,1248,32188813,0.9476,31991,2026-06-23,2026-10-07,107,1,Simulation,Incremental Simulator,Free Kick by Mook,Group,10383973024,https://www.roblox.com/games/127634932179327,launch simulator
launch_distance,Glide Tower,1028,370105110,0.9322,992044,2025-05-07,2026-07-03,519,97,Obby & Platformer,Tower Obby,Game Indo,Group,7658676858,https://www.roblox.com/games/71143154217953,learn to fly
launch_distance,Launch a Lucky Block,537,2347259,0.9439,3700,2026-06-30,2026-10-08,100,0,Simulation,Tycoon,Lucky Bear Studio,Group,10422038064,https://www.roblox.com/games/119507125348356,cannon launch
launch_distance,PAPER PLANES!,454,22162004,0.9894,226667,2026-05-02,2026-10-04,159,4,Simulation,Vehicle Sim,PAPER PLANES!!,Group,10113294071,https://www.roblox.com/games/94877808062580,learn to fly
launch_distance,[🍀💰] Goal Kick Simulator⚽,224,401787812,0.9139,267056,2022-04-04,2026-09-28,1648,10,Simulation,Incremental Simulator,Dream Simulators,Group,3475191052,https://www.roblox.com/games/9281034297,launch simulator
launch_distance,Cannon Vs Glass 💥,137,415443,0.8908,530,2026-08-30,2026-10-08,39,0,Simulation,Incremental Simulator,Tycoon Mansion,Group,10764475503,https://www.roblox.com/games/93120736848539,cannon launch
launch_distance,🪂 Fly a Glider,125,1884858,0.9107,1754,2026-06-18,2026-09-07,112,31,Simulation,Incremental Simulator,Dark Lit Games,Group,10352860257,https://www.roblox.com/games/124036223378608,how far can you fly
launch_distance,Egg Skipping,118,12154,0.3929,33,2026-10-01,2026-10-08,7,0,Simulation,Tycoon,xFrozen x Cube,Group,10768907380,https://www.roblox.com/games/105564332066869,stone skipping
launch_distance,Slingshot Yourself!,111,3690208,0.726,893,2026-01-25,2026-09-25,256,13,Simulation,Incremental Simulator,BRICKD,Group,9624622932,https://www.roblox.com/games/124369401510818,slingshot
launch_distance,[🎉] Launch a Wheel! 🛞💥,89,19834724,0.9736,79113,2024-08-12,2026-10-05,787,3,Simulation,Incremental Simulator,Frostyy Studio,Group,6407388008,https://www.roblox.com/games/18916922845,launch yourself
launch_distance,🚀 Launch To Moon!,55,1203343,0.7789,1680,2026-06-17,2026-08-08,113,61,Simulation,Idle,2 da moon!,Group,10345958169,https://www.roblox.com/games/82303453191157,launch simulator
launch_distance,🚀 LEARN TO FLY,52,855483,0.8925,1336,2025-09-24,2026-01-22,379,259,Simulation,Incremental Simulator,Fazliddin Games,Group,8791886593,https://www.roblox.com/games/115697079693024,learn to fly
launch_distance,Launch a Lucky Block,38,3414928,0.9383,6006,2026-04-24,2026-09-05,167,33,Simulation,Tycoon,ILGames x +1 Speed,Group,10076743628,https://www.roblox.com/games/139403706409507,launch yourself
launch_distance,[X20] Paper Plane Training ✈️,37,20986965,0.9293,18307,2026-03-06,2026-10-08,216,0,Simulation,Incremental Simulator,P&P Team,Group,9842340295,https://www.roblox.com/games/100026678532284,how far can you fly
launch_distance,Launch Plane for Brainrots,33,26488436,0.9724,100559,2026-03-16,2026-10-06,206,2,Simulation,Tycoon,ProteinPatapim,Group,9892806727,https://www.roblox.com/games/131791366604550,launch simulator
launch_distance,[UPD] Launch Your Rocket!,32,43164502,0.9717,146179,2025-12-30,2026-10-05,282,3,Simulation,Incremental Simulator,Launch A Rocket,Group,9468928549,https://www.roblox.com/games/73982574886804,cannon launch
launch_distance,Throw A Rock,20,163038,0.9313,393,2026-07-18,2026-08-08,82,61,Simulation,Incremental Simulator,Brick! Studios,Group,10520857652,https://www.roblox.com/games/107036414374925,stone skipping
launch_distance,Launch The Baby [2 Player Obby],20,1057388,0.8315,523,2026-05-09,2026-09-01,152,37,Obby & Platformer,,WZRD Productions,Group,10144547577,https://www.roblox.com/games/131454489926800,launch yourself
launch_distance,[💪] Throw Your Arm!,20,1460423,0.7404,1597,2026-07-21,2026-10-08,79,0,Simulation,Incremental Simulator,We don't give up here,Group,10541826195,https://www.roblox.com/games/96721980291323,launch yourself
launch_distance,Go For Launch!,16,2844349,0.9123,12562,2023-05-16,2026-10-08,1241,0,Simulation,,ODY Studios,Group,4681964589,https://www.roblox.com/games/13457105963,launch simulator
launch_distance,Paper Plane Simulator,15,29199846,0.9708,48729,2025-04-03,2026-08-11,553,58,Simulation,Incremental Simulator,MxD Games,Group,7481368716,https://www.roblox.com/games/101645554076038,launch simulator
launch_distance,Launch Into Space Simulator🚀,12,80870145,0.975,379832,2023-12-03,2026-10-06,1040,2,Simulation,Incremental Simulator,Basket Space,Group,5361859890,https://www.roblox.com/games/15535115259,launch simulator
launch_distance,Launch For Eggs ,10,6647,0.8824,15,2026-09-27,2026-10-08,11,0,Simulation,Tycoon,please retire me,Group,10768342483,https://www.roblox.com/games/82129653887523,launch yourself
launch_distance,Launch Foods to Get Huge 🍔,10,4564463,0.9683,9856,2026-04-15,2026-08-01,176,68,Simulation,Incremental Simulator,Orca Labs,Group,10040142185,https://www.roblox.com/games/92600597330030,launch yourself
launch_distance,🍎 Launch a Fruit!,9,4650571,0.92,19514,2025-12-03,2026-09-15,309,23,Simulation,Incremental Simulator,Oceanic Productionz,Group,9293362703,https://www.roblox.com/games/112582089018099,slingshot
launch_distance,Learn to Fly,8,109925,0.4872,19,2026-09-22,2026-10-04,16,4,Simulation,Incremental Simulator,BRICKD,Group,10767609708,https://www.roblox.com/games/138938230667740,learn to fly
launch_distance,Launch! [🚀],6,2397042,0.9249,11664,2026-03-27,2026-10-03,195,5,Simulation,Incremental Simulator,Cannon Kingdom,Group,9948670918,https://www.roblox.com/games/92546724840766,launch yourself
launch_distance,Indian Tire Launch (1 DAYS⌛),6,2354391,0.7528,871,2026-04-02,2026-09-23,189,15,Simulation,Sandbox,EngineTire GROUP,Group,9978505262,https://www.roblox.com/games/78240821040983,launch yourself
launch_distance,Slingshot a Lucky Block,6,2788657,0.9002,2948,2026-04-24,2026-09-21,167,17,Simulation,Tycoon,Lucky Block For Fun,Group,10077733314,https://www.roblox.com/games/112284669064546,slingshot
launch_distance,[🐉] Launch and steal an egg !,5,6328,0.8182,18,2026-09-11,2026-10-08,27,0,Simulation,Tycoon,MEO Studio,Group,10766053376,https://www.roblox.com/games/101789086023437,launch yourself
launch_distance,[🌮 TACO] 🐧Launch a Penguin!,4,6168730,0.9206,10637,2026-01-30,2026-10-04,251,4,Simulation,Incremental Simulator,Cart Curt Games,Group,9648462372,https://www.roblox.com/games/135973019386884,launch yourself
launch_distance,ICBM Launch Test Site,4,465271,0.8164,1143,2023-08-26,2026-09-14,1139,24,Simulation,,Spiralx86,User,5031192521,https://www.roblox.com/games/14580831817,cannon launch
launch_distance,Launch Yourself For Brainrots! [CHESTS!],4,6976493,0.844,3068,2026-02-24,2026-09-01,226,37,Simulation,Tycoon,Launch Yourself For Brainrots Test1,Group,9791112365,https://www.roblox.com/games/104828207573764,launch yourself
launch_distance,[🎯] Slingshot a Lucky Block,3,432991,0.8791,371,2026-04-25,2026-10-05,166,3,Simulation,Tycoon,One Pirate Crew,Group,10084306275,https://www.roblox.com/games/140699004816540,slingshot
launch_distance,Launch Fireworks 🎇,2,333937,0.6786,152,2026-05-07,2026-08-06,154,63,Simulation,Incremental Simulator,Yamato Studios - Firework Simulator,Group,10135234331,https://www.roblox.com/games/111323021120344,launch yourself
launch_distance,Brainrot Slingshot,2,19953664,0.9844,108149,2025-06-05,2025-12-17,490,295,Simulation,Incremental Simulator,Studio Gorilla,Group,7848609780,https://www.roblox.com/games/137061165621029,slingshot
launch_distance,🧱 popper (throw yourself!),2,12204666,0.871,31841,2022-05-21,2025-05-10,1601,516,Simulation,Physics Sim,D23 Interactive,Group,3594727463,https://www.roblox.com/games/9681195418,launch yourself
launch_distance,Launch Your Plane,1,66971,0.8167,98,2026-08-27,2026-08-27,42,42,Simulation,Incremental Simulator,Skudya Game,Group,10763313185,https://www.roblox.com/games/79255865550625,launch yourself
launch_distance,Space Tycoon 🚀 [LAUNCH] ,1,3729,0.7333,11,2026-09-17,2026-10-04,21,4,Simulation,Tycoon,Alon's Space,Group,10766783554,https://www.roblox.com/games/103253315387223,launch yourself
launch_distance,Learn To Fly 🐧,0,20262,0.5625,9,2026-09-19,2026-10-07,19,1,Simulation,Incremental Simulator,omdanoalf,User,10766995619,https://www.roblox.com/games/113686101672058,learn to fly
launch_distance,[💥]Pet Launch Simulator,0,363814,0.9365,1415,2026-03-07,2026-04-15,215,176,Simulation,Incremental Simulator,BroForge Studios,Group,9846742992,https://www.roblox.com/games/140367770979806,launch simulator
launch_distance,Launch My Rocket Simulator,0,3690790,0.9562,14626,2025-07-18,2026-05-18,447,143,Simulation,Incremental Simulator,Rocket Meow Studio,Group,8189230007,https://www.roblox.com/games/87867462217510,launch simulator
launch_distance,[MOVED GROUP] Space Shuttle Launch Simulator ,0,239697,0.7909,1373,2020-06-19,2026-04-15,2302,176,,,❲NASA❳ National Aeronautics Space Administration,Group,1818838682,https://www.roblox.com/games/5206156112,launch simulator
launch_distance,🐰 Yeet a Plane Simulator! ,0,46458106,0.9712,175578,2023-06-17,2024-08-09,1209,790,Simulation,Incremental Simulator,QG Studios!,Group,4780648437,https://www.roblox.com/games/13780662126,launch simulator
launch_distance,+1 Baseball Launch ⚾,0,14158,0.7,14,2026-09-27,2026-10-07,11,1,Simulation,Incremental Simulator,DFM Legacy,Group,10768362255,https://www.roblox.com/games/110353007193208,cannon launch
launch_distance,Build and Launch TNT,0,39445,0.9091,70,2026-09-12,2026-09-30,26,8,Simulation,Incremental Simulator,Explosions & Stuff,Group,10766217356,https://www.roblox.com/games/86380649920839,cannon launch
launch_distance,[NEW!] 🚀 Rocket Launch Training!,0,76611,0.6585,27,2026-07-30,2026-08-26,70,43,Simulation,Incremental Simulator,Broke Boys Games,Group,10595755897,https://www.roblox.com/games/121780607030981,cannon launch
launch_distance,Trash Slingshot,0,208707,0.533,121,2026-05-10,2026-09-21,151,17,Simulation,,Muci Simulators,Group,10149716242,https://www.roblox.com/games/138283614300571,slingshot
launch_distance,Launch Yourself For Brainrots!,0,24552,0.8519,23,2026-07-14,2026-09-14,86,24,Simulation,Tycoon,''Best Games Ever'',Group,10503259739,https://www.roblox.com/games/111712020977710,launch yourself
launch_distance,[UPD + ADMIN ABUSE!]Launch Rocket for Brainrots 🚀,0,447952,0.9436,1389,2026-04-25,2026-10-08,166,0,Simulation,Incremental Simulator,Brainrotted Gamez!,Group,10081656837,https://www.roblox.com/games/89199115862748,launch yourself
launch_distance,+1 Train to Launch!,0,176314,0.9138,530,2026-05-14,2026-10-03,147,5,Simulation,Incremental Simulator,the big blocks,Group,10167198823,https://www.roblox.com/games/123457670966462,launch yourself
launch_distance,Launch the Brainrots!,0,3956430,0.8681,7690,2025-09-28,2026-09-23,375,15,Simulation,Tycoon,Megacy 2,Group,8826305353,https://www.roblox.com/games/71476063826183,launch yourself
launch_distance,🏎️ Launch Car For Brainrots,0,87374,0.8113,43,2026-08-03,2026-09-27,66,11,Simulation,Incremental Simulator,RegiMadeIt,Group,10626437617,https://www.roblox.com/games/119841957652376,launch yourself
train_and_race,[X20] +1 Speed Keyboard Escape | Candy & Chocolate,101430,6344578369,0.9686,9915955,2026-01-18,2026-10-07,263,1,Simulation,Incremental Simulator,SecretVerse Studio,Group,9584852943,https://www.roblox.com/games/95082159892680,race clicker
train_and_race,+1 Speed Be a Dumpling,13702,6191492,0.9589,9815,2026-08-11,2026-10-06,58,2,Simulation,Tycoon,SOO SATISFYING,Group,10682172994,https://www.roblox.com/games/120050893758951,speed training race
train_and_race,🐒 +1 Speed Monkey Escape,7890,628584312,0.9783,2016131,2026-05-09,2026-09-26,152,12,Simulation,Incremental Simulator,100% ALGO SHOT,Group,10144280947,https://www.roblox.com/games/114697347887839,speed training race
train_and_race,+1 Speed Verity Backroom Escape,3268,15943632,0.9431,14290,2026-07-20,2026-10-08,80,0,Simulation,Incremental Simulator,Yash Studio,Group,10536000210,https://www.roblox.com/games/107866483212163,speed training race
train_and_race,+1 Speed Evolve 🦊,2600,112026698,0.948,217148,2026-04-19,2026-10-02,172,6,Simulation,Incremental Simulator,Mauv +1,Group,10057343903,https://www.roblox.com/games/83569851223739,pet racing
train_and_race,[X10]❄️ +1 Speed Snow Keyboard Escape,1765,27727229,0.9346,27630,2026-08-11,2026-10-08,58,0,Simulation,Incremental Simulator,+1 Speed Snow Keyboard Escape,Group,10682099418,https://www.roblox.com/games/99487541293863,speed training race
train_and_race,(⌛) +1 Speed Slime ASMR Keyboard escape,1429,18677174,0.8845,3914,2026-08-14,2026-10-08,55,0,Simulation,Incremental Simulator,Modded Tsunami Studios,Group,10703111558,https://www.roblox.com/games/97628182951157,speed training race
train_and_race,+1 Speed Squish keyboard Escape!,975,16415288,0.9735,8364,2026-07-22,2026-09-03,78,35,Simulation,Incremental Simulator,SLIMEEES,Group,10545202380,https://www.roblox.com/games/136137127383147,speed training race
train_and_race,+1 Speed Parkour Obby Escape,752,6145962,0.8418,10781,2026-06-11,2026-10-07,119,1,Simulation,Incremental Simulator,Pixel Gold,Group,10307582366,https://www.roblox.com/games/133457381057432,speed training race
train_and_race,[W2] +1 Speed Super Hero Escape,561,39536875,0.9017,21903,2026-05-20,2026-10-07,141,1,Simulation,Incremental Simulator,Locked In +1 Games,Group,10196660716,https://www.roblox.com/games/92937726498067,speed training race
train_and_race,+1 Speed Run for Brainrots!,548,28545016,0.942,16352,2026-02-26,2026-07-10,224,90,Simulation,Incremental Simulator,Sahur Corp.,Group,9800909176,https://www.roblox.com/games/76152990565183,speed training race
train_and_race,⚡Race Clicker,484,978643324,0.961,1570677,2022-04-05,2026-06-06,1647,124,Sports & Racing,Racing,48h Games,Group,3476371299,https://www.roblox.com/games/9285238704,race clicker
train_and_race,+1 Speed Motorcycle Escape 🏍️,462,70807575,0.787,12695,2025-09-28,2026-10-08,375,0,Simulation,Incremental Simulator,donki monki games,Group,8826767123,https://www.roblox.com/games/106382577640892,speed training race
train_and_race,Legends Of Speed ⚡,395,1944294637,0.9169,1139553,2019-04-22,2026-08-26,2726,43,Simulation,Incremental Simulator,Muscle Legends Studio,Group,1119466531,https://www.roblox.com/games/3101667897,speed training race
train_and_race,+1 Speed Dragon Escape [UPDATE],383,42674443,0.8165,12696,2026-02-14,2026-09-05,236,33,Simulation,Incremental Simulator,GameID,Group,9723617424,https://www.roblox.com/games/79790479326946,speed training race
train_and_race,【UPD】+1 Speed Skibidi Escape,293,36090752,0.8999,20418,2026-02-11,2026-09-10,239,28,Simulation,Incremental Simulator,+1 Simulator,Group,9708357981,https://www.roblox.com/games/104500139253018,speed training race
train_and_race,+1 Speed Demon Slayer Escape,213,16676459,0.9537,17253,2026-03-05,2026-08-06,217,63,Simulation,Incremental Simulator,Incremental Simulator Studio,Group,9836786363,https://www.roblox.com/games/72700818595272,speed training race
train_and_race, +1 Speed&Jump Motorcycle ASMR Escape[Keyboard],187,7312088,0.9194,4288,2026-08-12,2026-09-11,57,27,Simulation,Incremental Simulator,Car Evolution Inc,Group,10686995584,https://www.roblox.com/games/137529219031100,speed training race
train_and_race,[🏆] +1 Speed Keyboard Racing,144,1537393,0.9743,6601,2026-06-01,2026-10-02,129,6,Simulation,Incremental Simulator,1ManShow Games,Group,10257641589,https://www.roblox.com/games/91075711947273,race clicker
train_and_race,Monster Train Speed Escape,69,3662551,0.9436,14220,2026-06-10,2026-07-10,120,90,Simulation,Incremental Simulator,Roblabo Train,Group,10298361428,https://www.roblox.com/games/83242740518616,speed training race
train_and_race,+1 Speed School Escape,42,60601164,0.9538,103540,2025-07-06,2026-09-12,459,26,Simulation,Incremental Simulator,Wizard Games Studios,Group,8090378469,https://www.roblox.com/games/75985597910430,speed training race
train_and_race,[🐉] +1 Speed Per Click 🚗,40,7384049,0.9632,16003,2026-07-07,2026-09-12,93,26,Simulation,Incremental Simulator,TPC Games,Group,10461999019,https://www.roblox.com/games/134660056748270,race clicker
train_and_race,[⚡x5] 🐟 Train Your Fish to Race,33,11737707,0.9745,23950,2026-01-28,2026-08-16,253,53,Simulation,Incremental Simulator,Want to sleep,Group,9637959941,https://www.roblox.com/games/119244328726647,train and race
train_and_race, [UPD] +1 Speed Force Escape⚡,15,1948860,0.9653,13029,2026-06-19,2026-08-17,111,52,Simulation,Incremental Simulator,Jiju Corp,Group,10358455873,https://www.roblox.com/games/80838872641346,speed training race
train_and_race,Racing Simulator,14,13537223,0.9811,67890,2024-12-11,2026-09-07,666,31,Simulation,Incremental Simulator,Epic Blocks Games,Group,6904862221,https://www.roblox.com/games/105483453326837,train and race
train_and_race,+1 Speed pets GO GO GO~,11,2820360,0.849,1248,2026-03-04,2026-09-10,218,28,Simulation,Incremental Simulator,+1 Simulator,Group,9831851294,https://www.roblox.com/games/104140792725942,pet racing
train_and_race,+1 Speed Vehicle Evolve 🚗,11,1860020,0.9048,4136,2026-06-12,2026-10-04,118,4,Simulation,Incremental Simulator,Dumbest Creations,Group,10313492194,https://www.roblox.com/games/72971764459344,speed training race
train_and_race,+1 Speed Clicker ⚡,7,1548251,0.8683,488,2026-03-14,2026-04-05,208,186,Simulation,Incremental Simulator,lol games..,Group,9881500116,https://www.roblox.com/games/116551807275588,race clicker
train_and_race,Speed Race,6,154269286,0.6968,342086,2013-10-11,2026-04-11,4745,180,Sports & Racing,Racing,MasterDaniel,User,70103295,https://www.roblox.com/games/132414630,speed training race
train_and_race,[UPD] +1 Speed Duck Escape,5,1950463,0.9837,25041,2026-01-08,2026-09-22,273,16,Simulation,Incremental Simulator,DuckDuck Games,Group,9521849099,https://www.roblox.com/games/76748466817465,duck life
train_and_race,Train Race [new!],4,312572,0.8027,1652,2026-03-07,2026-08-19,215,50,Sports & Racing,Racing,Small Collection,Group,9845978487,https://www.roblox.com/games/116869970590226,train and race
train_and_race,+1 Speed Dog Escape 🐶,2,1209022,0.9415,3286,2026-04-09,2026-06-16,182,114,Simulation,Incremental Simulator,Hideout Lounge,Group,10010775921,https://www.roblox.com/games/114220235174636,pet racing
train_and_race,Duck Life Simulator,0,36942,0.31,62,2026-04-26,2026-07-15,165,85,Simulation,Incremental Simulator,TwoGuysOneDuckStudio,Group,10088530119,https://www.roblox.com/games/111326149930335,duck life
train_and_race,⚡ Easy Race Clicker,0,25944108,0.9456,53052,2022-07-22,2024-10-15,1539,723,Sports & Racing,Racing,Pattes Studios,Group,3772576195,https://www.roblox.com/games/10320240572,race clicker
train_and_race,Animal Speed Racing Simulator,0,107203,0.7581,47,2026-07-20,2026-09-25,80,13,Simulation,Incremental Simulator,Clean Games INC.,Group,10538364552,https://www.roblox.com/games/98617443172679,speed training race
time_mgmt_cooking,2 Player Pizza Tycoon 🍕,9106,2505952,0.9126,1461,2026-09-07,2026-10-05,31,3,Simulation,Tycoon,MSL Games,Group,10765541201,https://www.roblox.com/games/119156763806075,work at a pizza place
time_mgmt_cooking,Restaurant Tycoon 3,8967,376144952,0.953,392557,2025-01-16,2026-10-08,630,0,Simulation,Tycoon,Ultraw,User,7094518649,https://www.roblox.com/games/119048529960596,restaurant tycoon
time_mgmt_cooking,🍕Work at a Pizza Place,8111,5611261268,0.9291,3467458,2008-03-28,2026-10-08,6768,0,Roleplay & Avatar Sim,Life,Dued1,User,47545,https://www.roblox.com/games/192800,work at a pizza place
time_mgmt_cooking,Run a Restaurant!,7564,125868892,0.987,539770,2026-04-01,2026-10-03,190,5,Simulation,Tycoon,Burnt Toast Labs!,Group,9970645639,https://www.roblox.com/games/77843161404023,restaurant tycoon
time_mgmt_cooking,Steal and Cook Food,4670,2683200,0.9391,4546,2026-08-26,2026-10-08,43,0,Simulation,Incremental Simulator,Centimeter Games,Group,10762716119,https://www.roblox.com/games/91653709055687,cooking game
time_mgmt_cooking,Escape Papa Pizza's Pizzeria! (SCARY OBBY),3273,1038213921,0.4572,105243,2021-06-11,2026-08-18,1945,51,Obby & Platformer,,PlatinumFalls,User,2655478023,https://www.roblox.com/games/6939111033,papa's pizzeria
time_mgmt_cooking,[UPD] Anomaly Cafe ,3133,23313054,0.9453,50440,2026-07-03,2026-10-08,97,0,Survival,,Anomaly Cafe,Group,10439568447,https://www.roblox.com/games/121781732399469,cafe
time_mgmt_cooking,RV Cooked? [BUGGY],3032,326004098,0.9323,200241,2024-03-28,2026-10-08,924,0,Adventure,Exploration,Cebrail's Studio,Group,5807622548,https://www.roblox.com/games/16910059756,cooking game
time_mgmt_cooking,CRAZY CHEFS! 👨‍🍳,1989,297901986,0.6606,25554,2024-06-18,2026-09-16,842,22,Simulation,,Suprise Studios!,Group,6136243726,https://www.roblox.com/games/18102078939,cooking game
time_mgmt_cooking, [🧑‍🍳CLASSES] Generic Cooking Game [BETA],1716,192137136,0.9207,198536,2023-04-13,2026-09-29,1274,9,Simulation,,Hexbit Studios,Group,4579085368,https://www.roblox.com/games/13118814103,cooking game
time_mgmt_cooking,Cook An Animal,1706,3161593,0.8796,3047,2026-09-03,2026-10-08,35,0,Simulation,Incremental Simulator,GuildCat Games,Group,10764985343,https://www.roblox.com/games/86435894760071,cooking game
time_mgmt_cooking,[🎈] Own a Restaurant! 🍽️,1539,3034071,0.9741,24554,2026-06-09,2026-10-08,121,0,Simulation,Tycoon,Antipode Creations x GameUp Studio,Group,10296273146,https://www.roblox.com/games/83168851441600,restaurant tycoon
time_mgmt_cooking,🧑‍💼🍣 Conveyor Sushi Restaurant,1484,356424585,0.9608,518294,2022-12-17,2026-10-03,1391,5,Simulation,,DuoTale Studios,Group,4193032947,https://www.roblox.com/games/11848247239,cooking game
time_mgmt_cooking,Restaurant Tycoon 2,1401,1650873135,0.9307,1342413,2019-07-01,2026-10-06,2656,2,Simulation,Tycoon,Ultraw,User,1214576306,https://www.roblox.com/games/3398014311,restaurant tycoon
time_mgmt_cooking,[🎃] Burgerz🍔,1267,79529928,0.9007,63874,2025-04-06,2026-10-03,550,5,Simulation,Tycoon,2 Player Games!,Group,7498898979,https://www.roblox.com/games/99817148924004,cooking game
time_mgmt_cooking,Cook Pizzas,1193,114123849,0.798,30642,2025-03-15,2026-07-23,572,77,Simulation,,Builder Rat Games,Group,7381952833,https://www.roblox.com/games/86017989016432,cooking game
time_mgmt_cooking,[🦍 UPDT] Fishing Chef ,1106,11255059,0.9694,52680,2025-10-16,2026-10-08,357,0,Simulation,Tycoon,Fishing Chef,Group,8955905923,https://www.roblox.com/games/88599461076137,cooking game
time_mgmt_cooking,[🍓] Cook & Sell! [ALPHA],972,50366671,0.9679,116033,2025-11-12,2026-10-08,330,0,Simulation,Tycoon,Alpaca Games!,Group,9156711629,https://www.roblox.com/games/106131416903029,cafe
time_mgmt_cooking,🍔 Burgeria Tycoon,851,120803943,0.9715,189324,2024-09-01,2026-07-19,767,81,Simulation,Tycoon,Improved Tycoons,Group,6497966193,https://www.roblox.com/games/126890764735187,restaurant tycoon
time_mgmt_cooking,MAD CHEFS! 🧑‍🍳,597,1843227,0.6445,814,2026-09-02,2026-10-02,36,6,Simulation,,Sakura Forge,Group,10764796926,https://www.roblox.com/games/118277822205576,cooking game
time_mgmt_cooking,Cooking Chaos,451,23984710,0.9846,84322,2025-07-06,2026-10-08,459,0,Simulation,,Hot Wok Studios,Group,8086280655,https://www.roblox.com/games/115585193927985,cooking game
time_mgmt_cooking,Smarty's Cooking,445,72903779,0.8315,17653,2022-09-30,2026-09-30,1469,8,Roleplay & Avatar Sim,Morph Roleplay,MrSmartyPants,Group,3979285711,https://www.roblox.com/games/11122613490,cooking game
time_mgmt_cooking,Automate a Restaurant 🍲,437,10954897,0.9892,232701,2026-05-25,2026-10-08,136,0,Simulation,Incremental Simulator,m_experiment,Group,10219827882,https://www.roblox.com/games/101670277171204,my restaurant
time_mgmt_cooking,Cook Burgers,410,662805830,0.8211,511889,2019-03-17,2026-05-17,2762,144,Simulation,,Sssqd,User,1073273083,https://www.roblox.com/games/2971329387,work at a pizza place
time_mgmt_cooking,[💻] My Gaming Cafe!,410,27538659,0.9862,259967,2026-05-14,2026-10-05,147,3,Simulation,Tycoon,Public WIFI,Group,10168229420,https://www.roblox.com/games/101736964164901,cafe
time_mgmt_cooking,[🛒 UPDATE 3.0] My Cafe,390,1609691,0.9402,8801,2026-03-23,2026-10-03,199,5,Simulation,Tycoon,Iris' Secret,Group,9929870476,https://www.roblox.com/games/133345376331809,cafe
time_mgmt_cooking,Burger Shack 🍔 [HORROR],368,35252571,0.8951,26617,2025-06-18,2026-05-28,477,133,Adventure,Story,Cryptid Horror,Group,7944500259,https://www.roblox.com/games/93635039874468,papa's pizzeria
time_mgmt_cooking,My Restaurant! 👨‍🍳,365,888802181,0.9164,1087568,2019-12-06,2026-05-12,2498,149,Simulation,Tycoon,BIG Games™,Group,1434220026,https://www.roblox.com/games/4490140733,my restaurant
time_mgmt_cooking,[Event] My Hello Kitty Cafe(Build),354,521602341,0.9644,882179,2022-04-12,2026-10-08,1640,0,Simulation,Tycoon,Rock Panda Games,Group,3494556606,https://www.roblox.com/games/9346039031,cafe
time_mgmt_cooking,[☕] Own a Cafe,345,14250237,0.9645,104169,2025-10-13,2026-10-07,360,1,Simulation,Tycoon,Espresso Espresso,Group,8935993972,https://www.roblox.com/games/131906518201863,cafe
time_mgmt_cooking,Cozy study cafe,280,70460,0.9648,356,2026-09-12,2026-10-08,26,0,Roleplay & Avatar Sim,Life,0ilO_Oil0,User,10766153255,https://www.roblox.com/games/96438513269603,cafe
time_mgmt_cooking,[☕] Dan's Diner 🍂 FALL UPDATE [VR],247,20356714,0.9309,55396,2019-01-25,2026-10-08,2813,0,Roleplay & Avatar Sim,Life,DanStickman,User,1005391673,https://www.roblox.com/games/2781899968,cafe
time_mgmt_cooking,Restaurant Together,245,4658346,0.8485,7045,2026-06-08,2026-10-08,122,0,Simulation,,GoodLuckStudio,Group,10290529159,https://www.roblox.com/games/128007320294623,cooking game
time_mgmt_cooking,[UPD] Kohaú Hibachi Restaurant 🍣,217,75400440,0.8391,116984,2019-11-13,2026-10-07,2521,1,Roleplay & Avatar Sim,Life,Kohaú,Group,1404342734,https://www.roblox.com/games/4375619868,cafe
time_mgmt_cooking,[📷] My Chiikawa Restaurant!,202,119621,0.8923,439,2026-09-25,2026-10-08,13,0,Simulation,Tycoon,W Pablo Games,Group,10768046082,https://www.roblox.com/games/91413789989696,my restaurant
time_mgmt_cooking,Hell's Kitchen 2,194,107227648,0.8118,82741,2024-06-20,2026-09-27,840,11,Simulation,,ITV,Group,6146194050,https://www.roblox.com/games/18130218021,cooking game
time_mgmt_cooking,Idle Cafe ☕,140,75446,0.9195,822,2026-09-07,2026-10-06,31,2,Simulation,Incremental Simulator,MoonBug Games,Group,10765601024,https://www.roblox.com/games/110200333174112,cafe
time_mgmt_cooking,Hot Pot Restaurant,136,52044875,0.8803,39366,2023-05-22,2026-07-13,1235,87,Roleplay & Avatar Sim,,johnpcps,User,4701326804,https://www.roblox.com/games/13521186297,cooking game
time_mgmt_cooking,Eat Pizza to Grow GIGACHAD,118,121704231,0.8473,27652,2024-10-15,2026-07-06,723,94,Simulation,Incremental Simulator,Gym io studio,Group,6678539460,https://www.roblox.com/games/86688009497733,work at a pizza place
time_mgmt_cooking,Sell All the Pizza,116,62064,0.8169,58,2026-08-02,2026-10-08,67,0,Simulation,Tycoon,My Pizza Store,Group,10619091486,https://www.roblox.com/games/76567131160285,work at a pizza place
time_mgmt_cooking,🍔 Work at Ronald's Restaurant,105,17179268,0.8518,23188,2024-05-09,2026-09-29,882,9,Roleplay & Avatar Sim,Life,Ronalds,Group,5966905324,https://www.roblox.com/games/17435742225,my restaurant
time_mgmt_cooking,Burger Game 🍔,102,106514149,0.9224,172562,2022-05-18,2026-07-13,1604,87,Simulation,,Method Men Studios,Group,3589987987,https://www.roblox.com/games/9664474819,cooking game
time_mgmt_cooking,Cook a Recipe 🌱🐣,99,12554997,0.9052,25680,2026-02-27,2026-09-18,223,20,Simulation,Tycoon,[NEW GAME] Banana Games PLUS,Group,9806371607,https://www.roblox.com/games/89405258333641,cooking game
time_mgmt_cooking,Pizza Game Beta,95,21219446,0.9132,185088,2024-02-08,2026-10-06,973,2,Shooter,PvE Shooter,[MAN_GAMES],Group,5617640646,https://www.roblox.com/games/16281075967,papa's pizzeria
time_mgmt_cooking,🥪 Sandwich Restaurant Tycoon,92,44648806,0.9621,156845,2024-08-09,2026-08-07,790,62,Simulation,Tycoon,Improved Tycoons,Group,6391787437,https://www.roblox.com/games/18871541907,restaurant tycoon
time_mgmt_cooking,👨‍🍳 My Brainrot Restaurant,91,12801489,0.982,48516,2025-09-16,2025-11-25,387,317,Simulation,Tycoon,Budget Brainrot,Group,8731479192,https://www.roblox.com/games/96780658634427,my restaurant
time_mgmt_cooking,🍔 SELL BURGERS TO PROVE MOM WRONG,79,67890645,0.9102,54077,2023-12-26,2026-10-04,1017,4,Simulation,Tycoon,best games LLC,Group,5447254496,https://www.roblox.com/games/15757980570,work at a pizza place
time_mgmt_cooking,🍣 2 Player Japanese Restaurant Tycoon,78,365772,0.9326,900,2026-03-29,2026-10-07,193,1,Simulation,Tycoon,Chunc Studios,Group,9960952281,https://www.roblox.com/games/98429767972135,my restaurant
time_mgmt_cooking,🍣 Mega Sushi Tycoon,73,9779824,0.9474,26782,2025-10-23,2026-06-21,350,109,Simulation,Tycoon,PENG TYCOONS,Group,9011750676,https://www.roblox.com/games/116141644305082,restaurant tycoon
time_mgmt_cooking,[UPD] Cook Noobs 👨‍🍳,69,610529,0.5915,168,2026-09-05,2026-10-03,33,5,Party & Casual,,T³ Studio,Group,10765321342,https://www.roblox.com/games/99308984951216,cooking game
time_mgmt_cooking,Pizza Factory Tycoon,64,624722851,0.885,307175,2016-08-02,2026-02-10,3719,240,Simulation,Tycoon,Ultraw,User,180358774,https://www.roblox.com/games/470702250,restaurant tycoon
time_mgmt_cooking,🕹️Chester's Pizza & Arcade🍕,62,11257600,0.7794,7749,2019-04-07,2026-10-02,2741,6,Roleplay & Avatar Sim,,Starlight_Ruxpin,User,1100027381,https://www.roblox.com/games/3049188214,work at a pizza place
time_mgmt_cooking,The Hybrid Cafe ☕,60,26933663,0.9183,78894,2024-08-29,2026-10-05,770,3,Adventure,Story,ArenaDev,Group,6483209208,https://www.roblox.com/games/132813250731469,cafe
time_mgmt_cooking,Own a Pizza Tycoon 🍕,57,20898242,0.971,129871,2025-02-04,2026-10-05,611,3,Simulation,Tycoon,Monkey Red Studio,Group,7196736932,https://www.roblox.com/games/123318668892923,my restaurant
time_mgmt_cooking,🍕 Pizza Delivery [2 Player Obby],53,30960749,0.9158,27409,2025-01-19,2026-05-15,627,146,Obby & Platformer,,DuoPlay Studios!,Group,7110746311,https://www.roblox.com/games/70657911612614,papa's pizzeria
time_mgmt_cooking,Pablo's Italiano Restaurant,43,22172934,0.8204,47514,2023-05-20,2026-10-03,1237,5,Roleplay & Avatar Sim,Life,Pablo's,Group,4695553503,https://www.roblox.com/games/13501653252,cafe
time_mgmt_cooking,Korean Bakery Cafe 🌸 Mukbang ASMR Photo Dress Up,40,70926,0.6727,74,2026-09-19,2026-10-07,19,1,Simulation,Incremental Simulator,Tinbell Studio,Group,10767032045,https://www.roblox.com/games/76669336145760,cafe
time_mgmt_cooking,Cook Friends! 🍔,39,17610387,0.8497,22699,2025-10-21,2026-09-18,352,20,Simulation,Tycoon,SimplePlay Co.,Group,8998514734,https://www.roblox.com/games/125189534243024,cooking game
time_mgmt_cooking,My Pizza Factory 🍕,38,2272071,0.9277,5783,2025-11-25,2026-08-01,317,68,Simulation,Tycoon,Trigamma Games,Group,9243632965,https://www.roblox.com/games/98434776926955,papa's pizzeria
time_mgmt_cooking,My Dream Pizza Store,38,445509,0.9259,4376,2026-07-17,2026-10-08,83,0,Simulation,Tycoon,Big Buffalo,Group,10515927004,https://www.roblox.com/games/119778485328549,work at a pizza place
idle_clicker,[X20] +1 Speed Keyboard Escape | Candy & Chocolate,100754,6344578369,0.9686,9915955,2026-01-18,2026-10-07,263,1,Simulation,Incremental Simulator,SecretVerse Studio,Group,9584852943,https://www.roblox.com/games/95082159892680,clicker simulator
idle_clicker,🎃 [HATCH WARS] Pet Simulator 99! 🍀,50265,2661572450,0.9474,3069416,2022-02-05,2026-10-08,1706,0,Simulation,Incremental Simulator,BIG Games Pets,Group,3317771874,https://www.roblox.com/games/8737899170,clicker simulator
idle_clicker,Jump Clicker 🚀,32632,123423011,0.9504,94351,2025-02-19,2026-09-21,596,17,Simulation,Incremental Simulator,lol games..,Group,7265977477,https://www.roblox.com/games/140317247681516,clicker simulator
idle_clicker,Speed Clicker ⚡,12225,288188013,0.929,139065,2024-12-30,2026-09-21,647,17,Simulation,Incremental Simulator,lol games..,Group,7005891584,https://www.roblox.com/games/140374914197602,clicker simulator
idle_clicker,[OVERCLOCK] Anime Astral Simulator,11580,105674479,0.9658,37850,2026-07-14,2026-10-06,86,2,Simulation,Incremental Simulator,StarX Inc,Group,10502841145,https://www.roblox.com/games/102072869879193,incremental
idle_clicker,Lolcat Clicker 😸 [BETA],9267,170677,0.7368,14,2026-09-26,2026-10-04,12,4,Simulation,Idle,marhaba.,Group,10768214226,https://www.roblox.com/games/100078337850149,clicker simulator
idle_clicker,🐒 +1 Speed Monkey Escape,7890,628584312,0.9783,2016118,2026-05-09,2026-09-26,152,12,Simulation,Incremental Simulator,100% ALGO SHOT,Group,10144280947,https://www.roblox.com/games/114697347887839,incremental
idle_clicker,[🍁UPD] Bubble Gum Simulator INFINITY,7080,609842134,0.9679,494744,2024-09-02,2026-10-07,766,1,Simulation,Incremental Simulator,Rumble Studios,Group,6504986360,https://www.roblox.com/games/85896571713843,clicker simulator
idle_clicker,[UPD6] Tower Incremental,6486,2241672,0.899,5216,2026-09-04,2026-10-08,34,0,Simulation,Incremental Simulator,Lucky CStudios,Group,10765067592,https://www.roblox.com/games/75766778174856,incremental
idle_clicker,Gym Star Simulator 🏋️,6129,716997134,0.925,255046,2024-08-20,2026-10-08,779,0,Simulation,Incremental Simulator,Gym Simulator Club,Group,6443367640,https://www.roblox.com/games/70906625936847,incremental
idle_clicker,🕹️[Arcade] Youtuber Tycoon!,5286,815952359,0.8802,305358,2021-11-12,2026-10-08,1791,0,Simulation,Tycoon,Shiny Pixels,Group,3079618996,https://www.roblox.com/games/7971857341,idle game
idle_clicker,Idle Mafia Game,4406,12374387,0.8832,26777,2026-08-06,2026-10-08,63,0,Simulation,Incremental Simulator,Stacks of Cash,Group,10643795368,https://www.roblox.com/games/73897506680154,idle game
idle_clicker,[UPD 4🌊] Noob Incremental,3905,48445818,0.962,73991,2026-03-30,2026-10-03,192,5,Simulation,Incremental Simulator,Ghoulax Games,Group,9965411707,https://www.roblox.com/games/76911729991355,idle game
idle_clicker,💪 +1 Muscle to Break Walls,3884,87784077,0.9719,68481,2026-05-11,2026-10-05,150,3,Simulation,Incremental Simulator,Man Face Muscles,Group,10152905521,https://www.roblox.com/games/93829858358973,incremental
idle_clicker,[🌐 WORLD 9 EXPANSION] Immortality Incremental,3412,39109831,0.9814,125924,2026-01-18,2026-10-07,263,1,Simulation,Incremental Simulator,Immortality Incremental,Group,9584946743,https://www.roblox.com/games/75317862071711,incremental
idle_clicker,Sonic Speed Simulator,2809,1535644098,0.9204,1593407,2022-03-09,2026-10-03,1674,5,Simulation,Incremental Simulator,Gamefam x Sonic,Group,3405618667,https://www.roblox.com/games/9049840490,incremental
idle_clicker,[⚡NEW] Clicker Simulator! 🖱️,2755,11593676,0.9803,69394,2026-06-29,2026-10-08,101,0,Simulation,Incremental Simulator,Cooked Click,Group,10415845204,https://www.roblox.com/games/134719268825886,clicker simulator
idle_clicker,+1 Aura Per Click,2287,108686665,0.9887,400185,2026-04-22,2026-10-08,169,0,Simulation,Incremental Simulator,Aura Software,Group,10067258922,https://www.roblox.com/games/109509029034984,clicker simulator
idle_clicker,[AURAS!] Muscle Transform Simulator 💪,2144,111565577,0.9536,76638,2025-09-08,2026-06-16,395,114,Simulation,Incremental Simulator,Castaway Studios RBLX,Group,8669550197,https://www.roblox.com/games/98679602313466,clicker simulator
idle_clicker,[EVENTS] Case Simulator RNG,1783,9249288,0.9784,125335,2025-09-29,2026-10-08,374,0,Simulation,Incremental Simulator,games by cool people,Group,8829204428,https://www.roblox.com/games/125906853713277,idle game
idle_clicker,[X2] +1 Power Per Click ,1769,18551017,0.953,20034,2026-07-11,2026-10-08,89,0,Simulation,Incremental Simulator,67 POWER,Group,10485201326,https://www.roblox.com/games/74889851913797,clicker simulator
idle_clicker,Arm Wrestle Simulator,1712,1321821358,0.9487,1243579,2023-04-14,2026-10-03,1273,5,Simulation,Incremental Simulator,Kubo Games,Group,4582358979,https://www.roblox.com/games/13127800756,clicker simulator
idle_clicker,Merge & Dig Simulator!,1597,11354662,0.9591,26456,2026-08-04,2026-10-03,65,5,Simulation,Incremental Simulator,xFrozen x Dudes,Group,10632524471,https://www.roblox.com/games/74569490529875,clicker simulator
idle_clicker,🍂 Saber Simulator,1577,644774610,0.8627,570498,2019-09-07,2026-10-02,2588,6,Simulation,Incremental Simulator,HD Games.,Group,1312971993,https://www.roblox.com/games/3823781113,clicker simulator
idle_clicker,Eat Blobs Simulator,1396,245687253,0.7722,184955,2021-12-08,2025-11-08,1765,334,Simulation,Incremental Simulator,Strategic Studio,Group,3149100453,https://www.roblox.com/games/8200787440,clicker simulator
idle_clicker,+1 Mine Per Click ⛏️,1386,90562861,0.9355,51070,2026-05-17,2026-10-08,144,0,Simulation,Incremental Simulator,VERY LUCKY,Group,10178802449,https://www.roblox.com/games/74193805629461,clicker simulator
idle_clicker,[Upd12.3] +1 DMG Per Revive[💀],1372,22960855,0.9571,64883,2026-05-15,2026-10-08,146,0,Simulation,Incremental Simulator,Big Lemon Game Studio,Group,10171934713,https://www.roblox.com/games/110806816173057,incremental
idle_clicker,[UPD] +1 Drain Water Per Click,1303,45313843,0.9894,443716,2026-07-25,2026-10-04,75,4,Simulation,Incremental Simulator,Wrestling Elephant Studio,Group,10561352230,https://www.roblox.com/games/103883942725157,incremental
idle_clicker,[💪] +1 Strength Per Click,1273,31090445,0.9872,177465,2026-04-29,2026-10-08,162,0,Simulation,Incremental Simulator,Incrementally Games,Group,10098095975,https://www.roblox.com/games/120766736586332,clicker simulator
idle_clicker,[🍃Upd 9] 🔩 Resource Incremental,1195,5480443,0.9587,20728,2026-07-08,2026-10-03,92,5,Simulation,Incremental Simulator,PGS Squad,Group,10469426282,https://www.roblox.com/games/84156601481934,incremental
idle_clicker,Pet Simulator X! 🐾,786,8992520282,0.9144,4219994,2021-01-22,2026-09-09,2085,29,Simulation,Incremental Simulator,BIG Games Pets,Group,2316994223,https://www.roblox.com/games/6284583030,clicker simulator
idle_clicker,Perlerbeads Simulator,774,2853826,0.9072,7783,2026-09-04,2026-09-30,34,8,Simulation,Incremental Simulator,Pixel Beads,Group,10765042580,https://www.roblox.com/games/105050916713182,clicker simulator
idle_clicker,[W7 + PETS]+1 Shrink per Step,738,111533448,0.9568,218207,2026-04-09,2026-10-05,182,3,Simulation,Incremental Simulator,Seastar Studioss,Group,10011808151,https://www.roblox.com/games/91695551099066,incremental
idle_clicker,Clone Incremental,645,1025706,0.7257,2085,2026-03-28,2026-10-08,194,0,Simulation,Incremental Simulator,Hazel Studios.,Group,9952820791,https://www.roblox.com/games/93696617476691,incremental
idle_clicker,[UPD 2.8] Regrowth Incremental | ALPHA,574,119743,0.9625,3157,2026-07-01,2026-10-07,99,1,Simulation,Incremental Simulator,Grind To Ascend,Group,10425789398,https://www.roblox.com/games/89087404341836,incremental
idle_clicker,+1 Fat Per Click,550,31584167,0.9446,38220,2026-06-14,2026-09-24,116,14,Simulation,Incremental Simulator,+1 Weight,Group,10329213173,https://www.roblox.com/games/128329680321338,clicker simulator
idle_clicker,+1 Money Roll To Get Rich,537,17517204,0.9729,86091,2026-07-30,2026-09-26,70,12,Simulation,Incremental Simulator,Laser Miners Inc.,Group,10599366536,https://www.roblox.com/games/109453001468682,idle game
idle_clicker,Strongman Simulator,497,1656150070,0.9277,778553,2021-05-04,2026-10-07,1983,1,Simulation,Incremental Simulator,The Gang Stockholm,Group,2564505263,https://www.roblox.com/games/6766156863,clicker simulator
idle_clicker,⚡Race Clicker,484,978643324,0.961,1570677,2022-04-05,2026-06-06,1647,124,Sports & Racing,Racing,48h Games,Group,3476371299,https://www.roblox.com/games/9285238704,clicker simulator
idle_clicker,[UPD 3] SCP Incremental,453,377191,0.8547,1741,2026-09-01,2026-10-08,37,0,Simulation,Incremental Simulator,incremental guys,Group,10764779252,https://www.roblox.com/games/91791215114962,incremental
idle_clicker,[⛩️] +1 Katana Evolution,451,19704426,0.8479,8303,2026-06-11,2026-09-26,119,12,Simulation,Incremental Simulator,Gatto vs Denis,Group,10307710949,https://www.roblox.com/games/84757653274750,clicker simulator
idle_clicker,[CHERRY] Plant Incremental,398,394037,0.8639,1136,2026-08-01,2026-10-05,68,3,Simulation,Incremental Simulator,Shedwaa's Incrementals,Group,10608827122,https://www.roblox.com/games/78440417139286,incremental
idle_clicker,[UPDATE6] Light Incremental,388,487676,0.7902,1002,2026-08-05,2026-10-03,64,5,Simulation,Incremental Simulator,martineetje,User,10638229453,https://www.roblox.com/games/125918020848095,incremental
idle_clicker,[🛡️] Clickers Ultimate,359,353689,0.896,853,2026-08-21,2026-10-08,48,0,Simulation,Incremental Simulator,ABC Big Studio,Group,10750406988,https://www.roblox.com/games/97395358873146,clicker simulator
idle_clicker,Italian Brainrot Speed Clicker 🧠⚡,358,139816237,0.9295,55446,2025-05-05,2026-08-13,521,56,Simulation,Incremental Simulator,lol games..,Group,7651243549,https://www.roblox.com/games/117327625970270,clicker simulator
idle_clicker,[🤖WORLD 3] Crop Incremental Reborn,355,1859838,0.9029,5076,2026-07-26,2026-10-06,74,2,Simulation,Incremental Simulator,Smoked Chicken Studio,Group,10574518789,https://www.roblox.com/games/97109871947415,incremental
idle_clicker,+1 Muscle Evolution,265,60664251,0.9877,242986,2026-05-30,2026-10-05,131,3,Simulation,Incremental Simulator,Need More Cement,Group,10246386961,https://www.roblox.com/games/133007106457547,incremental
idle_clicker,[W5] +1 Followers Per Click,263,16699893,0.9621,72594,2026-06-10,2026-09-26,120,12,Simulation,Incremental Simulator,Famous Influencer,Group,10299695016,https://www.roblox.com/games/98695134949589,clicker simulator
idle_clicker,Idle Money Clicker,245,45679844,0.8843,29406,2024-07-09,2026-09-20,821,18,Simulation,Incremental Simulator,Money World Inc,Group,6239989165,https://www.roblox.com/games/18408132742,clicker simulator
idle_clicker,Circle Grinding Incremental,243,25520474,0.9366,116752,2024-03-31,2026-10-04,921,4,Simulation,Incremental Simulator,Jeremy Studio's,Group,5819738730,https://www.roblox.com/games/16953406781,incremental
idle_clicker,+1 Age Every Click 👶,237,41733573,0.9592,88982,2025-06-12,2026-06-13,483,117,Simulation,Incremental Simulator,Honk Honk Studios,Group,7896346755,https://www.roblox.com/games/130526979296684,idle game
idle_clicker,[🙏] Faith Incremental,236,11353357,0.9758,194614,2025-11-30,2026-09-29,312,9,Simulation,Incremental Simulator,Blinky Studios Official,Group,9271890694,https://www.roblox.com/games/94264573845314,incremental
idle_clicker,[REVAMP] Anime Racing Clicker,227,117689129,0.9112,88070,2022-08-25,2026-10-07,1505,1,Simulation,Incremental Simulator,Clicker House,Group,3878727131,https://www.roblox.com/games/10714365287,clicker simulator
idle_clicker,[REVAMP] Dropper Incremental,221,11143908,0.9216,29909,2026-01-14,2026-10-04,267,4,Simulation,Incremental Simulator,Shedwaa's Incrementals,Group,9561352550,https://www.roblox.com/games/70960300100792,incremental
idle_clicker,Squid Game Speed Clicker 🦑⚡,200,59489627,0.8687,6895,2025-07-06,2026-08-13,459,56,Simulation,Incremental Simulator,lol games..,Group,8087030587,https://www.roblox.com/games/137179943195277,idle game
idle_clicker,Infinite Fart Clicker,191,7648409,0.5549,1809,2026-02-17,2026-05-15,233,146,Simulation,Incremental Simulator,Humorous Games,Group,9744437231,https://www.roblox.com/games/140427742089430,clicker simulator
idle_clicker,[👑 ROYAL SELECTION] Re:Zero Incremental,186,338346,0.774,1274,2026-08-03,2026-10-08,66,0,Simulation,Incremental Simulator,Leviath,Group,10625729731,https://www.roblox.com/games/127685019935711,incremental
idle_clicker,Ascension Incremental 2,177,2598376,0.9139,5739,2026-07-22,2026-10-05,78,3,Simulation,Incremental Simulator,SoranCodes,Group,10548618687,https://www.roblox.com/games/88887739603194,incremental
idle_clicker,[📗INDEX] Dice Rolling Incremental 2!,177,244743,0.8619,899,2026-08-11,2026-10-06,58,2,Simulation,Incremental Simulator,Logical StudiosTM,Group,10677805895,https://www.roblox.com/games/71650397935872,incremental
idle_clicker,[UPD3 🐸] Sticks Incremental 2,176,996144,0.9524,5978,2026-08-19,2026-10-06,50,2,Simulation,Incremental Simulator,Core Loop,Group,10742439589,https://www.roblox.com/games/106474014920113,incremental
merge_drop,🍉 Watermelon GO! [2.0] [Fruit Game],185,75306513,0.9148,112439,2023-10-05,2026-10-07,1099,1,Puzzle,Match & Merge,Akio-gg,Group,5156590883,https://www.roblox.com/games/14970015233,suika
merge_drop,Fruit Game 🍉,33,20340342,0.8457,17706,2023-10-27,2026-06-09,1077,121,Puzzle,Match & Merge,logitech101,User,5232746563,https://www.roblox.com/games/15180042075,suika
merge_drop,🍉 Watermelon Obby,24,19087566,0.7271,650,2024-09-04,2026-08-30,764,39,Obby & Platformer,Classic Obby,Fruit Obbies,Group,6509792215,https://www.roblox.com/games/98362491231999,watermelon game
merge_drop,🍉 Watermelon Tower,23,3127788,0.9225,3097,2025-09-29,2025-10-22,374,351,Obby & Platformer,Tower Obby,Fruit Obbies,Group,8835013157,https://www.roblox.com/games/88056151379608,watermelon game
merge_drop,Rubber Band Watermelon 🍈,18,21516090,0.8817,24216,2026-01-01,2026-08-24,280,45,Party & Casual,,Party & Casual D2D,Group,9484616640,https://www.roblox.com/games/117451078516626,watermelon game
merge_drop,Smash Watermelons,10,11056091,0.7353,2417,2025-11-14,2026-05-08,328,153,Party & Casual,,Gubware Studios,Group,9162997365,https://www.roblox.com/games/105806924672529,watermelon game
merge_drop,Worm 2048,10,162714752,0.5362,54846,2023-02-06,2026-07-16,1340,84,Simulation,Incremental Simulator,MetaMake,Group,4363131662,https://www.roblox.com/games/12399018110,2048
merge_drop,[AURAS💥] Merge Yourself Into 2048,10,2413597,0.7269,8109,2026-01-11,2026-10-07,270,1,Simulation,Incremental Simulator,Merge Yourself Into 2048,Group,9544405369,https://www.roblox.com/games/85415446690090,2048
merge_drop,Watermelon Merge Simulator!  [Suika],9,29694782,0.6681,4576,2024-09-27,2026-07-27,741,73,Puzzle,Match & Merge,Sleepy Turtle Productions,Group,6607056670,https://www.roblox.com/games/139599445793213,suika
merge_drop,watermelon!,5,730080,0.4386,1272,2025-11-18,2026-10-03,324,5,Obby & Platformer,Classic Obby,Evil Interactives,Group,9197259237,https://www.roblox.com/games/89521560954361,watermelon game
merge_drop,[UPD 🌪️] 2048 : Merge Blocks,5,1863481,0.6327,2107,2022-06-27,2026-04-04,1564,187,Puzzle,Match & Merge,2048 problems in my head,Group,3695532015,https://www.roblox.com/games/10041444532,2048
merge_drop,Merge Fruits,1,7261,0.72,18,2026-06-20,2026-07-21,110,79,,,Mainstream Fruits,Group,10364074795,https://www.roblox.com/games/133889835044304,merge fruit
merge_drop,Snake 2048 - BETA,1,409541,0.4724,77,2026-05-11,2026-06-29,150,101,,,tallroblox1,User,10153779787,https://www.roblox.com/games/78927460546961,2048
merge_drop,Watermelon Tower Obby,0,6480908,0.7218,1012,2025-04-23,2025-11-22,533,320,Obby & Platformer,Tower Obby,Fruit Tower,Group,7587823060,https://www.roblox.com/games/125863915169509,watermelon game
merge_drop,🍉 Watermelon Incremental,0,375634,0.9517,7804,2025-11-22,2026-07-16,320,84,Simulation,Incremental Simulator,Lua Lua Incrementals,Group,9220636622,https://www.roblox.com/games/138039151610567,watermelon game
merge_drop,Merge Fruits 🍓,0,32149,0.8837,76,2026-07-24,2026-10-04,76,4,Simulation,Tycoon,Softlare Trends,Group,10556239405,https://www.roblox.com/games/133734375613793,merge fruit
merge_drop,Block Blast 3D [NEW : COOP !] ,0,23035,0.8837,76,2026-08-31,2026-09-17,38,21,Puzzle,Match & Merge,Rapid mini Games,Group,10764618653,https://www.roblox.com/games/113311937783713,block blast
classic_board_card,[🍁UPD] Bubble Gum Simulator INFINITY,7125,609842134,0.9679,494744,2024-09-02,2026-10-07,766,1,Simulation,Incremental Simulator,Rumble Studios,Group,6504986360,https://www.roblox.com/games/85896571713843,bubble shooter
classic_board_card,Finish The Word! [ SUMMER ],4907,88834138,0.9139,88941,2026-05-19,2026-10-07,142,1,Puzzle,Word,Table Game X,Group,10189903609,https://www.roblox.com/games/91704854174760,word game
classic_board_card,[🍁] 50 Player BINGO!,4122,57028430,0.8127,68073,2026-07-18,2026-09-28,82,10,Party & Casual,Minigame,Turret Sims,Group,10521797740,https://www.roblox.com/games/131479356121251,mahjong
classic_board_card,STOP! Word Duel,2936,5018125,0.7838,859,2026-08-23,2026-10-07,46,1,Puzzle,Word,Guri Games,Group,10756780270,https://www.roblox.com/games/126325864277234,word game
classic_board_card,Word Hunt🔍 ,2561,3206444,0.8277,1254,2026-03-11,2026-10-08,211,0,Puzzle,Word,Puzzle Empire.,Group,9865931248,https://www.roblox.com/games/124369430681784,word game
classic_board_card,Monopoly,2437,29224787,0.8028,18991,2026-01-01,2026-10-07,280,1,Strategy,Board & Card Games,GroovyII,User,9480281767,https://www.roblox.com/games/133585162751824,chess
classic_board_card,[🍀UPD] Bubble Gum Simulator,2261,1252103032,0.8853,1055519,2018-10-23,2026-10-05,2907,3,Simulation,Incremental Simulator,Rumble Studios,Group,892043755,https://www.roblox.com/games/2512643572,bubble shooter
classic_board_card,HALLOWEEN 🎃 BINGO TROLL,2182,8967936,0.899,7075,2026-06-15,2026-10-04,115,4,Party & Casual,Minigame,Brand's Studios,Group,10334356308,https://www.roblox.com/games/103529173989890,mahjong
classic_board_card,🔑Project: Escape Room [MULTIPLAYER],1698,90530510,0.9275,137333,2024-06-13,2026-09-24,847,14,Puzzle,Escape Room,seriif,User,6113928308,https://www.roblox.com/games/17844293708,escape room
classic_board_card,Bloxy Bingo,1469,506138554,0.8409,348690,2020-06-27,2026-10-03,2294,5,Party & Casual,,Bloxy Bingo,Group,1836146838,https://www.roblox.com/games/5244411056,mahjong
classic_board_card,Terminal [Escape Room],1112,68848279,0.8839,105882,2023-07-11,2026-10-07,1185,1,Puzzle,Escape Room,CCF Studios,Group,4858558391,https://www.roblox.com/games/14026026722,escape room
classic_board_card,Korean Word Game💬,1035,54773185,0.8449,49585,2026-05-21,2026-10-01,140,7,Puzzle,Word,Korea Gamez,Group,10196985448,https://www.roblox.com/games/95099570361956,word game
classic_board_card,CHESS!,770,110653363,0.726,78708,2021-01-10,2026-09-22,2097,16,Strategy,Board & Card Games,Cookie development,Group,2283649692,https://www.roblox.com/games/6222531507,chess
classic_board_card,Escape Room: The Sealed Castle,617,2290805,0.8975,5829,2026-03-09,2026-09-20,213,18,Puzzle,Escape Room,EscapeRoomLabs,User,9857799026,https://www.roblox.com/games/75277100547871,escape room
classic_board_card,Animals VS Bubblegum,544,1045269,0.9742,4567,2026-08-22,2026-10-03,47,5,Simulation,Incremental Simulator,Favorite Games Ever,Group,10754137201,https://www.roblox.com/games/80196196832218,bubble shooter
classic_board_card,Scary Escape Rooms 🔑,497,38165420,0.8717,50372,2025-10-26,2026-09-02,347,36,Puzzle,Escape Room,Waterdog Games,Group,9039895448,https://www.roblox.com/games/108682529022009,escape room
classic_board_card,♟️Chess Club♟️,440,23940517,0.7402,13489,2025-02-19,2026-10-04,596,4,Strategy,Board & Card Games,Aureus Chess Club,Group,7266261686,https://www.roblox.com/games/139394516128799,chess
classic_board_card,🧩 Word Connect,326,6189972,0.9377,17863,2026-05-03,2026-06-05,158,125,Puzzle,Word,Context Works,Group,10115434390,https://www.roblox.com/games/125517737144798,word game
classic_board_card,Guess the Word! 🤔,277,2040452,0.9442,5601,2026-07-07,2026-10-05,93,3,Party & Casual,Quiz,Table Games Creation,Group,10464834663,https://www.roblox.com/games/87606058429594,word game
classic_board_card,🤔Hot or Cold: Guess the Word!,227,11664962,0.9667,164864,2026-02-10,2026-07-16,240,84,Puzzle,Word,Context Works,Group,9702840627,https://www.roblox.com/games/100079017940927,word game
classic_board_card,ESCAPE ROOM - Deluxe Edition,222,15295115,0.8257,12551,2025-05-16,2026-10-08,510,0,Puzzle,Escape Room,EscapeLovers,Group,7709793220,https://www.roblox.com/games/135864053284092,escape room
classic_board_card,[AURA] Chess Incremental,216,3383262,0.8497,8534,2026-06-23,2026-10-07,107,1,Simulation,Incremental Simulator,3Face,Group,10381920426,https://www.roblox.com/games/72119929635167,chess
classic_board_card,🤔 Guess My Word,210,30103519,0.8143,13448,2026-03-09,2026-09-30,213,8,Party & Casual,,2 CCU PLEASE,Group,9859741671,https://www.roblox.com/games/119172704194357,word game
classic_board_card,Broken Clocks [Escape Room],157,7517837,0.7952,12313,2025-10-28,2026-10-01,345,7,Puzzle,Escape Room,NoAceOfSpades,User,9049091110,https://www.roblox.com/games/126348947270683,escape room
classic_board_card,ESCAPE ROOM,149,14997726,0.8012,11684,2024-09-23,2026-10-05,745,3,Puzzle,Escape Room,EscapeLovers,Group,6592024030,https://www.roblox.com/games/86275095815774,escape room
classic_board_card,Word Bridge,146,92319903,0.5959,34737,2022-10-05,2025-11-29,1464,313,Sports & Racing,Racing,Nightmare Studios™,Group,3992524315,https://www.roblox.com/games/11169441681,word game
classic_board_card,Mahjong Duel,141,42908643,0.8541,34484,2026-01-30,2026-08-26,251,43,Party & Casual,,Dream Block Studio,Group,9645309602,https://www.roblox.com/games/104776930318129,mahjong
classic_board_card,Wordie🧩,130,84991589,0.8079,108459,2024-04-23,2026-10-05,898,3,Puzzle,Word,Puzzle Empire.,Group,5905501282,https://www.roblox.com/games/17262338236,word game
classic_board_card,Korean UNO KR [Alpha],120,61018,0.8125,195,2026-09-28,2026-10-08,10,0,Party & Casual,Minigame,Rex emote UGC Studio,Group,10768446167,https://www.roblox.com/games/137462583947018,uno
classic_board_card,Word Bomb,115,108472836,0.8604,208186,2018-12-16,2026-09-15,2853,23,Puzzle,Word,OMG,Group,953622098,https://www.roblox.com/games/2653064683,word game
classic_board_card,[X5 New word] The Best Game!,97,6760381,0.5309,4495,2026-06-27,2026-09-19,103,19,Simulation,Incremental Simulator,[ Content Deleted 1101872347 ],Group,10405618156,https://www.roblox.com/games/102919673732823,word game
classic_board_card,RoChess!,83,57158,0.7444,67,2026-10-01,2026-10-05,7,3,Strategy,Board & Card Games,1 Elo Chess,Group,10768845402,https://www.roblox.com/games/139717576471404,chess
classic_board_card, 👁️Anomaly: Escape Room,79,13411033,0.9343,71378,2025-08-17,2026-10-06,417,2,Puzzle,Escape Room,Protocol: Anomaly,Group,8464771979,https://www.roblox.com/games/109973411277859,escape room
classic_board_card,+1 Speed Bubble Wrap Escape | Candy🍭,61,83405323,0.8998,47042,2026-04-26,2026-08-27,165,42,Simulation,Incremental Simulator,+1 +1 +1 +1,Group,10089507840,https://www.roblox.com/games/138271040173448,bubble shooter
classic_board_card,Word Hunt Battles!💬,60,3082816,0.6498,1351,2026-04-09,2026-08-22,182,47,Party & Casual,,Words are Fun!,Group,10009944759,https://www.roblox.com/games/135690330157046,word game
classic_board_card,Word Puzzler!,57,1941879,0.5691,1380,2025-12-10,2026-10-08,302,0,Puzzle,Word,SoapySoapy Puzzles,Group,9334335491,https://www.roblox.com/games/114024201904092,word game
classic_board_card,Create Words or Die,52,110273278,0.9218,180752,2022-10-22,2026-05-03,1447,158,Puzzle,Word,SL Studios x Type or Die,Group,4037784525,https://www.roblox.com/games/11339471212,word game
classic_board_card,[📱MOBILE] WORD HUNT,51,6319509,0.777,4710,2026-03-14,2026-10-01,208,7,Puzzle,Word,a new studio,Group,9882798010,https://www.roblox.com/games/123117601553923,word game
classic_board_card,Connect the Words 💬,50,26665385,0.8229,24974,2026-03-12,2026-08-21,210,48,Puzzle,Word,67 MiniGames,Group,9871049410,https://www.roblox.com/games/121208024528653,word game
classic_board_card,Word Rush!,48,61920,0.618,55,2026-09-16,2026-10-07,22,1,Puzzle,Word,Epic Party Games!,Group,10766650071,https://www.roblox.com/games/136034722175721,word game
classic_board_card,CORRELATIONS: Connect Words 🧩,46,715091,0.4099,899,2026-08-15,2026-09-22,54,16,Puzzle,,gatoriepet,User,10717054157,https://www.roblox.com/games/97401937864935,word game
classic_board_card,Word Search!,40,45672178,0.7616,21790,2022-10-20,2024-10-19,1449,719,Puzzle,Word,GalaxyGourmet,User,4034530348,https://www.roblox.com/games/11328835705,word game
classic_board_card,ESCAPE ROOM (NEW MAP september),39,39167836,0.7612,19577,2021-05-25,2026-09-05,1962,33,Puzzle,Escape Room,LeAverageBro,User,2614617698,https://www.roblox.com/games/6863038535,escape room
classic_board_card,[NEW] Escape Room 5 ✨,33,29735129,0.6386,5639,2025-02-03,2026-06-26,612,104,Puzzle,Escape Room,WreckItVerse,Group,7188992990,https://www.roblox.com/games/83827559428748,escape room
classic_board_card,[ Room129🧩] Escape Rooms,28,1225944,0.781,2346,2026-03-18,2026-05-29,204,132,Puzzle,Escape Room,SpinMaster,Group,9903557133,https://www.roblox.com/games/90105943573726,escape room
classic_board_card,Ultimate UNO Battle! 🃏🔥,27,606999,0.4364,96,2026-03-15,2026-09-24,207,14,Strategy,Board & Card Games,the_dragon0392,User,9888664700,https://www.roblox.com/games/102815780263526,uno
classic_board_card,[WHY❓] BubBle ShoOting incrEmentAl? 🔫,27,753853,0.9471,15248,2026-03-12,2026-10-08,210,0,Simulation,Incremental Simulator,A Million Times,Group,9870850309,https://www.roblox.com/games/95015499414027,bubble shooter
classic_board_card,[NEW] Escape Room 6 ✨,23,10363845,0.7422,1986,2025-04-21,2026-10-06,535,2,Puzzle,Escape Room,WreckItVerse,Group,7580410469,https://www.roblox.com/games/77207495393518,escape room
classic_board_card,Escape Room [NEW!],22,23475274,0.7131,22160,2024-05-17,2026-08-17,874,52,Puzzle,Escape Room,RPK_BO,User,5997463252,https://www.roblox.com/games/17521680185,escape room
classic_board_card,[🏠 HOUSES!] BINGO Masters! 🎱,19,302069,0.6476,226,2026-08-09,2026-09-27,60,11,Party & Casual,Minigame,Lybrithing,Group,10659504985,https://www.roblox.com/games/119201997824129,mahjong
classic_board_card,🔍Mindlock: Escape Room,19,10697942,0.9056,26587,2025-03-29,2026-09-14,558,24,Puzzle,Escape Room,Protocol: Anomaly,Group,7455943862,https://www.roblox.com/games/93729973089151,escape room
classic_board_card,Chess Practice!,18,1951799,0.5018,1523,2026-03-28,2026-04-14,194,177,Strategy,Board & Card Games,revitalisationism,User,9953683569,https://www.roblox.com/games/99199615090453,chess
classic_board_card,Chess Islands!,18,1285303,0.6806,1044,2025-12-23,2026-10-06,289,2,Strategy,Board & Card Games,Chess Islands Community,Group,9410720977,https://www.roblox.com/games/79220012093766,chess
classic_board_card,Satisfying BINGO! 🍀 (ASMR),18,218692,0.7406,197,2026-08-11,2026-08-17,58,52,Party & Casual,,That Ver's Victory,Group,10679772852,https://www.roblox.com/games/96815183002513,mahjong
classic_board_card,Last Letter [Conjugate Word],18,1701169,0.8313,601,2026-02-22,2026-05-09,228,152,Puzzle,Word,Karl Space,Group,9780923598,https://www.roblox.com/games/75898988656447,word game
classic_board_card,Guess The Word💬,17,16007355,0.7235,6155,2024-07-06,2026-06-28,824,102,Party & Casual,,Play Fast,Group,6227091846,https://www.roblox.com/games/18368452098,word game
classic_board_card,Word Swipe🧩,16,2511963,0.7422,3395,2026-03-08,2026-10-06,214,2,Puzzle,Word,Puzzle Empire.,Group,9852318529,https://www.roblox.com/games/79995676863007,word game
classic_board_card,+1 Bubble Gum Per Click,15,1547247,0.9458,1327,2026-07-13,2026-10-08,87,0,Simulation,Incremental Simulator,Bubble Jumpers by Mook,Group,10498422356,https://www.roblox.com/games/80275884664610,bubble shooter
classic_board_card,Trapped [Escape Room!],14,26645847,0.8301,30935,2021-09-19,2026-01-02,1845,279,Puzzle,Escape Room,Noob Cult,Group,2922487292,https://www.roblox.com/games/7510349624,escape room
classic_board_card,Troll Escape Rooms 🔑,13,1650426,0.8297,2256,2026-06-28,2026-08-02,102,67,Puzzle,Escape Room,Troll Rooms,Group,10412604025,https://www.roblox.com/games/79296431864951,escape room
fruit_slice,[🔥FREE UGC] Cut a Fruit!,222,1110226,0.9592,6120,2026-08-01,2026-10-07,68,1,Simulation,Tycoon,Merge Game!,Group,10611276848,https://www.roblox.com/games/93009544250034,cut fruit
fruit_slice, Smooth Slicing,82,65552129,0.6292,56694,2021-01-19,2026-10-06,2088,2,Action,Battlegrounds & Fighting,Harpax Dev,Group,2309508401,https://www.roblox.com/games/6269446951,slicing simulator
fruit_slice,[🚀UPDATE] Slice A Dummy!,73,80373,0.9195,137,2026-09-13,2026-10-06,25,2,Simulation,Incremental Simulator,Slice A Dummy!,Group,10766323637,https://www.roblox.com/games/140080362319349,slice master
fruit_slice,Cut Stuff,33,50448555,0.7475,13952,2023-02-21,2024-05-03,1325,888,Obby & Platformer,,mPhase,Group,4413285181,https://www.roblox.com/games/12567509599,fruit ninja
fruit_slice,+1 Fruit Slicing,18,9434,0.75,9,2026-10-01,2026-10-07,7,1,Simulation,Incremental Simulator,WeRunFun,Group,10768909759,https://www.roblox.com/games/72659583207768,slice master
fruit_slice,Slice Needoh for Squishy Dumplings,6,1321051,0.9314,7810,2026-06-11,2026-09-13,119,25,Simulation,Tycoon,Crush Some CCU,Group,10303772413,https://www.roblox.com/games/125782330516445,slice master
fruit_slice,[UPD1]+1 Fruit Samurai 🍉,4,2478193,0.9916,101980,2026-07-01,2026-09-11,99,27,Simulation,Incremental Simulator,Can't Hold It Anymore!,Group,10424311938,https://www.roblox.com/games/121143259662420,fruit ninja
fruit_slice,Slice Eggs for Dumpling Squishy,2,15333,0.8269,86,2026-09-13,2026-10-07,25,1,Simulation,Tycoon,Crush Some CCU,Group,10766334464,https://www.roblox.com/games/120320473341325,slice master
fruit_slice,Ninja Girl – Slice of Justice,1,58304,0.8943,203,2026-01-05,2026-10-07,276,1,Adventure,,Whirlygig x Dream Faktory,Group,9508664737,https://www.roblox.com/games/130283292422738,slice master
fruit_slice,[NEW]Draw to Slice,0,59785,0.4459,33,2026-09-14,2026-09-30,24,8,Simulation,Incremental Simulator,Alone_Dev,User,10766444490,https://www.roblox.com/games/119670285434743,slice master
fruit_slice,Slice a Boulder! 🪨 ,0,39063,0.8909,147,2026-09-11,2026-09-26,27,12,Simulation,Incremental Simulator,Indecision Studios,Group,10766052690,https://www.roblox.com/games/92040626720918,slice master
fruit_slice,Slice a Cube,0,11725,0.8421,16,2026-09-16,2026-10-01,22,7,Simulation,Incremental Simulator,my asmr group,Group,10766630319,https://www.roblox.com/games/102267656047743,slice master
fruit_slice,Slice Slime For Brainrots,0,1225203,0.9269,2359,2026-05-04,2026-09-26,157,12,Simulation,Tycoon,Slice a Slime,Group,10123931499,https://www.roblox.com/games/121115797378530,slice master
fruit_slice,[🍔] Slice and Feed,0,59255,0.7727,102,2026-07-20,2026-10-04,80,4,Simulation,Tycoon,BEST DEVS INC,Group,10537769924,https://www.roblox.com/games/117174369111849,slice master
physics_destruction,[💰] Destroy a Vault,8550,3574643,0.9487,6696,2026-07-25,2026-10-08,75,0,Simulation,Incremental Simulator,LoopForge Studios,Group,10561166339,https://www.roblox.com/games/91034536684382,crush the castle
physics_destruction,Smash the City,6263,1532813,0.8942,4479,2026-09-26,2026-10-06,12,2,Simulation,Physics Sim,Kabooom Crew,Group,10768176407,https://www.roblox.com/games/129425166667725,smash the city
physics_destruction,[New Car!🛫] Car Crushers 2 - Physics Simulation,2802,1370455479,0.9347,1981332,2017-02-11,2026-10-06,3526,2,Simulation,Vehicle Sim,Car Crushers Community,Group,274816972,https://www.roblox.com/games/654732683,destruction simulator
physics_destruction,+1 Superpower Destruction,2457,1324956,0.8888,959,2026-08-13,2026-10-08,56,0,Simulation,Incremental Simulator,StudSims,Group,10697943549,https://www.roblox.com/games/81016010957338,destruction simulator
physics_destruction,[UPDATE] Destroy A Car!,1277,32960066,0.9242,47533,2025-05-09,2026-10-08,517,0,Simulation,Vehicle Sim,alphagamess,Group,7667716861,https://www.roblox.com/games/94240905092928,demolition
physics_destruction,Build and Crush,741,17264563,0.9224,41823,2025-09-15,2026-10-07,388,1,Simulation,Sandbox,Unsquared,Group,8723526551,https://www.roblox.com/games/123581964009368,crush the castle
physics_destruction,+1 Superhero Destruction,706,2709338,0.91,1709,2026-08-01,2026-09-25,68,13,Simulation,Incremental Simulator,Laser Everything,Group,10613328831,https://www.roblox.com/games/102688492261262,destruction simulator
physics_destruction,Smash A Bacon,615,1090270,0.8472,2401,2026-09-12,2026-10-08,26,0,Simulation,Tycoon,Games for Bacons,Group,10766105412,https://www.roblox.com/games/108517691661499,smash the city
physics_destruction,Destroy a City,441,121404452,0.8755,87764,2021-04-19,2026-08-08,1998,61,Simulation,Physics Sim,SurfaceGlue,User,2528641125,https://www.roblox.com/games/6700307184,destroy the building
physics_destruction,Destruction Physics,406,245182378,0.8011,200343,2020-12-08,2026-03-15,2130,207,Simulation,Physics Sim,quinowenryanjen,User,2195939586,https://www.roblox.com/games/6058150350,demolition
physics_destruction,[UPD] Destroy the Cube,357,553472,0.7622,1410,2026-09-14,2026-10-07,24,1,Simulation,Incremental Simulator,frosty01010101,User,10766457017,https://www.roblox.com/games/78284807435779,destroy the building
physics_destruction,💥CITY DESTRUCTION💥,352,53744130,0.8405,24759,2016-02-29,2026-09-07,3874,31,Simulation,Physics Sim,Mimetopia,User,141055352,https://www.roblox.com/games/375720828,destroy the building
physics_destruction,VOXEL DESTRUCT 2 EARLY ACCESS,326,8410028,0.973,28044,2024-04-08,2026-10-08,913,0,Simulation,Physics Sim,whatever_dev(),Group,5851294352,https://www.roblox.com/games/17070462969,demolition
physics_destruction,[EDITOR UPDATE] Destroy Cars with Nitro,276,45967764,0.8917,24785,2023-08-21,2026-10-08,1144,0,Simulation,Vehicle Sim,Live For Speed,Group,5012919657,https://www.roblox.com/games/14520819520,demolition
physics_destruction,Voxel Destruction Physics,262,61382406,0.9189,82718,2022-11-18,2026-03-28,1420,194,Simulation,Physics Sim,whatever_dev(),Group,4113699767,https://www.roblox.com/games/11594344738,demolition
physics_destruction,Destroy The Ship!,253,215163820,0.8489,116882,2021-05-27,2026-05-07,1960,154,Simulation,Physics Sim,HappyWolfy10's Games,Group,2620076187,https://www.roblox.com/games/6873104649,demolition
physics_destruction,Destroy a Bridge (5M!),249,21166855,0.8745,11629,2022-04-16,2025-07-24,1636,441,Simulation,Physics Sim,SurfaceUniversal,User,3507461489,https://www.roblox.com/games/9388784421,destroy the building
physics_destruction,Destroy cars with trains and rockets 💥,184,7481781,0.7417,824,2024-12-22,2026-08-16,655,53,Simulation,Physics Sim,MEGALODONSHARK99,User,6953665982,https://www.roblox.com/games/116051589276039,destruction simulator
physics_destruction,Teardown The bridge 2 Destruction,171,10027197,0.8077,6182,2024-11-29,2026-08-30,678,39,Simulation,Physics Sim,special games group,Group,6855204713,https://www.roblox.com/games/120874446597136,destroy the building
physics_destruction,Angry Block but bad (2 people),151,5989503,0.7433,2976,2026-02-24,2026-10-07,226,1,Survival,,quyenhugmm2,User,9792181679,https://www.roblox.com/games/87618338850399,angry birds
physics_destruction,Destroy The Buildings!,147,26305679,0.7957,13417,2023-07-09,2026-10-02,1187,6,Simulation,Physics Sim,Bazenka2,User,4851789546,https://www.roblox.com/games/14004685096,destroy the building
physics_destruction,Destroy The Hotel,144,19450525,0.9421,14972,2022-10-10,2026-10-01,1459,7,Simulation,Physics Sim,SpontaneousFission,User,4009097253,https://www.roblox.com/games/11237096765,destroy the building
physics_destruction,Don't Get Crushed By Gatito,143,13612483,0.8547,1706,2026-01-09,2026-09-12,272,26,Survival,,Some Fun Cool Games,Group,9531073232,https://www.roblox.com/games/109288845879099,crush the castle
physics_destruction,Destroy Buildings [💥],138,7931029,0.6889,1557,2017-12-27,2026-08-26,3207,43,Simulation,Physics Sim,Auv_Auv,User,516989247,https://www.roblox.com/games/1274693321,demolition
physics_destruction,WALL CRUSH TOWER 😡,111,22676250,0.8096,27503,2025-07-21,2026-09-25,444,13,Obby & Platformer,Tower Obby,Cutie Bunny Studio,Group,8220481827,https://www.roblox.com/games/135082986595601,crush the castle
physics_destruction,⛏️ [RELEASE] Crush Cars! 🚗,102,75518,0.9407,317,2026-09-16,2026-10-08,22,0,Simulation,Incremental Simulator,Dévaler,Group,10766663801,https://www.roblox.com/games/78803819500104,crush the castle
physics_destruction,[UPD] +1 Banana Monkey Destruction,101,30050110,0.9798,87454,2026-06-26,2026-10-08,104,0,Simulation,Incremental Simulator,Kaboom Creations,Group,10399712766,https://www.roblox.com/games/83256791430098,destruction simulator
physics_destruction,[WORLDS🌏] Don't Get Crushed By Ronaldo,96,452227,0.7778,77,2025-12-15,2026-10-04,297,4,Survival,Escape,KoKuGames,Group,9361740152,https://www.roblox.com/games/111065175182905,crush the castle
physics_destruction,Teardown the bridge Destruction [Multiplayer 👥],90,70335302,0.815,46679,2023-01-11,2026-08-30,1366,39,Simulation,Physics Sim,special games group,Group,4277322898,https://www.roblox.com/games/12123018231,destroy the building
physics_destruction,[UPD] Train Kaiju to Destroy,80,23911549,0.9494,36593,2026-03-17,2026-10-03,205,5,Simulation,Incremental Simulator,Be Better Studio,Group,9896069131,https://www.roblox.com/games/88757431525816,destruction simulator
physics_destruction,[0.85 UPDATE] Metro Destruction Wars [BETA 0.85] ,75,2984639,0.6883,9251,2025-05-25,2026-10-08,501,0,Shooter,,Dorianisanoob365,User,7773984445,https://www.roblox.com/games/133168938282278,smash the city
physics_destruction,[💵CASH] Destroy the CITY with Nukes,74,2573625,0.7115,614,2019-02-18,2026-10-02,2789,6,Simulation,Sandbox,NightmareSky134,User,1038352792,https://www.roblox.com/games/2868084875,smash the city
physics_destruction,[UPD] Don't Get Crushed By 67,72,163942549,0.7878,66599,2025-09-03,2026-10-03,400,5,Survival,,Dig A Tunnel Studios,Group,8620685718,https://www.roblox.com/games/124082555806669,crush the castle
physics_destruction,+1 Strength Destruction 💪,71,1704567,0.8412,927,2026-07-30,2026-09-26,70,12,Simulation,Incremental Simulator,LUCKY LIFTERS,Group,10595753415,https://www.roblox.com/games/124354712536135,destruction simulator
physics_destruction,💥 Destroy The Bridge! (Bridge & Car crashing),68,12099742,0.7161,1342,2025-02-10,2025-04-24,605,532,Simulation,Physics Sim,Destruction Box,Group,7224206560,https://www.roblox.com/games/101445573914275,destroy the building
physics_destruction,Destroy the bridge & Crash trains,68,37456921,0.8593,13818,2023-06-13,2026-09-22,1213,16,Simulation,Physics Sim,V33nny,User,4766378400,https://www.roblox.com/games/13736262981,demolition
physics_destruction,Washing Machine Destruction,59,2983622,0.7822,1092,2022-04-23,2026-10-08,1629,0,Simulation,Physics Sim,Washing Machine Destruction Group,Group,3525216374,https://www.roblox.com/games/9447639507,demolition
physics_destruction,Destroy the Tower,47,74788486,0.822,82033,2022-02-12,2026-07-29,1699,71,Survival,1 vs All,Super Tall Games,Group,3336930453,https://www.roblox.com/games/8804070435,destroy the building
physics_destruction,💥 Destruction Simulator,42,562272467,0.926,744463,2018-08-19,2026-09-24,2972,14,Simulation,Physics Sim,silky_dev,User,781563604,https://www.roblox.com/games/2248408710,destruction simulator
physics_destruction,Destroy a House 🏠,41,1297336,0.7274,902,2026-08-08,2026-09-30,61,8,Simulation,Incremental Simulator,House Go Boom,Group,10657726869,https://www.roblox.com/games/125495618008505,destroy the building
physics_destruction,Destroy Cars for Fun! 3.1.2,35,44046037,0.8279,22924,2017-10-14,2026-09-26,3281,12,Simulation,Vehicle Sim,GetaLifeDrink,User,457781306,https://www.roblox.com/games/1107356201,demolition
physics_destruction,destroy a structurally unsound bridge,33,6447822,0.6827,5378,2022-08-13,2026-08-31,1517,38,Simulation,Physics Sim,2_diesel,User,3842700981,https://www.roblox.com/games/10581436064,destroy the building
physics_destruction,REVAMP Destroy Full Size City,31,6162064,0.6006,3808,2019-03-27,2022-02-02,2752,1709,Simulation,Physics Sim,CoitTower,User,1084723619,https://www.roblox.com/games/3009035476,demolition
physics_destruction,Crush Walls for Brainrots,30,11707805,0.9591,9919,2026-02-08,2026-09-25,242,13,Simulation,Tycoon,ActiveGameStudios,Group,9697689575,https://www.roblox.com/games/108971149268278,crush the castle
physics_destruction,Destroy The World [NEW MAP],29,5154544,0.7361,3412,2026-04-05,2026-09-03,186,35,Simulation,Physics Sim,Kyzumii610,User,9993045079,https://www.roblox.com/games/97378580601622,destruction simulator
physics_destruction,Destroy The Teletubbies!,26,9461147,0.7557,2883,2020-04-16,2026-01-15,2366,266,Simulation,Physics Sim,SVurgz,User,1676618115,https://www.roblox.com/games/4904451569,destruction simulator
physics_destruction,[💥] Destroy or Sail a Ship!,26,12065093,0.7164,2109,2020-01-16,2026-09-29,2457,9,Simulation,Physics Sim,noahtitanic8,User,1502945438,https://www.roblox.com/games/4602847785,destruction simulator
physics_destruction,Demolition Contracts 🚧 [Excavator Simulator],25,1355124,0.7264,3659,2025-12-31,2026-08-20,281,49,Simulation,Vehicle Sim,efrerri,User,9474751753,https://www.roblox.com/games/134382555200905,demolition
physics_destruction,Destroy the City,23,1824332,0.7823,938,2025-10-18,2026-10-06,355,2,Simulation,Physics Sim,dexamphet,User,8973668752,https://www.roblox.com/games/84489106187620,destruction simulator
physics_destruction,[🔭TURRETS] Destruction Game,22,11195805,0.7495,5539,2021-03-21,2026-07-19,2027,81,Simulation,Physics Sim,KejjToli,User,2459683091,https://www.roblox.com/games/6550894018,destruction simulator
physics_destruction,Teardown The hotel Destruction 💥,21,3153932,0.8569,3449,2025-10-19,2026-08-10,354,59,Simulation,Physics Sim,special games group,Group,8982941739,https://www.roblox.com/games/114618533394234,destroy the building
physics_destruction,DESTROY THE PLANE!!!!,21,7718181,0.6991,2005,2020-08-15,2026-09-13,2245,25,Simulation,Physics Sim,Tinythecat23,User,1944805861,https://www.roblox.com/games/5565727071,demolition
physics_destruction,Train Wrecker,21,25429984,0.7783,6862,2018-02-02,2024-08-27,3170,772,Simulation,Physics Sim,Ralvablox,User,552252541,https://www.roblox.com/games/1381477373,demolition
physics_destruction,Destruction Playground 💥 [Marble Run & Dominos],20,666579,0.8673,379,2021-07-29,2026-09-27,1897,11,Simulation,Physics Sim,schmakowako,User,2783391404,https://www.roblox.com/games/7170458598,destruction simulator
physics_destruction,Crush for Brainrots,20,31343859,0.9819,152165,2025-08-05,2026-09-25,429,13,Simulation,Tycoon,ActiveGameStudios,Group,8357236286,https://www.roblox.com/games/117579798602171,crush the castle
physics_destruction,Destroy the Hotel [Single-Player],17,3844360,0.8911,3257,2015-07-25,2025-12-24,4093,288,Simulation,Physics Sim,Tall_Tapper,User,109596908,https://www.roblox.com/games/274884554,destroy the building
physics_destruction,Destroy stuff!,17,39991442,0.7165,17792,2022-03-20,2026-07-06,1663,94,Simulation,Physics Sim,Little Games,Group,3436910491,https://www.roblox.com/games/9155726927,destroy the building
physics_destruction,"Indonesia Tornado Destruction (Rebuild Progress)
",17,6615389,0.7163,1381,2024-02-22,2026-09-05,959,33,Simulation,Physics Sim,saverioevan,User,5673945955,https://www.roblox.com/games/16471170097,destroy the building
physics_destruction,Destroy the Doomspire Brickbattle,16,2391992,0.8418,777,2020-05-04,2026-09-15,2348,23,Simulation,Physics Sim,limrongxuanp1,User,1715111917,https://www.roblox.com/games/4983336509,destroy the building
physics_destruction,SPRING -Destroy New York City,15,8353721,0.7138,8077,2018-05-17,2022-04-18,3066,1634,Simulation,Physics Sim,CoitTower,User,659292218,https://www.roblox.com/games/1789231930,smash the city
draw_guess_party,[UPD] Paint Or Seek [Chameleon],4748,203018877,0.7846,67431,2026-06-06,2026-10-05,124,3,Party & Casual,,10 CCU,Group,10278774552,https://www.roblox.com/games/85245205758607,speed draw
draw_guess_party,[🎨] Paint To Survive Tower,2521,5107455,0.6679,2809,2026-06-19,2026-10-08,111,0,Obby & Platformer,Tower Obby,Moho's Tower Group,Group,10355262898,https://www.roblox.com/games/84860107035238,draw it
draw_guess_party,Draw It Better! 🎨,1961,63064861,0.365,7980,2026-04-10,2026-10-06,181,2,Party & Casual,Coloring & Drawing,EX10,Group,10013279162,https://www.roblox.com/games/119168493101362,draw it
draw_guess_party,[🧬MUTATIONS] PAINT OR DIE!,1632,179898554,0.9269,244080,2026-06-26,2026-10-05,104,3,Party & Casual,Childhood Game,100 CCU PLEASE,Group,10397566868,https://www.roblox.com/games/74511210941284,skribbl
draw_guess_party,Draw a Monster!,1220,395282,0.288,36,2026-09-26,2026-09-28,12,10,Party & Casual,Coloring & Drawing,EX10 Monster,Group,10768201235,https://www.roblox.com/games/115979990526708,skribbl
draw_guess_party,Draw & Slide,1057,34164674,0.9162,115528,2026-02-28,2026-10-06,222,2,Simulation,Incremental Simulator,the peak peakers,Group,9813946433,https://www.roblox.com/games/135000370479961,skribbl
draw_guess_party,🎨Draw Or Oof!,750,320317879,0.7699,67007,2024-11-02,2026-07-28,705,72,Party & Casual,Coloring & Drawing,Unliked Games,Group,6751400610,https://www.roblox.com/games/113385048266134,draw it
draw_guess_party,Draw An ASMR! 🧊,716,693084,0.3409,90,2026-09-26,2026-10-08,12,0,Party & Casual,Coloring & Drawing,EX10 ASMR,Group,10768064812,https://www.roblox.com/games/70746163934440,guess the drawing
draw_guess_party,Copy The Drawing 🎨,698,11334317,0.3832,1708,2026-05-17,2026-10-06,144,2,Party & Casual,Coloring & Drawing,Over Forester,Group,10178882407,https://www.roblox.com/games/102707722047411,draw and guess
draw_guess_party,Draw a Dumpling!,556,286202,0.3571,15,2026-09-29,2026-10-08,9,0,Party & Casual,Coloring & Drawing,EX10 Dumpling,Group,10768539156,https://www.roblox.com/games/73265477808230,skribbl
draw_guess_party,"Quick, Draw! ",534,3054628,0.5295,1759,2026-08-12,2026-10-08,57,0,Party & Casual,Minigame,Endevouring Studios,Group,10685628216,https://www.roblox.com/games/84454708573548,draw and guess
draw_guess_party,🎨 Urban Graffiti (Spray Paint Draw),490,10140713,0.6965,2013,2026-05-30,2026-09-21,131,17,Party & Casual,Coloring & Drawing,Urban Graffiti!,Group,10242984742,https://www.roblox.com/games/124675142564227,speed draw
draw_guess_party,Draw My Phonk! 🎶,382,3425075,0.3723,191,2026-09-11,2026-10-08,27,0,Party & Casual,Coloring & Drawing,EX10 Phonk,Group,10765998757,https://www.roblox.com/games/137165471055972,skribbl
draw_guess_party,Draw the Anime!,312,929750,0.2738,46,2026-09-17,2026-09-26,21,12,Party & Casual,Coloring & Drawing,EX10 Anime,Group,10766834928,https://www.roblox.com/games/111623864036776,skribbl
draw_guess_party,FACEPAINTING! UGC CREATOR 🖌️,302,32801148,0.9037,46309,2025-11-04,2026-10-05,338,3,Shopping,Avatar Shopping,FACEPAINTING,Group,9098253051,https://www.roblox.com/games/81505130631572,speed draw
draw_guess_party,[🎃UPD] Paint Sneak and Seek! 🎨,282,4235954,0.5,147,2026-06-14,2026-10-07,116,1,Party & Casual,Childhood Game,RobloPrincesser,User,10323568118,https://www.roblox.com/games/106592406297543,draw and guess
draw_guess_party,Draw Obby [NEW],228,216604695,0.5649,26042,2023-05-19,2025-09-29,1238,374,Obby & Platformer,,Obstacle Universe,Group,4691024791,https://www.roblox.com/games/13486458351,draw it
draw_guess_party,Draw a Baddie! ,220,118874,0.3846,10,2026-09-30,2026-10-04,8,4,Party & Casual,Coloring & Drawing,EX10 Baddie,Group,10768754958,https://www.roblox.com/games/110838878689105,draw and guess
draw_guess_party,Draw Anything!,209,3144619,0.8454,2772,2026-05-28,2026-10-03,133,5,Party & Casual,Coloring & Drawing,Draw Anything!,Group,10235992289,https://www.roblox.com/games/102276497998170,speed draw
draw_guess_party,🎨Paint It! Pixel Obby 🖌️,202,12855558,0.7586,3196,2026-03-14,2026-09-21,208,17,Party & Casual,Coloring & Drawing,DreamForge Games,Group,9882296644,https://www.roblox.com/games/115052402364088,speed draw
draw_guess_party,🎨 Anime Paint by Numbers,196,32785542,0.9312,31808,2024-08-10,2026-10-08,789,0,Party & Casual,Coloring & Drawing,Guterrin Industries,Group,6399835454,https://www.roblox.com/games/18895535181,speed draw
draw_guess_party,Paint Flags,175,12276406,0.8231,7326,2026-06-19,2026-08-11,111,58,Party & Casual,Coloring & Drawing,Orbital Studios RBLX,Group,10354167851,https://www.roblox.com/games/99368137911219,speed draw
draw_guess_party,Paint ANYTHING,174,6817127,0.7932,8404,2026-07-05,2026-10-07,95,1,Party & Casual,Coloring & Drawing,CoolPixels,Group,10450501528,https://www.roblox.com/games/136055963655040,draw it
draw_guess_party,Paint My Keyboard! 🎨,169,61486190,0.9791,250562,2026-05-28,2026-09-06,133,32,Simulation,Incremental Simulator,sooo satisfying!,Group,10232643663,https://www.roblox.com/games/75738770295234,draw it
draw_guess_party,🎨 Anime Girl Paint by Numbers,167,3600063,0.8367,3331,2026-04-29,2026-09-20,162,18,Party & Casual,Coloring & Drawing,Flash Enterprises,Group,10097648664,https://www.roblox.com/games/129300814231343,speed draw
draw_guess_party,[ALL AGES]🖌️Spray Paint ANYWHERE! (Draw),150,1839359,0.7999,1931,2026-04-04,2026-10-08,187,0,Party & Casual,Coloring & Drawing,MochiByte,Group,9990084166,https://www.roblox.com/games/90248655423813,draw it
draw_guess_party,[🎨] Paint And SEEK!,150,105586081,0.724,42949,2026-04-02,2026-10-05,189,3,Survival,1 vs All,Blend In Or Die,Group,9977954973,https://www.roblox.com/games/78724049937437,draw and guess
draw_guess_party,Draw The Road,141,52053,0.5593,33,2026-06-02,2026-10-08,128,0,Puzzle,,Hit_Games,Group,10262174996,https://www.roblox.com/games/106677628998160,draw it
draw_guess_party,Draw To Escape ✏️,120,92032,0.3966,23,2026-07-18,2026-10-08,82,0,Obby & Platformer,,i love doodling,Group,10521880476,https://www.roblox.com/games/71904181681611,draw it
draw_guess_party,Draw a Car!,107,60618,0.3333,7,2026-09-30,2026-10-03,8,5,Party & Casual,Coloring & Drawing,EX10 Car,Group,10768673239,https://www.roblox.com/games/129333075256958,draw it
draw_guess_party,✏️ Draw Together! [2 Player Obby],106,7931399,0.7991,3540,2024-12-30,2026-10-01,647,7,Obby & Platformer,,ZigZap,Group,7006514571,https://www.roblox.com/games/97604072004762,skribbl
draw_guess_party, [UPD] Paint To Hide!,82,84493893,0.7294,27504,2026-05-19,2026-08-01,142,68,Party & Casual,Childhood Game,Chabungus X Cache Flow,Group,10188394289,https://www.roblox.com/games/105281019603659,speed draw
draw_guess_party,🎨 Perfect Draw,80,5149896,0.557,826,2026-06-30,2026-08-30,100,39,Party & Casual,Coloring & Drawing,Perfect Games!!,Group,10421826028,https://www.roblox.com/games/127268323610271,speed draw
draw_guess_party,🎨 Music Paint by Numbers,76,8809572,0.8475,12857,2026-03-03,2026-10-08,219,0,Party & Casual,Coloring & Drawing,Guterrin Industries,Group,9828046301,https://www.roblox.com/games/115054544470862,speed draw
draw_guess_party,Coloring Games: Color & Paint! 🎨,65,19146378,0.677,2792,2025-06-15,2026-08-17,480,52,Party & Casual,Coloring & Drawing,Color & Paint!,Group,7923797176,https://www.roblox.com/games/86984675775595,speed draw
draw_guess_party,"Ready, Draw! [SMARTER]",56,3584359,0.5574,1393,2025-11-23,2026-08-13,319,56,Party & Casual,Coloring & Drawing,Mackey Tech Studios,Group,9229044204,https://www.roblox.com/games/140574928354678,draw and guess
draw_guess_party,Paint a Game!,49,13778458,0.871,16310,2026-07-03,2026-09-03,97,35,Party & Casual,Coloring & Drawing,dilly dally games,Group,10440766252,https://www.roblox.com/games/112486562974119,skribbl
draw_guess_party,Paint a Logo! ⚽,41,2012808,0.6639,555,2026-06-29,2026-09-18,101,20,Party & Casual,Coloring & Drawing,467 Studios,Group,10418470382,https://www.roblox.com/games/76023419314254,speed draw
draw_guess_party,Paint.io,38,25489336,0.845,43763,2025-05-14,2026-09-17,512,21,Party & Casual,,CrazyCorrs,User,7703115801,https://www.roblox.com/games/77315028095866,speed draw
draw_guess_party,Draw for Animals!,37,192328,0.1565,18,2026-09-16,2026-10-06,22,2,Party & Casual,Coloring & Drawing,EX10 Animal,Group,10766633691,https://www.roblox.com/games/73085334724700,skribbl
draw_guess_party,[Variants!] Paint Movies! 🎨,37,798099,0.7476,954,2026-07-05,2026-09-19,95,19,Party & Casual,Coloring & Drawing,Vayne Horizon,Group,10451652821,https://www.roblox.com/games/105069339519973,speed draw
draw_guess_party,Tap to Paint: Cozy Coloring 🎨,34,2711763,0.8434,3641,2026-06-14,2026-09-22,116,16,Party & Casual,Coloring & Drawing,Soft Launch Studios,Group,10329989899,https://www.roblox.com/games/79348436533220,draw it
draw_guess_party,Draw Perfect Circle!,34,51963449,0.7904,49038,2024-01-18,2026-09-10,994,28,Party & Casual,Coloring & Drawing,b51 Studios,Group,5538491784,https://www.roblox.com/games/16022043457,speed draw
draw_guess_party,⚽ Paint A Football Player,34,3577979,0.9397,5886,2026-07-08,2026-07-21,92,79,Party & Casual,Coloring & Drawing,Paint An X,Group,10470750483,https://www.roblox.com/games/115345655001186,speed draw
draw_guess_party,Draw My Superhero! 🦸,31,202604,0.2963,16,2026-09-23,2026-09-26,15,12,Party & Casual,Coloring & Drawing,EX10 Superhero,Group,10767755007,https://www.roblox.com/games/73753699819072,skribbl
draw_guess_party,Draw your own Sword ⚔️,31,1989491,0.7253,1637,2026-05-10,2026-09-07,151,31,Simulation,Incremental Simulator,All I want is 1 CCU,Group,10146134511,https://www.roblox.com/games/106562644480736,draw it
draw_guess_party,[✏️] Steal a Drawn Brainrot,16,10841301,0.8435,10955,2025-09-28,2026-02-22,375,228,Simulation,Tycoon,Royale Studio!,Group,8825490509,https://www.roblox.com/games/78244645329230,speed draw
draw_guess_party,Draw The Path ✏️,15,4981912,0.5579,2962,2026-06-22,2026-08-29,108,40,Puzzle,,SN Interactive,Group,10373394799,https://www.roblox.com/games/113672055494631,skribbl
draw_guess_party,+1 Paint per Step!,15,6109568,0.7026,1670,2026-06-15,2026-09-09,115,29,Simulation,Incremental Simulator,Five5 Studios,Group,10331155912,https://www.roblox.com/games/137861359065967,speed draw
draw_guess_party,[ UPD ]+50 Mount Draw,15,458827,0.7899,921,2026-04-30,2026-10-08,161,0,Adventure,Exploration,MEMO COMUNITY,Group,10100799642,https://www.roblox.com/games/83983525739149,draw it
draw_guess_party,A Drawing Game,13,2796760,0.5864,1381,2022-03-07,2022-03-07,1676,1676,Party & Casual,Coloring & Drawing,CraftFireGamer,User,3401780141,https://www.roblox.com/games/9036493100,speed draw
draw_guess_party,My Drawing Brainrots!,9,2558412,0.941,2570,2026-03-09,2026-10-07,213,1,Simulation,Tycoon,Brainrots Productions,Group,9859143462,https://www.roblox.com/games/118331139036727,skribbl
draw_guess_party,Draw & Slide For Squishies! ,3,314111,0.5789,55,2026-07-22,2026-09-30,78,8,Simulation,Incremental Simulator,DaCoolestPeople,Group,10544440850,https://www.roblox.com/games/131271896255696,skribbl
draw_guess_party,Draw a Perfect Circle,2,534264,0.3514,97,2025-12-13,2026-10-03,299,5,Party & Casual,Coloring & Drawing,Goony Studio's,Group,9349654204,https://www.roblox.com/games/109223624414105,speed draw
draw_guess_party,Draw a Perfect Circle,1,1862380,0.5133,327,2025-03-09,2026-01-27,578,254,Party & Casual,Coloring & Drawing,IndiGamez,Group,7351716051,https://www.roblox.com/games/120790140454149,speed draw
draw_guess_party,🚗 Draw Parking,1,676390,0.4232,397,2026-05-01,2026-09-06,160,32,Puzzle,,apokolipses,User,10107126456,https://www.roblox.com/games/111849558388396,draw it
draw_guess_party,Draw An Animal,1,108048,0.7347,144,2026-04-13,2026-10-07,178,1,Party & Casual,,Rotverse Studios,Group,10030975418,https://www.roblox.com/games/139931843798695,draw it
draw_guess_party,[NEW]Draw to Slice,0,59785,0.4459,33,2026-09-14,2026-09-30,24,8,Simulation,Incremental Simulator,Alone_Dev,User,10766444490,https://www.roblox.com/games/119670285434743,draw it
draw_guess_party,Draw Chaos Or Die! 🎨,0,143224,0.2381,15,2026-09-10,2026-09-22,28,16,Party & Casual,Coloring & Drawing,Over Forester,Group,10765896728,https://www.roblox.com/games/114628449863206,draw it
draw_guess_party,Paint Albums!,0,1357274,0.6261,2550,2026-06-17,2026-09-12,113,26,Party & Casual,Coloring & Drawing,VSøft,Group,10345261565,https://www.roblox.com/games/127392769658273,speed draw
hide_seek_prop,Shrink Hide & Seek,9636,314252091,0.758,68880,2025-05-04,2026-09-28,522,10,Party & Casual,Childhood Game,shrinking studios,Group,7646154613,https://www.roblox.com/games/137541498231955,prop hunt
hide_seek_prop,[UPD🖌️] Paint to Hide and Seek!,7989,37184663,0.8355,4790,2026-06-14,2026-10-07,116,1,Party & Casual,Childhood Game,Blend In!,Group,10329489265,https://www.roblox.com/games/138205182571367,hide and seek
hide_seek_prop,[UPD] Paint Or Seek [Chameleon],4748,203018877,0.7846,67431,2026-06-06,2026-10-05,124,3,Party & Casual,,10 CCU,Group,10278774552,https://www.roblox.com/games/85245205758607,hide and seek
hide_seek_prop,[🎨] Hide In Pixels,4703,798298,0.7553,213,2026-09-25,2026-10-08,13,0,Party & Casual,Coloring & Drawing,Vyxen,Group,10768026334,https://www.roblox.com/games/97572766830918,hide and seek
hide_seek_prop,💀 Hide or OOF!,4447,807781776,0.863,374145,2024-08-04,2026-10-07,795,1,Party & Casual,Childhood Game,0 CCU Games,Group,6369934270,https://www.roblox.com/games/18799085098,prop hunt
hide_seek_prop,[🏜] Fly Hide & Seek,2525,65399486,0.9142,44597,2025-11-10,2026-09-14,332,24,Party & Casual,Childhood Game,Six Stones Games,Group,9142917248,https://www.roblox.com/games/95094324354820,prop hunt
hide_seek_prop,📸 Hide from Camera or Die! 💀,2351,3367021,0.5706,3556,2026-09-02,2026-10-08,36,0,Party & Casual,,Avid Experiences,Group,10764794065,https://www.roblox.com/games/98242614091515,hide and seek
hide_seek_prop,Cluck or Hide!🐔,2072,90374961,0.849,49140,2026-02-22,2026-09-29,228,9,Party & Casual,Childhood Game,sausagerate,User,9776222468,https://www.roblox.com/games/82539019711975,prop hunt
hide_seek_prop,[🎃] Mega Hide and Seek!,1845,546722895,0.8407,106530,2020-09-19,2026-10-01,2210,7,Party & Casual,Childhood Game,- Blox Games -,Group,2020908522,https://www.roblox.com/games/5708035517,hide and seek
hide_seek_prop,[UPD] Build and Hide to Survive VERITY,1843,2798096,0.793,1463,2026-08-24,2026-10-07,45,1,Survival,Escape,bright's basement,Group,10758590316,https://www.roblox.com/games/123393202531499,hide and seek
hide_seek_prop,Hide and Seek Extreme,1776,3422742328,0.9112,988283,2015-01-18,2026-08-28,4281,41,Party & Casual,Childhood Game,Tim7775,User,93740418,https://www.roblox.com/games/205224386,hide and seek
hide_seek_prop,BUILD AND HIDE TO SURVIVE,1009,42870979,0.8095,21145,2026-05-10,2026-10-03,151,5,Survival,,jacobis,Group,10149910491,https://www.roblox.com/games/139995416758538,prop hunt
hide_seek_prop,Hide the body,973,398180486,0.8557,131594,2025-06-01,2026-10-08,494,0,Strategy,,Doge Cloud,Group,7823137182,https://www.roblox.com/games/81239378558719,prop hunt
hide_seek_prop,🕵️‍♂️ Hide And Morph [UPD 15],564,93842664,0.8657,21052,2025-11-09,2026-09-11,333,27,Party & Casual,Childhood Game,TriggerCats Studio,Group,9132924283,https://www.roblox.com/games/92443936807887,prop hunt
hide_seek_prop,[🍁] Ricochet or Hide!,436,4757901,0.9041,33356,2026-02-14,2026-10-03,236,5,Party & Casual,Minigame,GMITE TEAM,Group,9725948265,https://www.roblox.com/games/80322535399269,hide and seek
hide_seek_prop,Seeker vs Hider,423,59138507,0.8515,68344,2024-07-04,2026-10-06,826,2,Survival,1 vs All,Panhandle,Group,6216142007,https://www.roblox.com/games/18336470541,hide and seek
hide_seek_prop,Hide ur Base and Steal 🤫,388,8442024,0.9059,26563,2026-08-18,2026-10-02,51,6,Simulation,Tycoon,Sutik x Tommy,Group,10737127681,https://www.roblox.com/games/80844740579381,prop hunt
hide_seek_prop,100 Player Mega Hide and Seek! 💯,381,82461953,0.8096,11668,2020-12-09,2026-06-17,2129,113,Party & Casual,Childhood Game,- Blox Games -,Group,2198666251,https://www.roblox.com/games/6063653725,hide and seek
hide_seek_prop,Hide the Friend,315,83092644,0.762,7135,2025-07-22,2026-09-04,443,34,Strategy,,SilIy Creations,Group,8228371304,https://www.roblox.com/games/98138235237704,hide and seek
hide_seek_prop,[🎃UPD] Paint Sneak and Seek! 🎨,282,4235954,0.5,147,2026-06-14,2026-10-07,116,1,Party & Casual,Childhood Game,RobloPrincesser,User,10323568118,https://www.roblox.com/games/106592406297543,hide and seek
hide_seek_prop,HIDE FROM THE VILLAIN,281,35132793,0.907,85909,2026-04-12,2026-09-12,179,26,Survival,1 vs All,Splitline: World,Group,10029297024,https://www.roblox.com/games/97463774278378,prop hunt
hide_seek_prop,Hide and Seek Color Block,248,96999242,0.8596,62367,2023-03-10,2025-10-26,1308,347,Party & Casual,Childhood Game,AE Minigames,Group,4464597417,https://www.roblox.com/games/12741076670,hide and seek
hide_seek_prop,Build Hide Seek  🔨,192,22816677,0.7063,8052,2025-07-14,2026-09-20,451,18,Party & Casual,Childhood Game,Build Hide Seek,Group,8156949424,https://www.roblox.com/games/90452499792903,hide and seek
hide_seek_prop,Invisible Hide and Seek,156,121992521,0.8735,35543,2025-07-04,2026-08-11,461,58,Party & Casual,Childhood Game,kapha studios,Group,8070345443,https://www.roblox.com/games/97479046766439,hide and seek
hide_seek_prop,[🎨] Paint And SEEK!,150,105586081,0.724,42949,2026-04-02,2026-10-05,189,3,Survival,1 vs All,Blend In Or Die,Group,9977954973,https://www.roblox.com/games/78724049937437,hide and seek
hide_seek_prop,Hide From Mom! 🤫,130,9527189,0.7711,4741,2025-12-08,2026-07-17,304,83,Survival,Escape,Silly Pixel Studios,Group,9322514199,https://www.roblox.com/games/105099067392972,hide and seek
hide_seek_prop,Morph and Hide,102,12922506,0.9133,6944,2025-12-20,2026-08-23,292,46,Party & Casual,Childhood Game,Royal Red Panda,Group,9392386821,https://www.roblox.com/games/130769541704315,prop hunt
hide_seek_prop, [UPD] Paint To Hide!,82,84493893,0.7294,27504,2026-05-19,2026-08-01,142,68,Party & Casual,Childhood Game,Chabungus X Cache Flow,Group,10188394289,https://www.roblox.com/games/105281019603659,hide and seek
hide_seek_prop,Color Hide and Seek,81,267047749,0.803,76481,2023-03-14,2026-06-01,1304,129,Party & Casual,Childhood Game,BlueBirdStudio,Group,4476373373,https://www.roblox.com/games/12781347095,hide and seek
hide_seek_prop,[⭐ LEVELS!] Hide the Button! 🔴,77,9337645,0.9109,17728,2025-05-17,2026-08-18,509,51,Party & Casual,Minigame,@Zyleak,Group,7717590013,https://www.roblox.com/games/123079846702355,hide and seek
hide_seek_prop,Hide the Boys,72,36546016,0.7819,10143,2025-10-18,2026-09-23,355,15,Strategy,,CozyCreations,Group,8969332002,https://www.roblox.com/games/96556882650115,prop hunt
hide_seek_prop,"Change and Hide: Kubuś Waterrr Prop Hunt!
",64,413039,0.45,72,2026-06-11,2026-10-02,119,6,Party & Casual,,ŻABY BABY,Group,10308829948,https://www.roblox.com/games/76880326940689,prop hunt
hide_seek_prop,Hide To Survive Tower,45,47403821,0.8916,15224,2025-09-02,2026-08-11,401,58,Obby & Platformer,Tower Obby,Mad Towers,Group,8617162447,https://www.roblox.com/games/111867284719569,hide and seek
hide_seek_prop,[👮]Hide from Giant,42,22800277,0.8485,12618,2025-07-01,2026-09-21,464,17,Party & Casual,Childhood Game,Christopher's Hideout,Group,8042767491,https://www.roblox.com/games/134486861481740,hide and seek
hide_seek_prop,Hide Troll Tower,39,14928763,0.9262,12954,2025-08-19,2026-01-31,415,250,Obby & Platformer,Tower Obby,Tower Arcade,Group,8487827163,https://www.roblox.com/games/91023000544333,hide and seek
hide_seek_prop,Hide n Snipe,34,2938729,0.955,21047,2026-07-19,2026-10-01,81,7,Party & Casual,Minigame,Big Friendly Noob,Group,10531449187,https://www.roblox.com/games/86593585975999,hide and seek
hide_seek_prop,Toy Hide & Seek 🧸,30,4659871,0.5347,1248,2025-06-30,2026-09-25,465,13,Party & Casual,Childhood Game,Peekabo,Group,8037845630,https://www.roblox.com/games/118826762330296,hide and seek
hide_seek_prop,Animal Hide & Seek,28,35095844,0.9075,29356,2025-08-16,2026-08-04,418,65,Party & Casual,,Fun Hiding Games,Group,8458524185,https://www.roblox.com/games/137595135496924,hide and seek
hide_seek_prop,🎨 Paint Hide and Seek!,27,2777841,0.6691,742,2026-05-29,2026-09-08,132,30,Party & Casual,Childhood Game,Steamboat Games,Group,10241104078,https://www.roblox.com/games/126065241105672,hide and seek
hide_seek_prop,Hide Your Body Parts,24,15642737,0.8963,18386,2025-09-18,2026-09-06,385,32,Party & Casual,Childhood Game,Hide your body parts game,Group,8745312718,https://www.roblox.com/games/130662936949299,hide and seek
hide_seek_prop,Brainrot Morph and HIDE!,24,46726969,0.5521,4967,2025-10-27,2026-01-05,346,276,Party & Casual,Childhood Game,Big Brain Factory,Group,9041354338,https://www.roblox.com/games/129854327403392,hide and seek
hide_seek_prop, 🔪Hide Or Be Hunted! [BETA],23,2639279,0.6988,1355,2026-03-03,2026-10-01,219,7,Survival,1 vs All,StarSoul Studios,Group,9826598946,https://www.roblox.com/games/86933115163590,prop hunt
hide_seek_prop,HIDE [VR],22,22839130,0.7752,17581,2024-08-23,2025-05-23,776,503,Survival,1 vs All,Game Pump,Group,6459237116,https://www.roblox.com/games/92556658033628,hide and seek
hide_seek_prop,Camo Hide & Seek,20,78419179,0.6871,20667,2025-01-12,2026-05-04,634,157,Party & Casual,Childhood Game,Camo Creations,Group,7078228955,https://www.roblox.com/games/118998532455817,hide and seek
hide_seek_prop,Box Hide and Seek,20,4091,0.8333,5,2026-03-17,2026-10-08,205,0,Party & Casual,Childhood Game,Hippo Production,Group,9898452638,https://www.roblox.com/games/121108866481247,hide and seek
hide_seek_prop,Hands Hide and Seek,18,64325291,0.7817,19195,2024-10-15,2025-08-11,723,423,Party & Casual,Childhood Game,Simple Seek Studios,Group,6679764347,https://www.roblox.com/games/109105541318739,hide and seek
hide_seek_prop,Seek,18,53778624,0.7507,12152,2024-11-07,2026-05-07,700,154,Party & Casual,Childhood Game,Crazay Seek,Group,6767198267,https://www.roblox.com/games/80787774803348,hide and seek
hide_seek_prop,Hide and Sneak,17,311053009,0.7563,71518,2023-04-16,2026-06-10,1271,120,Party & Casual,Childhood Game,Hide and Sneak Group,Group,4592143244,https://www.roblox.com/games/13157638696,prop hunt
hide_seek_prop,Play Cats: Hide and Seek,17,23915387,0.9056,21543,2023-03-09,2026-02-05,1309,245,Party & Casual,Childhood Game,F84 Games,Group,4462501891,https://www.roblox.com/games/12734640559,hide and seek
hide_seek_prop,Granny Hide and Seek! [Update PT.1],16,2756375,0.776,1268,2024-08-09,2026-10-03,790,5,Survival,,DG Legend,Group,6393207654,https://www.roblox.com/games/18875658409,hide and seek
hide_seek_prop,Among Us Hide: And Seek,15,10548124,0.7393,2416,2023-01-05,2026-07-08,1372,92,Party & Casual,Childhood Game,Inadequate Games Studio,Group,4257182721,https://www.roblox.com/games/12050711860,hide and seek
hide_seek_prop,[UPD] Hide the Brainrot,13,49665833,0.9589,25228,2025-05-30,2026-01-12,496,269,Strategy,,Random Tycoon Games,Group,7803045809,https://www.roblox.com/games/100065393512635,hide and seek
hide_seek_prop,🔥 Camo Masters 🎨 Chameleon Paint Hide & Seek,12,379559,0.5714,56,2026-07-29,2026-10-08,71,0,Party & Casual,Childhood Game,ERTAR STUDIO,Group,10594388872,https://www.roblox.com/games/103761711146866,hide and seek
hide_seek_prop,[🔥New Skill] Among Us: Hide And Seek🚀,8,76178694,0.6557,19606,2020-11-24,2026-03-04,2144,218,Party & Casual,Childhood Game,luandun games fans,Group,2162665986,https://www.roblox.com/games/5994750409,hide and seek
hide_seek_prop,Hide and Seek Prop Hunt,7,1789203,0.7864,957,2025-11-30,2026-01-08,312,273,Party & Casual,Childhood Game,Mashkov Studio,Group,9275594410,https://www.roblox.com/games/109095501650701,prop hunt
hide_seek_prop,RIVALS Prop Hunt 📦,6,543818,0.5215,474,2026-03-27,2026-07-23,195,77,Action,,Pyroxidite's Club,Group,9949280505,https://www.roblox.com/games/83926889731619,prop hunt
hide_seek_prop,💀 Hide or Die Tower!,5,5278358,0.8245,2673,2023-06-28,2026-06-11,1198,119,Obby & Platformer,Tower Obby,Interactive Obbies!,Group,4816644506,https://www.roblox.com/games/13894530514,hide and seek
hide_seek_prop,[MUSEUM] Hide in Plain Sight! 🎨,5,369590,0.5852,134,2026-06-28,2026-08-10,102,59,Party & Casual,Childhood Game,Plain Sight Games,Group,10410224744,https://www.roblox.com/games/112146781421413,hide and seek
hide_seek_prop,Hide or Die | Among us,5,17522524,0.7823,2504,2024-07-02,2026-06-19,828,111,Survival,1 vs All,Silver Carapace,Group,6204981220,https://www.roblox.com/games/18302552662,hide and seek
hide_seek_prop,Shrink Hide and Seek Cat Escape,4,40713,0.7018,40,2026-09-23,2026-10-06,15,2,Survival,,KiziGames,Group,10767691596,https://www.roblox.com/games/127811708787932,hide and seek
tag_arena,Timebomb Duels [Alpha],17246,931422780,0.6461,227902,2022-10-25,2026-10-07,1444,1,Party & Casual,,Customs Community,Group,4049246711,https://www.roblox.com/games/11379739543,bomb tag
tag_arena,Duck Duck (Tag) 🦆,13882,21935318,0.891,52006,2026-03-02,2026-10-07,220,1,Party & Casual,Childhood Game,Quack Quack Co.,Group,9825259729,https://www.roblox.com/games/135486323963203,tag
tag_arena,Hot Potato 🥔💥,4416,41338725,0.7424,15087,2026-06-27,2026-09-06,103,32,Party & Casual,,Potato Experience,Group,10403820097,https://www.roblox.com/games/72001091182267,hot potato
tag_arena,🕷️Spidey Bomb Tag,1934,2142865,0.888,2300,2026-08-11,2026-10-02,58,6,Party & Casual,Childhood Game,Ascending Studiozz,Group,10680598091,https://www.roblox.com/games/114692072521342,bomb tag
tag_arena,Monkey Bomb Tag,1851,175500643,0.8689,195865,2026-01-15,2026-09-15,266,23,Party & Casual,Childhood Game,Crazay Art,Group,9564673841,https://www.roblox.com/games/108843562394237,tag
tag_arena,Baboon Tag X,1386,110770935,0.9295,147573,2025-10-11,2026-09-04,362,34,Party & Casual,Childhood Game,Scary baboon Fans!,Group,8925924444,https://www.roblox.com/games/73908022013371,tag
tag_arena,TimeBomb AnkleBreak!,1380,90084010,0.8252,59754,2026-02-19,2026-09-28,231,10,Party & Casual,Minigame,Notrox Studios,Group,9758027784,https://www.roblox.com/games/100178831086674,hot potato
tag_arena,untitled tag game,1236,440694950,0.9028,650987,2023-07-12,2026-10-06,1184,2,Action,Battlegrounds & Fighting,_create,Group,4864117649,https://www.roblox.com/games/14044547200,tag
tag_arena,Drift Tag,1097,76602265,0.8334,201195,2025-08-12,2026-10-08,422,0,Simulation,Vehicle Sim,Tandem Labs,Group,8420907710,https://www.roblox.com/games/112966546347918,bomb tag
tag_arena,[🧟] Zombie Tag,784,11705417,0.8245,13822,2026-06-14,2026-10-05,116,3,Party & Casual,,K4 Games 2,Group,10325203255,https://www.roblox.com/games/115271102524896,tag
tag_arena,Scary Gorilla Tag,770,10689492,0.9103,6738,2026-07-19,2026-10-03,81,5,Survival,Escape,TheAnkleLocks,User,10529506596,https://www.roblox.com/games/130044404408899,tag
tag_arena,Super Tag,617,40798198,0.7753,32394,2026-03-09,2026-09-16,213,22,Party & Casual,Childhood Game,Super Tag Community,Group,9859948536,https://www.roblox.com/games/137141927876398,tag
tag_arena,Timebomb Tag 💣💥,513,18871612,0.8537,32133,2026-04-21,2026-10-04,170,4,Party & Casual,Minigame,TagYourItGames,Group,10062969908,https://www.roblox.com/games/71150159809417,bomb tag
tag_arena,💣 Time Bomb,463,96048300,0.739,41961,2025-12-22,2026-04-11,290,180,Party & Casual,,The Bomb Game,Group,9403708294,https://www.roblox.com/games/114786176505608,bomb tag
tag_arena,🥔 Hot Potato Game,459,23903011,0.7719,26163,2026-03-15,2026-08-15,207,54,Party & Casual,,bunny slippers,Group,9889449035,https://www.roblox.com/games/138070590158356,hot potato
tag_arena,💣 100 Players Bomb Tag,410,19259789,0.6925,21632,2026-04-26,2026-09-28,165,10,Party & Casual,,BOOM CCU,Group,10088001687,https://www.roblox.com/games/120534052146421,hot potato
tag_arena,[UPD] 🤪Super Epic Crazy Tag,268,36962600,0.8037,21603,2025-12-14,2026-05-30,298,131,Party & Casual,Childhood Game,Pengo Blue,Group,9352840896,https://www.roblox.com/games/120398694613042,tag
tag_arena,Timebomb Duels Bots [NEW!],265,14973442,0.526,2680,2026-04-10,2026-10-02,181,6,Party & Casual,,Your Practice Community,Group,10016330005,https://www.roblox.com/games/108201481515147,bomb tag
tag_arena,[UPD 6] Timebomb Ultimate 💣💥,261,42084986,0.841,43130,2026-03-21,2026-09-29,201,9,Party & Casual,Minigame,Wild Natural Games,Group,9914581074,https://www.roblox.com/games/72930661540365,hot potato
tag_arena,Anti-Gravity Timebomb,245,15159441,0.7941,10570,2026-04-06,2026-07-13,185,87,Party & Casual,Minigame,Realismistic Studios,Group,10000174673,https://www.roblox.com/games/132231875274469,bomb tag
tag_arena,🎃 Freeze Tag Ultimate! 🎃,232,25086177,0.7352,4174,2025-05-27,2026-10-01,499,7,Party & Casual,Childhood Game,C.D. Studioᵗᵐ,Group,7785204538,https://www.roblox.com/games/86027188545532,freeze tag
tag_arena,Hot Potato Challenge 🥔,171,341771,0.5773,112,2026-08-02,2026-10-08,67,0,Party & Casual,,blocksinsandals,User,10619203319,https://www.roblox.com/games/125564268583060,hot potato
tag_arena,[🔥UPD] Tag Me,139,4173101,0.7703,17999,2026-05-20,2026-10-07,141,1,Party & Casual,Minigame,JungleGym,Group,10192863425,https://www.roblox.com/games/112442202922754,untitled tag game
tag_arena,✨Baddie Tag,104,10927140,0.683,8421,2026-02-16,2026-10-08,234,0,Action,Battlegrounds & Fighting,Blue Collar Devs,Group,9740748995,https://www.roblox.com/games/79402242188809,untitled tag game
tag_arena,[UPD] HOT POTATO TAG 💥,101,232870,0.5494,228,2026-09-16,2026-10-08,22,0,Party & Casual,Minigame,Explosive Potato,Group,10766689949,https://www.roblox.com/games/80510223246089,hot potato
tag_arena,[💣DUELS] Timebomb,71,1334758,0.5683,803,2026-03-02,2026-09-28,220,10,,,Rainy Creations!,Group,9824885187,https://www.roblox.com/games/120974989666659,bomb tag
tag_arena,Bomb Tag,64,3510264,0.6728,2973,2026-08-13,2026-10-07,56,1,Party & Casual,,Big Empire Games,Group,10696569712,https://www.roblox.com/games/100822965646131,bomb tag
tag_arena,Animal Tag,60,2855904,0.734,1487,2026-06-27,2026-10-03,103,5,Party & Casual,Childhood Game,RoDark Studios,Group,10403836075,https://www.roblox.com/games/126251350716485,tag
tag_arena,💣TimeBomb [BONEBREAK],57,8188987,0.6987,1477,2026-03-07,2026-09-28,215,10,Party & Casual,Minigame,Vins UGC,Group,9845363441,https://www.roblox.com/games/122948384755673,bomb tag
tag_arena,Baboon Tag Ultra,41,36106119,0.7132,6637,2025-01-26,2026-10-06,620,2,Party & Casual,Childhood Game,Dev Builds,Group,7151023620,https://www.roblox.com/games/110507045583849,untitled tag game
tag_arena,Spider Tag!,34,38225506,0.7359,15190,2025-02-08,2026-09-01,607,37,Simulation,Physics Sim,Spider tag community,Group,7214624424,https://www.roblox.com/games/73246175539536,untitled tag game
tag_arena,Ape Tag,24,5557484,0.6915,2833,2025-09-06,2026-06-20,397,110,Party & Casual,Childhood Game,Tag Studio॰,Group,8642798843,https://www.roblox.com/games/139732518441620,tag
tag_arena,Gorilla Tag Ultra,24,2620561,0.6798,1170,2026-02-28,2026-07-30,222,70,Party & Casual,Childhood Game,Gorilla Gunned,Group,9810882498,https://www.roblox.com/games/137525660799211,untitled tag game
tag_arena,Scary Gorilla Tag,22,1366007,0.6673,355,2026-02-14,2026-08-29,236,40,Party & Casual,Childhood Game,ElariaX,Group,9725679712,https://www.roblox.com/games/86549058574907,freeze tag
tag_arena,Timebomb Practice,22,947554,0.6762,447,2026-03-01,2026-08-27,221,42,,,cauleyn,User,9821891203,https://www.roblox.com/games/140215043474960,bomb tag
tag_arena,Slime Tag,21,313614,0.8756,359,2026-05-05,2026-10-08,156,0,Party & Casual,Childhood Game,Six Stones Games,Group,10126300142,https://www.roblox.com/games/88367887541934,freeze tag
tag_arena,Timebomb Duels Practice,19,1595561,0.4521,429,2026-01-16,2026-09-11,265,27,Utility & Other,,Simozr Studios,Group,9572596390,https://www.roblox.com/games/95465314598366,bomb tag
tag_arena,Brainrot Tag,18,7000655,0.7779,4365,2025-12-12,2026-05-29,300,132,Party & Casual,Childhood Game,Brainrot Tag,Group,9339878322,https://www.roblox.com/games/72185960388291,tag
tag_arena,Laser Tag,18,24135431,0.7725,9828,2024-10-29,2026-02-11,709,239,Shooter,Deathmatch Shooter,BloxCrafters Emerald,Group,6732707089,https://www.roblox.com/games/93560146903563,tag
tag_arena,[💣] Timebomb FFA [KILL VFX],18,1239802,0.6298,456,2026-03-17,2026-09-20,205,18,Action,,clamtour,User,9898963758,https://www.roblox.com/games/81229971495180,bomb tag
tag_arena,Velocity Tag,15,27172619,0.7435,13254,2023-03-11,2026-08-06,1307,63,Party & Casual,Childhood Game,Studio Cubicular,Group,4465524832,https://www.roblox.com/games/12744263816,untitled tag game
tag_arena,Chase Tag Duels,14,4388389,0.5579,2735,2026-04-01,2026-05-29,190,132,Party & Casual,,GoofyProduction,Group,9970876316,https://www.roblox.com/games/107498616402922,untitled tag game
tag_arena,Zoomies Tag! ,13,419511,0.7605,740,2026-02-25,2026-10-04,225,4,Party & Casual,Minigame,Yuki is Hungry,Group,9793784841,https://www.roblox.com/games/108396564417881,freeze tag
tag_arena,Turbo Tag ⚡ [UPD],12,1773088,0.9055,5767,2026-05-14,2026-10-07,147,1,Party & Casual,Minigame,DevX Gaming,Group,10166723287,https://www.roblox.com/games/86549526743976,tag
tag_arena,Cat Chaos Tag,12,2334386,0.7464,3119,2026-05-09,2026-08-09,152,60,Party & Casual,Childhood Game,67z Studios,Group,10143298274,https://www.roblox.com/games/107507767868367,tag
tag_arena,BOYS VS GIRLS LASER TAG,12,17136592,0.5831,6740,2024-08-16,2026-09-04,783,34,Shooter,Deathmatch Shooter,Koolidin,User,6427131807,https://www.roblox.com/games/18974202390,tag
tag_arena,Gorilla Tag But Good 🦍,10,1894448,0.5055,549,2025-02-01,2026-10-03,614,5,Party & Casual,Childhood Game,RahulTamilGaming Zone,Group,7179106211,https://www.roblox.com/games/83573893615489,untitled tag game
tag_arena,Bull Freeze Tag [🧊],10,119568,0.4286,24,2026-07-21,2026-10-01,79,7,Survival,Escape,Roughstock Rodeo Association,Group,10539352970,https://www.roblox.com/games/126505043049499,freeze tag
tag_arena,Sniper Tag 🎯,9,40098867,0.7131,49046,2025-05-19,2026-10-08,507,0,Shooter,Deathmatch Shooter,Pondu,Group,7730051441,https://www.roblox.com/games/108235899254530,untitled tag game
tag_arena,Bomb Tag 💣,9,21851525,0.5854,7330,2022-06-25,2026-09-19,1566,19,Party & Casual,Minigame,Explosive Entertainment.,Group,3690755040,https://www.roblox.com/games/10025310583,bomb tag
tag_arena,Brainrot Tag!,8,1828302,0.7665,627,2026-01-13,2026-09-11,268,27,Party & Casual,Childhood Game,Huge CCU Games,Group,9553674352,https://www.roblox.com/games/103372023280442,tag
tag_arena,[🏍️💣] Motorcycle Bomb Tag,7,204279,0.5854,24,2026-08-11,2026-10-05,58,3,Simulation,Vehicle Sim,Drag Tag,Group,10677677868,https://www.roblox.com/games/106405214306027,bomb tag
tag_arena,🎮 Tag: Ankle Break Edition,6,1242619,0.6187,688,2026-02-16,2026-09-27,234,11,Party & Casual,Childhood Game,this_toasted,User,9737781356,https://www.roblox.com/games/119142137467066,untitled tag game
tag_arena,Play Cats: Tag!,6,10106654,0.8421,4476,2023-06-27,2024-02-22,1199,959,Party & Casual,Childhood Game,F84 Games,Group,4810625994,https://www.roblox.com/games/13875652550,freeze tag
tag_arena,Monkey Tag Experience,3,102906998,0.7491,46373,2022-02-20,2026-08-25,1691,44,Party & Casual,Childhood Game,BreetRBLX,User,3357382017,https://www.roblox.com/games/8877152338,tag
tag_arena,🧊 FREEZE TAG!,2,50214,0.4889,44,2026-09-23,2026-10-07,15,1,Survival,,"Freeze, Freeze, Freeze!",Group,10767789989,https://www.roblox.com/games/81338556784758,freeze tag
tag_arena,+1 Speed Time Bomb Escape,2,3812572,0.8899,7758,2026-03-04,2026-09-28,218,10,Simulation,Incremental Simulator,Speed Bomb Games,Group,9832223467,https://www.roblox.com/games/123464674284626,bomb tag
tag_arena,TAG! [ALPHA],1,674559,0.8016,719,2020-06-01,2026-10-08,2320,0,Party & Casual,Minigame,PlayTAG!,Group,1778430044,https://www.roblox.com/games/5121929384,tag
tag_arena,[legacy] untitled tag game,1,72544527,0.8433,122906,2021-12-26,2026-03-05,1747,217,Party & Casual,Childhood Game,_create,Group,3202699936,https://www.roblox.com/games/8365905206,untitled tag game
tag_arena,💣 Ninja Bomb Tag,1,361773,0.901,1674,2026-05-06,2026-08-01,155,68,Party & Casual,Childhood Game,Ninja Bomb Tag,Group,10131572695,https://www.roblox.com/games/81465130973071,bomb tag
car_stunt_drift,Driving Empire,25787,3342956773,0.9301,2537346,2019-06-23,2026-10-07,2664,1,Simulation,Vehicle Sim,Driving Empire by Voldex,Group,1202096104,https://www.roblox.com/games/3351674303,car racing
car_stunt_drift,(WHEELIE STYLE x BIG UPDATE) Drag Drive Simulator,14698,629986962,0.9562,193189,2025-01-15,2026-10-02,631,6,Simulation,Vehicle Sim,ADV Gamers Team,Group,7089588429,https://www.roblox.com/games/131378148336503,drift simulator
car_stunt_drift,(BETA) Drive A Kukirin!,11496,76266633,0.8888,46227,2026-08-05,2026-10-07,64,1,Simulation,Vehicle Sim,Gogos Games Studios,Group,10634461028,https://www.roblox.com/games/71704434889758,drift simulator
car_stunt_drift,Ghost Driver [ALPHA],10029,93872038,0.9757,512024,2026-05-16,2026-10-07,145,1,Simulation,Vehicle Sim,Tilted Vehicles,Group,10173311467,https://www.roblox.com/games/137228775845999,drift
car_stunt_drift,Steal A Car,9127,10874799,0.9009,7751,2026-09-04,2026-10-08,34,0,Simulation,Tycoon,By Car Stealers,Group,10765153945,https://www.roblox.com/games/87740422849523,car racing
car_stunt_drift,💭Dream Car Collection ,7856,13521747,0.9547,32113,2026-08-09,2026-10-08,60,0,Simulation,Incremental Simulator,F Students = Inventors,Group,10667357873,https://www.roblox.com/games/76841016201110,stunt cars
car_stunt_drift,[☀️] Car Suspension Test,3420,638893780,0.8658,123175,2021-05-15,2026-09-29,1972,9,Simulation,Vehicle Sim,TypKris,User,2589957623,https://www.roblox.com/games/6816975827,car racing
car_stunt_drift,[🌴NEW MAP]🚗Midnight Chasers: Highway Racing,3260,316664232,0.9752,987619,2023-06-21,2026-10-07,1205,1,Simulation,Vehicle Sim,Midnight In-dev,Group,4793836769,https://www.roblox.com/games/13822562292,car racing
car_stunt_drift,[NEW CAR] Car Driving Ultimate,3145,257748063,0.7873,30671,2022-10-02,2026-10-07,1467,1,Simulation,Vehicle Sim,creepertrolllol2434,User,3986508457,https://www.roblox.com/games/11145865512,car racing
car_stunt_drift,[RANKED!] Car Zone 🏎️ Racing & Drifting,3019,157106760,0.9669,263119,2024-11-02,2026-10-07,705,1,Simulation,Vehicle Sim,CODIV Studio,Group,6751447237,https://www.roblox.com/games/80200604311136,car racing
car_stunt_drift,[New Car!🛫] Car Crushers 2 - Physics Simulation,2802,1370455479,0.9347,1981332,2017-02-11,2026-10-06,3526,2,Simulation,Vehicle Sim,Car Crushers Community,Group,274816972,https://www.roblox.com/games/654732683,drift simulator
car_stunt_drift,[NEW] Drive World,2433,505792288,0.9361,613972,2022-08-24,2026-10-06,1506,2,Simulation,Vehicle Sim,Drive World | Twin Atlas,Group,3876150506,https://www.roblox.com/games/10704789056,car racing
car_stunt_drift,"[HIGHWAY TRAFFIC] Roanoke, VA Driving RP",2339,189635035,0.9115,380304,2018-09-27,2026-10-07,2933,1,Simulation,Vehicle Sim,"Roanoke, VA",Group,850110028,https://www.roblox.com/games/2418863943,drift simulator
car_stunt_drift,STUNT-DRAG-CUSTOM RACES | Realistic Car Driving™,2321,246435473,0.936,506992,2020-10-14,2026-10-07,2185,1,Simulation,Vehicle Sim,Ferdi26,User,2073329983,https://www.roblox.com/games/5829141886,stunt cars
car_stunt_drift,Carros Rebaixados BR (Pre-Alpha),2184,292100121,0.865,20627,2019-06-01,2026-04-19,2686,172,Simulation,Vehicle Sim,godxlikee,User,1171251167,https://www.roblox.com/games/3242417672,drift simulator
car_stunt_drift,Nitro Car,2142,355720743,0.8767,52471,2024-05-23,2026-10-08,868,0,Simulation,Vehicle Sim,TypStef,User,6019027471,https://www.roblox.com/games/17581668152,stunt cars
car_stunt_drift,Car Flipper [+5 CARS],2102,58668972,0.9342,55413,2026-03-05,2026-10-02,217,6,Simulation,Vehicle Sim,A&B Group,Group,9837325548,https://www.roblox.com/games/136533956395153,drift simulator
car_stunt_drift,Steal all Cars,1985,4156697,0.9697,18362,2026-08-25,2026-10-08,44,0,Simulation,Tycoon,Steal all Cars,Group,10761143648,https://www.roblox.com/games/94846670791126,stunt cars
car_stunt_drift,[RIMS!] Car Sales 2 🏎️,1903,65197423,0.8254,27212,2025-12-15,2026-10-05,297,3,Simulation,Vehicle Sim,Red Monster's Studios,Group,9364041968,https://www.roblox.com/games/112626674737178,stunt cars
car_stunt_drift,+1 Car Vs Platforms,1902,6986540,0.9161,7962,2026-09-10,2026-10-05,28,3,Simulation,Incremental Simulator,NO CLICKBAIT!!,Group,10765874762,https://www.roblox.com/games/85534904187158,car racing
car_stunt_drift,[UPD] Drift 36,1553,78501467,0.9448,137895,2025-09-05,2026-10-05,398,3,Simulation,Vehicle Sim,AutoBlox Games,Group,8641602265,https://www.roblox.com/games/109170650911069,drift
car_stunt_drift,Formula Apex Racing,1530,165973667,0.8767,136388,2020-11-19,2026-10-05,2149,3,Sports & Racing,Racing,Project:Apex,Group,2153167977,https://www.roblox.com/games/5976159288,car racing
car_stunt_drift,"🍂 (FALL UPDATE + DRIFT XP) Young Street, Ontario",1374,13507285,0.9725,93504,2026-03-28,2026-10-07,194,1,Simulation,Vehicle Sim,"Young Street, Ontario",Group,9950184599,https://www.roblox.com/games/139439863257440,drift
car_stunt_drift,[DATA FIX🛠] Baseplate Drifting,1294,35986920,0.741,8609,2026-03-26,2026-10-03,196,5,Simulation,Vehicle Sim,Burnout Labs,Group,9942734820,https://www.roblox.com/games/108227239615000,drift simulator
car_stunt_drift,[UPDATE] Destroy A Car!,1277,32960066,0.9242,47529,2025-05-09,2026-10-08,517,0,Simulation,Vehicle Sim,alphagamess,Group,7667716861,https://www.roblox.com/games/94240905092928,car racing
car_stunt_drift,Drift Tag,1097,76602265,0.8334,201195,2025-08-12,2026-10-08,422,0,Simulation,Vehicle Sim,Tandem Labs,Group,8420907710,https://www.roblox.com/games/112966546347918,drift
car_stunt_drift,Vehicle Legends 🏎️ Cars!,1075,1953860940,0.9445,1422210,2020-01-02,2026-09-29,2471,9,Simulation,Vehicle Sim,QuadraTech,Group,1480782352,https://www.roblox.com/games/4566572536,car racing
car_stunt_drift,[🚗NEW CAR!] Corsa Legends [ALPHA],961,33935568,0.9708,134084,2024-11-11,2026-09-26,696,12,Simulation,Vehicle Sim,Cogito,Group,6786784563,https://www.roblox.com/games/122720857080780,car racing
car_stunt_drift,Midnight Racing: Tokyo,924,184580775,0.8985,256598,2019-06-20,2026-10-06,2667,2,Sports & Racing,Racing,devGem,Group,1198533421,https://www.roblox.com/games/3339374541,drift
car_stunt_drift,CAR CRASH🚗,856,169794023,0.9265,168266,2024-02-24,2026-10-08,957,0,Simulation,Vehicle Sim,taivip9999999,User,5683563195,https://www.roblox.com/games/16501421966,drift simulator
car_stunt_drift,[🏎️] Break For Cars,844,41353011,0.9895,118987,2026-03-09,2026-10-08,213,0,Simulation,Tycoon,Quick Production,Group,9860573128,https://www.roblox.com/games/128375343601361,car racing
car_stunt_drift,ROBLOX Rally Racing,754,154760049,0.9064,133942,2020-05-06,2026-09-02,2346,36,Sports & Racing,Racing,Roblox Rallying Group,Group,1719305066,https://www.roblox.com/games/4992570197,car racing
car_stunt_drift,Ban Thai Racing (New Map) 🏍️ ,740,13310837,0.9189,1893,2025-08-31,2026-10-03,403,5,Simulation,Vehicle Sim,BanThai,Group,8599500903,https://www.roblox.com/games/117722220899020,car racing
car_stunt_drift,Drifting Simulator,724,51971981,0.8093,7556,2021-04-12,2026-06-13,2005,117,Simulation,Vehicle Sim,miruku_324,User,2512941980,https://www.roblox.com/games/6673427416,drift simulator
car_stunt_drift,Train VS Cars (Remastered),661,29832208,0.7623,2778,2022-05-12,2026-10-08,1610,0,Simulation,Vehicle Sim,aptarahaerja234,User,3574036282,https://www.roblox.com/games/9606797934,car racing
car_stunt_drift,🏎️[NEW MAP + NEW CARS] Velocity Drift [ALPHA],660,44033306,0.7822,11921,2024-10-08,2026-10-05,730,3,Simulation,Vehicle Sim,Viznry Studios,Group,6651015197,https://www.roblox.com/games/125218014781276,drift
car_stunt_drift,Dealership Tycoon 🏎️ Cars,624,186325328,0.9555,164086,2023-08-17,2026-09-29,1148,9,Simulation,Tycoon,The Game Chefs,Group,4998613478,https://www.roblox.com/games/14475792710,car racing
car_stunt_drift,[🏎️] Create a Car [ALPHA],614,8784200,0.9099,43916,2026-03-18,2026-10-02,204,6,Simulation,Tycoon,AssemblerX,Group,9903605866,https://www.roblox.com/games/134772864249515,stunt cars
car_stunt_drift,[🚗NEW CARS🚗] Orinoco Trail ,510,18165872,0.8216,2735,2025-06-17,2026-10-04,478,4,Simulation,Vehicle Sim,ADR studios Official,Group,7937468368,https://www.roblox.com/games/70506515719092,stunt cars
car_stunt_drift,Dangerous Car Driving,506,26413715,0.9727,184651,2026-02-21,2026-10-07,229,1,Obby & Platformer,,Can’t stop driving,Group,9770694138,https://www.roblox.com/games/102183406132316,car racing
car_stunt_drift,Highway Drifting: Hajwala,497,26593875,0.887,27412,2026-02-19,2026-09-03,231,35,Simulation,Vehicle Sim,Coyote Jaguar Games,Group,9759989445,https://www.roblox.com/games/108180124695820,drift
car_stunt_drift,Cars VS Tape,485,41765078,0.9809,167258,2026-06-21,2026-10-07,109,1,Simulation,Incremental Simulator,Speedy Car Games,Group,10372351735,https://www.roblox.com/games/98393605725180,car racing
car_stunt_drift,Cars Physics Drive 2 ,454,95093542,0.9156,102100,2025-05-06,2026-10-08,520,0,Simulation,Vehicle Sim,Zerito's Squad,Group,7655784257,https://www.roblox.com/games/93706192583405,stunt cars
car_stunt_drift,Driving Test 🚗,416,14945348,0.6796,14564,2025-11-30,2026-09-12,312,26,Obby & Platformer,,Super Fun Noob Games,Group,9273584416,https://www.roblox.com/games/75927771299860,drift
car_stunt_drift, Formula V8 Racing Roblox,349,45241524,0.819,19506,2025-03-30,2026-10-06,557,2,Sports & Racing,Racing,Formula Roblox V8 Series | Official Community,Group,7462622504,https://www.roblox.com/games/130142513744311,car racing
car_stunt_drift,On The Limit Racing 2,290,6482303,0.8865,8189,2025-09-09,2026-06-27,394,103,Sports & Racing,Racing,Ghøst Entertainment,Group,8676038949,https://www.roblox.com/games/96334784911194,car racing
car_stunt_drift,BERSERK DRIFT X // WIP,286,39154366,0.8639,15649,2025-09-03,2026-09-21,400,17,Sports & Racing,Racing,RevLine Entertainment's,Group,8620926433,https://www.roblox.com/games/136449173422746,drift
car_stunt_drift,[🔴RX-7] Prodigy Drift,284,108371202,0.8977,79765,2022-01-01,2026-10-05,1741,3,Simulation,Vehicle Sim,Network Solutions,Group,3222531984,https://www.roblox.com/games/8424052013,drift simulator
car_stunt_drift,[EDITOR UPDATE] Destroy Cars with Nitro,276,45967764,0.8917,24785,2023-08-21,2026-10-08,1144,0,Simulation,Vehicle Sim,Live For Speed,Group,5012919657,https://www.roblox.com/games/14520819520,stunt cars
car_stunt_drift,Drive X | Cars,257,126189825,0.9337,72624,2024-01-22,2026-05-03,990,158,Simulation,Vehicle Sim,Powerhouse Production,Group,5557213486,https://www.roblox.com/games/16077935683,car racing
car_stunt_drift,Chained Cars [2 Player Obby],251,132150532,0.8684,57592,2024-10-01,2026-06-16,737,114,Obby & Platformer,,Punchline Team,Group,6623153829,https://www.roblox.com/games/128520572013466,car racing
car_stunt_drift,[2X💵] NitroLab Drag Racing🚦,231,6344475,0.9461,47779,2023-05-10,2026-10-06,1247,2,Sports & Racing,Racing,NitroLab Games,Group,4666414595,https://www.roblox.com/games/13405957741,car racing
car_stunt_drift,Drive Down,219,4336616,0.4936,1901,2026-07-05,2026-10-05,95,3,Sports & Racing,Racing,Paralux,Group,10453281197,https://www.roblox.com/games/91217688272180,stunt cars
car_stunt_drift,[RAMPS] Crash Car Physics,217,30503348,0.8636,26928,2025-11-04,2026-08-10,338,59,Simulation,Vehicle Sim,Tilted Vehicles,Group,9103825246,https://www.roblox.com/games/74222369433325,stunt cars
car_stunt_drift,(Pit Stops + Abu Dhabi) Roblox Touring Car Racing ,216,11031570,0.6405,10569,2022-01-26,2026-08-10,1716,59,Roleplay & Avatar Sim,,DAALER STUDIOS,Group,3289347862,https://www.roblox.com/games/8644540140,car racing
car_stunt_drift,Drifting on a Brick 🧱🏎️,191,31961862,0.7498,31685,2021-02-21,2026-05-30,2055,131,Sports & Racing,Racing,Dimension Gaming,Group,2393639258,https://www.roblox.com/games/6428267216,drift
car_stunt_drift,Motorcycle Racing 🏍️,175,70547680,0.987,313081,2025-03-05,2026-10-07,582,1,Simulation,Incremental Simulator,Funny Simulаtors,Group,7332812970,https://www.roblox.com/games/106425431775947,car racing
car_stunt_drift,(Electric Cars) Formula 2026 Racing Roblox,172,10916604,0.724,12662,2025-11-08,2026-10-07,334,1,Sports & Racing,Racing,DAALER STUDIOS,Group,9124064586,https://www.roblox.com/games/116778349066880,car racing
car_stunt_drift,[WORLDS🌏] Steal From Cars!,155,2175207,0.8956,3947,2026-07-03,2026-09-18,97,20,Simulation,Tycoon,священная война,Group,10437463951,https://www.roblox.com/games/99094358662466,stunt cars
car_stunt_drift,Car Deformation testing,145,30628820,0.8299,15482,2024-04-07,2026-09-19,914,19,Simulation,Vehicle Sim,Devhourer,User,5847561303,https://www.roblox.com/games/17057067286,stunt cars
parking_traffic_puzzle,Traffic Flow 🚗 [RELEASE],381,629952,0.5218,3185,2026-07-01,2026-10-03,99,5,Puzzle,,The FoxStudios,Group,10426768719,https://www.roblox.com/games/102524792142207,traffic jam puzzle
parking_traffic_puzzle,[🏆] Car Parking Level 7 🅿️🚗,102,24646481,0.8028,28122,2018-12-15,2026-10-02,2854,6,Simulation,Vehicle Sim,Car Parking Level,Group,952270478,https://www.roblox.com/games/2650107380,parking
parking_traffic_puzzle,Parking Panic,6,11527030,0.6938,22786,2009-09-10,2019-04-05,6237,2743,Puzzle,,tbradm,User,38289378,https://www.roblox.com/games/15675807,parking jam
parking_traffic_puzzle,🚗 Draw Parking,1,676390,0.4232,397,2026-05-01,2026-09-06,160,32,Puzzle,,apokolipses,User,10107126456,https://www.roblox.com/games/111849558388396,parking
pool_billiards,[NEW] 8 Ball Duels,4668,15010183,0.7331,6751,2026-07-18,2026-10-07,82,1,Sports & Racing,Sports,Pool Duels,Group,10526463655,https://www.roblox.com/games/116921506811323,8 ball pool
pool_billiards,🐰 8-Ball Pool Classic 🎱,267,75535232,0.7648,60957,2020-08-08,2026-04-02,2252,189,Sports & Racing,Sports,Jelly Cube,Group,1930696602,https://www.roblox.com/games/5523851880,8 ball pool
pool_billiards,[🎉NEW] 8-Ball X ,37,11558464,0.9741,132743,2025-12-03,2026-09-14,309,24,Sports & Racing,Sports,The Ball Games,Group,9287923678,https://www.roblox.com/games/105423512432229,billiards
pool_billiards,8-Ball Pool,19,16675,0.3125,10,2026-09-16,2026-10-08,22,0,Party & Casual,,New Whip,Group,10766642942,https://www.roblox.com/games/96362412948090,8 ball pool
pool_billiards,8-Ball Pool: 1v1,17,5977163,0.7977,12437,2025-12-28,2026-10-06,284,2,Party & Casual,,8 Ball: Community,Group,9455937882,https://www.roblox.com/games/100870299849334,8 ball pool
pool_billiards,[EFFECTS] 8-Ball Blitz,12,906785,0.7998,935,2026-01-24,2026-09-11,257,27,Party & Casual,Minigame,verified6400,User,9617638457,https://www.roblox.com/games/104661520270089,billiards
pool_billiards,[NEW] 8 Ball Legends,2,15899,0.3333,5,2026-09-24,2026-10-08,14,0,Sports & Racing,Sports,Dream Simulators,Group,10767890376,https://www.roblox.com/games/134094692142495,8 ball pool
mini_golf,Realistic Golf ⛳,500,33863833,0.7295,17167,2025-03-13,2026-08-28,574,41,Sports & Racing,Sports,Sharkie212,User,7372152033,https://www.roblox.com/games/84956402848349,golf
mini_golf,Super Golf!,277,256856010,0.7979,317515,2019-11-29,2026-09-21,2505,17,Sports & Racing,Sports,Nosniy Games,Group,1424449565,https://www.roblox.com/games/4468711919,super golf
mini_golf,⛳Golf Frenzy! ,184,72875688,0.6807,29178,2022-02-06,2026-08-23,1705,46,Sports & Racing,Sports,C:\Games\,Group,3322582746,https://www.roblox.com/games/8755324823,mini golf
mini_golf,Deadly Golf  [UPD],60,12437340,0.9239,30221,2026-05-12,2026-08-04,149,65,Sports & Racing,Sports,OWOWOWO:P,Group,10155795839,https://www.roblox.com/games/124796810499938,golf
mini_golf,[UPD] ☀️Build a Mini Golf 🌴,40,9298695,0.8171,16158,2025-10-27,2026-08-15,346,54,Simulation,Tycoon,Aηтι-SσcιαƖ Ƈσммυηιту,Group,9046316249,https://www.roblox.com/games/113508814820816,mini golf
mini_golf,[BETA] DAB Golf,24,11217,0.8989,80,2026-09-24,2026-10-07,14,1,Sports & Racing,Sports,TheBrayBear,User,10767909417,https://www.roblox.com/games/95063515614876,golf
mini_golf,Crazy Golf Arena,13,463816,0.625,165,2026-04-13,2026-09-23,178,15,Party & Casual,,G-Boom Studio,Group,10030388629,https://www.roblox.com/games/122816373765138,mini golf
mini_golf,Old Roblox Mini Golf!,12,5856166,0.8998,13952,2010-10-31,2025-01-25,5821,621,Sports & Racing,Sports,Miles5413,User,40624698,https://www.roblox.com/games/37923834,mini golf
mini_golf,Mini Golf: Wild Fairways,6,28934,0.2595,68,2026-09-13,2026-10-08,25,0,Sports & Racing,Sports,blockblok123,User,10766357013,https://www.roblox.com/games/121922799762080,mini golf
mini_golf,Putt It Together [Mini-Golf],3,832167,0.6869,1020,2025-05-20,2026-10-04,506,4,Sports & Racing,Sports,2F Development,Group,7736052993,https://www.roblox.com/games/74170737221965,mini golf
mini_golf,⛳ Ragdoll Mini Golf [EARLY BIRDIE TESTING],1,7298,0.9362,88,2025-07-28,2026-10-08,437,0,Party & Casual,,The Caddies,Group,8285696803,https://www.roblox.com/games/93368186182046,mini golf
penalty_freekick,That Freekick Challenge (TFC),3659,32578667,0.9575,126253,2026-07-31,2026-10-03,69,5,Sports & Racing,Sports,NelStud,Group,10601155553,https://www.roblox.com/games/118298168947099,free kick
penalty_freekick,Penalty Kicks!,695,39054744,0.8769,42478,2026-05-22,2026-10-03,139,5,Party & Casual,,Casual Party Games,Group,10205485380,https://www.roblox.com/games/107750563478039,penalty shootout
penalty_freekick,WPK💥Winning Penalty Kick ⚽ Soccer Football 🏆 Cup,203,84514814,0.8132,27363,2023-01-07,2026-09-29,1370,9,Sports & Racing,Sports,GameWater1984,User,4265040296,https://www.roblox.com/games/12082416926,penalty shootout
penalty_freekick,[🧤] Goalkeeper Training Center,194,907703,0.3753,644,2026-08-13,2026-09-30,56,8,Sports & Racing,Sports,Guardians Community,Group,10695560126,https://www.roblox.com/games/121872506962798,free kick
penalty_freekick,Freekick Simulator ,143,72352730,0.9201,58554,2025-01-19,2026-07-17,627,83,Sports & Racing,Sports,arcdegaard,User,7114126212,https://www.roblox.com/games/89865618982456,free kick
penalty_freekick,[UPDATE] Penalty Simulator,27,427155,0.6311,231,2026-07-01,2026-09-19,99,19,Sports & Racing,Sports,ssiieeefff Games,Group,10429960835,https://www.roblox.com/games/75618592181099,penalty kick
penalty_freekick,⚽ Penalty Card Drafts!,19,615634,0.5625,225,2026-07-17,2026-08-15,83,54,Sports & Racing,Sports,Penalty Productions Dev.,Group,10519753970,https://www.roblox.com/games/71105832115436,penalty shootout
penalty_freekick,World Cup Penalty,15,349191,0.5791,322,2026-06-29,2026-07-23,101,77,Sports & Racing,Sports,Rivrs x Sim,Group,10415348869,https://www.roblox.com/games/97125525386468,penalty shootout
penalty_freekick,Super Free Kick ⚽ SFK 💥 Soccer Football,5,41137395,0.9444,209992,2024-02-26,2026-09-19,955,19,Sports & Racing,Sports,We Love Football ！,Group,5692112002,https://www.roblox.com/games/16531522679,free kick
penalty_freekick,Penalty Shootout League⚽PSL Soccer/Football,2,3939672,0.2853,602,2023-10-02,2026-10-03,1102,5,Sports & Racing,Sports,FaL3CUniverse,User,5149184833,https://www.roblox.com/games/14946961359,penalty shootout
penalty_freekick,Penalty Boss Simulator,1,617306,0.8162,737,2026-06-04,2026-07-20,126,80,Simulation,Incremental Simulator,Rivrs x Sim,Group,10268724824,https://www.roblox.com/games/135168780056626,penalty shootout
penalty_freekick,Penalty Kick Duels!,0,23720,0.7308,19,2026-06-19,2026-10-01,111,7,Sports & Racing,Sports,NewProject26,Group,10354316497,https://www.roblox.com/games/130041699049322,penalty shootout
penalty_freekick,Guess My Penalty!,0,325920,0.4444,112,2026-05-08,2026-08-03,153,66,Party & Casual,,PENALTY GUESS,Group,10137643625,https://www.roblox.com/games/97933285357504,penalty shootout
penalty_freekick,Penalty Kick Duels!,0,61115,0.7615,83,2026-07-12,2026-08-15,88,54,Sports & Racing,Sports,GOOOAL!,Group,10492524598,https://www.roblox.com/games/88459905488258,penalty kick
penalty_freekick,[⚽] Penalty Kings,0,248512,0.6126,155,2026-07-09,2026-09-05,91,33,Party & Casual,Minigame,Cone in Cone,Group,10475367297,https://www.roblox.com/games/77216770638059,penalty kick
racket_duel,[EVENT🎃] Racket Rivals ,6162,574089679,0.9492,1207109,2025-06-10,2026-10-07,485,1,Sports & Racing,Sports,⨯ Small World Games,Group,7883776681,https://www.roblox.com/games/90906407195271,badminton
racket_duel,[UPD] Neo Tennis,1482,242232059,0.9068,264262,2025-07-17,2026-09-04,448,34,Sports & Racing,Sports,Century Athletes,Group,8181391950,https://www.roblox.com/games/85056532479796,tennis
racket_duel,[UPD 5.3] Padel Shot,81,4454438,0.8484,7255,2026-04-10,2026-10-05,181,3,Sports & Racing,Sports,Padel Shot Team,Group,10016077667,https://www.roblox.com/games/103726344430702,badminton
racket_duel,[NEW UPD] US Open Tennis: Champions of the Court,72,23737638,0.7458,21433,2023-08-03,2026-09-11,1162,27,Sports & Racing,Sports,USTA,Group,4943874686,https://www.roblox.com/games/14298053780,tennis
racket_duel,AO Tennis Adventure,68,42892790,0.7829,21332,2022-10-14,2026-10-08,1455,0,Sports & Racing,Sports,AustralianOpen,Group,4017390447,https://www.roblox.com/games/11268121492,tennis
racket_duel,[UPD v0.3🏓] Pong Rivals,26,317795,0.9101,1103,2026-07-23,2026-10-07,77,1,Sports & Racing,Sports,Lollypop studios,Group,10549624419,https://www.roblox.com/games/70710969624313,ping pong
racket_duel,🏓 Ping Pong!,17,20618163,0.6574,20654,2026-01-02,2026-09-30,279,8,Party & Casual,,Hammershark Studio,Group,9488359634,https://www.roblox.com/games/139874105014722,ping pong
racket_duel,Table Tennis! 🏓 ,14,1132523,0.7325,1049,2026-03-12,2026-09-14,210,24,Sports & Racing,Sports,Fun Games Athletes,Group,9871416081,https://www.roblox.com/games/99421048043573,table tennis
racket_duel,Ping Pong Islands,11,637432,0.8965,2747,2026-05-27,2026-10-04,134,4,Simulation,,Puffy Muffin Studios,Group,10231969316,https://www.roblox.com/games/127089680722578,ping pong
racket_duel,Touch Tennis,9,38691076,0.7442,20371,2024-03-11,2025-03-05,941,582,Sports & Racing,Sports,Touch Games,Group,5744178955,https://www.roblox.com/games/16710335806,tennis
racket_duel,Tennis: Zero,9,55178724,0.9797,1046293,2025-05-21,2026-05-30,505,131,Sports & Racing,Sports,Current x Blackstar,Group,7744159391,https://www.roblox.com/games/81072337989394,tennis
racket_duel,Wimbledon: Tennis Showdown,3,32928165,0.7725,45357,2022-04-25,2026-09-04,1627,34,Sports & Racing,Sports,Wimbledon Championships,Group,3529927654,https://www.roblox.com/games/9463737803,tennis
racket_duel,[🎾] Tennis Incremental,3,202047,0.9318,929,2026-05-03,2026-05-07,158,154,Simulation,Incremental Simulator,100CCUGames,Group,10117821968,https://www.roblox.com/games/123974505913927,tennis
racket_duel,RS Tennis,2,9575136,0.7181,21552,2021-03-18,2026-10-04,2030,4,Sports & Racing,Sports,RS Sports,Group,2451345397,https://www.roblox.com/games/6536120621,tennis
racket_duel,BINSU: Table Tennis (BETA),2,81718,0.8822,307,2026-02-04,2026-06-09,246,121,Sports & Racing,Sports,BINSU Project,Group,9675124290,https://www.roblox.com/games/91221358074342,table tennis
racket_duel,[RELEASE🎉] Badminton Allstars,0,147260,0.8971,732,2025-02-15,2026-09-04,600,34,Sports & Racing,Sports,GaKay Studios,Group,7244832098,https://www.roblox.com/games/120939162402803,badminton
racket_duel,🏓 PING PONG RIVALS,0,86483,0.752,94,2026-06-12,2026-09-04,118,34,Sports & Racing,Sports,Games.RBLX,Group,10309557141,https://www.roblox.com/games/72542090625997,ping pong
racket_duel,[🎾] Racket Rush,0,47303,0.6905,29,2026-01-23,2026-09-25,258,13,Action,,Devine Labs,Group,9610088209,https://www.roblox.com/games/110298561353979,tennis
racket_duel,[Alpha] Tennis Rush,0,137385,0.5973,89,2026-04-09,2026-08-11,182,58,Sports & Racing,Sports,Tennis Rush Official,Group,10009595680,https://www.roblox.com/games/123435348430159,tennis
stickman_brawler,The Strongest Battlegrounds,48969,19374038568,0.8377,5317358,2022-08-02,2026-10-06,1528,2,Action,Battlegrounds & Fighting,Yielding Arts,Group,3808081382,https://www.roblox.com/games/10449761463,battlegrounds
stickman_brawler,Legends Battlegrounds,4191,509923621,0.8677,476865,2023-11-05,2026-09-25,1068,13,Action,Battlegrounds & Fighting,Arts of Vermillion,Group,5265857965,https://www.roblox.com/games/15269951959,battlegrounds
stickman_brawler,[💥] Heroes Battlegrounds,4155,1747632419,0.8552,1132968,2023-04-11,2026-10-08,1276,0,Action,Battlegrounds & Fighting,more awesome games yo,Group,4568630521,https://www.roblox.com/games/13076380114,battlegrounds
stickman_brawler,Ultimate Battlegrounds,2623,725129845,0.8273,411295,2022-12-13,2026-05-30,1395,131,Action,Battlegrounds & Fighting,By,Group,4181957649,https://www.roblox.com/games/11815767793,battlegrounds
stickman_brawler,[OPE V2] Fruit Battlegrounds,2288,1072970540,0.8975,1137291,2022-03-29,2026-09-01,1654,37,Action,Battlegrounds & Fighting,P O P O,Group,3457700596,https://www.roblox.com/games/9224601490,battlegrounds
stickman_brawler,Dudes Battlegrounds,2156,404018213,0.8085,201146,2023-09-21,2026-10-05,1113,3,Action,Battlegrounds & Fighting,Fantastic! Games,Group,5112244393,https://www.roblox.com/games/14835828495,battlegrounds
stickman_brawler,Encounters SMASH Battles 🎃.2,1443,77807020,0.7777,25745,2025-11-14,2026-10-08,328,0,Action,Battlegrounds & Fighting,Alpha Engine 2,Group,9162763535,https://www.roblox.com/games/112838150455902,2d fighting
stickman_brawler,Superhero Battlegrounds,1066,159416,0.7761,52,2026-09-25,2026-10-08,13,0,Action,Battlegrounds & Fighting,Hunter Game Studio,Group,10767964257,https://www.roblox.com/games/109305117999563,battlegrounds
stickman_brawler,Project Smash,571,329212539,0.7722,241374,2023-10-17,2026-09-24,1087,14,Action,Battlegrounds & Fighting,Project Smash,Group,5200655965,https://www.roblox.com/games/15092647980,platform fighter
stickman_brawler,Chaotic Battlegrounds,563,1942070,0.854,2819,2026-08-04,2026-10-04,65,4,Action,Battlegrounds & Fighting,The Chaotic Boys,Group,10629991990,https://www.roblox.com/games/109680150977787,battlegrounds
stickman_brawler,"[KJ, VERITY, HALLOWEEN 🎃] Unlimited Battlegrounds",473,18107429,0.882,30698,2025-07-19,2026-10-06,446,2,Action,Battlegrounds & Fighting,Kj Games Ayo,Group,8203127178,https://www.roblox.com/games/70805830291547,battlegrounds
stickman_brawler,[⚡] Ninja Battlegrounds,323,100624490,0.9554,395993,2023-12-22,2026-05-12,1021,149,Action,Battlegrounds & Fighting,LDS Fighting,Group,5426911953,https://www.roblox.com/games/15708523495,battlegrounds
stickman_brawler,[GOGETA] Saiyan Battlegrounds,307,115992093,0.652,38167,2023-05-15,2026-10-07,1242,1,Action,Battlegrounds & Fighting,AlexRBX01,User,4679222104,https://www.roblox.com/games/13448262796,battlegrounds
stickman_brawler,[UPD] KJ Battlegrounds  ,304,13118000,0.6111,1009,2024-08-06,2026-10-05,793,3,Action,Battlegrounds & Fighting,maxxelzwx,User,6380799334,https://www.roblox.com/games/18837637352,battlegrounds
stickman_brawler,T-Titans Battlegrounds,251,699000724,0.7765,334526,2019-04-17,2026-10-07,2731,1,Action,Battlegrounds & Fighting,Toxicator1,User,1111698561,https://www.roblox.com/games/3082002798,battlegrounds
stickman_brawler,[Sound]Slayer Battlegrounds,218,97700346,0.934,268678,2023-09-22,2026-08-18,1112,51,Action,Battlegrounds & Fighting,EOM STUDIO,Group,5114901609,https://www.roblox.com/games/14843728937,battlegrounds
stickman_brawler,Sorcerer Battlegrounds,214,466078022,0.7945,409125,2023-05-30,2026-10-07,1227,1,Action,Battlegrounds & Fighting,alrage fan club,Group,4724071612,https://www.roblox.com/games/13601434903,battlegrounds
stickman_brawler,[new weapons!] brawl 2,191,202641377,0.71,46511,2019-06-04,2026-04-05,2683,186,Action,Battlegrounds & Fighting,Brawls Official,Group,1175471394,https://www.roblox.com/games/3255508650,2d fighting
stickman_brawler,Stick Fight: Roblox Edition,187,48708042,0.7831,48120,2024-09-01,2026-05-16,767,145,Action,Battlegrounds & Fighting,Blockfall Games,Group,6500439907,https://www.roblox.com/games/117246040666343,stick fight
stickman_brawler,Iron Man Battlegrounds,170,142706554,0.8484,119866,2020-10-28,2026-09-27,2171,11,Action,Battlegrounds & Fighting,Wolv0rine,User,2107327974,https://www.roblox.com/games/5890606049,battlegrounds
stickman_brawler,Animation Battlegrounds,153,14276822,0.7215,26984,2024-12-22,2026-09-27,655,11,Action,Battlegrounds & Fighting,Vol Arts,Group,6957250918,https://www.roblox.com/games/101142035112107,battlegrounds
stickman_brawler,Martial Arts Battlegrounds 🥋,148,469119,0.8699,2829,2025-12-10,2026-10-08,302,0,Action,Battlegrounds & Fighting,Infinite Art Studios,Group,9329568736,https://www.roblox.com/games/91394684838353,battlegrounds
stickman_brawler,[New Event]Stickman Tower Defense,146,72592829,0.9032,51362,2024-07-15,2026-09-30,815,8,Strategy,Tower Defense,SAND4,Group,6267547203,https://www.roblox.com/games/18495650842,stickman fight
stickman_brawler,[FREE KJ] Universal Battlegrounds,133,14445764,0.578,2205,2025-10-24,2026-10-08,349,0,Action,Battlegrounds & Fighting,wen testing,Group,9020929856,https://www.roblox.com/games/109585085068672,battlegrounds
stickman_brawler,[UPDATE] KJ Stars Battlegrounds,130,3181430,0.6461,1276,2025-05-03,2026-10-08,523,0,Action,Battlegrounds & Fighting,Dont talk to me again.,Group,7635339322,https://www.roblox.com/games/98819059070345,battlegrounds
stickman_brawler,Budget Battlegrounds,121,1557652,0.5729,546,2026-05-08,2026-10-03,153,5,Action,Battlegrounds & Fighting,Mercury's Club,Group,10139437335,https://www.roblox.com/games/80267208845734,battlegrounds
stickman_brawler,Seven Sins Battlegrounds,94,36738387,0.7772,37349,2023-09-15,2026-03-15,1119,207,Action,Battlegrounds & Fighting,Seven Sins Battlegrounds,Group,5095657558,https://www.roblox.com/games/14785168963,battlegrounds
stickman_brawler,Alternate Battlegrounds,87,7490561,0.8437,20301,2023-01-26,2026-09-29,1351,9,Action,Battlegrounds & Fighting,D.E.E.Z. Corp,Group,4326269288,https://www.roblox.com/games/12283052444,2d fighting
stickman_brawler,Stickman Battle,85,79871,0.62,31,2026-07-28,2026-09-24,72,14,Strategy,Tower Defense,Battle Sticks,Group,10583523954,https://www.roblox.com/games/86074999809190,stickman fight
stickman_brawler,Shazam: Battlegrounds,80,18741343,0.87,3253,2025-03-13,2025-07-22,574,443,Action,Open World Action,Nexon Games,Group,7372448827,https://www.roblox.com/games/133539166820268,battlegrounds
stickman_brawler,[FREE SHINJI & KJ] Supreme Battlegrounds!,71,629561,0.8179,584,2026-07-02,2026-10-05,98,3,Action,Battlegrounds & Fighting,Awaken's Studio!,Group,10435022521,https://www.roblox.com/games/120192573109243,battlegrounds
stickman_brawler,Seas Battlegrounds,64,87295324,0.7414,92563,2023-05-31,2026-07-28,1226,72,Action,Battlegrounds & Fighting,FromGone Software,Group,4725882562,https://www.roblox.com/games/13607362703,battlegrounds
stickman_brawler,Superhero Universe Battlegrounds,60,35382956,0.9007,22006,2022-07-09,2026-09-08,1552,30,Action,Battlegrounds & Fighting,Shoaku Games,Group,3731399032,https://www.roblox.com/games/10169939430,battlegrounds
stickman_brawler,Something Something Battlegrounds,57,2408293,0.6239,4086,2024-11-30,2026-10-08,677,0,Action,Battlegrounds & Fighting,Seven Burgers,Group,6858501207,https://www.roblox.com/games/129981569416283,battlegrounds
stickman_brawler,[YUJI] Shadow Battlegrounds,56,23613035,0.7158,17206,2025-09-26,2026-09-08,377,30,Action,Battlegrounds & Fighting,i'm exotic,Group,8806806838,https://www.roblox.com/games/125477260390026,supreme duelist
stickman_brawler,[QOL]Egoisto Battlegrounds,56,1014130,0.6966,496,2026-04-29,2026-10-08,162,0,Action,Battlegrounds & Fighting,DevToday,Group,10100275717,https://www.roblox.com/games/97370328872686,battlegrounds
stickman_brawler,The Universe Battlegrounds,48,3806267,0.5611,1327,2024-12-13,2026-06-25,664,105,Action,Battlegrounds & Fighting,MaxLazzy283,User,6914286552,https://www.roblox.com/games/74789853023453,battlegrounds
stickman_brawler,[HEROHUNTER ULT] Saitama Battlegrounds,42,3206975,0.5946,1990,2025-08-20,2026-10-07,414,1,Action,Battlegrounds & Fighting,bwunnies999,User,8495777335,https://www.roblox.com/games/95498152537025,platform fighter
stickman_brawler,Omni Battlegrounds,36,12072959,0.7452,15962,2024-09-28,2026-10-08,740,0,Action,Battlegrounds & Fighting,DUCKWORTH.,Group,6611736988,https://www.roblox.com/games/133310592756716,battlegrounds
stickman_brawler,Ride A Friend Battlegrounds,33,18621434,0.9862,197658,2025-10-13,2026-06-09,360,121,Action,Battlegrounds & Fighting,BestRiderGames,Group,8937766034,https://www.roblox.com/games/87006456392484,battlegrounds
stickman_brawler,[WEST CITY MAP + BUG FIXES] Z Battlegrounds,31,290248165,0.7673,211866,2023-05-14,2026-06-02,1243,128,Action,Battlegrounds & Fighting,Aspecting Studios,Group,4678911002,https://www.roblox.com/games/13447209899,battlegrounds
stickman_brawler,[EVASIVE + M1S] FNAF Battlegrounds,31,22040605,0.8044,53280,2024-11-17,2026-09-30,690,8,Action,Battlegrounds & Fighting,Zaku's Games,Group,6807582030,https://www.roblox.com/games/96490671161699,battlegrounds
stickman_brawler,📍 FOLK VALLEY BATTLEGROUNDS,27,1291770,0.7406,4286,2026-07-15,2026-10-05,85,3,Action,Battlegrounds & Fighting,duckcomrade,User,10505481192,https://www.roblox.com/games/104742913288738,battlegrounds
stickman_brawler,Stick Fight: Roblox Edition 12 Player Mode,26,8857101,0.7455,5025,2025-04-20,2026-05-16,536,145,Action,Battlegrounds & Fighting,cooIman5268,User,7572804716,https://www.roblox.com/games/111532135384953,stick fight
stickman_brawler,[REWORK] Hanma Battlegrounds,23,4680301,0.6518,4686,2026-03-02,2026-09-17,220,21,Action,Battlegrounds & Fighting,Arts Of Hanma,Group,9825123966,https://www.roblox.com/games/132732553183665,battlegrounds
stickman_brawler,[BOSS💥] THE KJ Battlegrounds,23,16493662,0.4622,5564,2024-05-06,2026-08-14,885,55,Action,Battlegrounds & Fighting,Coded_CG,User,5956461056,https://www.roblox.com/games/17405136959,battlegrounds
stickman_brawler,The Zenith Battlegrounds,23,29285262,0.6744,5586,2025-07-20,2026-09-09,445,29,Action,Battlegrounds & Fighting,WarpGlide,User,8210741200,https://www.roblox.com/games/113257865345515,battlegrounds
stickman_brawler,[ALL FREE] the free battlegrounds,22,676790,0.5223,422,2025-07-02,2026-09-16,463,22,Action,Battlegrounds & Fighting,dyganesis,User,8051785548,https://www.roblox.com/games/134683160724044,battlegrounds
stickman_brawler,(UPDATE) Fragmented Battlegrounds,21,81240,0.7616,278,2026-05-11,2026-10-06,150,2,Action,Battlegrounds & Fighting,Fragmented Arts,Group,10154609461,https://www.roblox.com/games/124655102029973,battlegrounds
stickman_brawler,[UPDATE] DUELIST: PvP,20,16511737,0.9323,20792,2025-12-29,2026-10-06,283,2,Shooter,Deathmatch Shooter,only three devs,Group,9461038514,https://www.roblox.com/games/122310270867133,supreme duelist
stickman_brawler,The Oldest Battlegrounds Revamped,19,6181127,0.5455,3036,2024-08-19,2026-08-09,780,60,Action,Battlegrounds & Fighting,brainceIIl,User,6439654146,https://www.roblox.com/games/19002331809,battlegrounds
stickman_brawler,[COPYCAT] - ULTRA Battlegrounds,18,1614082,0.5972,2497,2024-11-28,2026-08-16,679,53,Action,Battlegrounds & Fighting,SmallSonic45,User,6849308613,https://www.roblox.com/games/85610808173468,platform fighter
stickman_brawler,Clash Battlegrounds,17,21466152,0.6828,22706,2025-07-07,2026-09-27,458,11,Action,Battlegrounds & Fighting,the Louistrs,Group,8098706527,https://www.roblox.com/games/137478941182949,battlegrounds
stickman_brawler,🚨 Prison Brawl [BETA],16,7196388,0.8862,31751,2024-10-03,2026-09-17,735,21,Action,Battlegrounds & Fighting,Prison Brawl,Group,6630162012,https://www.roblox.com/games/72693274786471,2d fighting
stickman_brawler,Universal Battlegrounds,16,3848534,0.6251,782,2024-06-18,2026-10-07,842,1,Action,Battlegrounds & Fighting,NCP Studios,Group,6135522030,https://www.roblox.com/games/18100225111,battlegrounds
stickman_brawler,KJ Moveset Battlegrounds,15,947884,0.6632,709,2023-12-16,2026-08-20,1027,49,Action,Battlegrounds & Fighting,Thinchan Studio's,Group,5406676573,https://www.roblox.com/games/15653614218,battlegrounds
stickman_brawler,"[The Limitless] Ultimate Nexus Battlegrounds
",12,1496807,0.6135,619,2026-01-02,2026-08-01,279,68,Action,Battlegrounds & Fighting,Summit Works Studio,Group,9491734750,https://www.roblox.com/games/123258930057493,battlegrounds
stickman_brawler,[🎉UPDATE] Multiverse Battlegrounds,12,198433992,0.8793,103797,2022-08-08,2026-10-02,1522,6,Action,Battlegrounds & Fighting,New Project2,Group,3827442559,https://www.roblox.com/games/10523236737,battlegrounds
stickman_brawler,[UPD 5] Anime Duelists,10,5967855,0.9562,10396,2026-06-10,2026-09-03,120,35,Simulation,Incremental Simulator,Toonrise Studios,Group,10303014624,https://www.roblox.com/games/135858844777165,supreme duelist
stickman_brawler,Unnamed Battlegrounds,10,9280484,0.7002,7797,2024-11-25,2026-01-19,682,262,Action,Battlegrounds & Fighting,exception shrine,Group,6840269246,https://www.roblox.com/games/84633364434995,battlegrounds
stealth_heist,Steal An Egg,1538756,7221828254,0.922,3294042,2026-07-25,2026-10-08,75,0,Simulation,Tycoon,and Collect Rare Pets,Group,10563114921,https://www.roblox.com/games/107778070777162,stealth heist
stealth_heist,[🌗] Steal a Brainrot,92027,73862228484,0.8516,15450623,2025-05-16,2026-10-08,510,0,Simulation,Tycoon,BRAZILIAN SPYDER,Group,7709344486,https://www.roblox.com/games/109983668079237,bob the robber
stealth_heist,Don't Steal My Eggs!,13539,2255063,0.9526,2791,2026-09-22,2026-10-08,16,0,Simulation,Tycoon,xFrozen x Dudes,Group,10767566226,https://www.roblox.com/games/135675416428111,rob the house
stealth_heist,Steal ASMR!,13100,11889585,0.9493,23606,2026-09-08,2026-10-08,30,0,Simulation,Tycoon,ASMR Creations,Group,10765686447,https://www.roblox.com/games/82081400078378,stealth heist
stealth_heist,🚨BARRY'S PRISON RUN! (OBBY),12690,4724972603,0.6061,405343,2022-02-02,2026-09-20,1709,18,Obby & Platformer,,PlatinumFalls,User,3310460039,https://www.roblox.com/games/8712817601,prison escape
stealth_heist,Jailbreak,6472,8067542221,0.8773,5804760,2017-01-06,2026-10-07,3562,1,Action,Open World Action,Badimo,Group,245662005,https://www.roblox.com/games/606849621,prison escape
stealth_heist,Prison Life,5570,3045254781,0.8505,1539410,2014-05-02,2026-07-03,4542,97,Action,Open World Action,Aesthetical,User,73885730,https://www.roblox.com/games/155615604,prison escape
stealth_heist,Don’t Steal the Bobo 🐻,5381,466023907,0.9494,297104,2025-09-24,2026-09-27,379,11,Simulation,Tycoon,lol games..,Group,8791358380,https://www.roblox.com/games/120135584963579,bob the robber
stealth_heist,Riot City 🚨 Prison Escape,4799,88591783,0.9773,190204,2025-12-04,2026-09-29,308,9,Action,Open World Action,Riot City Studio,Group,9296042754,https://www.roblox.com/games/113745337705295,prison escape
stealth_heist,💎 ROB IT,3121,294817168,0.9591,215597,2025-12-31,2026-10-06,281,2,Survival,Escape,SHHH SNEAKY STUDIOS,Group,9472441390,https://www.roblox.com/games/96168869671905,bob the robber
stealth_heist,Secure the Prison,1821,21275270,0.9014,7164,2026-08-03,2026-10-06,66,2,Simulation,,LET ME GO!!!,Group,10621542040,https://www.roblox.com/games/130694958210373,prison escape
stealth_heist,Steal a Hacker Egg 🌮,1756,7195556,0.9062,2966,2026-09-06,2026-10-07,32,1,Simulation,Tycoon,it's time for a win,Group,10765490955,https://www.roblox.com/games/95219522950423,stealth heist
stealth_heist,Crown or Jail,1744,6835511,0.764,1279,2026-08-22,2026-10-03,47,5,Party & Casual,,just woke up studio,Group,10752128321,https://www.roblox.com/games/119067038100380,prison escape
stealth_heist,Prison RP 🚨,1704,45201912,0.9045,29264,2026-04-27,2026-09-13,164,25,Action,Open World Action,Everglades Prison,Group,10091766471,https://www.roblox.com/games/107377364123237,prison escape
stealth_heist,Prison Pump,1692,179157436,0.9575,238309,2024-09-26,2026-10-08,742,0,Simulation,Incremental Simulator,The Gang Stockholm,Group,6601115643,https://www.roblox.com/games/80279663815725,prison escape
stealth_heist,[💸] Steal an Employee,1668,5392851,0.9644,17579,2026-08-24,2026-10-08,45,0,Simulation,Incremental Simulator,Build a Crew,Group,10758160648,https://www.roblox.com/games/140623702130018,stealth heist
stealth_heist,🐧GUGUGAGA PRISON RUN! (Obby),1542,18690984,0.837,1402,2026-05-06,2026-08-23,155,46,Obby & Platformer,,S1GMA GAME STUDIO,Group,10130408161,https://www.roblox.com/games/131181897003498,prison escape
stealth_heist,Steal The Brainrot Base🧠,1416,125069594,0.863,35146,2026-02-19,2026-09-27,231,11,Simulation,Tycoon,Loot The Base!,Group,9758688665,https://www.roblox.com/games/103050497819513,stealth heist
stealth_heist,WOMAN PRISONER VS POLICE PRISON RUN! (Obby),1361,1891296,0.722,626,2026-03-05,2026-10-08,217,0,Obby & Platformer,,Dollars & Dreams,Group,9836235346,https://www.roblox.com/games/73898189146260,prison escape
stealth_heist,💗 MELODY'S PRISON RUN! (Obby),1278,2287676,0.7875,341,2026-08-28,2026-09-29,41,9,Obby & Platformer,,rich mentality,Group,10764268697,https://www.roblox.com/games/106748792105159,prison escape
stealth_heist,Steal a Chicken,1227,20620823,0.9626,31725,2026-08-13,2026-10-06,56,2,Simulation,Tycoon,Kibrix Runner,Group,10694549945,https://www.roblox.com/games/76503495566299,rob the house
stealth_heist,[Updated] Steal from KPOP Idols!,994,10214673,0.9716,28201,2026-03-27,2026-10-08,195,0,Simulation,Tycoon,Fluxionixx,Group,9949288829,https://www.roblox.com/games/102493777880530,stealth heist
stealth_heist,[FREE POWER!] POLICE JR 2 PLAYER ESCAPE PRISON!,987,46315436,0.6748,1245,2026-01-07,2026-08-30,274,39,Obby & Platformer,,TH : 14,Group,9517263820,https://www.roblox.com/games/115363238066001,prison escape
stealth_heist,🎁Lucky blocks but you steal it ,795,2143963,0.9582,6262,2026-08-30,2026-09-16,39,22,Simulation,Tycoon,Ar Studio x Apex Games,Group,10764527023,https://www.roblox.com/games/104665774109230,rob the house
stealth_heist,⚽️RONALDO PRISON RUN! (Obby),713,14711257,0.9086,1283,2026-02-26,2026-09-15,224,23,Obby & Platformer,,HYPEGAME STUDIO,Group,9800709514,https://www.roblox.com/games/107290847070010,prison escape
stealth_heist,Become and Rob a Brainrot! 🧠,693,1094552,0.8298,634,2026-08-23,2026-10-08,46,0,Simulation,Tycoon,Brainrot Power Academy,Group,10756631918,https://www.roblox.com/games/93804485494252,rob the house
stealth_heist,STEAL COOKIES🍪,586,274997488,0.9487,111702,2025-08-07,2026-10-07,427,1,Survival,Escape,SilIy Creations,Group,8374113155,https://www.roblox.com/games/133719960214587,rob the house
stealth_heist,🎤KPOP DEMON HUNTERS PRISON RUN! (Obby),574,18376602,0.8568,2645,2026-01-31,2026-08-04,250,65,Obby & Platformer,,HYPEGAME STUDIO,Group,9654831041,https://www.roblox.com/games/125499497872960,prison escape
stealth_heist,[WITH ITEMS!] POLICE BOY ESCAPE PRISON!,552,41548428,0.6401,1727,2026-01-08,2026-10-06,273,2,Obby & Platformer,,Morsies,Group,9526456014,https://www.roblox.com/games/78088157514840,prison escape
stealth_heist,Steal a Clown,529,132128846,0.826,34598,2025-08-13,2026-10-01,421,7,Simulation,Tycoon,IzNioo,User,8430503828,https://www.roblox.com/games/86754403332185,rob the house
stealth_heist,💰 Deadly Heist 💰,494,117551849,0.8752,34990,2025-03-15,2026-10-06,572,2,Adventure,Exploration,EcoCrashed Games,Group,7383133134,https://www.roblox.com/games/116113866980358,stealth heist
stealth_heist,⚽️LAMINE YAMAL PRISON RUN! (Obby),465,21342696,0.882,2862,2026-05-07,2026-09-15,154,23,Obby & Platformer,,HYPEGAME STUDIO,Group,10134302144,https://www.roblox.com/games/102292201076059,prison escape
stealth_heist,🚨 Steal Anime!,434,97270765,0.8637,32303,2025-06-07,2025-08-03,488,431,Simulation,Tycoon,Slime Prime Studios,Group,7860226425,https://www.roblox.com/games/113995904598360,stealth heist
stealth_heist,[🍪NEW] BABY BARRY'S PRISON RUN! (Obby),410,35763720,0.4384,413,2023-05-15,2026-09-04,1242,34,Obby & Platformer,Classic Obby,BloxyGames_STUDIO,Group,4680175327,https://www.roblox.com/games/13451019576,prison escape
stealth_heist,Hide ur Base and Steal 🤫,388,8442024,0.9059,26563,2026-08-18,2026-10-02,51,6,Simulation,Tycoon,Sutik x Tommy,Group,10737127681,https://www.roblox.com/games/80844740579381,stealth heist
stealth_heist,⛏️ Dig Out Of Jail,381,32742245,0.9292,27248,2025-08-18,2026-08-21,416,48,Survival,Escape,Shayo Games,Group,8475779172,https://www.roblox.com/games/79638614256104,prison escape
stealth_heist,Build a Base and Steal😈[2 DAYS],380,95585401,0.9525,275876,2026-06-19,2026-10-08,111,0,Simulation,Tycoon,replayable fun games,Group,10356701370,https://www.roblox.com/games/132016691802922,thief simulator
stealth_heist,[UPD] STEAL or DOUBLE 😈 ,376,8699111,0.7896,6127,2026-07-07,2026-10-08,93,0,Party & Casual,,Team Lychee!,Group,10464347732,https://www.roblox.com/games/97124290089872,stealth heist
stealth_heist,Life in Prison,373,18726386,0.6376,7493,2025-07-02,2026-09-15,463,23,Action,Open World Action,[ Content Deleted 750114916 ],Group,8051653879,https://www.roblox.com/games/72659788689464,prison escape
stealth_heist,Bobo Heist 🐻,359,22453450,0.8628,3514,2026-03-28,2026-09-22,194,16,Simulation,Tycoon,lol games..,Group,9954447663,https://www.roblox.com/games/103477876292879,bob the robber
stealth_heist,🎃 Block City Wars Bluey: Cops and Robbers ALPHA,328,11204803,0.655,1792,2022-09-15,2026-10-08,1484,0,Action,Open World Action,Flying Carpets North,Group,3937294366,https://www.roblox.com/games/10915451838,bob the robber
stealth_heist,Don't Steal the Dumpling Squishy 🥟,307,20962624,0.9467,16889,2026-06-16,2026-09-22,114,16,Simulation,Tycoon,lol games..,Group,10337157761,https://www.roblox.com/games/126171938168748,rob the house
stealth_heist,[🎃MUTATION] Steal a FNAF ,294,44657683,0.8455,27411,2025-07-23,2026-10-08,442,0,Simulation,Tycoon,dahrius7777,User,8232540509,https://www.roblox.com/games/97161836387733,stealth heist
stealth_heist,Escape the Jail,284,8049275,0.9085,15104,2026-03-22,2026-08-17,200,52,Simulation,Incremental Simulator,giv up,Group,9926404975,https://www.roblox.com/games/126366776720191,prison escape
stealth_heist,Steal A Fish,273,436230998,0.9619,683903,2025-06-13,2026-10-08,482,0,Simulation,Tycoon,MY FISH FRIEND,Group,7907828295,https://www.roblox.com/games/72212564918217,stealth heist
stealth_heist,[SCP] Dont Steal the Verity,273,2507012,0.8998,2244,2026-08-26,2026-09-25,43,13,Simulation,Tycoon,Yellow_Smile,Group,10762555150,https://www.roblox.com/games/137401456334299,rob the house
stealth_heist,STITCH'S PRISON RUN! (Obby),273,46080230,0.609,1671,2025-05-13,2026-02-12,513,238,Obby & Platformer,,Speed Studios Games,Group,7698867270,https://www.roblox.com/games/108512576213547,prison escape
stealth_heist,BE TINY AND ROB GRANDPA,256,48009305,0.714,6764,2026-02-15,2026-05-04,235,157,Survival,Escape,plastic chair,Group,9734324739,https://www.roblox.com/games/108006120670562,rob the house
stealth_heist,Rob Grandma! 👵,244,13962224,0.8708,10213,2026-02-24,2026-10-03,226,5,Survival,,Rob Grandma,Group,9791094614,https://www.roblox.com/games/102356707232387,rob the house
stealth_heist,👮‍♂️ BARRON'S PRISON ESCAPE! (Obby),232,2739710,0.6552,209,2023-12-04,2026-10-08,1039,0,Obby & Platformer,,BogRob,Group,5365789255,https://www.roblox.com/games/15545721969,prison escape
stealth_heist,Steal the Bobo 🐻,229,10197479,0.8915,2770,2026-07-06,2026-09-22,94,16,Simulation,Tycoon,lol games..,Group,10456786408,https://www.roblox.com/games/96746590674104,bob the robber
stealth_heist,Don't Steal a Squishy! 🤫,225,15868088,0.8655,6422,2026-05-22,2026-10-08,139,0,Simulation,Tycoon,Squishies Games,Group,10204836169,https://www.roblox.com/games/85055964690577,stealth heist
stealth_heist,Team Prison Run! (TEAMWORK OBBY),221,212803224,0.7498,7197,2023-08-30,2026-01-08,1135,273,Obby & Platformer,,Meltdown Obbies,Group,5045757922,https://www.roblox.com/games/14629231756,prison escape
stealth_heist,Rob A Jewellery Store Obby! (READ DESC),214,75345624,0.4184,4417,2020-04-16,2026-05-20,2366,141,Obby & Platformer,Classic Obby,ittrgrey,User,1677201888,https://www.roblox.com/games/4905612890,thief simulator
stealth_heist,🌊WATER MODE PRISON RUN ESCAPE! [ITEMS],210,1377731,0.7879,26,2026-08-12,2026-10-07,57,1,Obby & Platformer,,Banana’s Become One Today,Group,10691943429,https://www.roblox.com/games/124859451588583,prison escape
stealth_heist,💜RUMI & JINU PRISON RUN! (Obby),208,8658143,0.839,860,2026-03-24,2026-07-22,198,78,Obby & Platformer,,S1GMA GAME STUDIO,Group,9934705354,https://www.roblox.com/games/118319770144840,prison escape
stealth_heist,SIREN COP'S PRISON! (SCARY OBBY),189,418416776,0.4925,70030,2021-07-28,2026-08-18,1898,51,Obby & Platformer,,PlatinumFalls,User,2781894239,https://www.roblox.com/games/7167649916,prison escape
stealth_heist,Escape Police to STEAL a Car!,188,11096405,0.9816,295552,2026-03-21,2026-08-05,201,64,Simulation,Tycoon,Azure Gem,Group,9915908455,https://www.roblox.com/games/106677660255719,thief simulator
stealth_heist,Steal a SpongeBob,187,96928241,0.928,108191,2025-07-12,2026-07-10,453,90,Simulation,Tycoon,Square Sponge,Group,8140627455,https://www.roblox.com/games/119795911462450,stealth heist
stealth_heist,Build and Steal Brainrots!,180,36380458,0.7272,14074,2025-11-10,2026-07-22,332,78,Simulation,Sandbox,PhysiGames,Group,9144698943,https://www.roblox.com/games/134879690978154,thief simulator
upgrade_drive_zombies,a dusty trip [🚗SEASON],11822,2579145690,0.9006,2030566,2024-02-16,2026-10-04,965,4,Adventure,,Jandel's Road Trip,Group,5650396773,https://www.roblox.com/games/16389395869,dusty trip
upgrade_drive_zombies,[🛸W3] Death Race,815,2680179,0.9443,7629,2026-06-11,2026-10-07,119,1,Simulation,Incremental Simulator,Rust Town,Group,10305706187,https://www.roblox.com/games/86664415569471,earn to die
upgrade_drive_zombies,An Infinite Road Trip,24,129554893,0.9081,98650,2020-05-14,2025-09-15,2338,388,Social,,Front-Tier,Group,1738517851,https://www.roblox.com/games/5032892136,dusty trip
upgrade_drive_zombies,🚌 Deadly Road Trip [NEW],10,3185660,0.7874,1089,2025-04-11,2025-08-27,545,407,Survival,,| Baran Roblox |,Group,7523255792,https://www.roblox.com/games/78778658142764,dusty trip
upgrade_drive_zombies,Zombie Car RNG,0,1563,0.3846,10,2026-08-01,2026-08-27,68,42,Simulation,Incremental Simulator,Berrys Studio!,Group,10610923830,https://www.roblox.com/games/116114064443421,zombie car
artillery_turn,Draft Wars,2270,2112257,0.8277,999,2026-09-12,2026-10-08,26,0,Party & Casual,Minigame,Party Mini Games,Group,10766132699,https://www.roblox.com/games/108079595771676,raft wars
artillery_turn,[Clans] Archery Duels,340,6094078,0.8195,10818,2026-06-09,2026-10-07,121,1,Action,Battlegrounds & Fighting,Copium Studios,Group,10297420029,https://www.roblox.com/games/71529003702706,archery duel
artillery_turn,Worms,31,7653095,0.89,12477,2021-09-18,2022-12-23,1846,1385,Survival,,magicaltunesman12,User,2920990541,https://www.roblox.com/games/7505442318,worms
artillery_turn,Worms Royale,16,5718198,0.6246,3736,2023-10-01,2026-09-29,1103,9,Simulation,Incremental Simulator,Triangular,Group,5147785042,https://www.roblox.com/games/14942211826,worms
artillery_turn,Bow Battle Arena,13,88695514,0.889,123913,2023-12-03,2026-08-10,1040,59,Action,Battlegrounds & Fighting,Banjo Lady,Group,5360715404,https://www.roblox.com/games/15532190432,bow duel
artillery_turn,[BETA] Bow Arena,9,1033770,0.6845,397,2026-05-17,2026-09-22,144,16,Shooter,Deathmatch Shooter,banjo bow lady,Group,10183742727,https://www.roblox.com/games/126857531374128,bow duel
artillery_turn,Wild Worms,6,24922066,0.783,18111,2020-08-12,2025-07-24,2248,441,Simulation,Incremental Simulator,EncodedThunder Productions,Group,1937142509,https://www.roblox.com/games/5542675711,worms
artillery_turn,BOW ARENA : RIVALS,3,130642,0.7845,273,2026-07-08,2026-10-08,92,0,Shooter,Deathmatch Shooter,EarthLegend Studios,Group,10470196966,https://www.roblox.com/games/71173801947620,bow duel
dress_up_makeover,Dress To Impress ⭐,52845,11118410381,0.9056,4020113,2023-10-18,2026-10-08,1086,0,Roleplay & Avatar Sim,Dress Up,Dress To Impress Group,Group,5203828273,https://www.roblox.com/games/15101393044,dress up
dress_up_makeover,Would You Rather: MIX Outfit Tower! 🎲,9962,78093358,0.7562,14410,2026-05-03,2026-10-04,158,4,Obby & Platformer,,Funny Octo,Group,10117986107,https://www.roblox.com/games/106802314735486,dress up
dress_up_makeover,Dress Designer,8580,1601507,0.8958,7951,2026-09-24,2026-10-08,14,0,Roleplay & Avatar Sim,Dress Up,Wisterium,Group,10767922762,https://www.roblox.com/games/138929956115729,dress up
dress_up_makeover,🎀 Make Dresses,4510,1586969,0.8924,3914,2026-09-26,2026-10-06,12,2,,,Make A Dress x DT Studios,Group,10768202113,https://www.roblox.com/games/114138789448181,dress up
dress_up_makeover,Would You Rather: Boys & Girls Outfit Tower!,4129,225506205,0.8551,49440,2026-05-05,2026-09-26,156,12,Obby & Platformer,Tower Obby,9X Studio,Group,10127797448,https://www.roblox.com/games/84525826229916,dress up
dress_up_makeover,Would You Rather: Chibi Style Tower 🎀,1613,77784715,0.5528,7428,2026-05-03,2026-09-11,158,27,Obby & Platformer,Tower Obby,sinhaleseunit,User,10116394455,https://www.roblox.com/games/121018193679639,dress up
dress_up_makeover,Style Stars 💄,1609,70604338,0.7719,19546,2025-05-20,2026-10-07,506,1,Roleplay & Avatar Sim,Dress Up,Style Stars Group,Group,7737892016,https://www.roblox.com/games/93589616625971,makeover
dress_up_makeover,Would You Rather: Fashion Contest Tower 👗,899,34581567,0.6947,3181,2026-05-05,2026-09-15,156,23,Obby & Platformer,Tower Obby,Kirillyaka132,User,10127591030,https://www.roblox.com/games/105139503172079,fashion show
dress_up_makeover,StyleMe,781,13187413,0.8395,12016,2026-02-18,2026-10-07,232,1,Shopping,Avatar Shopping,StyleMe Group,Group,9753458401,https://www.roblox.com/games/116502367082500,dress up
dress_up_makeover,Outfit Loader Testing Place,453,163646500,0.8056,74262,2020-10-11,2026-09-17,2188,21,Shopping,Avatar Shopping,coded clothing,Group,2065706268,https://www.roblox.com/games/5814304937,dress up
dress_up_makeover,Salon Makeover 💅 ,427,138793301,0.8809,60289,2023-11-23,2026-10-06,1050,2,Roleplay & Avatar Sim,Dress Up,Sugarfly Studios,Group,5326310507,https://www.roblox.com/games/15437136654,makeover
dress_up_makeover,Catalog Color: Avatar Outfit Creator,384,47203774,0.6827,2814,2021-03-14,2026-09-08,2034,30,Shopping,Avatar Shopping,Primorra Games,Group,2441058607,https://www.roblox.com/games/6517164676,dress up
dress_up_makeover,Would You Rather: Zepeto Outfit Tower!,365,50701870,0.5965,2243,2024-06-20,2026-09-26,840,12,Obby & Platformer,Tower Obby,0 0 5,Group,6147736004,https://www.roblox.com/games/18134488876,dress up
dress_up_makeover,🛍️ Fashion Show,328,211202271,0.7929,21213,2023-12-03,2026-07-04,1040,96,Roleplay & Avatar Sim,Dress Up,2000Dolls,Group,5359468080,https://www.roblox.com/games/15529194484,fashion show
dress_up_makeover,Would You Rather: Kawaii Fashion Tower 🎀,288,53599215,0.8068,10402,2026-05-17,2026-10-01,144,7,Obby & Platformer,Tower Obby,keep it pushing,Group,10180990272,https://www.roblox.com/games/93953121730240,dress up
dress_up_makeover,Would You Rather: Spiderman Outfit Tower,285,7919370,0.796,1908,2026-07-27,2026-10-06,73,2,Obby & Platformer,Tower Obby,CCC gameware,Group,10580838289,https://www.roblox.com/games/91730183227489,dress up
dress_up_makeover,🛍️Dress Up Very Charmin,247,105514820,0.7275,3847,2024-04-14,2026-06-20,907,110,Roleplay & Avatar Sim,Dress Up,Arkverse Dress,Group,5872693018,https://www.roblox.com/games/17144762255,fashion show
dress_up_makeover,Would You Rather: Dress To Impress Tower ,237,20253992,0.6166,6761,2026-05-18,2026-06-10,143,120,Obby & Platformer,Tower Obby,ZW Labs,Group,10185443330,https://www.roblox.com/games/91136557855258,dress up
dress_up_makeover,Dress Designer👗,204,138581,0.7426,150,2026-09-27,2026-10-07,11,1,Roleplay & Avatar Sim,Dress Up,WΟRLD WIDE WEB,Group,10768369763,https://www.roblox.com/games/97212286043930,dress up
dress_up_makeover,Would You Rather: Outfit ASMR Tower,176,11537604,0.7807,1029,2026-06-11,2026-10-07,119,1,Obby & Platformer,Tower Obby,Amazing Tower Creations,Group,10303557538,https://www.roblox.com/games/102845408649422,makeover
dress_up_makeover,Would You Rather: Style Outfit Tower 👚,147,19180182,0.7632,2485,2026-05-04,2026-07-23,157,77,Obby & Platformer,Tower Obby,Tower Friends 2026,Group,10123801946,https://www.roblox.com/games/140643608204562,makeover
dress_up_makeover,Fashion Famous 2,134,2305465382,0.8457,579240,2016-12-06,2026-09-03,3593,35,Roleplay & Avatar Sim,Dress Up,Fashion Famous,Group,225431369,https://www.roblox.com/games/568350650,fashion show
dress_up_makeover,Fashion Famous [Classic],131,363645550,0.868,710882,2016-11-26,2026-08-23,3603,46,Roleplay & Avatar Sim,Dress Up,Fashion Famous,Group,220828728,https://www.roblox.com/games/559159830,fashion show
dress_up_makeover,Would You Rather: Makeover Tower 💖,119,24096221,0.7725,12425,2026-05-04,2026-09-28,157,10,Obby & Platformer,Tower Obby,GamePot,Group,10123448606,https://www.roblox.com/games/119065421977793,makeover
dress_up_makeover,Would You Rather: Girls Boys Dress Up Outfit Tower,112,244973,0.8545,47,2026-06-24,2026-10-06,106,2,Obby & Platformer,Tower Obby,Honey Bunny Studio,Group,10387449999,https://www.roblox.com/games/121622448104049,dress up
dress_up_makeover,[❤️] Makeover Show,105,165517025,0.6495,20445,2024-01-16,2026-08-19,996,50,Roleplay & Avatar Sim,Dress Up,Astra Studios.,Group,5533168824,https://www.roblox.com/games/16005417081,makeover
dress_up_makeover,Would You Rather: Pop Star Outfit Tower💖,87,3716204,0.4742,477,2026-06-27,2026-10-07,103,1,Obby & Platformer,Tower Obby,Tower RNG,Group,10404133261,https://www.roblox.com/games/127338262755184,dress up
dress_up_makeover,Fashion Disaster [NOW🎃],82,418015,0.8054,3589,2026-04-04,2026-10-07,187,1,Roleplay & Avatar Sim,Dress Up,PlayGirldom,Group,9988878194,https://www.roblox.com/games/99616479255548,makeover
dress_up_makeover,Would You Rather: Cool Outfit Tower,72,20386176,0.7041,3500,2026-05-17,2026-09-27,144,11,Obby & Platformer,Tower Obby,GO! Towers,Group,10181198238,https://www.roblox.com/games/113883250992699,dress up
dress_up_makeover,Strut in Style 💖,70,21248558,0.8961,57303,2024-07-02,2026-08-06,828,63,Roleplay & Avatar Sim,Dress Up,Strut in Style,Group,6203464868,https://www.roblox.com/games/18298381870,fashion show
dress_up_makeover,Would You Rather: Kawaii Outfit Tower💖,69,13985210,0.7915,4391,2026-05-11,2026-08-23,150,46,Obby & Platformer,Tower Obby,KMG Studio,Group,10154324846,https://www.roblox.com/games/81988874858129,dress up
dress_up_makeover,Would You Rather: Fashion Contest! 💅,68,2572738,0.507,290,2026-07-10,2026-10-03,90,5,Obby & Platformer,Tower Obby,J BOIS,Group,10476070993,https://www.roblox.com/games/110388632163104,dress up
dress_up_makeover,Fashion Outlets,65,13433976,0.7487,1397,2024-01-09,2026-05-27,1003,134,Simulation,Tycoon,RedBullStudio,Group,5506024382,https://www.roblox.com/games/15923943712,fashion show
dress_up_makeover,Dress To Slay 👠,63,64939648,0.6806,49950,2016-08-07,2026-08-29,3714,40,Roleplay & Avatar Sim,Dress Up,scknish,User,181992080,https://www.roblox.com/games/474648978,dress up
dress_up_makeover,My Little Pony: Fashion Show,54,4409727,0.8198,969,2025-11-13,2026-01-09,329,272,Roleplay & Avatar Sim,Dress Up,Outright Games.,Group,9159000213,https://www.roblox.com/games/134965447966117,fashion show
dress_up_makeover,[Tattoo Shop✨] Dress To Entrance,52,13569546,0.7138,1272,2024-07-23,2026-06-29,807,101,Roleplay & Avatar Sim,Dress Up,Dress To Entrance by Omochi_Studio,Group,6307921597,https://www.roblox.com/games/18616466719,dress up
dress_up_makeover,Slay: Dress to Survive [ALPHA] 👗💀✨,49,1983043,0.7252,2019,2026-03-28,2026-10-02,194,6,Survival,,Ms.Behave,Group,9951783061,https://www.roblox.com/games/126571046858431,dress up
dress_up_makeover,Fashion Royalty 👑,46,15207792,0.8298,8783,2024-12-27,2026-08-26,650,43,Roleplay & Avatar Sim,Dress Up,Fashion Royalty Studio,Group,6987255246,https://www.roblox.com/games/136379645066624,makeover
dress_up_makeover,Pack & Pin: Show Your Style,44,1306001,0.8571,2998,2026-06-17,2026-10-08,113,0,Roleplay & Avatar Sim,Dress Up,CooChick Studio,Group,10343507633,https://www.roblox.com/games/120896172324036,fashion show
dress_up_makeover,Dress Up! But You’re In a Tower👗✨ (BOY),37,13618707,0.5461,2332,2026-05-21,2026-09-12,140,26,Obby & Platformer,Tower Obby,PlayGlamVerse,Group,10200169529,https://www.roblox.com/games/82679900604005,dress up
dress_up_makeover,Dress up tower👗💄,34,2969133,0.8545,1051,2026-05-09,2026-07-13,152,87,,,かにぱんのグループ！！,Group,10141832579,https://www.roblox.com/games/121221455283766,fashion show
dress_up_makeover,Would You Rather: Fashion Tower 👚,34,46462632,0.7124,13282,2026-05-02,2026-07-12,159,88,Obby & Platformer,Tower Obby,Stack It Up,Group,10113540671,https://www.roblox.com/games/125579556815131,makeover
dress_up_makeover,Run Fashion Store Together,33,219557,0.717,114,2026-07-22,2026-08-26,78,43,Simulation,,BlockST,Group,10545968681,https://www.roblox.com/games/87241302661439,fashion show
dress_up_makeover,Princess Dress Up Obby 💅,32,88556203,0.6273,16295,2021-08-30,2026-06-20,1865,110,Obby & Platformer,Classic Obby,pink butterfly studio,Group,2872549142,https://www.roblox.com/games/7366912532,dress up
dress_up_makeover,Would You Rather: Fashion Outfit Tower,26,19412639,0.6367,1942,2026-04-28,2026-08-22,163,47,Obby & Platformer,Tower Obby,Funny Tower Games,Group,10096745325,https://www.roblox.com/games/133718493512265,fashion show
dress_up_makeover,Would You Rather: Cute & Goth Outfit Tower!,25,8633161,0.699,2222,2026-05-24,2026-07-16,137,84,Obby & Platformer,Tower Obby,Cloudlined Studios,Group,10217370329,https://www.roblox.com/games/74779192980390,dress up
dress_up_makeover,FASHION RUNWAY SHIBUYA109,25,1013245,0.8505,313,2026-03-21,2026-08-30,201,39,Roleplay & Avatar Sim,Dress Up,SHIBUYA109ENTERTAINMENT,Group,9914476430,https://www.roblox.com/games/127088391625334,fashion show
dress_up_makeover,Fashion Icon Tower,24,40096499,0.7653,4621,2025-02-14,2026-05-05,601,156,Obby & Platformer,Tower Obby,Altivibe,Group,7241836363,https://www.roblox.com/games/80578527251605,fashion show
dress_up_makeover,VS Fashion Show 2006,23,857630,0.8739,672,2025-07-01,2026-10-07,464,1,Roleplay & Avatar Sim,Dress Up,Glam Stars Modeling,Group,8047051397,https://www.roblox.com/games/116105309683645,fashion show
dress_up_makeover,Dress Up Line!,19,5350864,0.7783,13328,2024-10-08,2026-01-02,730,279,Simulation,Idle,Line to Impress!,Group,6650663828,https://www.roblox.com/games/75816260344822,makeover
dress_up_makeover,Dress Trading,17,13681667,0.8442,10768,2024-06-17,2025-08-27,843,407,Simulation,,Vvanna,Group,6132561342,https://www.roblox.com/games/17893531862,fashion show
dress_up_makeover,Dress Up [2 Player],17,12965338,0.7767,4589,2025-07-19,2026-10-07,446,1,Roleplay & Avatar Sim,Dress Up,Fashion Friendz,Group,8203225646,https://www.roblox.com/games/77121512413342,dress up
dress_up_makeover,Fashion Diva [Drama Show 😍],16,24350092,0.2692,13563,2023-02-04,2024-08-01,1342,798,Roleplay & Avatar Sim,Dress Up,CleanMeanBeans,Group,4354236484,https://www.roblox.com/games/12372037089,fashion show
dress_up_makeover,Fashion Show! ,15,383454154,0.8096,109694,2020-06-27,2025-10-27,2294,346,Roleplay & Avatar Sim,Dress Up,Wavy Crown,Group,1836732339,https://www.roblox.com/games/5245765823,fashion show
dress_up_makeover,VS Fashion Show 2005,11,2008487,0.8623,2380,2025-04-28,2026-10-08,528,0,Roleplay & Avatar Sim,Dress Up,Glam Stars Modeling,Group,7614432142,https://www.roblox.com/games/94312518015045,fashion show
dress_up_makeover,Would You Rather: Zepeto Boys & Girls Outfit Tower,9,3607161,0.6781,198,2026-07-09,2026-08-03,91,66,Obby & Platformer,Tower Obby,Desde que o samba é samba,Group,10475350124,https://www.roblox.com/games/93642057884897,dress up
dress_up_makeover,🐱CHOOSE UR PET🐶!Pet Show Dress Up!,9,121646056,0.8428,91354,2020-01-08,2026-05-13,2465,148,Roleplay & Avatar Sim,Dress Up,Shark Fin Studios LLC,Group,1491644357,https://www.roblox.com/games/4584400568,dress up
dress_up_makeover,💃 Dress Me Up!,8,4275519,0.7786,1762,2025-04-20,2026-06-12,536,118,Roleplay & Avatar Sim,Dress Up,Dress Me Up Community,Group,7574655784,https://www.roblox.com/games/121343943351870,fashion show
dress_up_makeover,Would You Rather: Beauty Fashion Tower 🎀,8,716010,0.678,139,2026-06-01,2026-06-20,129,110,Obby & Platformer,Tower Obby,Something Bieg,Group,10255775175,https://www.roblox.com/games/100659312605585,fashion show
dress_up_makeover,Catalog Outfit Creator,5,337905321,0.7616,36895,2021-08-25,2025-12-27,1870,285,Shopping,Avatar Shopping,Avatar Games!,Group,2858823042,https://www.roblox.com/games/7326718220,dress up
horror_escape,DOORS 🚨,53901,7844597619,0.9302,4726384,2021-03-14,2026-10-05,2034,3,Survival,Escape,LSPLASH,Group,2440500124,https://www.roblox.com/games/6516141723,escape horror
horror_escape,he ate them. [HORROR],5134,13721289,0.9741,148060,2024-10-05,2026-10-08,733,0,Survival,,GavinToBlame,User,6635513269,https://www.roblox.com/games/127877871885165,horror
horror_escape,Escape Papa Pizza's Pizzeria! (SCARY OBBY),3330,1038213921,0.4572,105243,2021-06-11,2026-08-18,1945,51,Obby & Platformer,,PlatinumFalls,User,2655478023,https://www.roblox.com/games/6939111033,horror
horror_escape,KKN: THE HAUNTED VILLAGE [HORROR],2447,6638290,0.736,3198,2026-08-07,2026-10-08,62,0,Adventure,Story,SUAKA Studios,Group,10648985835,https://www.roblox.com/games/83133501920301,horror
horror_escape,ANMU 🪔 [HORROR],1659,1329148,0.8009,2377,2026-09-11,2026-10-07,27,1,Survival,Escape,Jothem Studio,Group,10766009412,https://www.roblox.com/games/86779099589017,horror
horror_escape,Obsession [HORROR],1650,9286498,0.747,14580,2025-02-07,2026-09-12,608,26,Adventure,Story,Chainsaw Horror,Group,7206978365,https://www.roblox.com/games/119220534997749,escape horror
horror_escape,Cheese Escape [Horror],1591,1485982384,0.8673,454285,2020-10-03,2025-08-31,2196,403,Survival,Escape,Spirow734,User,2049551477,https://www.roblox.com/games/5777099015,horror
horror_escape,Backrooms,1561,193725492,0.8143,64199,2022-04-03,2026-10-08,1649,0,Survival,Escape,Red Panda Industries,Group,3472976893,https://www.roblox.com/games/9273658706,horror
horror_escape,Homer Nightmares [HORROR],1461,23440957,0.7707,16792,2026-06-15,2026-10-07,115,1,Adventure,Story,awake homer,Group,10335443723,https://www.roblox.com/games/74154038755975,escape horror
horror_escape,Granny: Multiplayer,1370,921549840,0.8278,142531,2019-12-02,2026-07-25,2502,75,Survival,Escape,PyroIdentity,User,1430007363,https://www.roblox.com/games/4480809144,escape horror
horror_escape,Subconscious [Horror],1309,47976885,0.8129,48726,2024-04-29,2026-07-21,892,79,Adventure,Exploration,Mrflapjackie,User,5927446137,https://www.roblox.com/games/17324489187,horror
horror_escape,OVERHEAD [HORROR],1085,1918731,0.7291,1206,2025-09-14,2026-10-08,389,0,Survival,Escape,Escape The Monster Games,Group,8715714238,https://www.roblox.com/games/114913117178927,horror
horror_escape,HOUSE 13 [HORROR],1016,7029364,0.7848,2811,2026-08-06,2026-10-03,63,5,Survival,,Dread Forge,Group,10642022844,https://www.roblox.com/games/114146618644145,horror
horror_escape,GRUMPY GRAN! (SCARY OBBY),979,767556861,0.6266,80300,2022-04-15,2026-08-18,1637,51,Obby & Platformer,,PlatinumFalls,User,3502524667,https://www.roblox.com/games/9372570969,escape horror
horror_escape,Indian Village Shop [HORROR GAME],801,7272369,0.7726,1519,2026-07-22,2026-10-06,78,2,Survival,,Desi Games,Group,10548659123,https://www.roblox.com/games/90229512149046,horror
horror_escape,Scary Grocery: The Night Shift [HORROR],774,103132024,0.8787,44021,2025-11-22,2026-09-28,320,10,Survival,,Moo Milk Studio,Group,9219116196,https://www.roblox.com/games/96153864779911,horror
horror_escape,Chained in Backrooms,674,113643792,0.7211,59782,2025-04-21,2026-09-30,535,8,Obby & Platformer,,Musta and Alexander,Group,7577791613,https://www.roblox.com/games/103731330407395,horror
horror_escape,Somtum Anomaly [Horror],649,18377714,0.8662,3003,2026-04-07,2026-07-29,184,71,Survival,,College of Games,Group,10004617486,https://www.roblox.com/games/79399613552695,horror
horror_escape,Night 67 [HORROR],594,90012054,0.7506,14552,2025-12-07,2026-09-25,305,13,Adventure,Story,No Footage,Group,9315739469,https://www.roblox.com/games/127995006069066,horror
horror_escape,The Curse [HORROR],554,103587616,0.7836,149581,2023-10-15,2026-10-03,1089,5,Survival,,ItzMePanos,User,5195168716,https://www.roblox.com/games/15077422637,horror
horror_escape,Crazy Ex [HORROR],553,1260950,0.8212,1690,2025-10-21,2026-09-22,352,16,Survival,,Fat Car Studios,Group,8998693937,https://www.roblox.com/games/79709321022966,horror
horror_escape,Verity [HORROR],511,20977171,0.5019,6483,2026-07-16,2026-09-25,84,13,Adventure,Story,Specter Development,Group,10514488908,https://www.roblox.com/games/129839966867899,horror
horror_escape,Old School Night Watchman [HORROR],466,2429319,0.611,735,2026-08-04,2026-10-05,65,3,Adventure,Story,57 Community,Group,10631970261,https://www.roblox.com/games/96994689541860,horror
horror_escape,Burrowed Fears [HORROR],461,79959304,0.6977,38995,2025-11-15,2026-08-06,327,63,Survival,,Nefarious Game Studio,Group,9177208241,https://www.roblox.com/games/105663205434095,horror
horror_escape,[UPD] Parents [HORROR],405,47201864,0.8784,39560,2025-01-13,2026-10-08,633,0,Adventure,Story,best tycoons studio,Group,7082244450,https://www.roblox.com/games/128095034580221,escape horror
horror_escape,Burger Shack 🍔 [HORROR],362,35252571,0.8951,26617,2025-06-18,2026-05-28,477,133,Adventure,Story,Cryptid Horror,Group,7944500259,https://www.roblox.com/games/93635039874468,horror
horror_escape,Pine Fall [HORROR],329,12487147,0.8878,26926,2026-05-10,2026-10-07,151,1,Adventure,Story,Artificial Fear,Group,10146192041,https://www.roblox.com/games/118936089358184,horror
horror_escape,Late Night Ramen [HORROR],319,26784714,0.9358,24600,2025-12-07,2026-05-28,305,133,Survival,,Cryptid Horror,Group,9315472782,https://www.roblox.com/games/76359009042963,horror
horror_escape,ELMIRA [Horror],310,144196389,0.7972,144976,2021-09-18,2026-09-04,1846,34,Adventure,Story,Drawing Board Studios,Group,2921237723,https://www.roblox.com/games/7506230120,horror
horror_escape,Hell Rails: The Scary Train,303,7810358,0.8525,5336,2026-06-29,2026-08-21,101,48,Survival,,Mandem Games,Group,10415720978,https://www.roblox.com/games/97027829555411,escape horror
horror_escape,Escape Mr Funny's ToyShop! (SCARY OBBY),271,507581577,0.5889,87617,2021-10-26,2026-08-18,1808,51,Obby & Platformer,,PlatinumFalls,User,3034836582,https://www.roblox.com/games/7839281987,escape horror
horror_escape,Shawarma Truck: ANOMALIES [HORROR],256,23839226,0.8958,27677,2025-12-23,2026-09-28,289,10,Adventure,Story,Absolute Cinema Games,Group,9409870130,https://www.roblox.com/games/109366027244026,horror
horror_escape,Short Horror Games,256,201808414,0.8057,87005,2024-07-11,2026-10-04,819,4,Adventure,Story,Cryptid Horror,Group,6247557414,https://www.roblox.com/games/18432975025,horror
horror_escape,Midnight Station [HORROR],245,123978132,0.9005,108870,2024-06-04,2026-03-19,856,203,Adventure,Story,Elevated Horror,Group,6071712615,https://www.roblox.com/games/17726852848,horror
horror_escape,Matilda [HORROR],244,7555833,0.5528,2229,2026-07-13,2026-09-15,87,23,Adventure,Story,Another Horror Game,Group,10494876164,https://www.roblox.com/games/74528490581000,horror
horror_escape,Ice Cream Shop [HORROR],239,64106897,0.7939,25475,2025-11-01,2026-09-27,341,11,Adventure,Story,Dread Forge,Group,9077534770,https://www.roblox.com/games/81638371039092,horror
horror_escape,Faithless (Horror),232,85181832,0.8826,92884,2023-07-19,2026-04-24,1177,167,Adventure,Story,Society of Dark Mysteries,Group,4887744468,https://www.roblox.com/games/14119259806,horror
horror_escape,KIDAA : Indian Horror  ,231,1679978,0.3906,482,2026-08-04,2026-10-08,65,0,Survival,Escape,Caxverse,Group,10631245039,https://www.roblox.com/games/140340354186543,horror
horror_escape,Escape Locust [HORROR],227,3450795,0.6795,670,2026-02-17,2026-10-04,233,4,Survival,Escape,Mercy's Lab,Group,9745942827,https://www.roblox.com/games/124819062350272,escape horror
horror_escape,Dead Silence [Horror],203,113512975,0.7499,308081,2011-01-25,2026-09-03,5735,35,Survival,Escape,DoomX10,User,5924878,https://www.roblox.com/games/44853933,horror
horror_escape,[CH2] BLEACHED HOUSE [HORROR],198,20707577,0.9108,48799,2025-10-06,2026-10-08,367,0,Survival,Escape,Bleached House,Group,8887977161,https://www.roblox.com/games/130050061474717,escape horror
horror_escape,Insomnia [Horror],191,153166329,0.8142,71432,2024-05-06,2025-09-20,885,383,Adventure,Story,ZeRoCIient,Group,5956634861,https://www.roblox.com/games/17405588101,horror
horror_escape,Nanny [HORROR],167,189062480,0.8026,66545,2021-07-29,2026-09-20,1897,18,Survival,Escape,ECB Studios,Group,2783074114,https://www.roblox.com/games/7169897329,escape horror
horror_escape,Bou's Revenge [HORROR],163,199304530,0.8816,165596,2024-06-05,2026-07-27,855,73,Survival,Escape,Calypso Entertainment,Group,6078452778,https://www.roblox.com/games/17745731375,horror
horror_escape,The Lakehouse [HORROR],149,21539670,0.7541,35586,2025-06-25,2026-10-08,470,0,Adventure,Story,NRFL Studios,Group,7997540903,https://www.roblox.com/games/99461016308832,horror
horror_escape,Horror Tycoon,143,130888053,0.766,30907,2020-06-16,2024-12-23,2305,654,Simulation,Tycoon,The Tycoon Games,Group,1811388660,https://www.roblox.com/games/5189834468,horror
horror_escape,Twixxel's Stalker [HORROR][DEMO],139,3201612,0.5158,3895,2025-12-12,2026-09-12,300,26,Adventure,Story,Analog Games Studio,Group,9340648268,https://www.roblox.com/games/72461569091597,horror
horror_escape,[C4] ESCAPE VERITY 🔑 [HORROR],135,12384651,0.7626,11244,2026-04-14,2026-10-03,177,5,Survival,Escape,The MMystery Games,Group,10037267577,https://www.roblox.com/games/124107554735431,escape horror
horror_escape,[😱] Horror Elevator!,122,58242745,0.895,86725,2021-08-26,2026-09-19,1869,19,Party & Casual,Minigame,Game Chefs,Group,2860485766,https://www.roblox.com/games/7331676440,horror
horror_escape,Kitty [HORROR],111,16377512,0.7079,15476,2025-05-30,2025-11-16,496,326,Adventure,Story,Absolute Cinema Games,Group,7803832029,https://www.roblox.com/games/114324400857583,horror
horror_escape,Escape Miss Ani-Tron's Detention! (SCARY OBBY),105,365109497,0.7135,73662,2021-07-28,2026-08-18,1898,51,Obby & Platformer,,PlatinumFalls,User,2781888563,https://www.roblox.com/games/7167638464,escape horror
horror_escape,Sinister Bus [HORROR],98,64183632,0.8796,57598,2024-12-13,2026-09-01,664,37,Adventure,Story,The Sinister Realm,Group,6913458370,https://www.roblox.com/games/134042757180211,horror
horror_escape,Three Little Pigs [HORROR],97,28985522,0.6734,36142,2025-04-14,2025-12-09,542,303,Adventure,Story,3 Little Pigs,Group,7540715466,https://www.roblox.com/games/130863460389240,horror
horror_escape,Kidnapper [HORROR],96,33305263,0.8161,42744,2025-05-17,2026-08-17,509,52,Adventure,Story,Fat Car Studios,Group,7719766419,https://www.roblox.com/games/107179467815495,horror
horror_escape,Terminal 13: Not Human [HORROR],90,109595273,0.8875,52895,2025-10-25,2026-09-15,348,23,Adventure,Story,Dread Forge,Group,9029463012,https://www.roblox.com/games/126293024094985,horror
horror_escape,IShowSpeed [HORROR],81,21886884,0.8509,41809,2025-04-16,2026-01-15,540,266,Adventure,Story,OOBER STUDIOS,Group,7549259159,https://www.roblox.com/games/117620238328970,horror
horror_escape,Ice Scream: Freezing Horror,77,46206993,0.6027,5095,2019-06-28,2026-09-14,2659,24,Survival,,ByteSized Studios,Group,1209778378,https://www.roblox.com/games/3381027646,horror
horror_escape,Monster [HORROR],77,14846396,0.6449,17592,2024-07-18,2026-08-17,812,52,Adventure,Story,Astra's Army,Group,6281662204,https://www.roblox.com/games/18540132601,horror
horror_escape,FREDDY [HORROR],75,10528279,0.8962,5705,2026-01-26,2026-08-23,255,46,Adventure,Story,Kolco Razvlekalovka,Group,9628554039,https://www.roblox.com/games/112254558538676,horror
horror_escape,Toby's HOSPITAL (SCARY OBBY),75,95509640,0.8044,53132,2022-08-13,2025-12-08,1517,304,Obby & Platformer,Classic Obby,Diabolical Obbies,Group,3843517771,https://www.roblox.com/games/10584697413,escape horror
minigame_collection,[UPD2] Machine Party 💥,4226,25014948,0.8882,18034,2026-08-05,2026-10-08,64,0,Action,,Aura devs studio,Group,10635348596,https://www.roblox.com/games/127775478639865,party games
minigame_collection,Epic Minigames ✨,1688,2357817337,0.9059,2272035,2015-07-29,2026-10-06,4089,2,Party & Casual,Minigame,Typical Games,Group,110181652,https://www.roblox.com/games/277751860,epic minigames
minigame_collection,🕹️ Endless GAMES [NO ADS],1097,59940267,0.925,207895,2026-07-03,2026-10-07,97,1,Party & Casual,Minigame,Studio Heat,Group,10438013523,https://www.roblox.com/games/89035794510548,minigames
minigame_collection,[UPD] Violent Party!,701,22249742,0.8761,45119,2026-05-02,2026-10-04,159,4,Party & Casual,Minigame,Machine Party X,Group,10113997049,https://www.roblox.com/games/70990751935174,party games
minigame_collection,Table Games RNG [PETS],490,6108369,0.8486,6928,2026-07-12,2026-10-08,88,0,Party & Casual,,MILLOLL GAMES,Group,10493683024,https://www.roblox.com/games/126397135064000,2 player minigames
minigame_collection,Battle Minigames,378,43145742,0.9257,110577,2025-11-08,2026-10-08,334,0,Action,Battlegrounds & Fighting,stardragonf,User,9130827443,https://www.roblox.com/games/122593073500987,minibattles
minigame_collection,Custom Minigames,173,15410967,0.6845,12180,2020-03-19,2026-10-07,2394,1,Party & Casual,Minigame,Customs Community,Group,1617185934,https://www.roblox.com/games/4796282774,minigames
minigame_collection,RB Battles Minigames!🏆,166,134959201,0.7689,175394,2020-05-15,2026-06-11,2337,119,Party & Casual,Minigame,RB Battles Games,Group,1739980248,https://www.roblox.com/games/5036207802,minibattles
minigame_collection,عراق هوب ( minigames ),154,376721,0.7315,109,2026-09-14,2026-10-08,24,0,,,HopeStudios,Group,10766427577,https://www.roblox.com/games/110784302498178,epic minigames
minigame_collection,Party Chaos,85,9378721,0.8815,11250,2025-10-20,2026-08-21,353,48,Party & Casual,,Chaotic Inc,Group,8993151589,https://www.roblox.com/games/86832525327994,party games
minigame_collection,Sonic 😎🔥 Minigames,65,45032929,0.5238,4916,2022-01-26,2025-02-24,1716,591,Party & Casual,Minigame,Absorb.,Group,3290559458,https://www.roblox.com/games/8648281522,epic minigames
minigame_collection,Brain Minigames! 🧠,57,136513,0.7274,491,2026-09-02,2026-10-02,36,6,Puzzle,,Night Brotherhood Games,Group,10764846898,https://www.roblox.com/games/74202912028670,minigames
minigame_collection,Minigames Blitz,46,597248,0.5734,168,2026-04-12,2026-09-30,179,8,Party & Casual,Minigame,trynaGames,Group,10024638315,https://www.roblox.com/games/101426709628287,epic minigames
minigame_collection,Murder Minigames,42,12740759,0.7667,4400,2025-08-01,2025-09-16,433,387,Action,Battlegrounds & Fighting,Murder Development,Group,8315618127,https://www.roblox.com/games/94117097581780,minibattles
minigame_collection,Tower Minigames,26,49976002,0.9352,47369,2025-07-18,2026-08-06,447,63,Obby & Platformer,Tower Obby,크롱 스튜디오,Group,8191858693,https://www.roblox.com/games/140416344843929,minigames
minigame_collection,Minigame Madness,20,181828,0.4966,147,2025-07-11,2026-10-08,454,0,Party & Casual,Minigame,Eternal_LightRbx,Group,8130603977,https://www.roblox.com/games/122498818725205,epic minigames
minigame_collection,2 Player Minigames! 🎮,12,71943,0.8533,64,2026-08-25,2026-10-08,44,0,Party & Casual,,CRWNDS x YERO,Group,10760100593,https://www.roblox.com/games/90258061571308,2 player minigames
minigame_collection,Obby Bods (Minigames),12,7531649,0.8994,11590,2024-07-22,2026-10-01,808,7,Party & Casual,Minigame,Pear X Moonbug,Group,6305181353,https://www.roblox.com/games/18607684440,epic minigames
minigame_collection,Socks Minigames ,7,25840920,0.8349,43943,2023-01-18,2025-07-16,1359,449,Party & Casual,Minigame,Game Name.,Group,4297026251,https://www.roblox.com/games/12191579104,epic minigames
minigame_collection,projectTEMI [OSC Minigames],6,2610575,0.8333,4378,2023-07-18,2026-10-06,1178,2,Party & Casual,Minigame,fr00takampa,User,4883864516,https://www.roblox.com/games/14106566506,epic minigames
minigame_collection,Table Minigames 🎲,3,245513,0.8232,256,2026-06-20,2026-09-22,110,16,Party & Casual,,V&V Minigame,Group,10362859910,https://www.roblox.com/games/105381493488312,2 player minigames
minigame_collection,Squid Minigames [30 Games],3,21346949,0.766,19596,2021-10-12,2026-07-27,1822,73,Party & Casual,Minigame,Games Bond,Group,2995462508,https://www.roblox.com/games/7719542466,epic minigames
minigame_collection,The Backrooms Minigame,2,943532,0.7254,354,2026-05-30,2026-06-03,131,127,Survival,Escape,Giant Universe Studio,Group,10247206125,https://www.roblox.com/games/87889386177736,minigames
minigame_collection,Beat the Minigames! 🏆,1,14086819,0.8175,15135,2025-06-19,2026-09-11,476,27,Party & Casual,Minigame,Kami x Luca,Group,7947682340,https://www.roblox.com/games/78239323449705,epic minigames
minigame_collection,LOL School Minigames,1,9400608,0.5282,1585,2024-09-09,2026-09-16,759,22,Party & Casual,Minigame,FaL3C x ㅋㅋㅋ스튜디오,Group,6531526721,https://www.roblox.com/games/129314190355504,epic minigames
minigame_collection,FREE UGC Minigames!,0,44055,0.4462,29,2025-07-07,2026-09-25,458,13,Party & Casual,Minigame,Schim UGC,Group,8098240419,https://www.roblox.com/games/111375184395541,epic minigames
minigame_collection,🎒 TOTTO Super Camp ⚡ Minigames [BETA],0,2218711,0.9294,6096,2026-04-13,2026-10-01,178,7,Party & Casual,Minigame,TOTTO Brand,Group,10030874688,https://www.roblox.com/games/81249390049428,epic minigames
minigame_collection,[UPDATE🔔] Tower Minigames🎲,0,99755,0.5287,46,2026-06-08,2026-08-04,122,65,Obby & Platformer,Tower Obby,Sinister's Games!,Group,10289889986,https://www.roblox.com/games/91704775566664,epic minigames
minigame_collection,Smack Minigames,0,218490,0.6092,159,2025-11-19,2026-03-14,323,208,Action,Battlegrounds & Fighting,Games Bond,Group,9202545650,https://www.roblox.com/games/92098201669733,minigames
rhythm_music,Piano Tiles,2615,1710347,0.6942,2374,2026-09-17,2026-10-08,21,0,Entertainment,Music & Audio,Music Tiles,Group,10766845655,https://www.roblox.com/games/101999883467300,piano tiles
rhythm_music,[LULLABY] Funky Friday,2201,2019999696,0.9018,1975507,2021-02-26,2026-09-14,2050,24,Action,Music & Rhythm,Lyte Interactive,Group,2404080894,https://www.roblox.com/games/6447798030,funky friday
rhythm_music,BEAT BOUNCE 🎶 (GEOMETRY DASH),2004,526601127,0.7242,271458,2023-12-10,2026-10-05,1033,3,Obby & Platformer,Runner,Calf Productions,Group,5385674359,https://www.roblox.com/games/15598056478,piano tiles
rhythm_music,[NEW SONGS!] Piano Tiles Rush,584,8097854,0.4346,8515,2022-03-13,2026-10-07,1670,1,Action,Music & Rhythm,Bloopishim,User,3417194043,https://www.roblox.com/games/9089190262,piano tiles
rhythm_music,[🎉300M!] RoBeats! 🎧 Music + Rhythm + RPG,342,300593908,0.8015,440430,2017-03-15,2026-10-03,3494,5,Action,Music & Rhythm,RobeatsDev,Group,301252049,https://www.roblox.com/games/698448212,rhythm game
rhythm_music,Visual Pianos 🎹,334,62631253,0.8959,45264,2020-08-20,2026-10-04,2240,4,Entertainment,Music & Audio,Visual Piano Studios,Group,1953956112,https://www.roblox.com/games/5593470048,piano tiles
rhythm_music,[New Update] Beat up simulator,325,232809048,0.9442,355146,2020-06-04,2026-09-28,2317,10,Entertainment,,Imded Studios,Group,1784051919,https://www.roblox.com/games/5133040469,piano tiles
rhythm_music,Magic Piano,316,574159,0.9691,2633,2026-05-10,2026-10-07,151,1,Entertainment,Music & Audio,D_Hua,User,10148419081,https://www.roblox.com/games/71278628540517,piano tiles
rhythm_music,Digital Piano 🎹,257,59272640,0.8585,39374,2022-02-17,2026-10-07,1694,1,Entertainment,Music & Audio,Digital Piano Org.,Group,3349588628,https://www.roblox.com/games/8848607186,piano tiles
rhythm_music,FUNKNITE 🎵,245,22947664,0.6775,2502,2025-05-11,2026-10-06,515,2,Shooter,,SharpStrike,Group,7688050768,https://www.roblox.com/games/111151224936389,funky friday
rhythm_music,[NEW MUSIC🎵🎧 ] Beat Battles ,205,3740347,0.8763,14098,2026-02-26,2026-10-07,224,1,Entertainment,Music & Audio,Overtune,Group,9800616505,https://www.roblox.com/games/75605211243454,rhythm game
rhythm_music,Rhythm Wall [NEW],168,115391,0.9249,394,2026-07-26,2026-10-01,74,7,Social,,JXND3V STUDIOS,Group,10568721678,https://www.roblox.com/games/111196623172026,rhythm game
rhythm_music,[NEW SONGS!] Sound Space 🎶 Rhythm Game,147,43113884,0.8593,160204,2018-12-25,2026-10-07,2844,1,Action,Music & Rhythm,Sound Space Studio,Group,964540701,https://www.roblox.com/games/2677609345,rhythm game
rhythm_music,Piano Music Sheet Practice,117,14035396,0.9076,14018,2021-09-25,2026-06-22,1839,108,Entertainment,Music & Audio,Music Sheet Practice,Group,2938948258,https://www.roblox.com/games/7564300794,piano tiles
rhythm_music,Street Beats 💿,111,15704171,0.9416,36214,2025-12-17,2026-07-07,295,93,Entertainment,Music & Audio,Unsigned Games,Group,9372077571,https://www.roblox.com/games/125756097576326,rhythm game
rhythm_music,DeltaRhythm V1.3.3,110,8160587,0.8679,20884,2025-07-07,2026-10-01,458,7,Action,Music & Rhythm,Fries Corporation,Group,8096046470,https://www.roblox.com/games/120249927456668,rhythm game
rhythm_music,[🎶] ClickBeats,91,4654512,0.8142,7072,2026-06-10,2026-09-24,120,14,Entertainment,Music & Audio,Coos Studios,Group,10302044098,https://www.roblox.com/games/100363325836588,piano tiles
rhythm_music,Piano Keyboard v1.1,57,70867175,0.9045,100751,2015-04-04,2025-11-16,4205,326,Entertainment,Music & Audio,NickPatella,User,100169684,https://www.roblox.com/games/233727153,piano tiles
rhythm_music,Phurzday Funkin',51,5263367,0.8291,4609,2024-06-12,2026-03-31,848,191,Action,Music & Rhythm,Phurzday Funkin',Group,6110431525,https://www.roblox.com/games/17834683881,funky friday
rhythm_music,RoMusic [Phonk & Funk] (V2),49,1091820,0.895,1390,2026-04-26,2026-10-04,165,4,Entertainment,Music & Audio,roblox_user_5604876953,User,10088640815,https://www.roblox.com/games/79511851227850,funky friday
rhythm_music,BeatTok! ,42,1307520,0.6777,1474,2026-06-11,2026-10-07,119,1,Entertainment,Music & Audio,BeatTok,Group,10309149229,https://www.roblox.com/games/135067374368271,rhythm game
rhythm_music,rosu!mania 7.50.1 🎧 Music + Rhythm,38,12887720,0.7523,24491,2022-03-09,2026-03-18,1674,204,Action,Music & Rhythm,RoVSRG,Group,3405992067,https://www.roblox.com/games/9051087354,rhythm game
rhythm_music,Just Shapes and Beats,34,29865302,0.809,35369,2020-10-20,2026-08-19,2179,50,Action,Music & Rhythm,Vikram200526,User,2085218371,https://www.roblox.com/games/5852475504,rhythm game
rhythm_music,Funk Tower 🎵,23,57143604,0.9145,90774,2025-07-26,2026-08-31,439,38,Obby & Platformer,Tower Obby,EquipGames,Group,8266226994,https://www.roblox.com/games/96963101162715,funky friday
rhythm_music,(Check Desc) Friday Night Funkin Roleplay 🎤,22,48547185,0.8668,30779,2021-03-26,2026-10-05,2022,3,Roleplay & Avatar Sim,Morph Roleplay,Kend031505,User,2470492456,https://www.roblox.com/games/6571765482,funky friday
rhythm_music,Funk Tower X 💥,21,35918418,0.8727,37648,2025-09-03,2026-08-31,400,38,Obby & Platformer,Tower Obby,EquipGames,Group,8623365001,https://www.roblox.com/games/89191780110268,funky friday
rhythm_music,BeatMaker!,20,6518476,0.7387,3251,2023-04-22,2026-03-27,1265,195,Entertainment,Music & Audio,Lioncrafter245,User,4610345212,https://www.roblox.com/games/13218844126,piano tiles
rhythm_music,[🎶] BeatMerger (CREATE YOUR OWN SONGS),17,11274364,0.7888,14121,2024-07-12,2026-07-08,818,92,Entertainment,Music & Audio,NsFlashcrafter1,User,6252201542,https://www.roblox.com/games/18448043901,rhythm game
rhythm_music,Piano Haven 🎹 🔊,15,1327899,0.8006,847,2024-05-02,2026-07-10,889,90,Entertainment,Music & Audio,Piano Haven Studio,Group,5941899606,https://www.roblox.com/games/17363644531,piano tiles
rhythm_music,🎹Piano Tower,13,14272196,0.9233,20497,2025-10-17,2026-01-04,356,277,Obby & Platformer,Tower Obby,BETA TOWER GAMES,Group,8964933484,https://www.roblox.com/games/98098523489327,piano tiles
rhythm_music,🎹Tac's Piano Stuff,12,4233296,0.8944,4311,2022-12-11,2026-09-10,1397,28,Entertainment,Music & Audio,Tainted's Experiences,Group,4173882191,https://www.roblox.com/games/11792237983,piano tiles
rhythm_music,[🎶] Tap on Beat!,11,5045119,0.7484,4982,2026-01-04,2026-04-10,277,181,Action,Music & Rhythm,67 ccu games fr,Group,9499900718,https://www.roblox.com/games/114556151264956,piano tiles
rhythm_music,🎹 Piano's Got Talent,11,869797,0.5969,425,2020-11-08,2026-10-08,2160,0,Entertainment,Music & Audio,awesomeryan4271,User,2128827934,https://www.roblox.com/games/5930470226,piano tiles
rhythm_music,Funk Aura Admin Tower 🎵 [8 ROBUX],10,643014,0.922,2600,2026-07-05,2026-08-31,95,38,Obby & Platformer,Tower Obby,Towers Perchance,Group,10454816993,https://www.roblox.com/games/140139501438628,funky friday
rhythm_music,Cascade Piano 🎹,9,1396195,0.8167,824,2026-04-19,2026-08-31,172,38,Entertainment,Music & Audio,Arcane Rebels,Group,10056168110,https://www.roblox.com/games/95254395508118,piano tiles
rhythm_music,FunkyBeats: Remix (FNF x RoBeats),6,2777851,0.6345,3716,2025-03-21,2026-10-05,566,3,Entertainment,Music & Audio,Striveful Studios,Group,7412586614,https://www.roblox.com/games/119061045176965,funky friday
rhythm_music,NOLTN's Hellbeats Archive,6,1293936,0.914,8158,2023-06-16,2026-10-08,1210,0,Action,Music & Rhythm,No One Likes This Group Name,Group,4775676162,https://www.roblox.com/games/13765578689,rhythm game
rhythm_music,[FREE AVA] MOUNT PIANO,6,4807368,0.9147,1491,2026-02-18,2026-09-26,232,12,Obby & Platformer,,Arazyyx,User,9749375360,https://www.roblox.com/games/94442615281500,piano tiles
rhythm_music,Piano Simulator🎹,4,1446255,0.7246,571,2024-12-13,2026-10-07,664,1,Entertainment,Music & Audio,Piano Simulator Community,Group,6914359556,https://www.roblox.com/games/124500265766244,piano tiles
rhythm_music,Piano Rooms,4,6680173,0.8392,6516,2022-09-11,2026-08-16,1488,53,Entertainment,Music & Audio,Musical Innovations,Group,3929033413,https://www.roblox.com/games/10888259502,piano tiles
rhythm_music,1 Piano Key = $1/s,3,631624,0.8575,728,2026-05-12,2026-06-23,149,107,Simulation,Incremental Simulator,burg games..,Group,10159979284,https://www.roblox.com/games/127597548525729,piano tiles
rhythm_music,Project Funk Night,2,6584677,0.662,7823,2023-04-06,2025-11-16,1281,326,Action,Music & Rhythm,PolyZoctar Studio,Group,4551275054,https://www.roblox.com/games/13022699699,funky friday
rhythm_music,Rhythm Track 🎸,2,23971453,0.8032,102476,2016-10-05,2026-08-26,3655,43,Action,Music & Rhythm,Dummiez,User,200901618,https://www.roblox.com/games/516483782,rhythm game
rhythm_music,⚔️ Beatblox VR 🎶,2,333644,0.507,217,2026-06-22,2026-06-29,108,101,Party & Casual,Minigame,Henkish164,User,10377486278,https://www.roblox.com/games/107788542466934,rhythm game
rhythm_music,+1 Speed Piano Escape,2,15538,0.7632,29,2026-09-25,2026-10-03,13,5,Simulation,Incremental Simulator,Infinity Seekers Studio,Group,10768046433,https://www.roblox.com/games/88714207027368,piano tiles
rhythm_music,Piano Tiles Tower 🎹,0,4924517,0.9313,6316,2025-10-06,2026-07-30,367,70,Obby & Platformer,Tower Obby,Little Games Team,Group,8883593129,https://www.roblox.com/games/98810693381577,piano tiles
helix_stack_tap,[🌎] Cross the Road for Brainrot🚗,62,32438347,0.8223,37213,2026-01-27,2026-09-29,254,9,Simulation,Tycoon,Mondials,Group,9633409501,https://www.roblox.com/games/89072926726733,crossy road
helix_stack_tap,cross a street simulator [UFO UPDATE!👽❄️],56,42119311,0.9243,55080,2024-12-26,2026-09-28,651,10,Simulation,Physics Sim,Whom.,Group,6980540203,https://www.roblox.com/games/126201113771941,crossy road
helix_stack_tap,Cross the Road for Dumplings🚗,25,194517,0.7474,213,2026-09-07,2026-09-26,31,12,Simulation,Tycoon,Awesomest Games,Group,10765586056,https://www.roblox.com/games/139445307129649,crossy road
helix_stack_tap,Roblox Flappy Bird,11,21973786,0.5764,16764,2020-03-07,2025-05-11,2406,515,Obby & Platformer,,Next Level Luau,Group,1595619884,https://www.roblox.com/games/4761134106,flappy bird
helix_stack_tap,Stack Ball,9,70607281,0.6814,28657,2021-07-19,2026-02-18,1907,232,Obby & Platformer,,Funny Luigi,Group,2756320598,https://www.roblox.com/games/7120576005,helix jump
helix_stack_tap,Cross the road,9,3910053,0.8655,3995,2024-09-01,2025-09-13,767,390,Obby & Platformer,Runner,2n3ToPlay Studio,Group,6498776866,https://www.roblox.com/games/108180976346281,crossy road
helix_stack_tap,+1 Cross the Road for Ingredients,2,18644,0.7241,42,2026-09-03,2026-10-08,35,0,Simulation,Incremental Simulator,Crafting Innovation,Group,10764994180,https://www.roblox.com/games/92361782362778,crossy road
helix_stack_tap,Cross the Road on CRUTCHES! 🩼,1,19128854,0.6765,5346,2025-04-08,2026-06-16,548,114,Obby & Platformer,,Klimsin Entertainment,Group,7507403826,https://www.roblox.com/games/106415678912577,crossy road
helix_stack_tap,+1 Flappy Keyboard Escape,0,19175,0.9155,65,2026-08-10,2026-10-01,59,7,Simulation,Incremental Simulator,HAM Games Studio,Group,10671594698,https://www.roblox.com/games/102264848702860,flappy bird
helix_stack_tap,Cross the Road for Eggs ,0,16299,0.9083,99,2026-09-18,2026-10-06,20,2,Simulation,Tycoon,Watch OUT for eggs!,Group,10766964457,https://www.roblox.com/games/117222130419846,crossy road
