universe_id,name,minimum_age,content_maturity,label,source
3508322461,[SKY ASSASSIN] Jujutsu Shenanigans,0,mild,Maturity: Mild,chart
10764627709,Huss Valley,0,mild,Maturity: Mild,chart
383310974,[🎃] Adopt Me!,0,minimal,Maturity: Minimal,chart
5569032992,🎃 Dandy's World [ALPHA],0,mild,Maturity: Mild,chart
2440500124,DOORS 🚨,0,mild,Maturity: Mild,chart
10685282333,Ball VS Ball,0,minimal,Maturity: Minimal,chart
6931042565,[UPD] Volleyball Legends,0,minimal,Maturity: Minimal,chart
7326934954,99 Nights in the Forest 🔦,0,minimal,Maturity: Minimal,chart
9534705677,[🔥NEW SNIPER] Sniper Arena,0,mild,Maturity: Mild,chart
184199275,[🔥] NFL Universe Football,0,minimal,Maturity: Minimal,chart
10512942223,Anime Zero [SHADOW MONARCH] 🦋👑,0,mild,Maturity: Mild,chart
10767922762,Dress Designer,0,minimal,Maturity: Minimal,chart
10765582175,dogs,0,moderate,Maturity: Moderate,chart
10673920146,Survive a Million Monkeys,0,mild,Maturity: Mild,chart
10282097014,Pet Store Tycoon,0,minimal,Maturity: Minimal,chart
10597001332,I Can Read Your Mind,0,minimal,Maturity: Minimal,chart
10764613327,[🎧] GUESS THE SONG! 0.5s,0,minimal,Maturity: Minimal,chart
9908641400,Football Fusion 3,0,minimal,Maturity: Minimal,chart
10742937135,(🎮Update!)   Survive The Hulk,0,moderate,Maturity: Moderate,chart
113491250,[Fall Weapon Remodels!] Phantom Forces,0,mild,Maturity: Mild,chart
10768565603,Get Your Driver's License!,0,minimal,Maturity: Minimal,chart
5578556129,Anime Vanguards: Wrathful Assault,0,minimal,Maturity: Minimal,chart
10766506199,7 Days Cat-Sitting,0,mild,Maturity: Mild,chart
3647333358,Evade ,0,mild,Maturity: Mild,chart
10765012427,Build the Pyramid!,0,minimal,Maturity: Minimal,chart
648454481,[🍬HALLOWEEN PT 1] Grand Piece Online,0,moderate,Maturity: Moderate,chart
10767408330,Peel THE Potato,0,minimal,Maturity: Minimal,chart
10759518799,[CLASSES] DON'T LET HIM IN,0,mild,Maturity: Mild,chart
9891331827,Clover Time [BETA RELEASE],0,mild,Maturity: Mild,chart
3317771874,🎃 [HATCH WARS] Pet Simulator 99! 🍀,0,minimal,Maturity: Minimal,chart
10756011174,[🔱] Search For The Needle,0,minimal,Maturity: Minimal,chart
10766812776,"WideOpen [MOTORCYCLE, TRAFFIC CUTS, CUSTOMIZATION]",0,minimal,Maturity: Minimal,chart
10766502612,[UPD!] Scam With Your Friends,0,mild,Maturity: Mild,chart
10765951887,DUCTWORKS,0,minimal,Maturity: Minimal,chart
10765298801,+1 Stone Skipping,0,minimal,Maturity: Minimal,chart
2765784373,PHIGHTING! [BETA],0,mild,Maturity: Mild,chart
2783797267,[🌲FOREST🌲] American Plains Mudding,0,minimal,Maturity: Minimal,chart
10090256806,TTK Testing [CUSTOMIZATION],0,moderate,Maturity: Moderate,chart
10767634248,Firefighting Sim 🚒,0,minimal,Maturity: Minimal,chart
1525626450,(🍂) Rensselaer County,0,minimal,Maturity: Minimal,chart
4342047058,Guts & Blackpowder,0,moderate,Maturity: Moderate,chart
10766395909,Film Animals [1-5 Player],0,minimal,Maturity: Minimal,chart
10768176407,Smash the City,0,mild,Maturity: Mild,chart
7398552394,A desrt [SANDBOX],0,minimal,Maturity: Minimal,chart
7028566528,[PERFECTION ✨] Basketball: Zero,0,minimal,Maturity: Minimal,chart
10766687030,Rocket Rush,0,minimal,Maturity: Minimal,chart
10767012496,[UPDATE] Turbo Soccer : Beta 1.0,0,minimal,Maturity: Minimal,chart
10767240772,Crack the Egg 🥚,0,minimal,Maturity: Minimal,chart
6049736902,Spelling Race,0,minimal,Maturity: Minimal,chart
10436530264,Build An Ant Empire,0,minimal,Maturity: Minimal,chart
10708913337,[🎉 UPD 7] Anime Dice,0,minimal,Maturity: Minimal,chart
5026122481,Death in the Box,0,moderate,Maturity: Moderate,chart
10766390665,[UPD 3🎉] Guess The Real Size!,0,minimal,Maturity: Minimal,chart
10767628417,Create Pottery!,0,minimal,Maturity: Minimal,chart
3541611379,TB II | Tower Defense X: BETA,0,minimal,Maturity: Minimal,chart
10737656087,(👑UPDATE👑) THA BRONX 3,0,moderate,Maturity: Moderate,chart
10526463655,[NEW] 8 Ball Duels,0,minimal,Maturity: Minimal,chart
6635513269,he ate them. [HORROR],0,moderate,Maturity: Moderate,chart
10575295323,Highway Patrol [Alpha],0,mild,Maturity: Mild,chart
10550257968,Steal A Verity!,0,minimal,Maturity: Minimal,chart
850110028,"[HIGHWAY TRAFFIC] Roanoke, VA Driving RP",0,mild,Maturity: Mild,chart
10748543623,[SECRETS!⭐] Pack A Rare Card,0,minimal,Maturity: Minimal,chart
10765748731,Scroll a Game,0,minimal,Maturity: Minimal,chart
4931927012,[🎃]🏀Basketball Legends🏀,0,minimal,Maturity: Minimal,chart
4557322431,[QT: REWIRED] Project: Afternight,0,mild,Maturity: Mild,chart
10765067592,[UPD6] Tower Incremental,0,minimal,Maturity: Minimal,chart
10766364164,[UPD] Is It Verity?,0,minimal,Maturity: Minimal,chart
10766222230,Portal Arena [UPDATE],0,mild,Maturity: Mild,chart
10415694629,Carry the Glass Together! [2 Player Obby],0,minimal,Maturity: Minimal,chart
8524572339,bridger: WESTERN (UPD!),0,moderate,Maturity: Moderate,chart
10636331438,[ISLANDS] Roll a Fisherman 🎣,0,minimal,Maturity: Minimal,chart
10765906597,⛳ Clean all the Balls [2X Luck],0,minimal,Maturity: Minimal,chart
1946714362,[🎉] Bloodlines,0,moderate,Maturity: Moderate,chart
7265977477,Jump Clicker 🚀,0,minimal,Maturity: Minimal,chart
10764297006,Pixel Conquest,0,minimal,Maturity: Minimal,chart
4983034985,Conquer The World WW2 [👑 Formables ],0,minimal,Maturity: Minimal,chart
10732236937,[ Halloween ] Kaiju Alpha,0,minimal,Maturity: Minimal,chart
10766309747,Melt All The Ice!🧊,0,minimal,Maturity: Minimal,chart
10740316645,⛏️ My Anime Mine,0,minimal,Maturity: Minimal,chart
10768082964,Crack Verity,0,minimal,Maturity: Minimal,chart
10743048214,🎃 [HALLOWEEN EVENT] FNaF World Multiplayer,0,mild,Maturity: Mild,chart
10766142497,Drive A Tuk Tuk,0,minimal,Maturity: Minimal,chart
10767582899,[💻UPD] 📱 Build a Phone Empire,0,minimal,Maturity: Minimal,chart
7265339759,[🗡️ BALLISTIC KNIFE] REDLINER,0,mild,Maturity: Mild,chart
10766056678,Steal Animal Egg,0,minimal,Maturity: Minimal,chart
10767657583,[NIGHTMARE] Bon,0,mild,Maturity: Mild,chart
10765288803,Break and Steal an Egg,0,minimal,Maturity: Minimal,chart
10767826343,✈️ Zombie Air Force,0,mild,Maturity: Mild,chart
10767094794,How Similar Are You? [2 Player Quiz],0,minimal,Maturity: Minimal,chart
10766004084,[CLANS] Escape the Cave,0,minimal,Maturity: Minimal,chart
6521100398,Dreamville 🏡 RP [Multiple Kids! 👧],0,minimal,Maturity: Minimal,chart
10036955953,Family Zone,0,minimal,Maturity: Minimal,chart
10765686447,Steal ASMR!,0,minimal,Maturity: Minimal,chart
10766349481,🌱 Cut all the Grass!,0,minimal,Maturity: Minimal,chart
10765541201,2 Player Pizza Tycoon 🍕,0,mild,Maturity: Mild,chart
10744310825,Paint to Get Rich [MUSEUM] 🎨,0,minimal,Maturity: Minimal,chart
10768944292,[🎃RAPTOR X] Prehistoric Farm,0,minimal,Maturity: Minimal,chart
10768202113,🎀 Make Dresses,0,minimal,Maturity: Minimal,chart
10766845655,Piano Tiles,0,minimal,Maturity: Minimal,chart
10768866246,[RALLY] WRONG WAY!,0,minimal,Maturity: Minimal,chart
10767665871,LONGSHOT [MULTIPLAYER FIX],0,mild,Maturity: Mild,chart
10767755908,Cliff Dive Masters,0,minimal,Maturity: Minimal,chart
10766721625,(🌀) Drill for Eggs,0,minimal,Maturity: Minimal,chart
10765563835,[🎃] Sniper VS 99 Players,0,mild,Maturity: Mild,chart
10604313373,The Complex 2,0,minimal,Maturity: Minimal,chart
10767957681,"[BIG UPD] Tycoon, but one dropper",0,minimal,Maturity: Minimal,chart
10765950109,Steal A Baddie Egg!,0,minimal,Maturity: Minimal,chart
10769037074,Rally Panic! [2 PLAYER RALLY],0,minimal,Maturity: Minimal,chart
10039889230,[UPD] Fishing Master,0,minimal,Maturity: Minimal,chart
10675117523,Anime Breaker [🏰TOWER],0,minimal,Maturity: Minimal,chart
10764989090,[💥] Anime Ball Duels,0,minimal,Maturity: Minimal,chart
10514321384,🏢 Clean The Skyscraper!,0,minimal,Maturity: Minimal,chart
10764980068,+1 Roll Ice Cream,0,minimal,Maturity: Minimal,chart
10768468695,👨‍🏭WELDING🔥Bricklayer,0,minimal,Maturity: Minimal,chart
10767780358,MM2 of The Locust,0,mild,Maturity: Mild,chart
10765579304,[ALPHA] Fleet Empire,0,minimal,Maturity: Minimal,chart
10766257839,Where Did I Park? 🚗,0,minimal,Maturity: Minimal,chart
10766008884,Clone to Steal Eggs,0,minimal,Maturity: Minimal,chart
10767545737,Peel a Potato,0,minimal,Maturity: Minimal,chart
10212081143,Build A Casino ♠️,0,moderate,Maturity: Moderate,chart
10765764482,[CHAPTER 2] Cut it Out!,0,minimal,Maturity: Minimal,chart
10563114921,Steal An Egg,0,minimal,Maturity: Minimal,chart
1686885941,Brookhaven 🏡RP,0,minimal,Maturity: Minimal,chart
66654135,Murder Mystery 2,0,moderate,Maturity: Moderate,chart
994732206,Blox Fruits,0,mild,Maturity: Mild,chart
6035872082,RIVALS,0,mild,Maturity: Mild,chart
7709344486,[🌗] Steal a Brainrot,0,minimal,Maturity: Minimal,chart
9584852943,+1 Speed Keyboard Escape | Candy & Chocolate,0,minimal,Maturity: Minimal,chart
6701277882,[🦑UPD] Fish It! 🐟,0,minimal,Maturity: Minimal,chart
5595353122,Slayers 2,0,mild,Maturity: Mild,chart
10767825538,Sarab,0,mild,Maturity: Mild,chart
10035204815,[⚡] Ride A Pet,0,minimal,Maturity: Minimal,chart
5750914919,Fisch 🐟,0,minimal,Maturity: Minimal,chart
2711375305,Catalog Avatar Creator,12,vng-rating-override,Age Rating: 12+,chart
5203828273,Dress To Impress ⭐,0,minimal,Maturity: Minimal,chart
6331902150,Forsaken,0,mild,Maturity: Mild,chart
10155360168,Illegal Soccer,0,mild,Maturity: Mild,chart
703124385,Tower of Hell,0,minimal,Maturity: Minimal,chart
3808081382,The Strongest Battlegrounds,0,mild,Maturity: Mild,chart
7219654364,[🎃DUELS] Murderers VS Sheriffs,0,mild,Maturity: Mild,chart
6739698191,[CURE] Violence District,0,mild,Maturity: Mild,chart
3240075297,Berry Avenue 🏠 RP,0,minimal,Maturity: Minimal,chart
10148749921,Animal Hospital (Anomaly) 🧪,0,minimal,Maturity: Minimal,chart
5361032378,Sol's RNG [ Eon 1-29 ],0,minimal,Maturity: Minimal,chart
10684750879,[BOSS]+1 Loot To Forge,0,mild,Maturity: Mild,chart
4839802560,LifeTogether 🏠 RP,0,minimal,Maturity: Minimal,chart
2668101271,Fling Things and People,0,mild,Maturity: Mild,chart
88070565,[🎃] Welcome to Bloxburg ,0,minimal,Maturity: Minimal,chart
10765785152,Guess My Game,0,minimal,Maturity: Minimal,chart
601130232,Bee Swarm Simulator,0,minimal,Maturity: Minimal,chart
1202096104,Driving Empire,0,minimal,Maturity: Minimal,chart
6765805766,BlockSpin 🔪 [MANSION UNDERGROUND],0,moderate,Maturity: Moderate,chart
4949420752,Realistic Street Soccer,0,minimal,Maturity: Minimal,chart
5995470825,🎃Hypershot,0,mild,Maturity: Mild,chart
1451869528,Would You Rather: Cartoons Tower,0,minimal,Maturity: Minimal,chart
10764479526,+1 Mog Evolution,0,minimal,Maturity: Minimal,chart
10258991999,[MONGOLS] Command An Army,0,mild,Maturity: Mild,chart
2936053166,[🦑] Squid Game X,0,mild,Maturity: Mild,chart
4777817887,Blade Ball,0,mild,Maturity: Mild,chart
4049246711,Timebomb Duels [Alpha],0,mild,Maturity: Mild,chart
1831550657,✨ Creatures of Sonaria 📜 Survive Kaiju Animals,0,minimal,Maturity: Minimal,chart
2619619496,BedWars [🎣RERELEASE🪤],0,minimal,Maturity: Minimal,chart
10764897725,+1 Wings For Eggs,0,minimal,Maturity: Minimal,chart
372226183,Flee the Facility,0,mild,Maturity: Mild,chart
7633926880,[UPDATE] BloxStrike,0,mild,Maturity: Mild,chart
10649255304,Pull An Egg,0,minimal,Maturity: Minimal,chart
10399136326,Anime Ability Arena,0,mild,Maturity: Mild,chart
1516533665,Piggy [SEASON 9 - FRIGHT NIGHT],0,mild,Maturity: Mild,chart
10371406677,Race for Eggs,0,minimal,Maturity: Minimal,chart
10753751277,Steal From The Rich!,0,minimal,Maturity: Minimal,chart
9167377564,100 Days At Sea,0,minimal,Maturity: Minimal,chart
9294074907,[FPS] One Tap,0,mild,Maturity: Mild,chart
2992873140,Emergency Hamburg,0,mild,Maturity: Mild,chart
7436755782,[🧑‍🌾] Grow a Garden 🌶️,0,minimal,Maturity: Minimal,chart
6325068386,[🧟‍♂️ Don Lorenzo] Blue Lock: Rivals,0,minimal,Maturity: Minimal,chart
10634461028,(BETA) Drive A Kukirin!,0,minimal,Maturity: Minimal,chart
4987856151,Wanted [💰UPDATE],0,mild,Maturity: Mild,chart
210851291,Build A Boat For Treasure,0,minimal,Maturity: Minimal,chart
9855761734,[GANGS] San Diego Roleplay,0,mild,Maturity: Mild,chart
10460801145,TROLL Hug Tower,0,mild,Maturity: Mild,chart
6774320049,Dubai 🏡 RP [KIDS UPDATE! 👶🎉],0,minimal,Maturity: Minimal,chart
578392296,ABA,0,mild,Maturity: Mild,chart
8719555347,[🛥️Boats🛥️] Southern Mudding 🚜 OffRoading,0,minimal,Maturity: Minimal,chart
10261267004,[🚂 UPD] Storage Hunters: Open World,0,minimal,Maturity: Minimal,chart
7554119808,🛍️ My Avatar!,0,minimal,Maturity: Minimal,chart
3359505957,Collect All Pets!,0,minimal,Maturity: Minimal,chart
5315312115,[RP] Pine Ridge,0,minimal,Maturity: Minimal,chart
123956318,Kaizen [RP],0,minimal,Maturity: Minimal,chart
5291633415,[RP] Mythage,0,minimal,Maturity: Minimal,chart
4991126644,Bewitched,0,moderate,Maturity: Moderate,chart
6385532960,[FIXES] Ryujin,0,moderate,Maturity: Moderate,chart
6026405541,🍁 10 Player Flee,0,mild,Maturity: Mild,chart
1000233041,3008 [2.75],0,minimal,Maturity: Minimal,chart
5580972377,[RANKED] 💥 BUCKSHOT,0,mild,Maturity: Mild,chart
10699057921,[🍁] WikiRace!,0,minimal,Maturity: Minimal,chart
10750223358,Z : ZHD!,0,moderate,Maturity: Moderate,chart
7178032757,[🍁] Rebirth Champions: Ultimate,0,minimal,Maturity: Minimal,chart
9112256336,Scream City 2 🎃,0,moderate,Maturity: Moderate,chart
1008451066,Da Hood,0,moderate,Maturity: Moderate,chart
10759638075,[🍀 X2] Pets Universe!,0,minimal,Maturity: Minimal,chart
10391036163,Anomaly Detected,0,mild,Maturity: Mild,chart
6061766680,[UNBANS] fight in a school,0,mild,Maturity: Mild,chart
7414497778,[MTC] Multicrew Tank Combat,0,mild,Maturity: Mild,chart
10762757054,WHO FARTED?,0,mild,Maturity: Mild,chart
6726637224,Street Life Remastered 🔥,0,moderate,Maturity: Moderate,chart
10765167636,[💰] 2 Player Raid Tycoon,0,mild,Maturity: Mild,chart
9885372266,Unseen Liminality,0,minimal,Maturity: Minimal,chart
6451948378,[🔮]Tokyo Claw Machine,0,minimal,Maturity: Minimal,chart
1494262959,[⚙️] Criminality,0,moderate,Maturity: Moderate,chart
3990106548,Baddies 💅,0,mild,Maturity: Mild,chart
2139712082,[🕷️HALLOWEEN 1.5] Project Baki,0,moderate,Maturity: Moderate,chart
7629331599,Prospecting! 💎,0,minimal,Maturity: Minimal,chart
6945584306,[💀QOL🐱] Azure Latch,0,minimal,Maturity: Minimal,chart
6925303818,Goalbound,0,minimal,Maturity: Minimal,chart
1278035280,Warrior Cats: Ultimate Edition,0,minimal,Maturity: Minimal,chart
892043755,[🍀UPD] Bubble Gum Simulator,0,minimal,Maturity: Minimal,chart
5829613337,something evil will happen,0,mild,Maturity: Mild,chart
7208219743,The Walking Dead Online,0,moderate,Maturity: Moderate,chart
10411998017,[TRAIL MAP🗺️] Project Bikelife,0,minimal,Maturity: Minimal,chart
4348829796,MVSD | Murderers VS Sheriffs Duels,0,mild,Maturity: Mild,chart
1718755273,town,0,moderate,Maturity: Moderate,chart
10189903609,Finish The Word! [ SUMMER ],0,minimal,Maturity: Minimal,chart
4568630521,[💥] Heroes Battlegrounds,0,mild,Maturity: Mild,chart
6505338302,🏈Football Legends🏈,0,minimal,Maturity: Minimal,chart
6749060816,Asylum Life 🔊,0,mild,Maturity: Mild,chart
10762388019,[1 & 2 PLAYER] Grapple Cart Obby,0,minimal,Maturity: Minimal,chart
5039839070,(ANNIVERSARY) Outcome Memories v0.2,0,moderate,Maturity: Moderate,chart
4676287985,Decaying Winter,0,moderate,Maturity: Moderate,chart
1087859240,[🎃] Rogue Lineage,0,moderate,Maturity: Moderate,chart
1709917610,Regretevator [ ELEVATOR SIMULATOR ],0,minimal,Maturity: Minimal,chart
10153098880,Heroes RNG 🏹,0,minimal,Maturity: Minimal,chart
110181652,Epic Minigames ✨,0,mild,Maturity: Mild,chart
1526814825,[Visby] War Tycoon,0,minimal,Maturity: Minimal,chart
7970033072,The Veil,0,moderate,Maturity: Moderate,chart
6504986360,[🍁UPD] Bubble Gum Simulator INFINITY,0,minimal,Maturity: Minimal,chart
7856039629,Murder Mystery DUELS,0,mild,Maturity: Mild,chart
10526853622,[🌋] Deep Fishing🎣,0,minimal,Maturity: Minimal,chart
107172930,Horrific Housing,0,mild,Maturity: Mild,chart
245662005,Jailbreak,0,mild,Maturity: Mild,chart
6275120808,[ALCHEMIST RELEASE] Jump Showdown,0,mild,Maturity: Mild,chart
9978329815,Mukbang Game [Testing]🥞🧇!,0,minimal,Maturity: Minimal,chart
2471084,🌳 Lumber Tycoon 2,0,minimal,Maturity: Minimal,chart
10290675105,[🎃 NEW EVENT] Roll for Chiikawa ! [RNG],0,minimal,Maturity: Minimal,chart
5599532653,(G-MAN REWORK) Strange Bathtub War ,0,minimal,Maturity: Minimal,chart
7613921865,[🧪] Anime Expeditions ,0,minimal,Maturity: Minimal,chart
114967577,[ULTRA INSTINCT!] Dragon Ball Final: Reborn,0,moderate,Maturity: Moderate,chart
10502841145,[OVERCLOCK] Anime Astral Simulator,0,minimal,Maturity: Minimal,chart
6190071862,Grave/Digger,0,moderate,Maturity: Moderate,chart
2682938349,Wild Horse Islands,0,minimal,Maturity: Minimal,chart
4260784961,Napoleonic Wars,0,moderate,Maturity: Moderate,chart
9219838330,Project Mirror Labyrinth,0,moderate,Maturity: Moderate,chart
7882785167,Enfosi,0,mild,Maturity: Mild,chart
1531130248,Tower Heroes [UPD] 🎃 ,0,minimal,Maturity: Minimal,chart
9931749389,🎃HALLOWEEN 🎃 Dungeon Quest Reborn,0,mild,Maturity: Mild,chart
5488708927,The Eternal Abyss,0,minimal,Maturity: Minimal,chart
3936365689,[DRAGONS!] Clover Retribution,0,mild,Maturity: Mild,chart
10491385664,Da Uphill (NEW AIM SYSTEM) (CREW UPDATE),0,mild,Maturity: Mild,chart
1374118848,Dragon Generations,0,mild,Maturity: Mild,chart
3064619271,Final Stand: Remastered,0,mild,Maturity: Mild,chart
9362896961,[👹Boss] Anime Card Collection,0,minimal,Maturity: Minimal,chart
9948575164,[🎃] Merge Shop,0,minimal,Maturity: Minimal,chart
3634139746,Hood Customs,0,moderate,Maturity: Moderate,chart
3913007563,The Battle Bricks,0,mild,Maturity: Mild,chart
6682487255,[ 🪄🎩] Anime Card Clash,0,minimal,Maturity: Minimal,chart
9965411707,[UPD 4🌊] Noob Incremental,0,minimal,Maturity: Minimal,chart
3289847355,[Gradient & Rainbow!] Tower Creator,0,minimal,Maturity: Minimal,chart
9229146348,JUST ONE MORE ASYM,0,moderate,Maturity: Moderate,chart
1316421563,Volleyball 4.2,0,minimal,Maturity: Minimal,chart
10452420697,[EA] Combined Arms,0,minimal,Maturity: Minimal,chart
1054526971,Blackhawk Rescue Mission 5,0,moderate,Maturity: Moderate,chart
5422546686,[🍁] Horse Life,0,minimal,Maturity: Minimal,chart
3747388906,[📱MOBILE] Fallen Survival🏹,0,moderate,Maturity: Moderate,chart
3837114739,[RITUALS 🕯️] The Vampire Legends 2,0,moderate,Maturity: Moderate,chart
8546873728,Apocalyptic Titans Roleplay,0,minimal,Maturity: Minimal,chart
1958807588,[🔥QOL] Hood Modded,0,moderate,Maturity: Moderate,chart
7274244096,Toilet World Roleplay 2,0,minimal,Maturity: Minimal,chart
3047037061,bLockerman's Minesweeper,0,minimal,Maturity: Minimal,chart
4938220315,[AURORA] Skibi Defense,0,minimal,Maturity: Minimal,chart
3512256796,Miners World [Clans],0,minimal,Maturity: Minimal,chart
7493638319,rainy valley,0,mild,Maturity: Mild,chart
10428543942,PURSUITCORE,0,moderate,Maturity: Moderate,chart
839922895,Project Stardust,0,mild,Maturity: Mild,chart
10478342774,Da Strike (NEW AIM SYSTEM) (CREW UPDATE),0,mild,Maturity: Mild,chart
1235188606,[⭐SZN 10] Dragon Adventures 🐉,0,mild,Maturity: Mild,chart
140733710,FNAF RP - TPRR [🐻FB3 HUMANS📺] ,0,moderate,Maturity: Moderate,chart
2491559356,Cursed Tank Simulator【HOLD THE LINE】,0,mild,Maturity: Mild,chart
10393438342,[🎫 X2 🎫] Alliance Tower Defense! ⚔️,0,minimal,Maturity: Minimal,chart
147332621,Typical Colors 2,0,mild,Maturity: Mild,chart
1271059807,[🎉6th Anniversary!] Stevos Gem Eras Roleplay,0,minimal,Maturity: Minimal,chart
9940812243,[JJK+S2] Anime RNG Defense,0,minimal,Maturity: Minimal,chart
9324081218,[🏆SEASON 1] evil plate game ,0,minimal,Maturity: Minimal,chart
2309918273,[⚡ SHUNKO] VV: ULTIMATUM,0,moderate,Maturity: Moderate,chart
3264581003,Eternal Towers of Hell,0,minimal,Maturity: Minimal,chart
9584946743,[🌐 WORLD 9 EXPANSION] Immortality Incremental,0,minimal,Maturity: Minimal,chart
8946565814,[UPDATE 3.0 ⚓] Anime Origins,0,minimal,Maturity: Minimal,chart
1775919872,[EVENT] Doodle World,0,minimal,Maturity: Minimal,chart
1176784616,Tower Defense Simulator,0,minimal,Maturity: Minimal,chart
4750561026,Cold War [VIETNAM],0,moderate,Maturity: Moderate,chart
7264587281,SNIPER DUELS,0,mild,Maturity: Mild,chart
9837612476,[💥] Mini War,0,minimal,Maturity: Minimal,chart
903807016,[🗺️] Emergency Response: Liberty County,0,moderate,Maturity: Moderate,chart
1016936714,[CDR & DD] Your Bizarre Adventure,0,moderate,Maturity: Moderate,chart
10643795368,Idle Mafia Game,0,minimal,Maturity: Minimal,chart
10173311467,Ghost Driver [ALPHA],0,minimal,Maturity: Minimal,chart
4658598196,Attack on Titan Revolution,0,mild,Maturity: Mild,chart
7585140258,RUNAWAYS [beta],0,mild,Maturity: Mild,chart
10741792653,Survive The Swarm,0,mild,Maturity: Mild,chart
3183403065,[🤹APRIL FOOL'S🤡] AA,0,mild,Maturity: Mild,chart
9641502068,KNIFE DUELS,0,mild,Maturity: Mild,chart
6760085372,[🎞️ DOMAIN] Jujutsu: Zero,0,mild,Maturity: Mild,chart
10700618962,[⚽] Blue Lock Farm,0,minimal,Maturity: Minimal,chart
321778215,Royale🎃High,0,mild,Maturity: Mild,chart
371263894,Greenville RP (⭐AUDI + SHELBY RELATED + RACES!),0,minimal,Maturity: Minimal,chart
10667357873,💭Dream Car Collection ,0,minimal,Maturity: Minimal,chart
1390601379,Combat Warriors,0,mild,Maturity: Mild,chart
9872734936,[UPD] Junk Mechanics,0,minimal,Maturity: Minimal,chart
3110388936,[✨ QOL + Susanoo Rework 👹 ] Ninja Time,0,mild,Maturity: Mild,chart
9551044479,Final Swarm [🌊Atlantis],0,mild,Maturity: Mild,chart
10624691669,{ Pt. 2 } MONOCHROME👁️,0,mild,Maturity: Mild,chart
7008097940,[🥇] Ink Game,0,mild,Maturity: Mild,chart
7395930870,Sell Lemons 🍋,0,minimal,Maturity: Minimal,chart
9656201728,[ 🐺 STARRK] Dungeon Lootr,0,mild,Maturity: Mild,chart
10552240401,[UPD 7] Defeat Anime RNG,0,minimal,Maturity: Minimal,chart
10321202755,[✨] Anime Fighting Simulator,0,mild,Maturity: Mild,chart
10200395747,Grow a Garden 2,0,minimal,Maturity: Minimal,chart
8520148363,💥 Tank Game! [2.4],0,minimal,Maturity: Minimal,chart
9582986239,Fish an Anime RNG 🎲,0,minimal,Maturity: Minimal,chart
985731078,World // Zero ⚔️ Anime RPG ,0,mild,Maturity: Mild,chart
10231502419,SNACK Defense! 🍉 [TD],0,minimal,Maturity: Minimal,chart
9051406594,Dueling Grounds ⚔️ ,0,moderate,Maturity: Moderate,chart
10717002748,[W2] +1 DMG FPS,0,mild,Maturity: Mild,chart
1782832995,A Universal Time,0,moderate,Maturity: Moderate,chart
10532995815,[🎃] Mine Antarctica,0,minimal,Maturity: Minimal,chart
5166944221,Death Ball,0,mild,Maturity: Mild,chart
2251388500,Twisted [BETA],0,minimal,Maturity: Minimal,chart
10246108265,[⚓] Navy War,0,minimal,Maturity: Minimal,chart
2380077519,[UPDATE🏴‍☠️] Slap Battles👏,0,mild,Maturity: Mild,chart
2527789729,[MOBILE!📱]Prior Extinction - Dinosaur Survival!,0,moderate,Maturity: Moderate,chart
9880286438,[Wild Hunt Upd!] Legacy Piece,0,mild,Maturity: Mild,chart
6215986499,Grand Blue [Early Access],0,mild,Maturity: Mild,chart
10759337137,Last Stop [Beta],0,mild,Maturity: Mild,chart
10440833423,[✨] Greedy Growers 🌱,0,minimal,Maturity: Minimal,chart
7094518649,Restaurant Tycoon 3,0,minimal,Maturity: Minimal,chart
9796898051,Drill to Earth’s Core 🌎,0,mild,Maturity: Mild,chart
7883776681,[EVENT🎃] Racket Rivals ,0,minimal,Maturity: Minimal,chart
10529769390,[📊PATCH📊] Slop Tower Defense! 💔,0,minimal,Maturity: Minimal,chart
10124403207,[🔥CODES] Road to Glory: Football (Beta),0,minimal,Maturity: Minimal,chart
3164075108,[X2 WEEK] Dragon Soul | Anime MMO 🐲,0,mild,Maturity: Mild,chart
7673659635,Fix It Up!,0,minimal,Maturity: Minimal,chart
9970645639,Run a Restaurant!,0,minimal,Maturity: Minimal,chart
10430019389,[🎃] Spot the Fake For Anime!,0,minimal,Maturity: Minimal,chart
7934320560,Five Nights TD 2 [EVOLUTIONS],0,minimal,Maturity: Minimal,chart
10764887435,[🤑WORKS] Forest Donations,0,minimal,Maturity: Minimal,chart
10552540426,[UPD] My Toll Farm!,0,minimal,Maturity: Minimal,chart
10431718987,[🧬] Merge a Mini  Army,0,minimal,Maturity: Minimal,chart
9561553764,Murder Duels,0,mild,Maturity: Mild,chart
9910245722,Iron Soul: Dungeon,0,mild,Maturity: Mild,chart
10415845204,[⚡NEW] Clicker Simulator! 🖱️,0,minimal,Maturity: Minimal,chart
10230942274,Ability Arena 💥,0,mild,Maturity: Mild,chart
10504918958,[NEW STYLES] Shigaku,0,minimal,Maturity: Minimal,chart
10741654282,Build and Kill Zombies,0,mild,Maturity: Mild,chart
1268927906,💪Muscle Legends ,0,mild,Maturity: Mild,chart
10566677406,[将] Shogun's Reign,0,minimal,Maturity: Minimal,chart
2788648141,Military Tycoon ®,0,mild,Maturity: Mild,chart
8618660961,(🍂FALL + 🛠️ CAR MODS!) Mojave Valley (Alpha),0,minimal,Maturity: Minimal,chart
8829204428,[EVENTS] Case Simulator RNG,0,minimal,Maturity: Minimal,chart
10648640958,[UPD 2 🏆] Hood Rivals,0,mild,Maturity: Mild,chart
1802741133,✈️ Cabin Crew Simulator ,0,minimal,Maturity: Minimal,chart
6048923315,[🌀Sky Manipulation] KAIZEN,0,mild,Maturity: Mild,chart
4730278139,[DEIMOS👹] untitled boxing game 🥊,0,mild,Maturity: Mild,chart
10577588270,🦸 +1 Superhero Evolution,0,mild,Maturity: Mild,chart
4420562665,[🎃EVENT] Ride Storm,0,minimal,Maturity: Minimal,chart
6161049307,Pixel Blade,0,mild,Maturity: Mild,chart
3405618667,Sonic Speed Simulator,0,minimal,Maturity: Minimal,chart
7359962123,An Average Campaign [Alpha v0.5.1],0,mild,Maturity: Mild,chart
10424107160,[🌙] Survive The Night,0,minimal,Maturity: Minimal,chart
4793836769,[🌴NEW MAP]🚗Midnight Chasers: Highway Racing,0,minimal,Maturity: Minimal,chart
65241,Natural Disaster Survival,0,minimal,Maturity: Minimal,chart
10031562156,[UPDATE] Backrooms Company,0,mild,Maturity: Mild,chart
10764883692,Untitled Defense (Update2),0,moderate,Maturity: Moderate,chart
10765708310,[UPD] Jewelry Empire,0,minimal,Maturity: Minimal,chart
10116272705,[ 🎉RELEASE ] Anime Mysterious,0,mild,Maturity: Mild,chart
9662130710,[🙂UPD] Phonk Slap 🎵,0,mild,Maturity: Mild,chart
10268960646,Untitled Wheelie Game (🚔),0,minimal,Maturity: Minimal,chart
6100103590,The Undead Coming (2026),0,mild,Maturity: Mild,chart
31970568,Theme Park Tycoon 2,0,minimal,Maturity: Minimal,chart
10298144467,Roll Anime to Fight!,0,minimal,Maturity: Minimal,chart
3419284255,Peroxide [Update!],0,moderate,Maturity: Moderate,chart
1511883870,Shindo Life [250],0,minimal,Maturity: Minimal,chart
9950184599,"🍂 (FALL UPDATE + DRIFT XP) Young Street, Ontario",0,minimal,Maturity: Minimal,chart
47545,🍕Work at a Pizza Place,0,minimal,Maturity: Minimal,chart
10309128556,HELLHOLE [🧟‍♂️],0,mild,Maturity: Mild,chart
4201418016,[🌀NEW!] Fabled Legacy! RPG,0,mild,Maturity: Mild,chart
10263732883,[UPD 2.0] TBOD^2 [Tycoon But One Dropper: SQUARED],0,minimal,Maturity: Minimal,chart
1742264997,SCP: Roleplay,0,mild,Maturity: Mild,chart
10761200080,Needle In A Haystack,0,minimal,Maturity: Minimal,chart
10389762549,[NOW] Sword RNG X,0,mild,Maturity: Mild,chart
10761884278,Strikeborn [EARLY ACCESS],0,mild,Maturity: Mild,chart
9073513091,[HALLOWEEN!] Anime Apocalypse,0,moderate,Maturity: Moderate,chart
10508386614,Arasaka Academy [RELEASE] | Cyberpunk,0,mild,Maturity: Mild,chart
10439568447,[UPD] Anomaly Cafe ,0,minimal,Maturity: Minimal,chart
10031505426,FPS🔥AirDrop Arena [S5]🔥,0,mild,Maturity: Mild,chart
9788139379,[UPD]BreakDoor,0,minimal,Maturity: Minimal,chart
10761687472,Scream And Run [VERITY],0,moderate,Maturity: Moderate,chart
7761516673,Fight in a Streamer University🎓 ,0,mild,Maturity: Mild,chart
6272727021,[🎉RELEASE🎉] Undertale Adventures X,0,minimal,Maturity: Minimal,chart
6786784563,[🚗NEW CAR!] Corsa Legends [ALPHA],0,minimal,Maturity: Minimal,chart
10768462078,[Pokemon Brick Bronze] [Bronze Forever],0,minimal,Maturity: Minimal,chart
10338952197,Grow a Chicken Fighter,0,mild,Maturity: Mild,chart
10765013362,Dig For Eggs,0,minimal,Maturity: Minimal,chart
10404519332,🪓 Carve Wood! [Fall Update],0,minimal,Maturity: Minimal,chart
9442472087,WARDEN 🐲 Sonaria Horror Escape,0,mild,Maturity: Mild,chart
2862098693,Project Delta,0,moderate,Maturity: Moderate,chart
5650396773,a dusty trip [🚗SEASON],0,minimal,Maturity: Minimal,chart
5108158764,SCP Architect X,0,mild,Maturity: Mild,chart
9312646406,Land or Die! 🐙  [KRAKEN],0,minimal,Maturity: Minimal,chart
9826885587,Evomon[S3 TRADE],0,minimal,Maturity: Minimal,chart
3012965062,The Presentation Experience,0,mild,Maturity: Mild,chart
6336741296,[FIRE FIGHTING] Flight World,0,minimal,Maturity: Minimal,chart
7738524573,Retro Tower Defense,0,mild,Maturity: Mild,chart
358276974,Apocalypse Rising 2,0,moderate,Maturity: Moderate,chart
10589388621,[DRIVING UPD] 🏁Mini Race,0,minimal,Maturity: Minimal,chart
10759594563,Choose the Stronger Anime!,0,minimal,Maturity: Minimal,chart
6324644175,Death Order: Simon Says,0,mild,Maturity: Mild,chart
3457700596,[OPE V2] Fruit Battlegrounds,0,mild,Maturity: Mild,chart
7750955984,[Parasol!] Hunty Zombie,0,moderate,Maturity: Moderate,chart
10195997258,[🦖] Pull a Lucky Fish,0,minimal,Maturity: Minimal,chart
9511454418,[💥BLAST] Anime Finals,0,mild,Maturity: Mild,chart
10141042381,[ADMIN ABUSE] Case Haven,0,minimal,Maturity: Minimal,chart
10475794799,Dig & Clean 🧼,0,minimal,Maturity: Minimal,chart
98839997,[👑Carnotaurus!] Dinosaur Simulator,0,mild,Maturity: Mild,chart
274816972,Car Crushers 2 ⌛ Physics Simulation,0,minimal,Maturity: Minimal,chart
6770632849,[WIND🌪️🍃] MUGEN,0,moderate,Maturity: Moderate,chart
10765799968,[🍀RELEASE🍀] CloverFall,0,mild,Maturity: Mild,chart
7661378108,[🔥X3 CUSTOMIZATION] Trails,0,minimal,Maturity: Minimal,chart
10249209189,Missiles vs Cities,0,minimal,Maturity: Minimal,chart
10739044772,Hamster Village🐹,0,minimal,Maturity: Minimal,chart
10665420648,[UPD 2] THRESHOLD ,0,moderate,Maturity: Moderate,chart
73885730,Prison Life,0,mild,Maturity: Mild,chart
3808223175,[⚖️JUDGEMAN] Jujutsu Infinite,0,mild,Maturity: Mild,chart
6174994284,Savannah Life,0,moderate,Maturity: Moderate,chart
9067401541,Clover Origins [DARK TRIAD],0,mild,Maturity: Mild,chart
3730079862,Examination,0,moderate,Maturity: Moderate,chart
10501944811,Beat the Anime Boss!,0,minimal,Maturity: Minimal,chart
4666414595,[2X💵] NitroLab Drag Racing🚦,0,minimal,Maturity: Minimal,chart
7018190066,Dead Rails,0,moderate,Maturity: Moderate,chart
10004244222,[🍂] Kick a Lucky Block,0,minimal,Maturity: Minimal,chart
10631775021,[2x] +1 Tongue Evolution,0,minimal,Maturity: Minimal,chart
10765902945,[UPDATE 0.5] Anime Legacy Simulator,0,minimal,Maturity: Minimal,chart
10765091041,Open Sea For Animals!,0,minimal,Maturity: Minimal,chart
10471583973,2 PLAYER Evolution Tycoon 🛸,0,mild,Maturity: Mild,chart
10452740285,Build a Gun Army,0,mild,Maturity: Mild,chart
10572887321,Car DUELS [CUSTOMS🎨],0,mild,Maturity: Mild,chart
8356066619,[🔵UPD 4.75💧] Anime Squadron,0,minimal,Maturity: Minimal,chart
2822776643,Elemental Magic Arena [🍀],0,mild,Maturity: Mild,chart
7703614594,[⏳🧪] Garden Tower Defense 🌻,0,minimal,Maturity: Minimal,chart
10514223296,Flip a House! 🏠,0,minimal,Maturity: Minimal,chart
4785982047,FLASHPOINT⚡,0,mild,Maturity: Mild,chart
8964956538,[⚔️ABILITIES] Steel Crossfire,0,mild,Maturity: Mild,chart
10765190004,Anime High School RP,0,mild,Maturity: Mild,chart
10455462279,[🎃SOON]🚪Survive Verity in Area 51🔦,0,mild,Maturity: Mild,chart
7450497506,HOW TO TRAIN YOUR DRAGON,0,minimal,Maturity: Minimal,chart
10199301628,[UPD🚀] Merge a Nuke!,0,minimal,Maturity: Minimal,chart
10144587520,[UPD☄️] Anime Card Farm,0,minimal,Maturity: Minimal,chart
10626746750,[Beta] The Creator-God Sim ,0,minimal,Maturity: Minimal,chart
6170143659,[UPD] Demonology🕯️,0,moderate,Maturity: Moderate,chart
10390151142,Run a Dance Studio,0,minimal,Maturity: Minimal,chart
6329693946,Ultimate Mining Tycoon,0,minimal,Maturity: Minimal,chart
9317784977,[🔥UPD] Knife Arena,0,mild,Maturity: Mild,chart
6858584271,[🔥] Philly Streetz 2,0,moderate,Maturity: Moderate,chart
4079077350,[TITANIC!] Cruise Line Tycoon,0,minimal,Maturity: Minimal,chart
911750776,Broken Bones IV,0,mild,Maturity: Mild,chart
8497987845,[💜 JOJO'S] Anime Girl RNG,0,minimal,Maturity: Minimal,chart
10445832507,Collect Planets,0,minimal,Maturity: Minimal,chart
10766494202,[🏗️] CLONE BUILDERS!,0,mild,Maturity: Mild,chart
8841437826,[🍁] Capybaras VS Plants,0,minimal,Maturity: Minimal,chart
5091490171,[🎥REPLAY] Jailbird,0,moderate,Maturity: Moderate,chart
10324001605,🌷 My Flower Shop,0,minimal,Maturity: Minimal,chart
10398947938,Venture : AOT,0,minimal,Maturity: Minimal,chart
10561166339,[💰] Destroy a Vault,0,minimal,Maturity: Minimal,chart
7108384194,Knife VS Gun DUELS,0,mild,Maturity: Mild,chart
9382839773,[🐲Goku & Castorice🟣] Lineage Piece,0,mild,Maturity: Mild,chart
98929893,[PARASITE 🌀] Dragon Ball Rage,0,mild,Maturity: Mild,chart
5812546130,"[UPD 3] West Coast, Florida",0,minimal,Maturity: Minimal,chart
4582358979,Arm Wrestle Simulator,0,minimal,Maturity: Minimal,chart
7884563721,[🔥RALLIES] Arcade Basketball 🏀 ,0,minimal,Maturity: Minimal,chart
5972059550,[UPD 4.5] Gym League ,0,minimal,Maturity: Minimal,chart
7101140819,Naramo Nuclear Plant ,0,moderate,Maturity: Moderate,chart
1720936166,[OG] All Star Tower Defense,0,minimal,Maturity: Minimal,chart
10209534490,Chicken Farm 🐣,0,minimal,Maturity: Minimal,chart
10556383571,[🌴] Become a Trillionaire,0,minimal,Maturity: Minimal,chart
1165835263,SCP: Site Roleplay,0,moderate,Maturity: Moderate,chart
10425789398,[UPD 2.8] Regrowth Incremental | ALPHA,0,minimal,Maturity: Minimal,chart
10630620554,[REALISTIC] SevenM Hood Testing ,0,moderate,Maturity: Moderate,chart
6375110339,[ BattleArmor ] ST : Blockade Battlefront,0,moderate,Maturity: Moderate,chart
9162763535,Encounters SMASH Battles 🎃.2,0,mild,Maturity: Mild,chart
10074335448,[GREAT SWAMPS UPDATE] Zone STALKER [Pre Alpha] ,0,moderate,Maturity: Moderate,chart
10514280922,Roll A Gnome,0,minimal,Maturity: Minimal,chart
10524813259,"[ 🎃3.0 ] RE:Heads, Please! [RNG]",0,minimal,Maturity: Minimal,chart
3365661357,SharkBite 2 🦈,0,mild,Maturity: Mild,chart
10539411000,🍂 Clean all the Leaves,0,minimal,Maturity: Minimal,chart
7488668004,🎃 Bake or Die 💀 ,0,mild,Maturity: Mild,chart
10404293465,[UPD🦗] DEVOUR 🦑 Eat Fish & Ocean Animals,0,mild,Maturity: Mild,chart
10187294555,[⛰️] Mine a Mountain,0,minimal,Maturity: Minimal,chart
6069634717,Sorcerer Tower Defense [NAOYA],0,minimal,Maturity: Minimal,chart
10522766429,Build a Nuke Farm ☢️,0,minimal,Maturity: Minimal,chart
1451439645,King Legacy,0,mild,Maturity: Mild,chart
8072075666,BESIEGED [🔥HAVOC UPDATE] ,0,moderate,Maturity: Moderate,chart
10241783978,Larp Your Character!,0,minimal,Maturity: Minimal,chart
10336278580,[💎] Sell Ores ⛏️,0,minimal,Maturity: Minimal,chart
1198533421,Midnight Racing: Tokyo,0,minimal,Maturity: Minimal,chart
10533638982,🍰 Cake Mountain 🥄,0,mild,Maturity: Mild,chart
10529067596,⛳ Hit a Golf Ball,0,minimal,Maturity: Minimal,chart
97314177,[UPDATE💪] Ninja Tycoon (v4.8),0,mild,Maturity: Mild,chart
10764332301,[UPD 2] Magic & Divinity 2,0,minimal,Maturity: Minimal,chart
10090384240,[🚨] 911 Dispatch Simulator,0,moderate,Maturity: Moderate,chart
9800616505,[NEW MUSIC🎵🎧 ] Beat Battles ,0,minimal,Maturity: Minimal,chart
10764967952,[FREE] ChinaSide Tycoon,0,minimal,Maturity: Minimal,chart
10764533320,[UPD] Aura Dance Battles 🔥,0,minimal,Maturity: Minimal,chart
2131410080,[WATERSPORTS UPD] Lake Ozark,0,minimal,Maturity: Minimal,chart
1769712451,Southwest Florida Beta,0,mild,Maturity: Mild,chart
7671049560,The Forge [BETA],0,mild,Maturity: Mild,chart
4778845442,[LEGACY] Toilet Tower Defense,0,minimal,Maturity: Minimal,chart
2644656496,Haze Seas ,0,mild,Maturity: Mild,chart
10619854384,[🎃UPD4] Hoyoverse Gacha Simulator,0,minimal,Maturity: Minimal,chart
10762636904,[⏳SOON] Cameraman Tower Defense,0,minimal,Maturity: Minimal,chart
8786713187,Oil Empire🛢️[UPD],0,minimal,Maturity: Minimal,chart
9187332740,[🔥UPD!] STRAFE FPS,0,mild,Maturity: Mild,chart
8269273068,[OGURI CAP MASTERY] Uma Racing,0,minimal,Maturity: Minimal,chart
10394873066,(NEW TRUCKS🔥) Westville Florida,0,minimal,Maturity: Minimal,chart
6420180292,[🫧QOL UPDATE] Mermaid Isle 🌊,0,mild,Maturity: Mild,chart
2092410051,Retail Tycoon 2,0,minimal,Maturity: Minimal,chart
6466404775,[🎃] MOUNT RNG,0,mild,Maturity: Mild,chart
6935083490,Be Fish,0,minimal,Maturity: Minimal,chart
10226261982,[TYBW⚔️] +1 Aura for Anime!,0,minimal,Maturity: Minimal,chart
10466601694,Oil Tycoon! ⛽,0,minimal,Maturity: Minimal,chart
10495391267,Roblox Stock Exchange 2,0,minimal,Maturity: Minimal,chart
10681914462,[☁️WORLD 2] +1 Tongue Escape😛,0,minimal,Maturity: Minimal,chart
3308103880,[🧪] Maple Hospital 🍂,0,minimal,Maturity: Minimal,chart
5407131262,Death Penalty ,0,moderate,Maturity: Moderate,chart
5367389312,[🎵CUSTOM SERVERS] Sing It! Karaoke Battles [VC🎤],0,minimal,Maturity: Minimal,chart
323675642,Flood Escape 2 🌊,0,minimal,Maturity: Minimal,chart
10553807383,[🧸 TOY UPD + QOL] My Grass Farm,0,minimal,Maturity: Minimal,chart
10759478428,Steal Anime Eggs,0,minimal,Maturity: Minimal,chart
10310999762,💪 +1 Strength to Grow Your Arm！,0,minimal,Maturity: Minimal,chart
10759415852,[HALLOWEEN 🎃] Kick an Uma,0,minimal,Maturity: Minimal,chart
10387635049,[GARDEN🌱] Race Horses,0,minimal,Maturity: Minimal,chart
1499870257,[QUEST] generic roleplay gaem.,0,mild,Maturity: Mild,chart
10698216738,Military Army Tycoon,0,mild,Maturity: Mild,chart
4178985930,[CODE: 10KMembers] Ship Defense Simulator 💥,0,mild,Maturity: Mild,chart
3168615253,[UPDATE] Ability Wars,0,mild,Maturity: Mild,chart
10759430423,[W6] +1 Chop Trees for Treasure,0,minimal,Maturity: Minimal,chart
21164849,Pilot Training Flight Simulator,0,minimal,Maturity: Minimal,chart
10399524075,[NEW] Build A Golem! ⛏️,0,minimal,Maturity: Minimal,chart
10138624079,Zombie Rush Survival 🧟‍♂️,0,mild,Maturity: Mild,chart
10765525876,[MAJOR UPDATE] Start Your Blue Lock Career!,0,minimal,Maturity: Minimal,chart
9480281767,Monopoly,0,minimal,Maturity: Minimal,chart
9036406485,[CODES] Mortalia [BETA],0,moderate,Maturity: Moderate,chart
9781580133,Realistic Tree Cutting V6.7,0,mild,Maturity: Mild,chart
9348272796,[UPDATE] Survive Zombie Arena,0,mild,Maturity: Mild,chart
4154513353,Booga Booga [DAILY🎁],0,mild,Maturity: Mild,chart
9893475671,[PARK 🎃] OT7 Football 🏈,0,minimal,Maturity: Minimal,chart
16680835,Notoriety: A PAYDAY® Experience,0,mild,Maturity: Mild,chart
9091734830,The: Bronx Duels🐍,0,mild,Maturity: Mild,chart
10447234038,[🎃] Host A Rideout!,0,minimal,Maturity: Minimal,chart
10271723279,[REVAMP] Ultimate Gym Game,0,minimal,Maturity: Minimal,chart
380704901,[🔥⚒️NEW TATARA!] Ro-Ghoul [ALPHA],0,mild,Maturity: Mild,chart
10765279487,Shuffle an Egg,0,minimal,Maturity: Minimal,chart
8066283370,[🎁]Build a Zoo🥚,0,minimal,Maturity: Minimal,chart
5272606478,[UPDATE🚗] Highway Legends,0,minimal,Maturity: Minimal,chart
6619936488,San Aurie,0,moderate,Maturity: Moderate,chart
3666294218,🌲 Oaklands [⛏️ REVAMP],0,minimal,Maturity: Minimal,chart
10747894435,Duck Pond🦆,0,minimal,Maturity: Minimal,chart
7115773109,Weird Gun Game [UPDATE!],0,mild,Maturity: Mild,chart
8767738036,Saber Arena ⚔️,0,mild,Maturity: Mild,chart
9780429221,Cheating During Testing [BETA],0,mild,Maturity: Mild,chart
10255788071,Cowboy DUELS,0,mild,Maturity: Mild,chart
10421154706,Be The Final Boss [UPDATE],0,mild,Maturity: Mild,chart
2239430935,[UPD] Blair,0,moderate,Maturity: Moderate,chart
7084172542,[🍔]Momo City [Alpha],0,minimal,Maturity: Minimal,chart
2350840700,[CONSOLE!] Project Flight | Alpha,0,minimal,Maturity: Minimal,chart
10766694698,(EARLY BETA) Wheelie Road 🔥,0,minimal,Maturity: Minimal,chart
10582993047,(NO HANDERS | EARLY TESTING🔥) Project Wheelie ,0,minimal,Maturity: Minimal,chart
9549894418,⚠️ Landing Experiments: Plane Crash Sandbox,0,minimal,Maturity: Minimal,chart
5851294352,VOXEL DESTRUCT 2 EARLY ACCESS,0,mild,Maturity: Mild,chart
9320646231,Edenville,0,minimal,Maturity: Minimal,chart
6942586315,[TUNING] AdrenaLane [BETA],0,minimal,Maturity: Minimal,chart
10007567876,Last Contract: Tower Defense [EARLY ACCESS],0,moderate,Maturity: Moderate,chart
5383076404,Aurenvale [🎃 Halloween 🎃],0,minimal,Maturity: Minimal,chart
10440909815,Villa Rica Testing Grounds,0,minimal,Maturity: Minimal,chart
5497606909,🧟 Call of Mini™ Zombies 2 [BETA],0,moderate,Maturity: Moderate,chart
2254119010,[2X PVP EXP] [BETA] Bloxugan,0,minimal,Maturity: Minimal,chart
5286749994,[Sale] Aftermath 🧟,0,moderate,Maturity: Moderate,chart
7587104675,Baltic Sea Simulator │BETA [MOBILE SUPPORT],0,minimal,Maturity: Minimal,chart
10282569694,Baltic Bus Simulator | EARLY ACCESS [UPDATE],0,minimal,Maturity: Minimal,chart
659118871,Streamlined [ALPHA],0,minimal,Maturity: Minimal,chart
7949002987,Equistride,0,minimal,Maturity: Minimal,chart
5316084314,Neon District 2051 - Cyberpunk RP,0,minimal,Maturity: Minimal,chart
5841858050, ❄ Strideway,0,minimal,Maturity: Minimal,chart
10684538441,GLADIATOR VR [PAID ACCESS],0,moderate,Maturity: Moderate,chart
7448488942,eko Beta Test,0,minimal,Maturity: Minimal,chart
2416015385,[UPDATE] Nowhere Railways • Early Access •,0,minimal,Maturity: Minimal,chart
10253700254,[WHEELIE PHYSICS!] Project Deep Creek,0,minimal,Maturity: Minimal,chart
1467077046,[VR Exclusive] EdgeWorks,0,minimal,Maturity: Minimal,chart
10743170026,Blue River Dev Build,0,minimal,Maturity: Minimal,chart
4064537489,Sapien | Beginnings of Humanity,0,minimal,Maturity: Minimal,chart
8527834040,[WORKING SUSPENSION] TRC | Offroad Park,0,minimal,Maturity: Minimal,chart
4289890765,Steam & Steel ,0,minimal,Maturity: Minimal,chart
4373521124,Destination 🌇🏡 [UI REWORK + MINIGAMES! BETA],0,minimal,Maturity: Minimal,chart
8214342832,RoSim 0.4,0,minimal,Maturity: Minimal,chart
324740367,Entry Point: Freelancer's Cut,0,mild,Maturity: Mild,chart
85651869,[🌻GREEN HILL] Survive The Disasters 2,0,mild,Maturity: Mild,chart
4171073930,Wild Heart Stables V.2 ,0,mild,Maturity: Mild,chart
4905293690,The Horse Game,0,minimal,Maturity: Minimal,chart
3219540889,[🚗] Maple County,0,moderate,Maturity: Moderate,chart
10009533319,(UPD) Monster Truck LEGENDS,0,minimal,Maturity: Minimal,chart
5364600678,High Iron [Alpha],0,minimal,Maturity: Minimal,chart
1147796911,Water Park World [Beta],0,minimal,Maturity: Minimal,chart
1579747797,Prizefighter Boxing,0,mild,Maturity: Mild,chart
6497846997,cowboy game,0,moderate,Maturity: Moderate,chart
10764693801,AI Salesman,0,minimal,Maturity: Minimal,chart
6820035296,[UPDATE] The Psychological Experiment,0,mild,Maturity: Mild,chart
242453665,Mint Tycoon [BETA],0,minimal,Maturity: Minimal,chart
7273185020,LIRR Train Simulator | Pre-Release,0,minimal,Maturity: Minimal,chart
5721900060,Amazonian Survival EA,0,mild,Maturity: Mild,chart
3696887823,Skate Forever 🛹,0,minimal,Maturity: Minimal,chart
152631806,TreeLands Legacy,0,minimal,Maturity: Minimal,chart
2929752024,Tower World | Alpha,0,minimal,Maturity: Minimal,chart
2535080489,[💢ALL FOR ME] Heroes Online 2 ,0,mild,Maturity: Mild,chart
1663370770,[HALLOWEEN] Mighty Omega,0,moderate,Maturity: Moderate,chart
3229518631,Heroes of Robloxia 2,0,mild,Maturity: Mild,chart
10485072019,"[BETA] MoVal, CA | School Buses 🚌",0,minimal,Maturity: Minimal,chart
7674516670,Ro Theft Auto VI,0,minimal,Maturity: Minimal,chart
10475919483,Pitwall Manager🏁,0,minimal,Maturity: Minimal,chart
1250803741,Windgate ⛵,0,minimal,Maturity: Minimal,chart
7134571356,Mini Drifters [BETA],0,minimal,Maturity: Minimal,chart
1184233856,Stranded on Earth [Alpha],0,moderate,Maturity: Moderate,chart
2610672811,[0.9.2]Batman: Gotham Stories,0,minimal,Maturity: Minimal,chart
5553771095,[UP 1.7📢] DragBrasil 2 ,0,minimal,Maturity: Minimal,chart
3827656431,MTR South Island Line | A train simulator,0,minimal,Maturity: Minimal,chart
3211189518,Find Everything,0,mild,Maturity: Mild,chart
5210666193,Dread Camp,0,minimal,Maturity: Minimal,chart
3087415864,[ALL AGES] Down in the Engine Room,0,mild,Maturity: Mild,chart
9578166823,Toilet Merge Simulator,0,mild,Maturity: Mild,chart
3700393331,WrestlingX | Pro Wrestling,0,moderate,Maturity: Moderate,chart
9571642997,Wall jumps Into 67,0,minimal,Maturity: Minimal,chart
5800312217,Jule's RNG [ARC 7 UPD],0,minimal,Maturity: Minimal,chart
7703544118,[🌙] Container RNG📦,0,minimal,Maturity: Minimal,chart
7798947148,[NOW!] Anime Final Quest,0,mild,Maturity: Mild,chart
10144280947,🐒 +1 Speed Monkey Escape,0,minimal,Maturity: Minimal,chart
7848646653,Break your Bones ☠️,0,minimal,Maturity: Minimal,chart
9091133975,[🌙] Catch And Tame!,0,minimal,Maturity: Minimal,chart
3608732146,💪Size Legends Simulator,0,mild,Maturity: Mild,chart
10081194651,Pickaxe Tycoon ⛏️,0,minimal,Maturity: Minimal,chart
10368005384,My Giant Sandwich,0,minimal,Maturity: Minimal,chart
2655311011,[⭐2X] Anime Dimensions Simulator,0,mild,Maturity: Mild,chart
10039338037,[🌽] Build A Ring Farm,0,minimal,Maturity: Minimal,chart
7640282930,[🔨] Build a Scam Empire!,0,minimal,Maturity: Minimal,chart
6594435384,SpongeBob Tower Defense🍍,0,mild,Maturity: Mild,chart
9145063979,⛏️Dig to Escape,0,minimal,Maturity: Minimal,chart
10253446435,[🪓] My Wood Farm ,0,minimal,Maturity: Minimal,chart
6925369391,Capybara Evolution,0,mild,Maturity: Mild,chart
10561352230,[⌛] +1 Drain Water Per Click,0,minimal,Maturity: Minimal,chart
9168386959,100 Waves Later,0,mild,Maturity: Mild,chart
4795326392,[EVENT] Pull a Sword,0,mild,Maturity: Mild,chart
10067258922,+1 Aura Per Click,0,minimal,Maturity: Minimal,chart
9792947201,Slime RNG,0,minimal,Maturity: Minimal,chart
7629884826,Cage Fishing 🐟,0,minimal,Maturity: Minimal,chart
8937254139,Dungeon Hunters [UPD],0,mild,Maturity: Mild,chart
7474367816,Climb and Jump Tower [NEW WORLD],0,minimal,Maturity: Minimal,chart
9155036056,Craft Food,0,minimal,Maturity: Minimal,chart
6052033819,[UPD🍓] Cake Off!,0,minimal,Maturity: Minimal,chart
10376944238,Build Your Backrooms,0,minimal,Maturity: Minimal,chart
9893515490,☢️ Nuke Your City,0,minimal,Maturity: Minimal,chart
8214054500,🚀 Build a Car,0,minimal,Maturity: Minimal,chart
6720585148,[UPD!] Ride A Cart Down A Slide,0,mild,Maturity: Mild,chart
9141743926,[NOW] Catch a Monster,0,minimal,Maturity: Minimal,chart
8659262047,Dangerous ATV Driving,0,minimal,Maturity: Minimal,chart
7074860883,ARISE 1.0 [🚨STATUS: IN DEV ],0,minimal,Maturity: Minimal,chart
7332711118,Brainrot Evolution,0,mild,Maturity: Mild,chart
8572854650,Be a YouTuber! 🔴🎥,0,minimal,Maturity: Minimal,chart
8283159479,🚜 Build a Tractor ,0,minimal,Maturity: Minimal,chart
7618444254,Horse RNG 🐎 ,0,minimal,Maturity: Minimal,chart
9619492068,[UPD] Titan Fishing,0,minimal,Maturity: Minimal,chart
7332812970,Motorcycle Racing 🏍️,0,minimal,Maturity: Minimal,chart
9754968779,[💖] +1 Health Per Click,0,minimal,Maturity: Minimal,chart
4518160318,Mansion Tycoon 🌴🏠,0,minimal,Maturity: Minimal,chart
9384605736,[🎩] Knockout! 🐧,0,minimal,Maturity: Minimal,chart
9294646427,Bobsled Ride Down a Mountainside,0,mild,Maturity: Mild,chart
6216468795,Weak Legacy 2 ,0,mild,Maturity: Mild,chart
9793308933,Fall For Brainrots! 🪂,0,minimal,Maturity: Minimal,chart
5295169598,Ultimate Home Tycoon 🏠,0,minimal,Maturity: Minimal,chart
9485131494,[⚡] Hyper Speed Runner,0,mild,Maturity: Mild,chart
5866227438,Build with Friends,0,minimal,Maturity: Minimal,chart
8218591943,Dive into a Pool 💧,0,minimal,Maturity: Minimal,chart
3476371299,⚡Race Clicker,0,minimal,Maturity: Minimal,chart
3608594708,✨Collect The Body,0,minimal,Maturity: Minimal,chart
3655030699,💸Money Tycoon!,0,mild,Maturity: Mild,chart
3494556606,[Event] My Hello Kitty Cafe(Build),0,minimal,Maturity: Minimal,chart
10253235584,Build a base RNG 🎲,0,mild,Maturity: Mild,chart
9929086116,+1 Speed Wings Escape 🦅,0,mild,Maturity: Mild,chart
7076793942,[NINJA] Project Egoist,0,minimal,Maturity: Minimal,chart
10516888336,[Boss🔥] Catch 1 Billion Ducks,0,mild,Maturity: Mild,chart
10168229420,[💻] My Gaming Cafe!,0,minimal,Maturity: Minimal,chart
7373459570,[🦖] BEYBLADE X-BATTLES [Beta12.2],0,minimal,Maturity: Minimal,chart
9784883402,Collect Dinos,0,minimal,Maturity: Minimal,chart
10219827882,Automate a Restaurant 🍲,0,minimal,Maturity: Minimal,chart
10051853469,[Galaxy 🪐] Be Flash For Brainrots!,0,minimal,Maturity: Minimal,chart
5170731021,Demon Blade,0,mild,Maturity: Mild,chart
7113705633,MonsterVerze [💜BETA💜],0,minimal,Maturity: Minimal,chart
9186719164,[2X LUCK 🍀 + MASTERY ⚔️] Sailor Piece,0,mild,Maturity: Mild,chart
111958650,Arsenal,0,mild,Maturity: Mild,chart
10764640833,SKI,0,minimal,Maturity: Minimal,chart
10677698797,DELTARUNE Fight [UPDATE],0,minimal,Maturity: Minimal,chart
6919822640,Sprunki RP 3D,0,minimal,Maturity: Minimal,chart
6596003198,[🎵] Project : RUSHER,0,minimal,Maturity: Minimal,chart
6983536246,[🎶] Incredible Blox,0,minimal,Maturity: Minimal,chart
7307246329,100 Players Musical Chairs,0,minimal,Maturity: Minimal,chart
6957393054,LITE Rebates - [FLAKE PC] - BETA,0,minimal,Maturity: Minimal,chart
1917762467,🎵 Free Boombox/Radio 🎵,0,minimal,Maturity: Minimal,chart
7430288939,Chipeo's Choir 2.0,0,minimal,Maturity: Minimal,chart
7893515528,🎤 My Singing Brainrot,0,minimal,Maturity: Minimal,chart
7113599041,vivid memory - cozy house [showcase/RP],0,minimal,Maturity: Minimal,chart
7411615879,[Wyw my sweetie] Trend City RP 🎶,0,minimal,Maturity: Minimal,chart
3232838484,🎶 [RE] RH Dance Studio,0,minimal,Maturity: Minimal,chart
8058628992,Kpop Demon Hunters RP,0,minimal,Maturity: Minimal,chart
6273901846,💕 Guess the KPOP!,0,minimal,Maturity: Minimal,chart
6970074970,Sprunki,0,minimal,Maturity: Minimal,chart
7458874788, 🎃 [CONSOLE] Pixel Quest!,0,mild,Maturity: Mild,chart
10250809822,Lootbound (BIG UPDATE),0,mild,Maturity: Mild,chart
4862269388,Archived,0,moderate,Maturity: Moderate,chart
8558141897,Flag Football 🏈,0,minimal,Maturity: Minimal,chart
10739112966,Street Soccer Pro,0,minimal,Maturity: Minimal,chart
8181391950,[UPD] Neo Tennis,0,minimal,Maturity: Minimal,chart
10601155553,That Freekick Challenge (TFC),0,minimal,Maturity: Minimal,chart
7372152033,Realistic Golf ⛳,0,minimal,Maturity: Minimal,chart
5666473198,[🎃] Soccer: Touch Football,0,minimal,Maturity: Minimal,chart
4293374620,FIFA Super Soccer,0,minimal,Maturity: Minimal,chart
10370802481,[UPDATE] Beatball,0,minimal,Maturity: Minimal,chart
1871172282,💀 Backstretch Battles Racing,0,mild,Maturity: Mild,chart
7128251171,[TRADING] Superstar Baseball,0,minimal,Maturity: Minimal,chart
10435851846,[EVENT] Hit Home Runs,0,minimal,Maturity: Minimal,chart
1281592938,[🗣️CALLOUT🗣️] ENTRENCHED 🥀,0,moderate,Maturity: Moderate,chart
1851087906,[🐶DOGS] Hunting Season [BETA],0,moderate,Maturity: Moderate,chart
6583326485,Ground War [TANKS],0,mild,Maturity: Mild,chart
9060222574,[CONSOLE] REALISTIC HOME INVASION,0,moderate,Maturity: Moderate,chart
10057403337,[🔥 BERSERKER] Deagle Arena,0,mild,Maturity: Mild,chart
1003981402,Reminiscence Zombies,0,mild,Maturity: Mild,chart
2404080894,[LULLABY] Funky Friday,0,minimal,Maturity: Minimal,chart
1998835206,[🎂] item asylum,0,mild,Maturity: Mild,chart
10335443723,Homer Nightmares [HORROR],0,minimal,Maturity: Minimal,chart
10752833252,Gnomes! [Steal & Escape],0,minimal,Maturity: Minimal,chart
10766057873,[UPD] drive home,0,moderate,Maturity: Moderate,chart
972475338,🚩Expedition Antarctica,0,minimal,Maturity: Minimal,chart
10226701629,Clean The Library 📖 ,0,minimal,Maturity: Minimal,chart
9522015993,bote ried,0,minimal,Maturity: Minimal,chart
1318971886,Break In (Story),0,minimal,Maturity: Minimal,chart
4925010421,Interliminality (ALPHA 1.3.6),0,moderate,Maturity: Moderate,chart
4807308814,Break In 2 (Story),0,mild,Maturity: Mild,chart
10565445771,Verity Companion [AI],0,minimal,Maturity: Minimal,chart
3761186887,Apeirophobia,0,moderate,Maturity: Moderate,chart
4221956550,The Butchery,0,moderate,Maturity: Moderate,chart
5698013839,A DEADLY BOAT TRIP,0,mild,Maturity: Mild,chart
5096440156,weird strict dad [🎮MODES] ,0,minimal,Maturity: Minimal,chart
5668114043,Scary Sushi [CHAPTER 2],0,mild,Maturity: Mild,chart
3085257211,Rainbow Friends,0,mild,Maturity: Mild,chart
8237105425,A Broken Dream,0,minimal,Maturity: Minimal,chart
2643072291,Frigid Dusk,0,moderate,Maturity: Moderate,chart
4165164803,Clip It 😂🎬👗,0,minimal,Maturity: Minimal,chart
10561309674,[Spit It Out] Tendaz Animashons,0,minimal,Maturity: Minimal,chart
10175155684,[YARARARA] Mrouse's Animations,0,minimal,Maturity: Minimal,chart
10010371086,🌌Invincible Edit Test,0,moderate,Maturity: Moderate,chart
1953956112,Visual Pianos 🎹,0,minimal,Maturity: Minimal,chart
3349588628,Digital Piano 🎹,0,minimal,Maturity: Minimal,chart
9221949930,I WANNA RUN AWAY! ,0,minimal,Maturity: Minimal,chart
10569930060,[UPD 🎃] maybe tomorrow ill open the door,0,minimal,Maturity: Minimal,chart
10148419081,Magic Piano,0,minimal,Maturity: Minimal,chart
7175500329,Roblox Replay,0,minimal,Maturity: Minimal,chart
9671745030,[I MISS THE QUIET] Luuynix's Animations,0,minimal,Maturity: Minimal,chart
10506354213,[LAG TRAIN] Trending Meme Animations,0,minimal,Maturity: Minimal,chart
5283170248,better discovery,0,moderate,Maturity: Moderate,chart
2938948258,Piano Music Sheet Practice,0,minimal,Maturity: Minimal,chart
10302044098,[🎶] ClickBeats,0,minimal,Maturity: Minimal,chart
6357377403,🔑[FREE!] Dynamic Cutscenes Animation Game⭐🦂,0,moderate,Maturity: Moderate,chart
9943273705,Red Eyes Runner Server,0,minimal,Maturity: Minimal,chart
9372077571,Street Beats 💿,0,minimal,Maturity: Minimal,chart
4049540036,Chipeo Paradise ,0,minimal,Maturity: Minimal,chart
2227097851,🌟 Free Boombox/Radio 🌟,0,minimal,Maturity: Minimal,chart
1784051919,[New Update] Beat up simulator,0,minimal,Maturity: Minimal,chart
6889096819,[🔺PYRAMIXED] Literally SPRUNKI 🎶,0,minimal,Maturity: Minimal,chart
4723764956,🎥My Movie,0,minimal,Maturity: Minimal,chart
4850044287,Together [Party Game],0,minimal,Maturity: Minimal,chart
9774451882,Math Glass Bridge 🧠,0,minimal,Maturity: Minimal,chart
8401518398,Obby But You're on a Scooter,0,minimal,Maturity: Minimal,chart
10642548584,Doki Doki Obby Club!,0,minimal,Maturity: Minimal,chart
10674234194,Autumn Outfit Tower! [Would you Rather] 🍂,0,minimal,Maturity: Minimal,chart
6215464786,Chained [2 Player Obby],0,mild,Maturity: Mild,chart
7720654467,Blockies [2-3-4-5 Player Obby] ,0,minimal,Maturity: Minimal,chart
10236023188,[☀️🌴UPDATE] ASMR Tower,0,minimal,Maturity: Minimal,chart
9298096434,Dreamworlds [Dreamcore Obby],0,minimal,Maturity: Minimal,chart
7877723741,Dash World [PLATFORMER],0,minimal,Maturity: Minimal,chart
9828847171,Coffee Stage Tower (300+ STAGES!),0,minimal,Maturity: Minimal,chart
10764221401,TROLL Fly & Carry Tower,0,minimal,Maturity: Minimal,chart
9830725726,[W27] Obby But You're on a Kart,0,minimal,Maturity: Minimal,chart
1861512506,surf,0,minimal,Maturity: Minimal,chart
7577791613,Chained in Backrooms,0,minimal,Maturity: Minimal,chart
10424350877,ESCAPE CANDY WITCH! (SCARY OBBY),0,minimal,Maturity: Minimal,chart
9592387369,[HELL] Spiral Difficulty Chart Obby,0,minimal,Maturity: Minimal,chart
83858907,[💎] Speed Run 4,0,minimal,Maturity: Minimal,chart
5385674359,BEAT BOUNCE 🎶 (GEOMETRY DASH),0,minimal,Maturity: Minimal,chart
7948426536,[🎃👻UPDATE] Wax ASMR Tower,0,minimal,Maturity: Minimal,chart
9878210988,Overhang,0,minimal,Maturity: Minimal,chart
6153964325,Chained Together [2-3-4-5 PLAYER],0,minimal,Maturity: Minimal,chart
10124421343,Biker Duo 🏍️ [2 Player Obby],0,minimal,Maturity: Minimal,chart
9449993534,Guess the Slapper,0,mild,Maturity: Mild,chart
10767815979,[FIX] Rarest Answer Wins! 🧠 ,0,minimal,Maturity: Minimal,chart
9825259729,Duck Duck (Tag) 🦆,0,minimal,Maturity: Minimal,chart
10667006841,Guess the Anime Color,0,minimal,Maturity: Minimal,chart
10399125962,Guess the character color,0,minimal,Maturity: Minimal,chart
10521797740,[🍁] 50 Player BINGO!,0,minimal,Maturity: Minimal,chart
10507650215,SlopWare,0,moderate,Maturity: Moderate,chart
1668992109,Total Roblox Drama,0,minimal,Maturity: Minimal,chart
1836146838,Bloxy Bingo,0,minimal,Maturity: Minimal,chart
10438013523,🕹️ Endless GAMES [NO ADS],0,minimal,Maturity: Minimal,chart
10113997049,[UPD] Violent Party!,0,mild,Maturity: Mild,chart
8017401632,Wavelength! [BETA],0,minimal,Maturity: Minimal,chart
5239362765,DON'T GET ELIMINATED,0,mild,Maturity: Mild,chart
7592844193,Guess the Song or Die 🎵,0,minimal,Maturity: Minimal,chart
10421901778,[CINEMA] Clean Everything,0,minimal,Maturity: Minimal,chart
7983308985,Last Letter 💬,0,mild,Maturity: Mild,chart
10426768719,Traffic Flow 🚗 [RELEASE],0,minimal,Maturity: Minimal,chart
6113928308,🔑Project: Escape Room [MULTIPLAYER],0,minimal,Maturity: Minimal,chart
4858558391,Terminal [Escape Room],0,minimal,Maturity: Minimal,chart
9865931248,Word Hunt🔍 ,0,minimal,Maturity: Minimal,chart
9520692022,[330] Save Your Friend!,0,minimal,Maturity: Minimal,chart
10458028403,The Login Game,0,minimal,Maturity: Minimal,chart
10302179427,[🔺 NEW SHAPES] Stack the Shapes,0,minimal,Maturity: Minimal,chart
5156590883,🍉 Watermelon GO! [2.0] [Fruit Game],0,minimal,Maturity: Minimal,chart
9702840627,🤔Hot or Cold: Guess the Word!,0,minimal,Maturity: Minimal,chart
10764385875,Doodle Balls! ❤️,0,minimal,Maturity: Minimal,chart
4170977322,IQ Test 🧠,0,minimal,Maturity: Minimal,chart
953622098,Word Bomb,0,minimal,Maturity: Minimal,chart
8851542818,[🎃🦆] Detective Duck,0,minimal,Maturity: Minimal,chart
10380743712,BASTA / STOP [TUTTI FRUTTI] 💡,0,minimal,Maturity: Minimal,chart
1258866324,[UPDATE!] Defusal 💣,0,minimal,Maturity: Minimal,chart
10756780270,STOP! Word Duel,0,minimal,Maturity: Minimal,chart
5905501282,Wordie🧩,0,minimal,Maturity: Minimal,chart
10641300771,[🌈] Color Stack,0,minimal,Maturity: Minimal,chart
10753487407,🙈🙊🙉 BOMBANANA!,0,minimal,Maturity: Minimal,chart
10628006421,[🧠] Chiidoku,0,minimal,Maturity: Minimal,chart
10765718108,Find the Holy Land 👁️‍🗨️Part.2 (UPDATE),0,mild,Maturity: Mild,chart
10649457157,AI Interrogation 📁,0,minimal,Maturity: Minimal,chart
10222476236,⭐Catalog Avatar Runway,0,minimal,Maturity: Minimal,chart
10320417842,Lakefalls Medical: GP Simulator 🩺,0,minimal,Maturity: Minimal,chart
6845400164,Rate My Avatar 2 🔊,0,minimal,Maturity: Minimal,chart
547524060,Feather Family 🎃 [Burrowing Owl],0,minimal,Maturity: Minimal,chart
1852226622,Gacha Online ✨ RP,0,minimal,Maturity: Minimal,chart
9076692567,[CATALOG🛍️] UGC Creator 🎨,0,minimal,Maturity: Minimal,chart
2065706268,Outfit Loader Testing Place,0,minimal,Maturity: Minimal,chart
10589881655,SELL YOUR OUTFIT,0,minimal,Maturity: Minimal,chart
9098253051,FACEPAINTING! UGC CREATOR 🖌️,0,minimal,Maturity: Minimal,chart
10764431809,[260+ NEW 🎃] Halloween Matching Outfits,0,minimal,Maturity: Minimal,chart
10751153610,[HALLOWEEN🎃] Larp Shopping 🛍️,0,minimal,Maturity: Minimal,chart
6091537736,[HALLOWEEN 🎃] Matching Outfit ideas,0,minimal,Maturity: Minimal,chart
10066618669,Catalog Avatar Builder,0,minimal,Maturity: Minimal,chart
9459951439,🛍️ Tiramisu Outfit Catalog,0,minimal,Maturity: Minimal,chart
10205184118,[UPDATE] SELL YOUR AVATAR,0,minimal,Maturity: Minimal,chart
9209811415,🎞️ Emote Catalog,0,minimal,Maturity: Minimal,chart
9796643263,Avatar Maker,0,minimal,Maturity: Minimal,chart
8005378926,Catalog Avatar Editor,0,minimal,Maturity: Minimal,chart
10764570523,[🎃] Cool Avatar Hub,0,minimal,Maturity: Minimal,chart
10677679844,letters basic outfit ideas,0,minimal,Maturity: Minimal,chart
10267638347,🛍️ Avatar Catalog,0,minimal,Maturity: Minimal,chart
2652888345,Avatar Simulator,0,minimal,Maturity: Minimal,chart
10331052349,[🎃] Boy Outfit Ideas,0,minimal,Maturity: Minimal,chart
7710406091,[1400+ Outfits ] xx3t Outfit Shop,0,minimal,Maturity: Minimal,chart
8232894618,[ ♡ ] Promises avatar closet ,0,minimal,Maturity: Minimal,chart
9868579866,Classic Catalog,0,mild,Maturity: Mild,chart
10766317371,🎃 Halloween Matching Outfits,0,minimal,Maturity: Minimal,chart
10139318212,🛍️ Shop It [Alpha v1.11],0,minimal,Maturity: Minimal,chart
10766991752,[NEW 🎃] Halloween Matching Outfits,0,minimal,Maturity: Minimal,chart
10188861194,🛍️ Avatar Outfit Catalog [60M+ Outfits],0,minimal,Maturity: Minimal,chart
5960318269,[ 3.19 ] matching outfit ideas,0,minimal,Maturity: Minimal,chart
9753458401,StyleMe,0,minimal,Maturity: Minimal,chart
79301772,🔨Plane Crazy🔨 [UPDATE],0,minimal,Maturity: Minimal,chart
10757247806,Build and Conquer,0,mild,Maturity: Mild,chart
10236805062,Frontline Commander ⚔️ RTS,0,minimal,Maturity: Minimal,chart
10765834825,Rule The World 🌍,0,mild,Maturity: Mild,chart
5665954430,♠ Twenty One,0,moderate,Maturity: Moderate,chart
2283649692,CHESS!,0,minimal,Maturity: Minimal,chart
10737986845,🛠️Build and Kill Verity,0,mild,Maturity: Mild,chart
918677693,Rise of Nations,0,minimal,Maturity: Minimal,chart
3267012194,LOCOfficial!,0,minimal,Maturity: Minimal,chart
7685678300,Control Europe,0,minimal,Maturity: Minimal,chart
7823137182,Hide the body,0,mild,Maturity: Mild,chart
10541331578,[🦉DARK FOREST] Poly Loot⚔️,0,mild,Maturity: Mild,chart
3170483284,Croydon: London Bus Simulator,0,minimal,Maturity: Minimal,chart
3734304510,South Bronx: The Trenches❗,0,moderate,Maturity: Moderate,chart
1001911915,Farming and Friends,0,minimal,Maturity: Minimal,chart
6996253752, 🔥[UPDATE]🔥Central Streets,0,moderate,Maturity: Moderate,chart
7848204961,[🌟] School RP #FR  ,0,minimal,Maturity: Minimal,chart
3317679266,PLS DONATE 💸,0,minimal,Maturity: Minimal,chart
8640389608,[🎃UPDATE] Summer Donations🌴,0,minimal,Maturity: Minimal,chart
5897329101,(NEW PORTS + 6M VISITS!) Cruise Ship Simulator,0,minimal,Maturity: Minimal,chart
7428819247,[UPD] South London Remastered,0,moderate,Maturity: Moderate,chart
605887098,Car Dealership Tycoon  [🏠],0,minimal,Maturity: Minimal,chart
1180269832,Arcane Odyssey 🌊,0,moderate,Maturity: Moderate,chart
8316902627,[🪙] Plants & Brainrots 🌻,0,minimal,Maturity: Minimal,chart
1147304238,[🔥EVENT] Dragon Blox,0,mild,Maturity: Mild,chart
848145103,Dungeon Quest! ⚔️ RPG Adventure,0,mild,Maturity: Mild,chart
833209132,[NEW] Vesteria,0,mild,Maturity: Mild,chart
3204175584,Redcliff City 🏡RP ,0,minimal,Maturity: Minimal,chart
2860485766,[😱] Horror Elevator!,0,mild,Maturity: Mild,chart
8974153311,[x2 & BUU] Dragon Ball Hyper Reborn,0,mild,Maturity: Mild,chart
5944821008,🚨 Birmingham Vehicle Simulator,0,minimal,Maturity: Minimal,chart
2865535599,Pop It Trading ✨,0,minimal,Maturity: Minimal,chart
5049569843,Titan Tower Defense,0,minimal,Maturity: Minimal,chart
1527252839,Ben 10 Super Hero Time,0,mild,Maturity: Mild,chart
5720553711,NewSmith 🏡 RP,0,minimal,Maturity: Minimal,chart
10648555380,[🎃 WORKS] Donation Central 💸,0,minimal,Maturity: Minimal,chart
5827120940,Reborn As Swordsman,0,mild,Maturity: Mild,chart
7229464493,[🎃] POLY-Z RNG | Zombie Shooter,0,mild,Maturity: Mild,chart
4263576532,Cali Shootout 💥,0,mild,Maturity: Mild,chart
10593671708,Endless Zombies,0,mild,Maturity: Mild,chart
7160901012,Clothing Factory Tycoon 2,0,minimal,Maturity: Minimal,chart
7617886606,[FIXES] VARSITY FOOTBALL🏈,0,minimal,Maturity: Minimal,chart
4996628751,Eat Same Color Food Challenge,0,minimal,Maturity: Minimal,chart
5048990623,[🔥] Steal TIME for SWORDS,0,mild,Maturity: Mild,chart
5753515186,The Eastern War 2.5,0,moderate,Maturity: Moderate,chart
10037019232,Marine Academy: Military Roleplay,0,mild,Maturity: Mild,chart
4086773669,PET PARTY 🎉 RP,0,minimal,Maturity: Minimal,chart
5012222382,Gunfight Arena,0,mild,Maturity: Mild,chart
3107874866,[VOICE🔊] Rap Battles 🔥,0,mild,Maturity: Mild,chart
2366560560,[Stickers] Miraculous™ RP: Ladybug & Cat Noir,0,minimal,Maturity: Minimal,chart
5713659018,[🔥NEW!] Artemis Royale,0,mild,Maturity: Mild,chart
7706951053,First Is Owner ,0,mild,Maturity: Mild,chart
124283622,TPS: Street Soccer 🏆,0,mild,Maturity: Mild,chart
204387960,Universal Roblox Theme Park,0,minimal,Maturity: Minimal,chart
10231678265,[NEW!] Saturation Diving,0,mild,Maturity: Mild,chart
4851783408,[FIX]⚽Real Futbol,0,minimal,Maturity: Minimal,chart
5247232141,Don't Anger the Button 😡,0,minimal,Maturity: Minimal,chart
5113572498,College Football 🏈,0,minimal,Maturity: Minimal,chart
6940206974,SnugLife RP 🏡,0,minimal,Maturity: Minimal,chart
7002376067,[🎃HALLOWEEN SKINS] Eternal Enemies,0,moderate,Maturity: Moderate,chart
1325411718,⚓ Harbor Havoc,0,mild,Maturity: Mild,chart
7429689898,Troll is a pinning tower 2,0,minimal,Maturity: Minimal,chart
3536173216,Sesame Street: Mecha Builders The Game,0,minimal,Maturity: Minimal,chart
3914607290,Mission: Mars – Explore the Red Planet 🔴,0,minimal,Maturity: Minimal,chart
5042430067,Build a Rocket VS Mark Rober,0,minimal,Maturity: Minimal,chart
3951147015,Studio Lite,0,minimal,Maturity: Minimal,chart
3627275994,Museum Tycoon🏛️,0,minimal,Maturity: Minimal,chart
6657534906,Aquatica Observatory ,0,minimal,Maturity: Minimal,chart
2025565382,Untamed Animals,0,minimal,Maturity: Minimal,chart
969351457,Math Obby ✨,0,minimal,Maturity: Minimal,chart
4055567612,Words of Power,0,mild,Maturity: Mild,chart
4380922749,The Trolley Game,0,minimal,Maturity: Minimal,chart
1093311378,1867 Historical Role Play,0,minimal,Maturity: Minimal,chart
2137105308,Trivia! Roblox Game Show [Jeopardy],0,minimal,Maturity: Minimal,chart
6711224984,[UPDATE!] Robot World - featuring Salvage Safari!,0,mild,Maturity: Mild,chart
5091615162,Backpack Adventure: Find the Animals 🐻,0,minimal,Maturity: Minimal,chart
4408288935,Ecos: La Brea,0,moderate,Maturity: Moderate,chart
6409446943,[UPDATE 26] FIRESTORM 2 🔥,0,minimal,Maturity: Minimal,chart
5518318131,Placer 📍,0,minimal,Maturity: Minimal,chart
112845193,Bird Simulator,0,minimal,Maturity: Minimal,chart
3081555258,Shovelware's Brain Game,0,mild,Maturity: Mild,chart
3929033413,Piano Rooms,0,minimal,Maturity: Minimal,chart
97706693,Rocket Tester,0,minimal,Maturity: Minimal,chart
6506790141,Revive Atlantis,0,minimal,Maturity: Minimal,chart
10060481733,Better Blocks [🏡 Town Builder ⚡],0,minimal,Maturity: Minimal,chart
9906165155,Make a Mandala,0,minimal,Maturity: Minimal,chart
114070244,Roblox Titanic,0,mild,Maturity: Mild,chart
5354625397,Mini Cities 2 ,0,minimal,Maturity: Minimal,chart
537069295,Lua Learning,0,minimal,Maturity: Minimal,chart
6938969105,Where Am I? 🗺️ [Alpha],0,minimal,Maturity: Minimal,chart
455701239,Atlantic Hurricane Simulator 🌀,0,minimal,Maturity: Minimal,chart
6906503978,Art Leap by Belvedere Museum,0,minimal,Maturity: Minimal,chart
2501141430,Circuit Maker 2,0,minimal,Maturity: Minimal,chart
5988568657,Care Bears: Caring Quest,0,minimal,Maturity: Minimal,chart
2463274810,Scripting School,0,minimal,Maturity: Minimal,chart
4145952225,CodeCombat Worlds [Lua Coding RPG],0,minimal,Maturity: Minimal,chart
5174979552,🚀 The Space Simulator,0,minimal,Maturity: Minimal,chart
9762578530,Color Catch,0,minimal,Maturity: Minimal,chart
3934229151,Welcome to TechQuest by Computer History Museum,0,minimal,Maturity: Minimal,chart
2308115211,StockRise: Stock Simulator,0,minimal,Maturity: Minimal,chart
6794845242,[🗿🐀FREE UGCs] Final Score,0,mild,Maturity: Mild,chart
6252201542,[🎶] BeatMerger (CREATE YOUR OWN SONGS),0,minimal,Maturity: Minimal,chart
2817076516,Type Race!,0,minimal,Maturity: Minimal,chart
3801657309,CurioCity,0,minimal,Maturity: Minimal,chart
7091388561,Math Murder,0,minimal,Maturity: Minimal,chart
2208244398,✏️ Project Sudoku,0,minimal,Maturity: Minimal,chart
1375027828,Roblox Creator Challenge,0,minimal,Maturity: Minimal,chart
1217298587,Click the Flag 🌍,0,minimal,Maturity: Minimal,chart
2533027421,Ocean Conservation Experience,0,minimal,Maturity: Minimal,chart
3616579578,Zoo Tropica 🦓 ,0,minimal,Maturity: Minimal,chart
6015491985,Math Tower Race,0,minimal,Maturity: Minimal,chart
3645313968,🐯Endangered World,0,minimal,Maturity: Minimal,chart
4034530348,Word Search!,0,minimal,Maturity: Minimal,chart
5688684783,Mega Obby Fun,0,minimal,Maturity: Minimal,search
5504530122,IMPOSSIBLE Obby to Heaven 😇,0,minimal,Maturity: Minimal,search
6343637170,Halloween Obby!,0,minimal,Maturity: Minimal,search
3310460039,🚨BARRY'S PRISON RUN! (OBBY),0,mild,Maturity: Mild,search
568307879,Escape The Dentist Obby! (NEW!),0,minimal,Maturity: Minimal,search
10750297357,ESCAPE PEPE'S GYM OBBY! (OBBY),0,mild,Maturity: Mild,search
2655478023,Escape Papa Pizza's Pizzeria! (SCARY OBBY),0,minimal,Maturity: Minimal,search
3420059569,GREAT SCHOOL BREAKOUT! (First Person Obby),0,minimal,Maturity: Minimal,search
10328407111,⌨Needoh ASMR OBBY🎧,0,minimal,Maturity: Minimal,search
4601145322,Troll Obby,0,minimal,Maturity: Minimal,search
9365749189,Strawberry Keys Slap Tower! 🍓,0,mild,Maturity: Mild,search
2247578975,Escape The Carnival of Terror Obby! ,0,mild,Maturity: Mild,search
7658676858,Glide Tower,0,minimal,Maturity: Minimal,search
4642134795,Obby But You Can't Jump,0,minimal,Maturity: Minimal,search
4956911744,Easy Size Obby,0,minimal,Maturity: Minimal,search
3088609243,oMega Obby 🌟 727 Stages! ,0,minimal,Maturity: Minimal,search
10130749197,Would You Rather: Celebrity Tower,0,minimal,Maturity: Minimal,search
10761115872,[UPDATE] La Peace Obby,0,mild,Maturity: Mild,search
4107809076,ESCAPE EVIL GRANDPA! (OBBY),0,minimal,Maturity: Minimal,search
10447378977,Maze Obby,0,minimal,Maturity: Minimal,search
4835576249,Boba Tea Tower (Boba Tower),0,minimal,Maturity: Minimal,search
700312613,🥩 Escape The Butcher Shop Obby! (NEW READ DESC),0,mild,Maturity: Mild,search
5788887191,ESCAPE TIM'S FARM OBBY! (OBBY!),0,minimal,Maturity: Minimal,search
8365871374,[✋] Gear Slap Tower,0,minimal,Maturity: Minimal,search
2112490643,Clock's Difficulty Chart Obby HARD,0,minimal,Maturity: Minimal,search
9906154135,💥 Extreme Gear Troll Tower,0,mild,Maturity: Mild,search
7030416430,[UPD] Slippery Stairs,0,minimal,Maturity: Minimal,search
4267277633,Escape Baby Bobby Daycare! (OBBY),0,mild,Maturity: Mild,search
4599924264,Teamwork Puzzles (Obby),0,minimal,Maturity: Minimal,search
10113540671,Would You Rather: Fashion Tower 👚,0,minimal,Maturity: Minimal,search
4847646169,🕶 Obby But You Are Color Blind!,0,minimal,Maturity: Minimal,search
3891658292,🌟Ultimate Easy Obby,0,minimal,Maturity: Minimal,search
10097037814,Would You Rather: Avatar Tower 👚,0,minimal,Maturity: Minimal,search
10681450134,🍇 Grape Obby,0,minimal,Maturity: Minimal,search
3502524667,GRUMPY GRAN! (SCARY OBBY),0,minimal,Maturity: Minimal,search
4998493959,TEAM GRANDMA ESCAPE!👵🏻 (TEAMWORK OBBY),0,minimal,Maturity: Minimal,search
6082237965,EPIC SCHOOL ESCAPE! (OBBY),0,minimal,Maturity: Minimal,search
2703506783,Escape School Obby! (NEW),0,mild,Maturity: Mild,search
1865885235,Escape School Obby! (NEW)  ,0,minimal,Maturity: Minimal,search
2876622588,☁️ Cotton Obby!,0,minimal,Maturity: Minimal,search
79609758,The Dropper ✨ [135+ LEVELS!],0,minimal,Maturity: Minimal,search
4908792642,[🚲PARK] Obby But You’re On a Bike,0,minimal,Maturity: Minimal,search
715696520,Escape The Hospital Obby!,0,minimal,Maturity: Minimal,search
10029257138,Slap Happy Troll Tower ✋,0,mild,Maturity: Mild,search
8152539587,[NEW] TROLL OBBY 😈,0,minimal,Maturity: Minimal,search
9800709514,⚽️RONALDO PRISON RUN! (Obby),0,mild,Maturity: Mild,search
3034836582,Escape Mr Funny's ToyShop! (SCARY OBBY),0,minimal,Maturity: Minimal,search
5728147388,[W10] Rope Swing Obby,0,minimal,Maturity: Minimal,search
2781894239,SIREN COP'S PRISON! (SCARY OBBY),0,minimal,Maturity: Minimal,search
10134302144,⚽️LAMINE YAMAL PRISON RUN! (Obby),0,minimal,Maturity: Minimal,search
597286316,A Simple Obby?,0,mild,Maturity: Mild,search
5581650842,Valentines Obby,0,minimal,Maturity: Minimal,search
10324622892,[UPD!] +1 Ninja Obby Escape,0,minimal,Maturity: Minimal,search
10577682617,Build a +1 Obby,0,minimal,Maturity: Minimal,search
4944984948,Team School Breakout! (TEAMWORK OBBY),0,minimal,Maturity: Minimal,search
6163884815,Team Stepmom Run! (TEAMWORK OBBY),0,minimal,Maturity: Minimal,search
9040771693,Mega Easy Obby 🌈 250+ Stages,0,minimal,Maturity: Minimal,search
5620182793,Skateboard Obby🎃,0,minimal,Maturity: Minimal,search
10134756430,Funnel Obby,0,minimal,Maturity: Minimal,search
6797677834,Easy Teamwork Obby!,0,minimal,Maturity: Minimal,search
3237615544,Really Easy Obby! 🌈,0,minimal,Maturity: Minimal,search
10526434002,+1 Wall Hop Obby Escape,0,minimal,Maturity: Minimal,search
2171758161,🌈 Fall 99999 Rainbow Spiral! Parkour Obby,0,minimal,Maturity: Minimal,search
10373715915,The Obby Elevator!,0,minimal,Maturity: Minimal,search
6118572243,Really Fun Obby,0,minimal,Maturity: Minimal,search
8230649365,🥑 Avocado Obby,0,minimal,Maturity: Minimal,search
9874419878,[WORLD 11] Needoh Tower,0,minimal,Maturity: Minimal,search
4680175327,[🍪NEW] BABY BARRY'S PRISON RUN! (Obby),0,minimal,Maturity: Minimal,search
5298075253,🎄 Christmas Obby,0,minimal,Maturity: Minimal,search
4609061520,Greatest Easy Obby,0,minimal,Maturity: Minimal,search
7356350779,Cotton dreams tower,0,minimal,Maturity: Minimal,search
10274447949,+1 Wings Obby Escape,0,minimal,Maturity: Minimal,search
10426167642,Obby But You Glitch,0,minimal,Maturity: Minimal,search
6118057247,2D Basketball🏀,0,mild,Maturity: Mild,search
10481791182,NBA: Heroes 🏀,0,minimal,Maturity: Minimal,search
10768671243,Illegal Basketball,0,minimal,Maturity: Minimal,search
9792178439,[UPD] 🏀 Basketball Training!,0,minimal,Maturity: Minimal,search
8973192280,[UPD!] brainrotted basketball 🔥,0,minimal,Maturity: Minimal,search
10765718603,Basketball Shenanigans,0,mild,Maturity: Mild,search
9418977025,[🏀] Clutch Basketball,0,minimal,Maturity: Minimal,search
4313975606,Super Dunk 🏀,0,minimal,Maturity: Minimal,search
10760471469,[🗿🧲] Outlaw Basketball: BETA,0,mild,Maturity: Mild,search
7617152378,Basketball RNG 🏀,0,minimal,Maturity: Minimal,search
10476380360,[HALLOWEEN 🎃] Sequence Basketball (BETA),0,minimal,Maturity: Minimal,search
9925603818,MIDNIGHT HOOPZ 🎃 HALLOWEEN EVENT ,0,minimal,Maturity: Minimal,search
3331791870,🏀 Dunking Stars!,0,minimal,Maturity: Minimal,search
5379950946,🏀 Basketball Stars 3,0,minimal,Maturity: Minimal,search
5019058265,NBA Playgrounds: Basketball Hoops Arcade,0,minimal,Maturity: Minimal,search
9032167172,[🎃 NEW SZN] NBA Champions Basketball,0,minimal,Maturity: Minimal,search
4252393983,Team Soccer,0,minimal,Maturity: Minimal,search
3766677499,🏀 Basketball Stars 2,0,minimal,Maturity: Minimal,search
5327744466,[BALANCING!] Realistic Basketball ,0,minimal,Maturity: Minimal,search
6296377050, Hoop World Demo ,0,minimal,Maturity: Minimal,search
3593752588,🏀 Basketball Pro Simulator,0,minimal,Maturity: Minimal,search
10204628932,[🏀] HOOPS Basketball,0,minimal,Maturity: Minimal,search
9566975801,🏀 Dunked On!,0,minimal,Maturity: Minimal,search
10765566024,Draft Basketball players using 20$,0,minimal,Maturity: Minimal,search
10034841611,[UPD] Hoop Nation🏀,0,minimal,Maturity: Minimal,search
3830335277,Hoop Simulator! 🏀,0,minimal,Maturity: Minimal,search
10164948473,(Stress Test 4) Practical basketball 2.0,0,minimal,Maturity: Minimal,search
9201754887,[V4 IN DEV!] Xtreme Basketball,0,minimal,Maturity: Minimal,search
8473690269,Throw a Basketball! 🏀,0,minimal,Maturity: Minimal,search
4810910714,[Season 7] Highschool Hoops,0,minimal,Maturity: Minimal,search
2459091562,[🔮 SEASON 5] RH2 The Journey (BETA),0,minimal,Maturity: Minimal,search
7099966282,Own a Basketball Team and Prove Mom Wrong,0,minimal,Maturity: Minimal,search
5756518684,Arcade Basketball,0,minimal,Maturity: Minimal,search
3425986986,🏀Simple Basketball,0,minimal,Maturity: Minimal,search
10718463698,[🏀] Start Your Basketball Career!,0,minimal,Maturity: Minimal,search
10034479764,[🪨IRON STYLE] Basketball: Rivals,0,minimal,Maturity: Minimal,search
10254680421,[🎃] Soccer Stars 26,0,mild,Maturity: Mild,search
10767941258,Steal a Basketball Player,0,minimal,Maturity: Minimal,search
6216285188,[NEW PARK]🏀Ultimate Basketball,0,minimal,Maturity: Minimal,search
3034607350,Touch Basketball,0,minimal,Maturity: Minimal,search
5462326700,FREE | 🏀 RB World 5 ,0,minimal,Maturity: Minimal,search
2287245386,Hoopz [ANIME EVENT🔥⚡] (Basketball),0,minimal,Maturity: Minimal,search
10416915202,[x2] +1 Speed Basketball Escape,0,moderate,Maturity: Moderate,search
10034197088,Escape Tsunami For Basketball Players!,0,minimal,Maturity: Minimal,search
2931782391, [CUSTOM GYM STATS] Hoops Life Basketball,0,minimal,Maturity: Minimal,search
10071393062,[STRESS TEST] Prime Basketball ,0,minimal,Maturity: Minimal,search
10093228847,StreetBall Legacy [BASKETBALL] 🏀,0,minimal,Maturity: Minimal,search
10454192931,[🏀] Guess My NBA Player,0,minimal,Maturity: Minimal,search
10767708851,[🏀] Basketball Manager '27,0,minimal,Maturity: Minimal,search
10743802597,Basketball Champions: Rise to Glory,0,minimal,Maturity: Minimal,search
10471233269,[NEW!] Build A Basketball Team!,0,minimal,Maturity: Minimal,search
10735699263,🏀 Roll A Basketball Team,0,minimal,Maturity: Minimal,search
7080485734,Elite Basketball,0,minimal,Maturity: Minimal,search
10767570793,Pixel Basketball,0,minimal,Maturity: Minimal,search
10393867884,Build A Basketball Team!,0,minimal,Maturity: Minimal,search
9039299606,[⭐] Steal a Basketball Card,0,mild,Maturity: Mild,search
8726700389,My Basketball Pack Farm 🏀,0,minimal,Maturity: Minimal,search
10765536044,Spin a Basketball Player🏀,0,minimal,Maturity: Minimal,search
10448163731,[RANKED] Build A Basketball Team,0,minimal,Maturity: Minimal,search
4743794878,The Classic Soccer,0,minimal,Maturity: Minimal,search
9561371907,[🏀] Basketball Incremental,0,minimal,Maturity: Minimal,search
10539574684,[🏀UPD-2] My Basketball Team,0,minimal,Maturity: Minimal,search
10741941755,🏀Make Baskets!,0,minimal,Maturity: Minimal,search
10160149787,[🏐] Volleyball Training!,0,minimal,Maturity: Minimal,search
7691077626,Basketball Tycoon  🏀,0,minimal,Maturity: Minimal,search
8765365321,🏀Trade a Basketball Player,0,minimal,Maturity: Minimal,search
10353005183,[CODES + TOURNAMENT] Draft A Basketball Squad!,0,minimal,Maturity: Minimal,search
7738865136,Sell Basketballs and Prove Mom Wrong,0,minimal,Maturity: Minimal,search
9830176316,[RANKED] Super Head Soccer,0,minimal,Maturity: Minimal,search
10768583304,[⚽] Jump To Steal Soccer Legends,0,minimal,Maturity: Minimal,search
10331015398,Build a Football Squad,0,minimal,Maturity: Minimal,search
10643877552,Build A Soccer Club!,0,minimal,Maturity: Minimal,search
6998880214,Soccer Race,0,minimal,Maturity: Minimal,search
9571153503,[SPEED] Escape Tsunami for Soccer Legends,0,minimal,Maturity: Minimal,search
1954152886,Countryball World 🌎,0,minimal,Maturity: Minimal,search
10552079614,Build A Global Soccer Squad!⚽,0,minimal,Maturity: Minimal,search
10265803948,[🐐] Build A Soccer Squad!,0,minimal,Maturity: Minimal,search
10766167375,[UPD] Steal a Soccer Player,0,minimal,Maturity: Minimal,search
4265040296,WPK💥Winning Penalty Kick ⚽ Soccer Football 🏆 Cup,0,minimal,Maturity: Minimal,search
4007686136,Touch Soccer,0,minimal,Maturity: Minimal,search
10383037602,Guess My Football Country 🏆,0,minimal,Maturity: Minimal,search
10584607146,Be A Lucky Block For Soccer Club! ⚽,0,minimal,Maturity: Minimal,search
9062066540,Soccer Arena [UPD],0,minimal,Maturity: Minimal,search
10067910876,⚽ Would You Rather: Soccer Countries Tower 🏆,0,minimal,Maturity: Minimal,search
10301203995,⚽Aura Football [💥PHONK] ,0,minimal,Maturity: Minimal,search
3590268018,[TRAILBLAZERS] FUT 25,0,minimal,Maturity: Minimal,search
10704938990,Survive Soccer Killers ⚽🔪,0,mild,Maturity: Mild,search
9272693470,[🏢] Spin a Soccer Card ⚽,0,minimal,Maturity: Minimal,search
10764300350,[BETA] Football WORLD Manager '27 [FIX!],0,minimal,Maturity: Minimal,search
10765733246,Steal A Soccer Player,0,minimal,Maturity: Minimal,search
10600432468,Pro Soccer Online,0,minimal,Maturity: Minimal,search
10268856541,Football Duels,0,minimal,Maturity: Minimal,search
10430181853,Trade Soccer Cards,0,minimal,Maturity: Minimal,search
5214918244,Ultimate Soccer ,0,minimal,Maturity: Minimal,search
1776240356,Soccer League [NEW],0,mild,Maturity: Mild,search
6588641293,Soccer Legends RNG ⚽,0,minimal,Maturity: Minimal,search
10614082913,+1 Run for Soccer Legends! ⚽,0,minimal,Maturity: Minimal,search
10544104808,[🏆] Would You Rather: Football Fan Tower ⚽,0,minimal,Maturity: Minimal,search
10205485380,Penalty Kicks!,0,minimal,Maturity: Minimal,search
10765121152,Color My Soccer Team,0,minimal,Maturity: Minimal,search
10587328652,Guess Flags For Soccer Players,0,minimal,Maturity: Minimal,search
9865105114,[🕸️] Swing Obby for Soccer Legends!,0,minimal,Maturity: Minimal,search
5912277815,PK Soccer : Duel Football,0,minimal,Maturity: Minimal,search
10764548905,+1 Soccer Player Evolution,0,mild,Maturity: Mild,search
6195364077,Find The Football Clubs (150) ⚽,0,minimal,Maturity: Minimal,search
10429881301,Manage Your Soccer Team!⚽,0,minimal,Maturity: Minimal,search
10623430847,[⚽️] Logo for Soccer Card 2,0,minimal,Maturity: Minimal,search
7114126212,Freekick Simulator ,0,minimal,Maturity: Minimal,search
10276568369,⚽ Would You Rather Soccer Tower 🏆,0,mild,Maturity: Mild,search
7931158824,⚽ Pure Soccer,0,minimal,Maturity: Minimal,search
10749831764,Choose the stronger soccer!,0,minimal,Maturity: Minimal,search
10341228309,[2x] Scroll Soccer Cards,0,minimal,Maturity: Minimal,search
10429960835,[UPDATE] Penalty Simulator,0,minimal,Maturity: Minimal,search
10572018931,[⚽️] Would You Rather: Soccer Keyboard Tower,0,minimal,Maturity: Minimal,search
3243412055,soccer futbol [beta],0,minimal,Maturity: Minimal,search
7307471843,Easy Soccer 🌈 Rainbow Football,0,minimal,Maturity: Minimal,search
5279884489,[🎉WORLD 8!] Soccer Training⚽💥,0,minimal,Maturity: Minimal,search
10682830573,FIFA Super Soccer Squad,0,minimal,Maturity: Minimal,search
6605060051,Astro Fútbol Realista ,0,minimal,Maturity: Minimal,search
10571162411,⚽ Soccer Referee [1 VS 1],0,minimal,Maturity: Minimal,search
8114886122,Steal a Soccer Card,0,mild,Maturity: Mild,search
10353318610,[UPDATE!] Build A Soccer Squad,0,minimal,Maturity: Minimal,search
9968028679,Soccer Jumping ⚽️,0,minimal,Maturity: Minimal,search
8222386757,Guess the Soccer Player Quiz🤔,0,mild,Maturity: Mild,search
9517627739,[UPD🎉!] FUT ⚽  ,0,minimal,Maturity: Minimal,search
6703674046,Pro Soccer Simulator ⚽️,0,minimal,Maturity: Minimal,search
10464790276,Soccer Manager ⚽,0,minimal,Maturity: Minimal,search
10100340457,Kick Ball For Soccer Legends,0,minimal,Maturity: Minimal,search
10515829263,Car Soccer,0,minimal,Maturity: Minimal,search
10039979745,Guide The Soccer Legends!,0,minimal,Maturity: Minimal,search
10764477339,[⚽️ Original] Logo For Soccer Player 1,0,minimal,Maturity: Minimal,search
7950997475,[Patch] Blue Lock: Skibidi,0,mild,Maturity: Mild,search
10251366157,[2X🍀] Train And Kick For Soccer Legends 🐐,0,minimal,Maturity: Minimal,search
5026554197,Mini Cup 2 Soccer ⚽,0,minimal,Maturity: Minimal,search
5584539805,🔥 Power-Up Soccer,0,minimal,Maturity: Minimal,search
5413384598,[🔊] Softbody Ragdoll Engine,0,mild,Maturity: Mild,search
10766938647,Active Ragdoll Physics,0,minimal,Maturity: Minimal,search
2176187244,🪂 Ragdoll Physics [Skydiving],0,minimal,Maturity: Minimal,search
2327461601,Ragdoll Physics Havoc,0,mild,Maturity: Mild,search
4018794732,Ultimate Ragdoll Playground,0,mild,Maturity: Mild,search
9287252409,🩸Kill Bloody Ragdolls,0,mild,Maturity: Mild,search
526430730,R15 Ragdoll Test [🛠️],0,mild,Maturity: Mild,search
8270344898,Ragdoll Sandbox,0,minimal,Maturity: Minimal,search
7165819903,Tip's Ragdolls 💥,0,minimal,Maturity: Minimal,search
5153268250,Ragdoll🌊Waterpark,0,mild,Maturity: Mild,search
9891141559,(🩸UPD) Ragdoll Sandbox Game 🩸,0,mild,Maturity: Mild,search
2556498063,Ragdoll Physics - Brick Edition,0,mild,Maturity: Mild,search
9395278151,[💥]Troll Ragdoll Tower,0,mild,Maturity: Mild,search
4413881706,Ragdoll Testing 2 [BETA],0,mild,Maturity: Mild,search
9831485100,Clone Ragdoll,0,minimal,Maturity: Minimal,search
3499025207,Ragdoll Reborn,0,minimal,Maturity: Minimal,search
9543314024,[🩸] Bloody Ragdoll Engine (R6),0,mild,Maturity: Mild,search
10131614492,🩸 Ragdoll Blood Sandbox Game,0,moderate,Maturity: Moderate,search
6027857614,[UPD] Motion Euphoria Ragdoll,0,moderate,Maturity: Moderate,search
8997111763,Break your Friends 🦴,0,minimal,Maturity: Minimal,search
3192462684,RAGDOLL,0,minimal,Maturity: Minimal,search
4899477069,Octopius [Ragdoll Obby],0,minimal,Maturity: Minimal,search
1699553764,🎈 Ragdoll Simulator,0,mild,Maturity: Mild,search
7952539099,🔴 Roblox Soccer ⚽ | Beta 🛠️,0,minimal,Maturity: Minimal,search
8881302585,🩸Generic Blood Ragdoll Fighting,0,moderate,Maturity: Moderate,search
2139563899,✨[UPDATE] Admin Ragdoll Engine,0,minimal,Maturity: Minimal,search
2415777417,Ragdoll Engine without gravity,0,minimal,Maturity: Minimal,search
3219620210,Fall Off A Building,0,mild,Maturity: Mild,search
1941842588,Ragdoll Physics Testing Grounds 🚧,0,minimal,Maturity: Minimal,search
2936708057,Untitled Ragdoll Game,0,mild,Maturity: Mild,search
5678594929,Evolution Ragdoll [ EUPHORIA RAGDOLL ],0,mild,Maturity: Mild,search
10446291786,Chat [💬🔊] rp ragdoll,0,mild,Maturity: Mild,search
2491140204,Ragdoll Battlegrounds,0,mild,Maturity: Mild,search
2196600775,Ragdoll Engine but it's underwater,0,mild,Maturity: Mild,search
9935103292,⚽[UPD]Be a Soccer Pack for Soccer Legends,0,minimal,Maturity: Minimal,search
8007924527,R6 Dynamic Ragdoll,0,minimal,Maturity: Minimal,search
2007050448,RAGDOLL. ENGINE!!! 😡,0,minimal,Maturity: Minimal,search
10103595714,[UPD🩸] Generic Blood Sandbox Shooter🩸,0,mild,Maturity: Mild,search
5867014964,Dynamic Ragdoll Engine,0,mild,Maturity: Mild,search
10577445660,BFS - Bofo Soccer [BIG-UPD],0,minimal,Maturity: Minimal,search
7761149891,KAZAKH RAGDOLL 🏠RP,0,mild,Maturity: Mild,search
1216210570,Ragdoll Testing,0,mild,Maturity: Mild,search
10623490839,+1 Double Jump Roller Escape!,0,minimal,Maturity: Minimal,search
10020612607,[💪🏻]+1 Muscle to Arm Wrestle,0,minimal,Maturity: Minimal,search
2656491137,WWE 27 | RoWrestling (HUGE UPDATE SOON),0,mild,Maturity: Mild,search
9939809862,WWE 2026 | Wrestling,0,mild,Maturity: Mild,search
10765607091,🐇 +1 Jump Bunny Escape,0,minimal,Maturity: Minimal,search
4857352699,Sumo Wrestling Simulator,0,minimal,Maturity: Minimal,search
2583564222,[MAP!] Boxing Beta! 🥊,0,mild,Maturity: Mild,search
10152905521,💪 +1 Muscle to Break Walls,0,minimal,Maturity: Minimal,search
8683739287,Boxing Battles 🥊,0,mild,Maturity: Mild,search
9634116619,+1 Muscle Per Step,0,minimal,Maturity: Minimal,search
6443367640,Gym Star Simulator 🏋️,0,minimal,Maturity: Minimal,search
5196146334,Pull Up Simulator,0,minimal,Maturity: Minimal,search
6443761081,Gym Showdown Simulator,0,minimal,Maturity: Minimal,search
6649184508,Knockout League [🥊5X],0,minimal,Maturity: Minimal,search
10425500959,[W4] 💪+1Muscle Boxing Battle 🥊 ,0,minimal,Maturity: Minimal,search
3520336190,WWE 26 Roleplay [ THE REWRITE ],0,minimal,Maturity: Minimal,search
8081472583,"The $1,000,000 Jump Rope",0,minimal,Maturity: Minimal,search
7212930772,Train to Fight,0,mild,Maturity: Mild,search
10547918402,[UPDATE] +1 Jump Crunchy ASMR Escape!,0,minimal,Maturity: Minimal,search
6542509482,Wrestling Legends [🔥 UPD4],0,minimal,Maturity: Minimal,search
10741917038,+1 Jump Higher ASMR,0,minimal,Maturity: Minimal,search
10289203412,[W2] +1 Speed Shinobi Escape,0,minimal,Maturity: Minimal,search
6601115643,Prison Pump,0,mild,Maturity: Mild,search
8333033734,Arm Battles💪,0,minimal,Maturity: Minimal,search
10246386961,+1 Muscle Evolution,0,mild,Maturity: Mild,search
10126660541,Would You Rather: Muscle Tower 💪,0,minimal,Maturity: Minimal,search
9741799896,[W2] +1 Speed Ninja Escape ,0,minimal,Maturity: Minimal,search
8669550197,[AURAS!] Muscle Transform Simulator 💪,0,minimal,Maturity: Minimal,search
10256263771,[W5💪] +1 Muscle to Push Boulder,0,minimal,Maturity: Minimal,search
9499439936,[V8] +1 Jump Evolve Tower,0,minimal,Maturity: Minimal,search
8271581262,Gym Climbing: Peak Rush,0,minimal,Maturity: Minimal,search
6664512892,🤸 (BECOME A GYMNAST) Evolve Gymnastics,0,minimal,Maturity: Minimal,search
10057343903,+1 Speed Evolve 🦊,0,minimal,Maturity: Minimal,search
10551923502,[Enchant]+1 High Jump Power Escape,0,minimal,Maturity: Minimal,search
6735783761,💪 Gym Track Race ,0,minimal,Maturity: Minimal,search
3967853925,Every Second You Get +1 Jump,0,minimal,Maturity: Minimal,search
10230921598,+1 Backflip Obby Escape,0,minimal,Maturity: Minimal,search
10184913172,[w5]+1 Muscle to Slap Fighting💪,0,minimal,Maturity: Minimal,search
10044079665,+1 Jump Anime Evolve Tower,0,minimal,Maturity: Minimal,search
10688368321,+1 Jump Pogo ,0,minimal,Maturity: Minimal,search
10307710949,[⛩️] +1 Katana Evolution,0,mild,Maturity: Mild,search
10696604596,+1 Jump Verity Escape,0,minimal,Maturity: Minimal,search
10329213173,+1 Fat Per Click,0,minimal,Maturity: Minimal,search
9341024397,[🔥NEW] Muscle Tackle,0,minimal,Maturity: Minimal,search
10765902427,+1 Aura Phonk Jump,0,minimal,Maturity: Minimal,search
10765716140,Arm Wrestle for Eggs,0,minimal,Maturity: Minimal,search
8238578896,No Jumping Tower,0,minimal,Maturity: Minimal,search
3068253054,WWE | Entrance Practice,0,minimal,Maturity: Minimal,search
10514436936,WWE 2027 | Roblox Wrestling,0,mild,Maturity: Mild,search
7516160671,Canyon Jumping! ,0,minimal,Maturity: Minimal,search
10766339619,Wrestle To Win,0,minimal,Maturity: Minimal,search
5737255898,Tug of War Simulator,0,minimal,Maturity: Minimal,search
10070919425,+1 Muscle to Punch [💪],0,mild,Maturity: Mild,search
10294286049,+1 Muscle Robber Pump ,0,minimal,Maturity: Minimal,search
10450976956,+1 Jump Keyboard Obbies | ASMR ,0,minimal,Maturity: Minimal,search
10545354016,+1  Animal Jump🐸,0,minimal,Maturity: Minimal,search
6358306036,Gym Race Simulator,0,minimal,Maturity: Minimal,search
10098095975,[💪] +1 Strength Per Click,0,minimal,Maturity: Minimal,search
10288097299,[UPD!] +1 Jump Butter Escape🧈,0,minimal,Maturity: Minimal,search
10056294678,Arm Wrestle For Brainrots,0,mild,Maturity: Mild,search
9842490443,[🌎] Jump and Escape Countries,0,minimal,Maturity: Minimal,search
7459972296,[x5 Event 🌈] Roller Training ⛸️,0,minimal,Maturity: Minimal,search
10761352934,+1 Jump Phonk Escape,0,mild,Maturity: Mild,search
7708055130,Italian Brainrot Jump Clicker 🧠🚀,0,minimal,Maturity: Minimal,search
9699907876,+1 Jump Pogo Climb,0,minimal,Maturity: Minimal,search
6898182136,[TITLES] WRESTLE! | Roblox Wrestling,0,mild,Maturity: Mild,search
6217832823,Push-Up Training Simulator,0,mild,Maturity: Mild,search
10405848660,Train to Become HUGE,0,mild,Maturity: Mild,search
10532753252,[Voidscope] MM2 Bomb Jump Practice!,0,mild,Maturity: Mild,search
194053427,Trampoline Park! Air Time!,0,minimal,Maturity: Minimal,search
10575856954,Sniper Monkey 🎯,0,mild,Maturity: Mild,search
10767775923,[Free Matrix] Scope Sim 👻,0,moderate,Maturity: Moderate,search
10316125773,rooftops beta,0,minimal,Maturity: Minimal,search
6993600665,[🧤] Defusal,0,mild,Maturity: Mild,search
10258619387,Murderer VS Sniper DUELS,0,mild,Maturity: Mild,search
8234554323,[❄️] Survive The Sniper,0,minimal,Maturity: Minimal,search
10096155511,Strike: Warfare,0,mild,Maturity: Mild,search
10064344359,Top sniper [5.2],0,mild,Maturity: Mild,search
9302008066,Sniper Wars 🎯,0,mild,Maturity: Mild,search
9549946335,[FPS] Aura Edit Arena,0,mild,Maturity: Mild,search
9807649116,[👮] Tactical: Swat Simulator,0,mild,Maturity: Mild,search
10675878653,Sniper League,0,mild,Maturity: Mild,search
10552946559, 🎨 Mega Kamereon [SNIPER 🔫],0,mild,Maturity: Mild,search
10231217716,Build a Tower to Become Sniper,0,minimal,Maturity: Minimal,search
9778812304,Escape Prison to Become Sniper,0,mild,Maturity: Mild,search
8619864190,Sniper Troll Tower,0,mild,Maturity: Mild,search
9485739605,Sniper VS Tower,0,minimal,Maturity: Minimal,search
4844701626,Prison Sniper Escape!,0,mild,Maturity: Mild,search
7232697205,Squid Game 2042,0,mild,Maturity: Mild,search
9402930570,Jump to Become Sniper,0,minimal,Maturity: Minimal,search
8795154789,[FPS] Flick,0,mild,Maturity: Mild,search
6420124254,Spy Sniper,0,mild,Maturity: Mild,search
10531449187,Hide n Snipe,0,mild,Maturity: Mild,search
7427782448,Become a Sniper Simulator 💥,0,mild,Maturity: Mild,search
10524859616,Sniper Duel,0,moderate,Maturity: Moderate,search
10067868611,Brainrot Sniper [X2 Cash],0,mild,Maturity: Mild,search
10433686704,[FPS] Sniper: Zero,0,mild,Maturity: Mild,search
10178432352,Snipers Vs Runners! 💥,0,mild,Maturity: Mild,search
7730051441,Sniper Tag 🎯,0,mild,Maturity: Mild,search
5421899973,[CLANS] Combat Arena,0,mild,Maturity: Mild,search
9682356542,[DUELS] Sniper VS Hider 🔫,0,mild,Maturity: Mild,search
9588121608,Pistol Arena,0,mild,Maturity: Mild,search
9557528747,[⚔️DUEL] HAVOK | TDM  & Sniper FFA,0,mild,Maturity: Mild,search
8346169489,Squid Game but you are the sniper,0,mild,Maturity: Mild,search
10609222601,[🎯] Sniper 1v1,0,mild,Maturity: Mild,search
9210599831,[UPD]  🎯AIMBOT,0,mild,Maturity: Mild,search
9934276604,[FPS] SNIPE AND DESTROY! 💥,0,mild,Maturity: Mild,search
5654670037,BODYCAM: SWAT Simulator,0,mild,Maturity: Mild,search
10391842228,[FPS] Trickshot 🛡️,0,mild,Maturity: Mild,search
10495479987,🎯 SNIPER  ༷,0,mild,Maturity: Mild,search
10060242820,Bonk & Block [5v5],0,mild,Maturity: Mild,search
10754686975,Survive the Sniper,0,minimal,Maturity: Minimal,search
10003846420,🦎Camo Or Snipe! 💥,0,mild,Maturity: Mild,search
9939590337,Escape Snipers For Brainrots!,0,mild,Maturity: Mild,search
8162693810,💥SNIPE OR DIE [FPS],0,mild,Maturity: Mild,search
10768220658,NPC or Get SNIPED!,0,mild,Maturity: Mild,search
2382284116,No-Scope Arcade,0,moderate,Maturity: Moderate,search
9891453691,[v1.3] Scoped FPS 🎯,0,mild,Maturity: Mild,search
5611522097,Airsoft Battles,0,mild,Maturity: Mild,search
10601766619,[⛱️DUELS] Murderers VS Snipers,0,mild,Maturity: Mild,search
9672187800,[UPD] Escape Sniper For Brainrots!,0,mild,Maturity: Mild,search
9745521731,Build to Become Sniper,0,mild,Maturity: Mild,search
9908137395,Build a Bridge to Become Sniper,0,minimal,Maturity: Minimal,search
9769294007,Avoid Brainrot Snipers,0,mild,Maturity: Mild,search
7996365376,[🌴] SHARP,0,mild,Maturity: Mild,search
9290633310,Strike Back [🕯️S6],0,mild,Maturity: Mild,search
9406990563,Sniper vs NPC,0,moderate,Maturity: Moderate,search
10002594822,Glass Bridge to Be Sniper,0,mild,Maturity: Mild,search
1066288430,general ragdoll chaos,0,moderate,Maturity: Moderate,search
10059548251,Samurai DUELS,0,mild,Maturity: Mild,search
6343995637,🩸[UPDATE2] RagBlood🩸,0,mild,Maturity: Mild,search
10016330005,Timebomb Duels Bots [NEW!],0,mild,Maturity: Mild,search
9741874508,[⚔️CLANS] Traitor VS Sheriff DUELS,0,mild,Maturity: Mild,search
8490155346,Ragdoll Physics Tower,0,minimal,Maturity: Minimal,search
7264117105,[DUELS] Final Fire 🏆,0,mild,Maturity: Mild,search
9688386617,🩸Ragdoll Blood Combat,0,moderate,Maturity: Moderate,search
9506013695,DUELS [🌸SAKURA],0,mild,Maturity: Mild,search
580765040,RAGDOLL UNIVERSE ,0,mild,Maturity: Mild,search
6944270854,Rope Battles,0,mild,Maturity: Mild,search
6702663874,[DUELS] Advanced Ragdoll Fighting,0,moderate,Maturity: Moderate,search
9210809242,[🌴DUELS] Murderers VS Sheriffs,0,mild,Maturity: Mild,search
2694371969,Ragdoll Stack!,0,minimal,Maturity: Minimal,search
9877481048,[SCYLLA + DUELS] TITAN BASH! (TESTING),0,mild,Maturity: Mild,search
8480508791,untitled ragdoll game,0,mild,Maturity: Mild,search
6232865834,Active Ragdoll Sandbox Playground,0,moderate,Maturity: Moderate,search
7326203663,Ragdoll System Test: Fixed,0,mild,Maturity: Mild,search
5226576949,Ragdoll Engine but there's no gravity,0,minimal,Maturity: Minimal,search
9965460379,Ragdoll Mod (🎃HALLOWEEN),0,mild,Maturity: Mild,search
9481391333,[⏳2 DAYS] WEAPON DUELS [Murderers vs Sheriffs],0,mild,Maturity: Mild,search
10297420029,[Clans] Archery Duels,0,mild,Maturity: Mild,search
9158094013,Slap Fights 🥊,0,mild,Maturity: Mild,search
1654971928,Full Metal Kaiju Hunters,0,mild,Maturity: Mild,search
10617201375,[DUELS 🔪] Murder Fights,0,mild,Maturity: Mild,search
6848789087,Ragdoll Animals,0,minimal,Maturity: Minimal,search
2253699514,Ragdoll Engine,12,vng-rating-override,Age Rating: 12+,search
2875801095,Ragdoll Euphoria,0,moderate,Maturity: Moderate,search
2233937689,[🛠️] Water Physics [SHIP BUILDER],0,minimal,Maturity: Minimal,search
5515791247,Blue Train Crash Physics,0,minimal,Maturity: Minimal,search
2195939586,Destruction Physics,0,mild,Maturity: Mild,search
8257857995,[UPD] Vehicle Crash Physics X 🚗,0,minimal,Maturity: Minimal,search
8744978097,Dronefront [PHYSICS],0,mild,Maturity: Mild,search
10399413858,Bid For Soccer Cards!,0,minimal,Maturity: Minimal,search
10028413343,Steal from Soccer Legends ⚽,0,minimal,Maturity: Minimal,search
10552470155,[DICTADOR QUEST] Become a Soccer Billionaire 👟,0,minimal,Maturity: Minimal,search
9966431328,Mine for Soccer Legends,0,minimal,Maturity: Minimal,search
7985601492,[BETA] Soccer Legends,0,minimal,Maturity: Minimal,search
6609909431,[UPD] Untitled Physics Game,0,mild,Maturity: Mild,search
6036073044,Soccer [Test] ⚽🐐,0,minimal,Maturity: Minimal,search
10104229716,[⭐ QOL] Soccer: Zero ,0,minimal,Maturity: Minimal,search
10005292660,[🔥] Soccer World,0,minimal,Maturity: Minimal,search
4538598064,Phantom Ball,0,mild,Maturity: Mild,search
10397566868,[🧬MUTATIONS] PAINT OR DIE!,0,minimal,Maturity: Minimal,search
10356701370,Build a Base and Steal😈[2 DAYS],0,minimal,Maturity: Minimal,search
5295289103,Ball Eating Simulator,0,minimal,Maturity: Minimal,search
7649076344,Drive the ball to the end,0,minimal,Maturity: Minimal,search
10764966935,Trains vs Spaghetti,0,minimal,成熟度：极低,search
10187487133,Dog VS Police,0,mild,Maturity: Mild,search
10096982704,Squishy Dumpling Duel,0,minimal,Maturity: Minimal,search
10286150288,MEGA RAMP FOR SLIME,0,minimal,Maturity: Minimal,search
10765874762,+1 Car Vs Platforms,0,minimal,Maturity: Minimal,search
7891669427, [🎃] Murderer VS Sheriff,0,mild,Maturity: Mild,search
7795781172,Ball Battles 💥,0,minimal,Maturity: Minimal,search
10768565454,Anime Ball VS Ball,0,moderate,Maturity: Moderate,search
10764617997,⚽ Ball VS Walls,0,minimal,Maturity: Minimal,search
8837185347,[🍬] Ride A Ball Down A Slide,0,minimal,Maturity: Minimal,search
9759341824,Dodgeball!,0,minimal,Maturity: Minimal,search
10768640232,Rocket Ball! ⚽,0,minimal,Maturity: Minimal,search
10767567751,Bunker vs Verity,0,mild,Maturity: Mild,search
10176502031,Speed vs Giant,0,mild,Maturity: Mild,search
8305711952,Snowball Battles [☄️],0,mild,Maturity: Mild,search
10769045330,Anime Ball vs Ball,0,minimal,Maturity: Minimal,search
3278245998,Touch Bounce Ball,0,minimal,Maturity: Minimal,search
10165276442,Pets VS Police [CITY 🏙️],0,mild,Maturity: Mild,search
9517175292,Huge Marble Slide,0,minimal,Maturity: Minimal,search
10187488536,[🎃UPD] Bumper Balls🟡,0,minimal,Maturity: Minimal,search
7089179560,Mosquitoes VS Humans,0,mild,Maturity: Mild,search
7618980119,Humans vs Gorilla,0,mild,Maturity: Mild,search
5722139679,ball destroy world,0,mild,Maturity: Mild,search
3574036282,Train VS Cars (Remastered),0,mild,Maturity: Mild,search
6729306575,My Snowball,0,minimal,Maturity: Minimal,search
10487213090,Kick the Ball,0,mild,Maturity: Mild,search
10571572772,+1 Ball Keyboard Escape,0,minimal,Maturity: Minimal,search
8099904322,Ball Simulator [😡 UPD],0,minimal,Maturity: Minimal,search
2478815382,Ball Pit Simulator,0,minimal,Maturity: Minimal,search
3690667448,BE A BALL,0,minimal,Maturity: Minimal,search
9596178815,Fill the Ball Pit!,0,minimal,Maturity: Minimal,search
10430413968,Squishy Ball Tower,0,minimal,Maturity: Minimal,search
2026574412,Cat VS Mouse 🐁,0,mild,Maturity: Mild,search
10228735254,[✨UPD-4]Kick a Ball!,0,minimal,Maturity: Minimal,search
9648992237,Village vs Zombies,0,mild,Maturity: Mild,search
10383973024,Kick Ball to Space ⚽,0,minimal,Maturity: Minimal,search
5799814305,[CRATES⚽️] Scuff Ball,0,minimal,Maturity: Minimal,search
10439093685,Ball Ball,0,minimal,Maturity: Minimal,search
10755989514,[REBORN] RED BALL 4!,0,minimal,Maturity: Minimal,search
2024960300,💥Red vs Blue Gun Battle!💥,0,mild,Maturity: Mild,search
10131745047,Ball RNG,0,minimal,Maturity: Minimal,search
10764258692,Collect All the Balls ,0,minimal,Maturity: Minimal,search
8206201572,[UPD] Weapon Battle,0,minimal,Maturity: Minimal,search
1160789089,💥 Flag Wars! [UPD],0,mild,Maturity: Mild,search
6075166022,Marble Tower Tycoon 💸,0,mild,Maturity: Mild,search
6481024616,Slide into Biggest Ballpit Obby,0,minimal,Maturity: Minimal,search
5625220213,⚽️ Goal Battles 🥅,0,minimal,Maturity: Minimal,search
8194380894,Zombies vs Police,0,mild,Maturity: Mild,search
504765147,ball and axe,0,minimal,Maturity: Minimal,search
7930263041,Cars VS Bikes,0,mild,Maturity: Mild,search
10372351735,Cars VS Tape,0,minimal,Maturity: Minimal,search
10763927992,Would You Rather:Tower of Baddie vs Chibi💅,0,minimal,Maturity: Minimal,search
7396511690,Racer Vs Police AI,0,minimal,Maturity: Minimal,search
3679558934,Obby but you're a ball,0,minimal,Maturity: Minimal,search
10566379488,Idle Ball Bounce 🟡,0,minimal,Maturity: Minimal,search
8446266018,Cars vs Trucks,0,minimal,Maturity: Minimal,search
7081611770,[💌] Roll a Fat Friend [2 Players Obby],0,minimal,Maturity: Minimal,search
6623153829,Chained Cars [2 Player Obby],0,minimal,Maturity: Minimal,search
7145230420,Be My Camera [2 Player Obby],0,minimal,Maturity: Minimal,search
7073604286,Dog Walk 🐶 [2 Player Obby],0,mild,Maturity: Mild,search
10637759898,[2 Player] Guess The Person,0,minimal,Maturity: Minimal,search
4990998060,Carry A Friend! (Teamwork Obby),0,minimal,Maturity: Minimal,search
7170754624,Bird Buddy [2 Player Obby],0,mild,Maturity: Mild,search
7364297396,Webbed! ❄️ [2 Player Obby],0,minimal,Maturity: Minimal,search
5485660832,Teamwork Obby,0,minimal,Maturity: Minimal,search
6491900489,Carry an Egg [2 Player Obby],0,minimal,Maturity: Minimal,search
7481713061,Stretch A Friend [2 Player Obby],0,minimal,Maturity: Minimal,search
9539287275,Human And Robot [2 Player Obby],0,mild,Maturity: Mild,search
9719468622,Obby Together (2 Players),0,minimal,Maturity: Minimal,search
7132902759,Combine Us 🧬 [2 Player Obby],0,minimal,Maturity: Minimal,search
6505212049,Drive it! [2 Player Obby],0,mild,Maturity: Mild,search
8592814161,Fat And Skinny [ 2 Player Obby ],0,minimal,Maturity: Minimal,search
10132466472,Duckies! 🐤 [2 Player Obby],0,minimal,Maturity: Minimal,search
5889697701,Throw Me [2 Player Obby],0,minimal,Maturity: Minimal,search
9834163164,Teamwork Obby [2 Player] (Obby) 🤝,0,minimal,Maturity: Minimal,search
4760216074,Anti-Gravity [2 Player Obby],0,mild,Maturity: Mild,search
7957168819,2 Player Fast Food Tycoon 🍟,0,mild,Maturity: Mild,search
7546135071,Chicken Jockey [2 Player Obby],0,minimal,Maturity: Minimal,search
5709370512,Pull a Friend [2 Players],0,minimal,Maturity: Minimal,search
9605698231,Cat and Dog [2 Player Obby],0,mild,Maturity: Mild,search
9254626679,🎁 Santa and Rudolph [2 PLAYER OBBY],0,mild,Maturity: Mild,search
6954752429,Carry an Aquarium [2 Player Obby],0,minimal,Maturity: Minimal,search
9845476289,Carry A Bunny♥️ [2 Player Obby],0,minimal,Maturity: Minimal,search
8675480462,(+10) Escape The Rooms [2 Player],0,minimal,Maturity: Minimal,search
7778848023,Build and Destroy [2 Player Obby],0,minimal,Maturity: Minimal,search
10763714513,2 Player Ice Cream Tycoon 🍦,0,mild,Maturity: Mild,search
8716743474, My Worm ❤️ [2 Player Obby],0,minimal,Maturity: Minimal,search
9657098507,Roll a Log [2 Player Obby],0,minimal,Maturity: Minimal,search
5031482529,Carry Puzzles (Teamwork Obby),0,minimal,Maturity: Minimal,search
9327192320,Carry Duck [2 Player Obby],0,minimal,Maturity: Minimal,search
6668987230,Control A Friend [2 Player Obby],0,minimal,Maturity: Minimal,search
6795084137,Fling A Friend! [2 Player Obby],0,minimal,Maturity: Minimal,search
6403133200,Chained Up [2 - 4 Player Obby],0,minimal,Maturity: Minimal,search
6571312976,Carry a Baby [2 Player Obby],0,minimal,Maturity: Minimal,search
5997482110,2 Player Monkey Obby,0,minimal,Maturity: Minimal,search
6900677672,Drive A Friend! [2 Player Obby],0,minimal,Maturity: Minimal,search
10035425166,Capybara & Crocodile! [2player Obby] ,0,mild,Maturity: Mild,search
4967899845,Carry Me! [2 Player Obby] ,0,minimal,Maturity: Minimal,search
8569028227,Frog Friends [2 Player Obby],0,mild,Maturity: Mild,search
10544464092,2 Player Verity Tycoon 🙂,0,mild,Maturity: Mild,search
7208561693,Kick Your Friend [2 Player Obby],0,mild,Maturity: Mild,search
5735104114,Shoot a Friend [2 Player Obby],0,minimal,Maturity: Minimal,search
10109105170,Teamwork Obby Puzzles [2 Player] 🤝,0,minimal,Maturity: Minimal,search
10014205755,Head Soccer,0,minimal,Maturity: Minimal,search
7539883665,Soccer: One Touch,0,minimal,Maturity: Minimal,search
10745315844,SIREN HEAD: LEGACY,0,mild,Maturity: Mild,search
9550817857,[👟CLEATS] ⚽ Soccer Champions,0,minimal,Maturity: Minimal,search
5543899125,[🏆⚽] Head Soccer Simulator,0,minimal,Maturity: Minimal,search
10455328744,Charge Football [🏆RANKED],0,minimal,Maturity: Minimal,search
1794364370,Soccer League 4v4 [NEW],0,mild,Maturity: Mild,search
6765407669,⚽GOAL CLASH [FOOTBALL],0,minimal,Maturity: Minimal,search
3693635579,Touch Football Tournament,0,minimal,Maturity: Minimal,search
5125669788,[🏆] Soccer Outfits ⚽,0,minimal,Maturity: Minimal,search
10188079941,Monkey Soccer,0,minimal,Maturity: Minimal,search
10398518127,Extreme Soccer,0,minimal,Maturity: Minimal,search
5244979723,BOOMSTICK Football 🏈,0,mild,Maturity: Mild,search
9328785727,[BETA] A Soccer Game ⚽️,0,minimal,Maturity: Minimal,search
10124222703,Total Football ⚽,0,minimal,Maturity: Minimal,search
3868765721,[UPD⚽] Street Soccer League,0,minimal,Maturity: Minimal,search
5692112002,Super Free Kick ⚽ SFK 💥 Soccer Football,0,minimal,Maturity: Minimal,search
10448889633,[⚽FIXED] BL:R RECREATION,0,minimal,Maturity: Minimal,search
6793791795,[REPLAYS] Football Nation 🏈,0,minimal,Maturity: Minimal,search
8565458575,Practice Touch Football ⚽️,0,minimal,Maturity: Minimal,search
8056005447,Rush Football ⚽,0,minimal,Maturity: Minimal,search
9617037991,Virtual Football [🔓 OPEN TESTING],0,minimal,Maturity: Minimal,search
10552439065,⚽ FOOTBALL STARS PRISON RUN! (Obby),0,minimal,Maturity: Minimal,search
10738140008,[⚽] +1 Soccer Per Click,0,minimal,Maturity: Minimal,search
10091482757, Kick a Lucky Block for Football Clubs!,0,minimal,Maturity: Minimal,search
6455867008,[UPDATE!] Gridiron Duels Football!,0,minimal,Maturity: Minimal,search
10582324587,[🎃] Flick Football,0,minimal,Maturity: Minimal,search
4476467139,Head Tap,0,minimal,Maturity: Minimal,search
4557649405,Super Football,0,minimal,Maturity: Minimal,search
8621841544,Football Tycoon 2 ⚽,0,minimal,Maturity: Minimal,search
4108337880,My Soccer Team ⚽,0,minimal,Maturity: Minimal,search
10051819593,⚽ Soccer Champion Simulator,0,minimal,Maturity: Minimal,search
7015341259,[🍂] TOUCHLINE,0,minimal,Maturity: Minimal,search
8683553133,🏀 Dunking Stars 2,0,minimal,Maturity: Minimal,search
2974058674,[2x💸] Dunking Simulator,0,minimal,Maturity: Minimal,search
5458974094,[REVAMP SOON!🎉] Takeover Basketball,0,minimal,Maturity: Minimal,search
5370286620,[NEW SZN!] Hoop Nation 2,0,minimal,Maturity: Minimal,search
3207320372,[UPDATE!] Hoop Central 6 Stress Test,0,minimal,Maturity: Minimal,search
9737233862,Elite Hoops,0,minimal,Maturity: Minimal,search
7635339322,[UPDATE] KJ Stars Battlegrounds,0,mild,Maturity: Mild,search
10764095647,[UPDATE] Volleyball: Rising Stars,0,minimal,Maturity: Minimal,search
9294534342,[☢️] Own a Basketball Team 🏀,0,minimal,Maturity: Minimal,search
10233164608,SHOWDOWN [1v1 Baseball],0,minimal,Maturity: Minimal,search
10691970750,(1v1) Baseball Blast [BETA],0,minimal,Maturity: Minimal,search
10490234107,[1v1⚽] Soccer,0,minimal,Maturity: Minimal,search
10584989724,1v1 IQ Race 🧠,0,minimal,Maturity: Minimal,search
9995762766,[🎯] 5v5 Aim Trainer,0,mild,Maturity: Mild,search
2766122154,Football Duels [WR VS CB] ,0,minimal,Maturity: Minimal,search
9668561510,Soccer Duels ⚽,0,minimal,Maturity: Minimal,search
10700505394,[🌟 Update] +1 Long Arm Toy Escape!,0,minimal,Maturity: Minimal,search
10509837951,2D Soccer⚽,0,minimal,Maturity: Minimal,search
7010099838,[UPDATE] Animal Soccer! 🐾⚽,0,minimal,Maturity: Minimal,search
8331835687,Realistic Soccer League,0,minimal,Maturity: Minimal,search
10576219283,[2v2 MODE] Start Your Soccer Career!,0,minimal,Maturity: Minimal,search
10266169876,Soccer Legends Game ⚽,0,minimal,Maturity: Minimal,search
8350108734,Fire & Water [2 Player Obby],0,mild,Maturity: Mild,search
6201201843,[🌕] Water & Fire [2 Player Obby],0,minimal,Maturity: Minimal,search
8652165167,Fire & Water Tower [2 Player Obby],0,minimal,Maturity: Minimal,search
7155118303,Fire Truck [2 Player Obby],0,minimal,Maturity: Minimal,search
10517687215,🌊UNDERWATER BARRY'S PRISON RUN BUT WITH ITEMS!!🌊,0,mild,Maturity: Mild,search
9137295096,67 [2 Player Obby],0,mild,Maturity: Mild,search
4434803478,Teamwork Puzzles 2 (Obby),0,minimal,Maturity: Minimal,search
9913888012,WATER POLICE PRISON RUN! (Obby),0,mild,Maturity: Mild,search
5283219861,Lethal Ape (Caves),0,mild,Maturity: Mild,search
9679285132,[💧] Dont Spill the Water!,0,minimal,Maturity: Minimal,search
1491046297,Tom and Jerry,0,mild,Maturity: Mild,search
7124562866,Big & Tiny Size Obby [2 Player],0,minimal,Maturity: Minimal,search
6741891576,Tank Mates [2 Player Obby],0,minimal,Maturity: Minimal,search
9830182094,Would you rather but it happens 2,0,minimal,Maturity: Minimal,search
4755741100,[UPD] Team Daycare Escape! (TEAMWORK OBBY),0,minimal,Maturity: Minimal,search
10511103928,Put Out the Fire 🔥,0,minimal,Maturity: Minimal,search
7989618781,Block and Mine 🧱 [2 Player Obby] ,0,minimal,Maturity: Minimal,search
7006514571,✏️ Draw Together! [2 Player Obby],0,minimal,Maturity: Minimal,search
9375043950,Jailed! 🔒 [2 Player Obby],0,minimal,Maturity: Minimal,search
7182744987,🎉Stud Bros [2-Player],0,minimal,Maturity: Minimal,search
7168989202,Last To Leave Pool - Win,0,minimal,Maturity: Minimal,search
757291724,🚒 Firefighters!,0,minimal,Maturity: Minimal,search
10267363348,🪣Drain The Lake,0,minimal,Maturity: Minimal,search
7158503964,Sheep Buddy 🐑 [2 Player Obby],0,minimal,Maturity: Minimal,search
9296252245,[🔥AURA] Phonk Edit Tower 🎶,0,mild,Maturity: Mild,search
3214987837,Don't Touch Grass,0,minimal,Maturity: Minimal,search
5885921223,Logo Race: Guess The Logo Quiz!,0,minimal,Maturity: Minimal,search
4061212064,🔪Survival The Piggy Family The Killers!,0,mild,Maturity: Mild,search
9399845302,[💩] Poop Your Friends! 🧻,0,mild,Maturity: Mild,search
9828503587,VR Hand Survival,0,mild,Maturity: Mild,search
10767691596,Shrink Hide and Seek Cat Escape,0,mild,Maturity: Mild,search
9123684009,Steal a Rick and Morty,0,mild,Maturity: Mild,search
9517263820,[FREE POWER!] POLICE JR 2 PLAYER ESCAPE PRISON!,0,mild,Maturity: Mild,search
4139766490,I Wanna Test The Game (Beta Test),0,minimal,Maturity: Minimal,search
10278774552,[UPD] Paint Or Seek [Chameleon],0,mild,Maturity: Mild,search
10763416341,Police And Prisoner [2 Player Obby],0,minimal,Maturity: Minimal,search
9647656059,Hot Dogs  [2 Player Obby],0,mild,Maturity: Mild,search
8144578975,Sticky Bees🐝 [2 Player Obby],0,minimal,Maturity: Minimal,search
7287841315,Cat Walk 🐈 [2 Player Obby],0,mild,Maturity: Mild,search
8524864163,TEAM BARRA'S HOUSE ESCAPE! 👵🏻 (2 PLAYER OBBY),0,minimal,Maturity: Minimal,search
7110746311,🍕 Pizza Delivery [2 Player Obby],0,minimal,Maturity: Minimal,search
6795464853,Drive Together [2 Player Obby],0,minimal,Maturity: Minimal,search
6290175032,Don't Shatter [2 Player Obby],0,minimal,Maturity: Minimal,search
9256255979,😂 Lying Challenge,0,minimal,Maturity: Minimal,search
5083208987,Tell Me! [2 Player Obby],0,minimal,Maturity: Minimal,search
10251936648,Shoulder Buddy [2 Player Obby],0,minimal,Maturity: Minimal,search
8157823574,🪑Chair Obby [2 Players],0,minimal,Maturity: Minimal,search
9843407918,my driver is blind [2 Player Obby],0,minimal,Maturity: Minimal,search
6872331463,🎁 Present Delivery [2 Players],0,minimal,Maturity: Minimal,search
8940215492,Hold Hands [2 Player Obby],0,mild,Maturity: Mild,search
7066386308,Portals & Physics [2 Player Obby],0,minimal,Maturity: Minimal,search
10329995185,Puzzle Duels 🧠,0,minimal,Maturity: Minimal,search
2204432936,Teamwork Puzzles,0,minimal,Maturity: Minimal,search
8424346097,2 Player Find The Differences 🔍,0,minimal,Maturity: Minimal,search
10637482832,2 Player Spot The Differences! 🔎,0,minimal,Maturity: Minimal,search
9882642416,Crack the Code!,0,minimal,Maturity: Minimal,search
8080493298,A Grabpack Test [HUGGY WUGGY],0,minimal,Maturity: Minimal,search
4284154276,Staying Together ,0,minimal,Maturity: Minimal,search
9119782663,Stop the Timer,0,minimal,Maturity: Minimal,search
5034207685,Teamwork Puzzles 3 (Obby),0,minimal,Maturity: Minimal,search
9877405077,Puzzles with Friends! 🧩[NEW PUZZLES!],0,minimal,Maturity: Minimal,search
8435569850,Teamwork Tower Puzzles (Obby),0,minimal,Maturity: Minimal,search
10531772190,Friendship Test! [2-4 Player Quiz],0,minimal,Maturity: Minimal,search
6085725469,2 Player IQ Test,0,mild,Maturity: Mild,search
8001994997,Puzzled! [2 Player Obby],0,minimal,Maturity: Minimal,search
9825461285,Teamwork Cart Puzzles! [Obby],0,minimal,Maturity: Minimal,search
4488863540,Teamwork Puzzles Obby [2-3-4-5 player],0,minimal,Maturity: Minimal,search
10378396494,How Close Are You? [2 Player Quiz],0,minimal,Maturity: Minimal,search
1244772407,Isolator,0,minimal,Maturity: Minimal,search
7486872264,Carry a Friend Tower [2 PLAYER TOWER OBBY],0,minimal,Maturity: Minimal,search
6498622585,Boat Obby [2 Player Obby],0,minimal,Maturity: Minimal,search
10766197221,Ride a Bike Duo [2 Player Obby],0,minimal,Maturity: Minimal,search
6170815138,[WORLD 2] Chained [2 Player Obby],0,minimal,Maturity: Minimal,search
6394163005,Chained (2 Player Obby),0,minimal,Maturity: Minimal,search
10140010190,Would You Rather: Teamwork Outfit Tower!,0,minimal,Maturity: Minimal,search
4877714411,Altitorture [2 Player Obby],0,minimal,Maturity: Minimal,search
7343942944,Break It Obby! (UPD) [2 Player Obby],0,minimal,Maturity: Minimal,search
9681348379,[EASY] Duo Loggers,0,minimal,Maturity: Minimal,search
10767201394,Scooter Duo 🛴 [2 Player Obby],0,minimal,Maturity: Minimal,search
10767646071,Wheel Barrow Duo [2 Player Obby],0,minimal,Maturity: Minimal,search
10167717554,Obby For Free Outfits 🎁,0,minimal,Maturity: Minimal,search
5229088316,Team Nursery Escape! (TEAMWORK OBBY),0,minimal,Maturity: Minimal,search
4991002130,Team Color Switch Obby!,0,minimal,Maturity: Minimal,search
5872304714,TEAM EVIL KAREN ESCAPE! (TEAMWORK OBBY),0,minimal,Maturity: Minimal,search
4975820673,Team Obby [UPD4],0,minimal,Maturity: Minimal,search
4858850420,[💎NEW] Teamwork Morphs 2,0,minimal,Maturity: Minimal,search
8169861485,Teamwork Tower 2,0,mild,Maturity: Mild,search
8440409691,"Blind, Mute and Deaf | 3 player obby ",0,minimal,Maturity: Minimal,search
10532125557,Team School Escape! (TEAMWORK OBBY) 🏫,0,minimal,Maturity: Minimal,search
5336664797,Christmas Team Escape (Santa Teamwork Obby),0,minimal,Maturity: Minimal,search
6061790718,TEAM GRANNY ESCAPE! (TEAMWORK OBBY),0,minimal,Maturity: Minimal,search
5045757922,Team Prison Run! (TEAMWORK OBBY),0,minimal,Maturity: Minimal,search
4714473840,Color Teamwork Obby,0,minimal,Maturity: Minimal,search
5127594594,[JACKIE🐰] Teamwork FNAF Movie 1-9 Morphs (Obby),0,minimal,Maturity: Minimal,search
6474163691,TEAM ICE SPICE ESCAPE! [TEAMWORK OBBY],0,minimal,Maturity: Minimal,search
4861165047,Team Escape Masters! (TEAMWORK OBBY),0,minimal,Maturity: Minimal,search
9046278102,KPop Demon Hunters Teamwork Tower,0,minimal,Maturity: Minimal,search
4654595197,Team Hospital Escape! (TEAMWORK OBBY),0,minimal,Maturity: Minimal,search
4994021198,Eat Me! (2 Player Teamwork Obby),0,mild,Maturity: Mild,search
8939606666,TEAM EVIL GRANDPA ESCAPE!👴🏻 (TEAMWORK OBBY),0,mild,Maturity: Mild,search
5447532339,TEAM EVIL MOM ESCAPE!👱🏻‍♀️ (TEAMWORK OBBY),0,minimal,Maturity: Minimal,search
7045487060,Fun Teamwork Obby!!,0,minimal,Maturity: Minimal,search
2113323331,Teddy,0,mild,Maturity: Mild,search
8426254961,Team EVIL Monster ESCAPE (TEAMWORK OBBY),0,minimal,Maturity: Minimal,search
4610249460,Team School Escape! (TEAMWORK OBBY),0,minimal,Maturity: Minimal,search
7394135520,[NEW] Escape School Together!,0,minimal,Maturity: Minimal,search
4753245433,Teamwork in Tsunami,0,minimal,Maturity: Minimal,search
8000413855,Teamwork Tower,0,mild,Maturity: Mild,search
5550530788,easiest game ever!,0,minimal,Maturity: Minimal,search
6755292640,TEAM GRINCH ESCAPE! (TEAMWORK OBBY),0,minimal,Maturity: Minimal,search
5290093674,🔥Teamwork Prison Run!🔥[Update],0,minimal,Maturity: Minimal,search
4849714453,TEAM DENTIST ESCAPE! (TEAMWORK OBBY),0,minimal,Maturity: Minimal,search
5997463252,Escape Room [NEW!],0,minimal,Maturity: Minimal,search
10760891576,Build a Base & Steal Plants 🌱 [CO-OP],0,minimal,Maturity: Minimal,search
5372679817,Block Puzzle (REWARDS),0,minimal,Maturity: Minimal,search
7455943862,🔍Mindlock: Escape Room,0,minimal,Maturity: Minimal,search
3854332551,LAST ORDER! (SURVIVAL PUZZLE OBBY),0,minimal,Maturity: Minimal,search
5243121756,Drag Puzzles Obby,0,minimal,Maturity: Minimal,search
7580410469,[NEW] Escape Room 6 ✨,0,minimal,Maturity: Minimal,search
10764827470,🧩 Perfect Puzzle,0,minimal,Maturity: Minimal,search
8464771979, 👁️Anomaly: Escape Room,0,minimal,Maturity: Minimal,search
2614617698,ESCAPE ROOM (NEW MAP september),0,minimal,Maturity: Minimal,search
5029609649,Locked - Puzzle Game [ALPHA] [WORTHY],0,minimal,Maturity: Minimal,search
9903557133,[ Room129🧩] Escape Rooms,0,minimal,Maturity: Minimal,search
2539658670,Split,0,moderate,Maturity: Moderate,search
3334927654,Jigsaw Puzzles,0,minimal,Maturity: Minimal,search
10581699707,Clean The Puzzle Exhibition 🧩,0,minimal,Maturity: Minimal,search
4391829435,FNAF: Co-op,0,minimal,Maturity: Minimal,search
9377663390,RITUAL [Co-Op Horror],0,moderate,Maturity: Moderate,search
10412604025,Troll Escape Rooms 🔑,0,minimal,Maturity: Minimal,search
2473580421,[Co-op] FNaF Under Roblox Standards ,0,mild,Maturity: Mild,search
9035240873,Prove You Are Not a Dum-Dum,0,minimal,Maturity: Minimal,search
10394761548,[🧠] Clean The Puzzles,0,minimal,Maturity: Minimal,search
10767234248,Co-op Dino Hunters,0,minimal,Maturity: Minimal,search
8908663642,2248 Puzzle,0,minimal,Maturity: Minimal,search
9135643852,One Stroke Puzzle  | Swipe & Think!,0,minimal,Maturity: Minimal,search
2515205133,[CO-OP] Five Nights At Your Friends,0,minimal,Maturity: Minimal,search
2748983678,Puzzle Cabin,0,minimal,Maturity: Minimal,search
8561270645,Spot the Differences 🔍,0,minimal,Maturity: Minimal,search
10387792254,Screw 3D Puzzle: Bolts Off,0,minimal,Maturity: Minimal,search
10379961250,Color Block Puzzle,0,minimal,Maturity: Minimal,search
10256871256,Arrow Out Puzzle,0,minimal,Maturity: Minimal,search
10766016948,Unscrew It! - 3D Screw Puzzle,0,minimal,Maturity: Minimal,search
9602989009,Find the Objects:Map2 Fixed,0,minimal,Maturity: Minimal,search
10765195616,Puzzle Brainrot Squad,0,minimal,Maturity: Minimal,search
8786029134,Connect the Dots,0,minimal,Maturity: Minimal,search
9996615897,Electricity Puzzle,0,minimal,Maturity: Minimal,search
1430007363,Granny: Multiplayer,0,moderate,Maturity: Moderate,search
422959610,FIRST 3 PLAYER TYCOON IN ROBLOX!,0,mild,Maturity: Mild,search
9580540076,[CO-OP] Stop The Brainrots!,0,minimal,Maturity: Minimal,search
2460507525,[Season 2💜] Cooperative Tower,0,minimal,Maturity: Minimal,search
4691024791,Draw Obby [NEW],0,mild,Maturity: Mild,search
10691943429,🌊WATER MODE PRISON RUN ESCAPE! [ITEMS],0,minimal,Maturity: Minimal,search
1000639036,🌊 Water Park,0,mild,Maturity: Mild,search
6755261897,Don't Break Obby,0,minimal,Maturity: Minimal,search
2823411429,Fire Response: Kenterbury,0,minimal,Maturity: Minimal,search
3243513995,"[Air Regen] Toh, but There Is Water Rising",0,minimal,Maturity: Minimal,search
10155952879,[🌊] WaterWorld WaterPark,0,minimal,Maturity: Minimal,search
5858282128,Obby But You Walk on Walls,0,minimal,Maturity: Minimal,search
5316293237,Ultra Parkour Obby,0,minimal,Maturity: Minimal,search
8903000719,[CHAPTER 2] FEVER MEME,0,minimal,Maturity: Minimal,search
10101146736,[🎃]A tower where water rises🌊,0,minimal,Maturity: Minimal,search
10589963489,[💧]Fill Water Tanks,0,minimal,Maturity: Minimal,search
10465140931,[🔥] +1 Fire Per Click,0,minimal,Maturity: Minimal,search
10109842573,LONGEST Zipline Ever,0,minimal,Maturity: Minimal,search
6371309794,[UPD]💪Ninja Challenge [BETA],0,minimal,Maturity: Minimal,search
8095834523,Obby Builder 🔨,0,minimal,Maturity: Minimal,search
10191144118,Would You Rather: Age Tower 👶,0,minimal,Maturity: Minimal,search
9296280806,[🎃HALLOWEEN] Beat Obbies For Noobs,0,minimal,Maturity: Minimal,search
8716654969,21 Days Chained Together,0,mild,Maturity: Mild,search
9746034104,Mount Together [2 - 10 Player],0,minimal,Maturity: Minimal,search
6655110114,[2-4 Player Obby] Tie Together Tower,0,minimal,Maturity: Minimal,search
9408992442,Boat Together [1 - 6 Player],0,minimal,Maturity: Minimal,search
6655970630,[🐤] Tied Together,0,minimal,Maturity: Minimal,search
8374575589,⛵ Boat Ride Together ,0,minimal,Maturity: Minimal,search
10385031800,Keycaps!  [2 Player Obby],0,mild,Maturity: Mild,search
10767172060,Steal Eggs Together (Solo & Duo),0,minimal,Maturity: Minimal,search
7407161360,Snap Together [2 Player Obby],0,minimal,Maturity: Minimal,search
8926618858,Crabbed! [2 Player Obby] [UPDATE],0,minimal,Maturity: Minimal,search
10765864552,Break a Chain ⛓️,0,minimal,Maturity: Minimal,search
9964064032,TOWER TOGETHER,0,minimal,Maturity: Minimal,search
7411700191,Maze to VIP Obby🏃,0,minimal,Maturity: Minimal,search
9680567190,Row Together! [2 Player Obby],0,minimal,Maturity: Minimal,search
10419939114,Tusk & Talon! [2 Player Obby] 🎃,0,minimal,Maturity: Minimal,search
9824510369,Tower Together (2 Players),0,minimal,Maturity: Minimal,search
9196140345,Chained ATV Driving,0,minimal,Maturity: Minimal,search
7878729670,Beast Mode! 💥 [2 Player Obby],0,minimal,Maturity: Minimal,search
9912853150,🐌 My Snail [2 Player Obby],0,minimal,Maturity: Minimal,search
9583621216,🦖 CHOMP! [2 Player Obby] 🦕,0,minimal,Maturity: Minimal,search
7563570168,Pushing Together [1-2-3-4 PLAYER],0,minimal,Maturity: Minimal,search
7806672440,Carry a Grandma [2 Player Obby],0,minimal,Maturity: Minimal,search
10260211897,Be Squishy [2 Player Obby],0,minimal,Maturity: Minimal,search
8487303928,Climb Together [2 Player Obby],0,mild,Maturity: Mild,search
6157410865,Logged Together [2 Player Obby],0,minimal,Maturity: Minimal,search
7780633647,MX WORLD,0,minimal,Maturity: Minimal,search
10160522805,Bike Downhill,0,minimal,Maturity: Minimal,search
8836566703,MOTO WORLD,0,minimal,Maturity: Minimal,search
3472652814,Bikelife: Finland,0,minimal,Maturity: Minimal,search
10686995584, +1 Speed&Jump Motorcycle ASMR Escape[Keyboard],0,mild,Maturity: Mild,search
10765457401,Moto Empire,0,minimal,Maturity: Minimal,search
6531760014,[QUADS!] Project MX 🏁,0,minimal,Maturity: Minimal,search
10291735332,Moped Drag,0,minimal,Maturity: Minimal,search
3114128441,[🚲] GreenPeak | BIKE PARK [BETA],0,minimal,Maturity: Minimal,search
8826767123,+1 Speed Motorcycle Escape 🏍️,0,minimal,Maturity: Minimal,search
10246007946,MX WORLD [TESTING PLACE],0,minimal,Maturity: Minimal,search
9660713566,[UPD] +1 Speed Motorcycle Tsunami Escape ,0,minimal,Maturity: Minimal,search
10640957718,[SOON] Project Clutch Up ,0,minimal,Maturity: Minimal,search
7702815023,Project Corsa,0,minimal,Maturity: Minimal,search
4779969298,Motorcycle Training,0,minimal,Maturity: Minimal,search
10606897251,Project Front Up | BETA,0,minimal,Maturity: Minimal,search
9456333594,Bikelife Baltimore [STUNT BIKES🏍️] ,0,minimal,Maturity: Minimal,search
4869168196,[NEW NT 10!] Moto Trackday Project,0,minimal,Maturity: Minimal,search
2058661740,[IRM] Moto Racing 25,0,minimal,Maturity: Minimal,search
10766381557,Jump Into Highest Motorcycle Ramp,0,minimal,Maturity: Minimal,search
9538248037,PIT BIKES! MX OverRev [BETA],0,minimal,Maturity: Minimal,search
10765032875,Motorcycle for Animals,0,minimal,Maturity: Minimal,search
6421358579,ART. 244 [🛠️ HUGE FIXES] ,0,minimal,Maturity: Minimal,search
9765324104,🏍️ Wheelie District,0,minimal,Maturity: Minimal,search
4403361086,🏍️ Motorcycle Mayhem,0,minimal,Maturity: Minimal,search
8826771157,+1 Speed Motorcycle Tsunami Escape 🏍️,0,minimal,Maturity: Minimal,search
4888405440,"[🏍️ NEW BIKES, TRACK, FIXES & MORE! ] MX Grounds",0,minimal,Maturity: Minimal,search
6612520806,☀️Spring!🌸 Meadow Valley Motocross Park🏁,0,minimal,Maturity: Minimal,search
4867536568,[☀️] MotoRush! 🏍️,0,minimal,Maturity: Minimal,search
10358585896,Awesome Bike Life,0,minimal,Maturity: Minimal,search
8813969120,[DELIVERIES🍔NEW TRACKS] TR Legacy,0,minimal,Maturity: Minimal,search
9080953717,[RELEASED NEW TRACK/GAME] PROJECT MXGP: LUGO SPAIN,0,minimal,Maturity: Minimal,search
7605753879,Motocross SImulator,0,minimal,Maturity: Minimal,search
8232854015,DRT Motocross Simulator,0,minimal,Maturity: Minimal,search
10132246678,Minas Grau (New),0,minimal,Maturity: Minimal,search
7639105355,🌟(NEW) Wheeling BR 244,0,minimal,Maturity: Minimal,search
9659241993,[Update] Motocross Adventure: Mountain Trails,0,minimal,Maturity: Minimal,search
7259538238,Urban Moto 🏍️🌆,0,minimal,Maturity: Minimal,search
8641602265,[UPD] Drift 36,0,minimal,Maturity: Minimal,search
8177764459,[🍂AUTUMN] BikeLife Ukraine ,0,minimal,Maturity: Minimal,search
10767260805,+1 Motorcycle Evolution,0,minimal,Maturity: Minimal,search
4041741796,This is Utara [DragMap],0,minimal,Maturity: Minimal,search
7036531216,BikeStars💫 (New Bikes/Codes),0,minimal,Maturity: Minimal,search
10104979519,🏍️ SUPERMOTO 2 🌴,0,minimal,Maturity: Minimal,search
10509890970,[👮POLICE!] BikeLife Society,0,minimal,Maturity: Minimal,search
7089588429,(WHEELIE STYLE x BIG UPDATE) Drag Drive Simulator,0,minimal,Maturity: Minimal,search
5554114616,[☀️🌴UPDATE] Bikelife Miami 2,0,minimal,Maturity: Minimal,search
8890288888,BMX WORLD 🚴,0,minimal,Maturity: Minimal,search
4182837360,Moto Island 🌴,0,minimal,Maturity: Minimal,search
4475130275,Bikelife: Netherlands,0,minimal,Maturity: Minimal,search
5593297492,[UPDATE] RBL: Realistic Bikelife,0,minimal,Maturity: Minimal,search
9149872124,Enduro Bike Driving [W2+] ,0,minimal,Maturity: Minimal,search
6908406690,Dangerous Motorcycle,0,minimal,Maturity: Minimal,search
10764508637,Motorcycles VS Mud,0,minimal,Maturity: Minimal,search
10721719673,Lucky Moto Launch,0,minimal,Maturity: Minimal,search
9997076173,Motorcycle for Brainrots,0,minimal,Maturity: Minimal,search
6745865391,(📱MOBILE) Riders Descent | Mountain biking,0,minimal,Maturity: Minimal,search
8185531003,Brazil Motorfest 🏎️ ,0,minimal,Maturity: Minimal,search
2360092394,Off-Roading Epic,0,minimal,Maturity: Minimal,search
8420907710,Drift Tag,0,mild,Maturity: Mild,search
6119928106,Hajwala X,0,minimal,Maturity: Minimal,search
4713475313,[OLD] Ride Drive Simulator,0,minimal,Maturity: Minimal,search
5557213486,Drive X | Cars,0,minimal,Maturity: Minimal,search
2589957623,[☀️] Car Suspension Test,0,minimal,Maturity: Minimal,search
9837325548,Car Flipper [+5 CARS],0,minimal,Maturity: Minimal,search
9934614409,Bike Obby For Brainrots!,0,minimal,Maturity: Minimal,search
10519165314,[🌎WORLD 2] American Bike Obby🔥,0,minimal,Maturity: Minimal,search
7194739190,Skaters Of Hell,0,minimal,Maturity: Minimal,search
5148099079,[UPD] Bike of Hell,0,minimal,Maturity: Minimal,search
6219211822,[🔥UPD] Bike of Sky Obby,0,minimal,Maturity: Minimal,search
6946046782,Dangerous Bike Driving,0,minimal,Maturity: Minimal,search
10175371357,Would You Rather: Vehicle Tower 🚗,0,minimal,Maturity: Minimal,search
10766734930,[🏍️NEW BIKES] Redlane [BETA],0,minimal,Maturity: Minimal,search
7886804298,Highest Slide Obby!,0,minimal,Maturity: Minimal,search
7627712411,[🐝] Deadly Biking 🚴‍♀️,0,minimal,Maturity: Minimal,search
5726440289,[W11] Pogo Obby,0,minimal,Maturity: Minimal,search
8235455862,[W5] Ride a Box Obby 📦,0,minimal,Maturity: Minimal,search
7626153268,🏁 Parkour Obby [W7],0,minimal,Maturity: Minimal,search
9161586189,Bike Mountain Trip,0,minimal,Maturity: Minimal,search
10060056505,+1 Speed Bike Obby Escape,0,minimal,Maturity: Minimal,search
10062432584,Bike to the Top 🚴,0,minimal,Maturity: Minimal,search
9372745673,Escape the Lava on Bike,0,minimal,Maturity: Minimal,search
8357291617,Build A Bike,0,minimal,Maturity: Minimal,search
10003765097,Bike Obby for Soccer Cards!,0,minimal,Maturity: Minimal,search
5341259420,Snowboard Obby ❄,0,minimal,Maturity: Minimal,search
10152795139,[NEW BIKES 🏍️] BlackWave Project ,0,minimal,Maturity: Minimal,search
5143579944,Obby but you have a JETPACK,0,minimal,Maturity: Minimal,search
10421450365,🚲+1 Speed Bike Keyboard Race,0,minimal,Maturity: Minimal,search
6489037360,Cog [Code: 20M],0,minimal,Maturity: Minimal,search
6756340630,[NEW] Skateboard Legends 🛹,0,minimal,Maturity: Minimal,search
7479969826,Dangerous Mountain Biking,0,minimal,Maturity: Minimal,search
10765793911,Bike Obby For Eggs!,0,minimal,Maturity: Minimal,search
5233689103,[✏️🏍️ Graphics | BikeLife ] Northline RP,0,minimal,Maturity: Minimal,search
5576890130,[NEW] Skateboard of Hell Obby,0,minimal,Maturity: Minimal,search
9703275283,🚲Bike Evolution,0,minimal,Maturity: Minimal,search
6475874953,[W6] Obby But You're on Roller Skates,0,minimal,Maturity: Minimal,search
5663142217,Every Second You Get +1 Speed But You’re On a Bike,0,minimal,Maturity: Minimal,search
8909490225,[🚀] Bikes Lifestyle ,0,minimal,Maturity: Minimal,search
4518152312,ESCAPE EVIL GRANDMA! (FIRST PERSON OBBY),0,minimal,Maturity: Minimal,search
10765830109,[🏍️NEW MODELS] Scooter vs E-Bike (Early Access),0,minimal,Maturity: Minimal,search
9878278925,UPD! LA Rideout Beta🌴,0,minimal,Maturity: Minimal,search
4513780618, [REVAMP] Oak Valley ATV/Bike Park,0,minimal,Maturity: Minimal,search
9971895648,[W2] Obby But You're on a Board,0,minimal,Maturity: Minimal,search
10127797448,Would You Rather: Boys & Girls Outfit Tower!,0,minimal,Maturity: Minimal,search
7742053421,[🌎W3] Obby But You're Cursed,0,minimal,Maturity: Minimal,search
10694501242,Obby But You're Fat,0,mild,Maturity: Mild,search
10757991118,(UPDATE) Obby But You're on a Golf Cart,0,minimal,Maturity: Minimal,search
10395091260,obby but you're a chicken [NEW!],0,minimal,Maturity: Minimal,search
6250654615,[W13] Obby But You're a Parkour Master,0,minimal,Maturity: Minimal,search
5806941371,Obby But You Get TROLLED!,0,minimal,Maturity: Minimal,search
2894092245,Easy Parkour Obby 🌈,0,minimal,Maturity: Minimal,search
5961713920,Obby but you're a Spider,0,minimal,Maturity: Minimal,search
7541395924,Build An Island! 🏝️,0,minimal,Maturity: Minimal,search
5069824722,Obby But You're a Truck🚢⛰️,0,minimal,Maturity: Minimal,search
4028658904,obby but you're a bird,0,minimal,Maturity: Minimal,search
5089135527,Obby but they're chasing you,0,mild,Maturity: Mild,search
7758347258,Obby But You're Gubby!,0,minimal,Maturity: Minimal,search
10061124506,Drive A Bus,0,minimal,Maturity: Minimal,search
6739692183,Obby but You're a Rat🐀,0,minimal,Maturity: Minimal,search
9289942940,Unicycle Obby,0,minimal,Maturity: Minimal,search
10122732415,🚲Highest Bicycle Ride,0,minimal,Maturity: Minimal,search
5141066517,[W0] Obby But You're In A Tire,0,minimal,Maturity: Minimal,search
9439583843,[SUMMER🏖️] +1 Speed On a Bike! 🚲,0,minimal,Maturity: Minimal,search
9417988934,Obby But You're a Duckling  🐤,0,minimal,Maturity: Minimal,search
6933616139,Obby but you're Venom,0,minimal,Maturity: Minimal,search
6686966718,Obby But You're an Otter,0,minimal,Maturity: Minimal,search
9747088468,Obby But You're a Slime 🦠,0,minimal,Maturity: Minimal,search
5993113777,( Phonk🔥)Obby But You're A Boss,0,minimal,Maturity: Minimal,search
10437809977,[W3!] +1 Double Jump Bike Escape! 🚴💨,0,minimal,Maturity: Minimal,search
9273584416,Driving Test 🚗,0,minimal,Maturity: Minimal,search
9770694138,Dangerous Car Driving,0,minimal,Maturity: Minimal,search
9743599057,Drive Bus or DIE ☠️,0,minimal,Maturity: Minimal,search
10453281197,Drive Down,0,minimal,Maturity: Minimal,search
9811688699,CARS MEGA RAMP ASPHALT,0,minimal,Maturity: Minimal,search
3986508457,[NEW CAR] Car Driving Ultimate,0,minimal,Maturity: Minimal,search
7939389895,[UPD] Mad Road,0,mild,Maturity: Mild,search
6147276975,Drive the train to the end.,0,minimal,Maturity: Minimal,search
6847216981,Crash Cars with Nitro,0,minimal,Maturity: Minimal,search
9103825246,[RAMPS] Crash Car Physics,0,minimal,Maturity: Minimal,search
2073329983,STUNT-DRAG-CUSTOM RACES | Realistic Car Driving™,0,minimal,Maturity: Minimal,search
5807622548,RV Cooked? [BUGGY],0,minimal,Maturity: Minimal,search
1598111240,[HYBRID TAXI!] JusDrive,0,minimal,Maturity: Minimal,search
9848120471,Metal Madness,0,minimal,Maturity: Minimal,search
8571211508,Crash or land,0,mild,Maturity: Mild,search
6777528662,🚌Dangerous Bus Driving,0,mild,Maturity: Mild,search
3153879982,DriveMY:Malaysia (BETA),0,minimal,Maturity: Minimal,search
5125369493,Driving Simulator,0,minimal,Maturity: Minimal,search
3876150506,[NEW] Drive World,0,minimal,Maturity: Minimal,search
10632440465,[⏳] Wheelie Madness,0,minimal,Maturity: Minimal,search
6751447237,[RANKED!] Car Zone 🏎️ Racing & Drifting,0,minimal,Maturity: Minimal,search
10765907187,Drive an Egg,0,minimal,Maturity: Minimal,search
9770471437,[rearview mirror] Driving School Taipei,0,minimal,Maturity: Minimal,search
10391506532,Reckless driving (رياض),0,minimal,Maturity: Minimal,search
7133143100,[🌍WORLD 2] Dangerous Offroad Driving,0,minimal,Maturity: Minimal,search
5683563195,CAR CRASH🚗,0,mild,Maturity: Mild,search
2995938456,Car Crash Test,0,mild,Maturity: Mild,search
10390633859,[⌛] Drive Car and Slide 🏎️,0,minimal,Maturity: Minimal,search
3170620775,DownForce - Stunt Driving,0,minimal,Maturity: Minimal,search
6496384444,Dangerous Truck Driving,0,minimal,Maturity: Minimal,search
7053072991,🚌 Dangerous School Bus Driving,0,minimal,Maturity: Minimal,search
10127500776,Drive for Brainrots!,0,minimal,Maturity: Minimal,search
5884411410,a snowy trip ❄️[NEW],0,minimal,Maturity: Minimal,search
7545642783,Drive To Impress,0,minimal,Maturity: Minimal,search
9277520412,Drive Circuit UPDATE! ,0,minimal,Maturity: Minimal,search
9959134251,(เวฟแต่ง)Truck Driving Thailand(TDT),0,minimal,Maturity: Minimal,search
4187559009,Autopilot Simulator / FSD,0,minimal,Maturity: Minimal,search
4754574238,Every Second You Get +1 Speed But You're In a Car,0,minimal,Maturity: Minimal,search
5550959732,[RV] Car Crash Driving,0,minimal,Maturity: Minimal,search
9160234761,Dangerous RV Driving,0,minimal,Maturity: Minimal,search
9335846951,RealDrive: Japan,0,minimal,Maturity: Minimal,search
7755625012,Indian Drive,0,minimal,Maturity: Minimal,search
4391006669,🏁 Assetto: Street Racing & Drifting,0,minimal,Maturity: Minimal,search
7655784257,Cars Physics Drive 2 ,0,minimal,Maturity: Minimal,search
10765929097,Drive Life: BETA,0,minimal,Maturity: Minimal,search
3515267380,Drive Cars Down A Hill!,0,mild,Maturity: Mild,search
5976331417,Drive a Train,0,minimal,Maturity: Minimal,search
6179826876,[MAP REWORK] Indonesia Driving Experience,0,minimal,Maturity: Minimal,search
4756434078,Bus Driver Vietnam 2,0,minimal,Maturity: Minimal,search
1673554668,School Bus Sim,0,minimal,Maturity: Minimal,search
10114760113,[RE-BORN] STREETLINE,0,minimal,Maturity: Minimal,search
10733572105,Drive-Thru Empire 🍔,0,minimal,Maturity: Minimal,search
7961333063,Drive and Fight!,0,minimal,Maturity: Minimal,search
4809321611,[Tiny Upd] Nitro Drive,0,minimal,Maturity: Minimal,search
10122062696,🇮🇩 The Driving Indonesia,0,minimal,Maturity: Minimal,search
10297905143,[¡CLASICOS!] Simulador de Autobuses México - 95D,0,minimal,Maturity: Minimal,search
9804429271,[CORRUPTED!] Climb and Plunge,0,minimal,Maturity: Minimal,search
8934677648,Climb the Hill🚗,0,minimal,Maturity: Minimal,search
10380794188,ANNAPURNA ❄️ [BETA],0,minimal,Maturity: Minimal,search
10132658163,🧗‍♂️ Mount Allia Climbing Roleplay,0,minimal,Maturity: Minimal,search
8071550910,🏔️The Climb,0,minimal,Maturity: Minimal,search
9898409899,[HELICOPTERS] 🏔️K2 CLIMBING SIMULATOR,0,minimal,Maturity: Minimal,search
7388687115,Climb Slippery Stairs 🏆,0,minimal,Maturity: Minimal,search
8810894809,🚉 Swiss Mountain : Matterhorn,0,minimal,Maturity: Minimal,search
8011932667,CLIMB [⛰️],0,minimal,Maturity: Minimal,search
9759082891,[UPDATE] +1 Aura Climb Tower,0,minimal,Maturity: Minimal,search
10765716033,[NEW] +1 Climb Obby Escape,0,minimal,Maturity: Minimal,search
9202115432,[1CP] Mount Kara 🚩,0,minimal,Maturity: Minimal,search
10765878230,Climb Scary Buddy Tower,0,mild,Maturity: Mild,search
9322379463,Climb & Roll Down Escalator,0,minimal,Maturity: Minimal,search
10759599236,Climbing Playground,0,minimal,Maturity: Minimal,search
10680217580,Climb Sand Snek Tower 🐍,0,mild,Maturity: Mild,search
6268803418,Climb [TROPHIES! 🏆],0,minimal,Maturity: Minimal,search
10009582912,Climb Running Head Tower,0,mild,Maturity: Mild,search
10527618637,[NEW] Climb Rainbow Apple Tower,0,mild,Maturity: Mild,search
2017809925,"Climb 1,000 Stairs",0,minimal,Maturity: Minimal,search
9736593239,[🇮🇩] Palm Mount ,0,minimal,Maturity: Minimal,search
10052184715,Climb Scary IShowSpeed Tower,0,minimal,Maturity: Minimal,search
7780208150,Fling to Climb!,0,minimal,Maturity: Minimal,search
7656946028, Climb and Slide!,0,minimal,Maturity: Minimal,search
10695019484,Climb Verity Tower,0,minimal,Maturity: Minimal,search
10088964744,Climb Scary Squishy Dumpling Tower,0,mild,Maturity: Mild,search
10534587272,Climb Scary Animal Hospital Tower,0,mild,Maturity: Mild,search
9328996048,[UPD] Climb to Space!,0,minimal,Maturity: Minimal,search
9816979739,Climb Into Poppy Playtime,0,minimal,Maturity: Minimal,search
7962953559,[🎃] Hell to Heaven Climb [Halloween 🎁],0,minimal,Maturity: Minimal,search
8364235501,[⛰️] SUMMIT,0,mild,Maturity: Mild,search
10637040453,Climb KPop Demon Hunters Tower,0,mild,Maturity: Mild,search
9464006779,Training To Climb [💪2X],0,minimal,Maturity: Minimal,search
9563386957,[🌀] Climb For Brainrots,0,minimal,Maturity: Minimal,search
10327283507,Climb GuguGaga Penguin Tower,0,mild,Maturity: Mild,search
10765648763,+1 Climb Per Step,0,minimal,Maturity: Minimal,search
4343539110,The Climb,0,minimal,Maturity: Minimal,search
10530893844,Climb Scary Snek Tower,0,mild,Maturity: Mild,search
5642141643,Climb Race Simulator,0,minimal,Maturity: Minimal,search
1135367592,❄️🗻Mt. Everest Climbing Roleplay,0,mild,Maturity: Mild,search
9590725349,Climb Gugu Gaga Tower ,0,mild,Maturity: Mild,search
6862548805,🚩 climb a mountain 🗻,0,minimal,Maturity: Minimal,search
9596164153,Climb the Mountain for Eggs!,0,minimal,Maturity: Minimal,search
6556651751,Climb to be King 👑,0,mild,Maturity: Mild,search
9799881361,Climb Poppy Playtime Tower,0,mild,Maturity: Mild,search
10223976219,Climb Scary Worm Tower 3,0,mild,Maturity: Mild,search
9903325235,Climb KPop Demon Hunters Tower,0,mild,Maturity: Mild,search
9456486897,Climb Scary FNAF Tower,0,mild,Maturity: Mild,search
9913633503,Climb Scary Pocong Tower,0,mild,Maturity: Mild,search
9265621543,🚀 Climb Training!,0,minimal,Maturity: Minimal,search
10584012202,Climb Keyboard Squishy Dumpling Tower,0,minimal,Maturity: Minimal,search
10684174491,Climb Scary Shark Tower,0,mild,Maturity: Mild,search
10189601764,Climb and Drop a Lucky Block,0,minimal,Maturity: Minimal,search
10524876834,[X8]Climb And Jump Tower [NEW WORLD NOW],0,minimal,Maturity: Minimal,search
4379108937,Getting Over it[Remastered]🔨,0,minimal,Maturity: Minimal,search
10764888929,Climb for Eggs!,0,minimal,Maturity: Minimal,search
982134786,K2 Climbing Roleplay ❄️🗻,0,minimal,Maturity: Minimal,search
9104763985,🌳Build To Climb!,0,minimal,Maturity: Minimal,search
8606799872,Climb And Zip🪂  [UPD 5],0,minimal,Maturity: Minimal,search
10696737068,Climb Animal Hospital Tower,0,minimal,Maturity: Minimal,search
10764847518,💪 +1 Strength to Climb Tower,0,minimal,Maturity: Minimal,search
9534617345,[😱] Climb Scary Worm Tower,0,mild,Maturity: Mild,search
9604293175,[NEW] 🚀Climb to Infinity!,0,minimal,Maturity: Minimal,search
9674179529,Climb Scary Phonk Aura Tower,0,minimal,Maturity: Minimal,search
10764316020,Climb Scary Locust Tower,0,mild,Maturity: Mild,search
10463230856,Climb Keyboard Bobo Tower 2,0,mild,Maturity: Mild,search
7738003138,Climb and Glide,0,minimal,Maturity: Minimal,search
9758414065,[UPDATE] Climb Up Mountain For Brainrot,0,minimal,Maturity: Minimal,search
10262330338,Climb Scary Lemon Tower,0,mild,Maturity: Mild,search
8204633083,climb the grand canyon,0,minimal,Maturity: Minimal,search
3948962067,🏔️Expedition Mount Everest BETA,0,minimal,Maturity: Minimal,search
6738602193,[NPC SPAWNER] Blocks and Glory (beta),0,moderate,Maturity: Moderate,search
10637136416,[💡NEON LIGHTS] Wheelie Empire,0,minimal,Maturity: Minimal,search
8503596762,Hungry Wheels [⭐BETA],0,mild,Maturity: Mild,search
551811297,🎃 Push Oofs Off Skyscrapers,0,mild,Maturity: Mild,search
1987338069,[🏎NEW CAR🏎] Hot Wheels Open World,0,minimal,Maturity: Minimal,search
9911374500,[⚙️ENGINES!] Wheel Machine Simulator,0,minimal,Maturity: Minimal,search
6772885092,Happy Tower Obby,0,minimal,Maturity: Minimal,search
10765146404,[UPD 2🚀] Wheel Incremental,0,minimal,Maturity: Minimal,search
9531619957,Steamhappy Experiment ,0,minimal,Maturity: Minimal,search
10766225912,[🚔COPS] Wheelie Society,0,minimal,Maturity: Minimal,search
6128091457,Clone Engine,0,minimal,Maturity: Minimal,search
1846570402,Be a Toy!,0,mild,Maturity: Mild,search
2541731671,Ferris Wheel Park,0,minimal,Maturity: Minimal,search
6407388008,[🎉] Launch a Wheel! 🛞💥,0,minimal,Maturity: Minimal,search
8179994283,DEATH IQ OBBY,0,minimal,Maturity: Minimal,search
10595406272,+1 Speed Wheel Chair Escape,0,mild,Maturity: Mild,search
6332490386,Blox Mod,0,mild,Maturity: Mild,search
10507230004,Happy Tower [😄],0,minimal,Maturity: Minimal,search
10290463156,  [🏎️] Blow up Lucky Blocks For Cars ,0,minimal,Maturity: Minimal,search
5016304554,Billy land,0,mild,Maturity: Mild,search
10665384742,[🏍] Wheelie Life,0,minimal,Maturity: Minimal,search
7686855880,Happy Infection,0,mild,Maturity: Mild,search
9600903838,Happy Laser Tower,0,minimal,Maturity: Minimal,search
10266184579,Happy UGC Obby,0,minimal,Maturity: Minimal,search
10765256426,[NEW!] Wheelie on Kukirin,0,minimal,Maturity: Minimal,search
8292801194,[UPD]🩸Ragdoll Sandbox Bloodful,0,moderate,Maturity: Moderate,search
2293506912,Happy Runner😂JETPACK,0,minimal,Maturity: Minimal,search
9908564425,Amazing Happy UGC Obby,0,minimal,Maturity: Minimal,search
1766958151,Tiny Wheels,0,minimal,Maturity: Minimal,search
3812544013,Unfunny Ragdolls,0,moderate,Maturity: Moderate,search
10745874263,Spin a Wheel,0,minimal,Maturity: Minimal,search
10350558449,[⏰ Event] Dog Race 🐕💨,0,minimal,Maturity: Minimal,search
9341740059,FALL : B67 TV Tower Roleplay,0,mild,Maturity: Mild,search
2475984522,[UPDATE] THE WHEEL,0,minimal,Maturity: Minimal,search
7429019019,Happy Town RP,0,minimal,Maturity: Minimal,search
9922798212,🩸Blood Sandbox,0,mild,Maturity: Mild,search
8366446675,Wheelie Street Life 2.0 [ 🛠️ ],0,minimal,Maturity: Minimal,search
10162077097,Break All Bones,0,minimal,Maturity: Minimal,search
5136641797,Competitive Broken Bones IV,0,moderate,Maturity: Moderate,search
10188533374,Break Your Bones,0,mild,Maturity: Mild,search
9092022938,Fall with Friends ☠️,0,mild,Maturity: Mild,search
8643687151,Fall and Break Bones!,0,minimal,Maturity: Minimal,search
10376053501,+1 Slide to Break Bones,0,minimal,Maturity: Minimal,search
3993933391,Broken Bones V,0,mild,Maturity: Mild,search
9903102064,+1 Speed to break your bones,0,mild,Maturity: Mild,search
9116473552,Break Your Avatar,0,mild,Maturity: Mild,search
9872255418,Break a Bone ,0,minimal,Maturity: Minimal,search
10638825026,Break Bones ASMR,0,minimal,Maturity: Minimal,search
10463077047,[🦴] Merge to Break Bones,0,minimal,Maturity: Minimal,search
8613370924,Break Bones Tower,0,moderate,Maturity: Moderate,search
6938426802,Throw stuff for money,0,minimal,Maturity: Minimal,search
5575806184,Break Bone Simulator,0,mild,Maturity: Mild,search
5407701353,Break Brainrot Bones,0,minimal,Maturity: Minimal,search
9300660983,Build to break bones!,0,minimal,Maturity: Minimal,search
9633008033, [🦴] Build to Break Bones,0,minimal,Maturity: Minimal,search
10731841050,+1 Speed to Break Bones,0,minimal,Maturity: Minimal,search
8894870525,Build To Break Bones!,0,minimal,Maturity: Minimal,search
8813932352,Break Your Brainrot!,0,minimal,Maturity: Minimal,search
9676743402, [UPD]Giant Smash 🗽🚗,0,minimal,Maturity: Minimal,search
9140218204,[🌥️] Stretch Your Neck 🦕,0,minimal,Maturity: Minimal,search
5821471289,Obby But You Have Bones,0,mild,Maturity: Mild,search
7368968827,+1 Broken Bones Keyboard Escape,0,minimal,Maturity: Minimal,search
5872152110,Crack It!💆,0,minimal,Maturity: Minimal,search
10712045449,[🎃UPDT]🦴 +1 Speed Bones Escape,0,minimal,Maturity: Minimal,search
10182693571,Break Bones for Brainrots,0,minimal,Maturity: Minimal,search
7896346755,+1 Age Every Click 👶,0,minimal,Maturity: Minimal,search
9197605878,[UPDATE!] Break a Youtuber,0,mild,Maturity: Mild,search
10566557009,Bone Mount,0,minimal,Maturity: Minimal,search
10737206277,[EVENT!] Whisper Of The Bones ,0,mild,Maturity: Mild,search
9392487532,Crowd Playground,0,mild,Maturity: Mild,search
516989247,Destroy Buildings [💥],0,mild,Maturity: Mild,search
1633506490,Fall Down The Biggest Hole In Roblox ,0,minimal,Maturity: Minimal,search
10034438846,[ 🍂 UPD 2] 💀Hold The Bones!,0,minimal,Maturity: Minimal,search
9398639998,[UPD 2.4] Undertale: Skeletal Misfortune,0,mild,Maturity: Mild,search
6163740913,🕳️ Be a Hole,0,minimal,Maturity: Minimal,search
5133727372,Shred Things (Halloween!),0,minimal,Maturity: Minimal,search
8846536910,Destroy Vehicles!,0,minimal,Maturity: Minimal,search
8208050459,[🎮] A good tower for Sajonara 2,0,minimal,Maturity: Minimal,search
781563604,💥 Destruction Simulator,0,mild,Maturity: Mild,search
5009736480,Slime Crushers 💥,0,mild,Maturity: Mild,search
2459683091,[🔭TURRETS] Destruction Game,0,mild,Maturity: Mild,search
4039436304,FALL BUT 100 PLAYERS,0,mild,Maturity: Mild,search
9324777060,Slime Physics Sandbox,0,minimal,Maturity: Minimal,search
7983157992,BONE TO PICK [ 🥽 🔥 ],0,mild,Maturity: Mild,search
9330175620,[⛏️UPD💎] Break an Ore! MINING,0,minimal,Maturity: Minimal,search
9177664058,Destroy Animatronics For Fun [BETA],0,mild,Maturity: Mild,search
2135430017,Wormface!,0,mild,Maturity: Mild,search
4113699767,Voxel Destruction Physics,0,mild,Maturity: Mild,search
5190405772,Break In Simulator,0,minimal,Maturity: Minimal,search
9835032922,[💥] +1 Fat To Break!,0,minimal,Maturity: Minimal,search
9662317227,blow up admins,0,mild,Maturity: Mild,search
7179106211,Gorilla Tag But Good 🦍,0,minimal,Maturity: Minimal,search
10767907509,Ragdoll Engine 🩸 [ Beta ],0,mild,Maturity: Mild,search
9634898286,Total RAGDOLL Sandbox 🌴,0,minimal,Maturity: Minimal,search
39889370,Push Dummies Down The Sparta Hole!,0,mild,Maturity: Mild,search
10766921988,Ragdoll Football,0,minimal,Maturity: Minimal,search
2984108166,Ragdoll Engine [Catalog + Emotes],0,mild,Maturity: Mild,search
10557014901,Kill Ragdoll NPCs ⚔️,0,mild,Maturity: Mild,search
5232068281,Ragdoll on Skates Obby!,0,minimal,Maturity: Minimal,search
4167679982,Ragdoll Crash Party!,0,minimal,Maturity: Minimal,search
3964439604,Re: Ragdoll Engine,0,minimal,Maturity: Minimal,search
10171732905,[🌑 SHADOW!] Ragdoll a Lucky Block,0,minimal,Maturity: Minimal,search
5768466671,Ragdoll Physics,0,minimal,Maturity: Minimal,search
2818991557,Wipeout Obby! (RAGDOLL UPDATE),0,minimal,Maturity: Minimal,search
5492543020,[UPDATE] Bloody Ragdoll Engine Remastered,0,moderate,Maturity: Moderate,search
2115605909,Human Simulator,0,minimal,Maturity: Minimal,search
10490050084,[☠️] +1 Ragdoll Escape,0,minimal,Maturity: Minimal,search
645150540,[RAGDOLL!] EVIL NOOBS SURVIVAL!,0,mild,Maturity: Mild,search
7984596250,Ragdoll Engine Testing Server,0,minimal,Maturity: Minimal,search
10472257051,[BLOOD🩸]Lethal Ragdolls👊,0,moderate,Maturity: Moderate,search
9972805752,🦴 Ragdoll Training,0,minimal,Maturity: Minimal,search
2344995422,Grapple People Simulator! 🌟,0,moderate,Maturity: Moderate,search
5071916724,Ragdoll Factory,0,moderate,Maturity: Moderate,search
2445574441,Turbo Dismount testing,0,minimal,Maturity: Minimal,search
1794056685,Camper Van 🚐,0,minimal,Maturity: Minimal,search
9084112733,[UPD📼] Camper Van Trip 🌲,0,minimal,Maturity: Minimal,search
4736867089,Sky Riders 🕊 BETA,0,minimal,Maturity: Minimal,search
9067189974,Plane Crash Simulator,0,mild,Maturity: Mild,search
6376157669,Untamed Trails [Upd!],0,minimal,Maturity: Minimal,search
2770735068,XPLOR,0,minimal,Maturity: Minimal,search
9942734820,[DATA FIX🛠] Baseplate Drifting,0,minimal,Maturity: Minimal,search
6413074235,A Long Road - BETA,0,minimal,Maturity: Minimal,search
10016737532,Monster Truck Off Road,0,mild,Maturity: Mild,search
9948825950,Escape Tornado Alley,0,mild,Maturity: Mild,search
5254920366,Secret Staycation,0,minimal,Maturity: Minimal,search
7667716861,[UPDATE] Destroy A Car!,0,minimal,Maturity: Minimal,search
9732522660,🚅 Train Crash Simulator,0,minimal,Maturity: Minimal,search
2512941980,Drifting Simulator,0,minimal,Maturity: Minimal,search
7938305201,GRAU SP,0,minimal,Maturity: Minimal,search
3354479870,just daytona. (2012 SOFT BODY),0,minimal,Maturity: Minimal,search
5245853977,Incorails | Alpha,0,minimal,Maturity: Minimal,search
10114812853,☢️ Be a Nuke,0,mild,Maturity: Mild,search
4009097253,Destroy The Hotel,0,mild,Maturity: Mild,search
9883803926,Wheelie Nation,0,minimal,Maturity: Minimal,search
8982941739,Teardown The hotel Destruction 💥,0,minimal,Maturity: Minimal,search
7822444776,[VOID] ✈️ Build A Plane,0,minimal,Maturity: Minimal,search
10270349664,Lucky Dumplings,0,minimal,Maturity: Minimal,search
2102326898,Mori's Playground,0,mild,Maturity: Mild,search
9514625031,Fling Playground,0,mild,Maturity: Mild,search
3121816042,Misi's Playground,0,moderate,Maturity: Moderate,search
9477524409,[🌈] Huge Playground Playplace,0,minimal,Maturity: Minimal,search
9930593007,🕷️ You Are Spider (Test Playground),0,minimal,Maturity: Minimal,search
6394301621,Bloody playground,0,moderate,Maturity: Moderate,search
8535485154,Best Funnest Playground Indoor Softplay Waterpark,0,minimal,Maturity: Minimal,search
9871608071,Grabpack Playground,0,mild,Maturity: Mild,search
4170320550,[update] psychic playground,0,mild,Maturity: Mild,search
9550141430,TNT Playground!,0,minimal,Maturity: Minimal,search
9343839974,Rage Bait,0,minimal,Maturity: Minimal,search
8196860941,Mrbeast's Deadly Obby,0,minimal,Maturity: Minimal,search
10097484935,[BEACH UPD 🏖️] Trees Hate You,0,mild,Maturity: Mild,search
8203580812,DROPPER HELL 🔥 DROP IN!,0,mild,Maturity: Mild,search
9835089582,[UPD 13⚽] Deadly Steps,0,minimal,Maturity: Minimal,search
9969954010,Dropper World 🌈 [150+ LEVELS!],0,minimal,Maturity: Minimal,search
6735570348,Face Your Fears Obby,0,mild,Maturity: Mild,search
1270721401,Dropper 🌈 300 Levels,0,mild,Maturity: Mild,search
8606715573,unexpected handling [4* NEW STAGES],0,minimal,Maturity: Minimal,search
7978039863,RAGEBAIT OBBY,0,minimal,Maturity: Minimal,search
10519632533,Ragebait the Teacher,0,minimal,Maturity: Minimal,search
5411264656,RAGE QUIT OBBY,0,minimal,Maturity: Minimal,search
10768399438,How To Drift 🏁 [LEVELS + QUESTS],0,minimal,Maturity: Minimal,search
9705903732,Don't RAGE Obby!,0,minimal,Maturity: Minimal,search
9828610051,Cert Rayd tu Jiafei 🎢,0,minimal,Maturity: Minimal,search
6787216875,Hell Or Heaven,0,mild,Maturity: Mild,search
10162670503,+1 Speed Devil Fruit Escape,0,mild,Maturity: Mild,search
5203208431,DashBlox (Daily Levels!),0,minimal,Maturity: Minimal,search
9110459155,steamhappy,0,minimal,Maturity: Minimal,search
6131148051,IMPOSSIBLE TROLL OBBY,0,minimal,Maturity: Minimal,search
9956997350,Purple Towers 💜 (300+ Stages!),0,minimal,Maturity: Minimal,search
10183686931,+1 Clone Escape Obby,0,minimal,Maturity: Minimal,search
9776222468,Cluck or Hide!🐔,0,mild,Maturity: Mild,search
9768890425,lemon,0,minimal,Maturity: Minimal,search
8237569825,devil may cry obby ,0,minimal,Maturity: Minimal,search
10104810835,simply walk around it (OBBY),0,minimal,Maturity: Minimal,search
4745911978,Neon Cartoony Obby [200 Levels],0,minimal,Maturity: Minimal,search
10765274806,[BETA] Just One Level,0,minimal,Maturity: Minimal,search
9047005177,Kitty Obby [New Levels🌸],0,minimal,Maturity: Minimal,search
7006795241,nugget,0,minimal,Maturity: Minimal,search
5803199989,The Exit 8!,0,minimal,Maturity: Minimal,search
3081806083,Worlds Hardest Game,0,minimal,Maturity: Minimal,search
7040736999,I Wanna See You Rage [Beta],0,minimal,Maturity: Minimal,search
5345358309,you don't want to see me rage,0,minimal,Maturity: Minimal,search
9898638684,Cortisol Level Tower,0,minimal,Maturity: Minimal,search
10237301059,+1 Speed Solo Leveling Escape,0,minimal,Maturity: Minimal,search
9850981293,Swing To Steal Devil Fruits!,0,minimal,Maturity: Minimal,search
10730414817,[NOW] Anime Levels,0,minimal,Maturity: Minimal,search
10127090395,[2X] +1 Speed Slime Keyboard Escape,0,minimal,Maturity: Minimal,search
9947797452,Be a Devil Fruit! 😈,0,minimal,Maturity: Minimal,search
7219709377,Level Run For Your Life,0,mild,Maturity: Mild,search
10767824942,+1 Assassin Leveling,0,mild,Maturity: Mild,search
7268912656,Teto Obby [121 Levels],0,minimal,Maturity: Minimal,search
9677117942,Spelling Glass Bridge 🔊,0,minimal,Maturity: Minimal,search
10163990768,Would You Rather: Cursed Tower,0,minimal,Maturity: Minimal,search
10763073865,One More Level 🎭,0,minimal,Maturity: Minimal,search
1170436920,Practice Lobby of Hell,0,minimal,Maturity: Minimal,search
7729029844,[🎃 COSMETICS] Highrise Rush,0,minimal,Maturity: Minimal,search
5230403905,Slime Shape Obby,0,minimal,Maturity: Minimal,search
10376091340,[LEVEL 6] Verity's Story,0,mild,Maturity: Mild,search
10081223906,Kick for Devil Fruits,0,minimal,Maturity: Minimal,search
10230556043,Would you Rather: Devil or Angel,0,minimal,Maturity: Minimal,search
9233436741,[⭐] Level Legends,0,mild,Maturity: Mild,search
4285646576,Abyss World 🕳️🌍[DEPTHS UPDATE],0,minimal,Maturity: Minimal,search
10046642620,Деревья ненавидят тебя [ОБНОВЛЕНИЕ 2],0,minimal,Maturity: Minimal,search
2113381916,Try To Die,0,minimal,Maturity: Minimal,search
7964539330,INSANE Troll Slap Tower 😈,0,minimal,Maturity: Minimal,search
10766567836,😠 Verity's Troll Tower,0,mild,Maturity: Mild,search
8212965377,[💥] Infinite Troll Tower,0,minimal,Maturity: Minimal,search
10182049622,step carefully,0,minimal,Maturity: Minimal,search
8330409552,[🎨] Camo Troll Tower,0,minimal,Maturity: Minimal,search
10443498119,AURA EDIT TROLL OBBY,0,minimal,Maturity: Minimal,search
10662102169,[NEW] Troll Obby ✋,0,minimal,Maturity: Minimal,search
9198323655,Gear Troll Slap Tower 💥,0,minimal,Maturity: Minimal,search
8555435464,Size Trolling Tower,0,mild,Maturity: Mild,search
8543731659,Morph Troll Tower,0,mild,Maturity: Mild,search
10758726566,Hug a TROLL Tower!,0,mild,Maturity: Mild,search
9464310614,Smart Troll Obby,0,minimal,Maturity: Minimal,search
9810843590,Notbie Troll Obby 😈,0,minimal,Maturity: Minimal,search
8304732032,Troll Easy Tower,0,minimal,Maturity: Minimal,search
8339999039,TROLL Hug Admin Tower,0,minimal,Maturity: Minimal,search
10720818424,Dance Troll Tower,0,minimal,Maturity: Minimal,search
10764420774,TROLL Gravity Tower ✋,0,mild,Maturity: Mild,search
10747900291,TROLL Hug Baby tower,0,minimal,Maturity: Minimal,search
9688501638,Crazy Troll Obby!,0,minimal,Maturity: Minimal,search
10071119799,[NEW! 💥] TROLL OBBY,0,mild,Maturity: Mild,search
8847904177,[🎨] Camo Troll Tower 4,0,minimal,Maturity: Minimal,search
10704015784,Squishy Troll Tower [BETA],0,mild,Maturity: Mild,search
8157480608,Cursed Troll Tower 💀,0,mild,Maturity: Mild,search
10715691708,TROLL Hug or Jail Tower,0,minimal,Maturity: Minimal,search
10764467420,TROLL Wheelchair Tower,0,minimal,Maturity: Minimal,search
8584153563,[😈] Troll Slap Tower,0,mild,Maturity: Mild,search
7840687260,[🌞] Slide Troll Tower,0,minimal,Maturity: Minimal,search
9897098788,TROLL Cat Tower 🐱,0,mild,Maturity: Mild,search
9600951300,Troll Your Friends Obby,0,mild,Maturity: Mild,search
7625685793,Troll IQ Tower 🧠,0,mild,Maturity: Mild,search
8638825448,Trolls can't break this tower 3,0,minimal,Maturity: Minimal,search
9323729992,[😈] Aura Troll Slap Tower,0,minimal,Maturity: Minimal,search
9727036596,Spiral Conveyor Tower,0,minimal,Maturity: Minimal,search
7687145492,Troll Tower 2 🖐,0,minimal,Maturity: Minimal,search
10082888662,PHONK TROLL OBBY,0,minimal,Maturity: Minimal,search
8537386355,Freeze Troll Tower 🧊,0,minimal,Maturity: Minimal,search
10348973621,Auto Wallhop Troll Tower 🔁,0,minimal,Maturity: Minimal,search
7570489548,Troll is a pinning tower 0,0,minimal,Maturity: Minimal,search
8902327228,+1 Aura Phonk Edit Tower🎵,0,minimal,Maturity: Minimal,search
8484030257,Double Jump Troll Tower 2,0,minimal,Maturity: Minimal,search
10276280868,Princess Tower 👸 [TROLL],0,mild,Maturity: Mild,search
8260241038,Clone Troll Tower ,0,minimal,Maturity: Minimal,search
10765315826,Hug TROLL Tower!,0,minimal,Maturity: Minimal,search
10454932245,[✋] Slapper Troll Tower ,0,minimal,Maturity: Minimal,search
8540379129,Trolls can't break this tower 2,0,minimal,Maturity: Minimal,search
7762712538,Troll is a pinning tower 4,0,minimal,Maturity: Minimal,search
10185443330,Would You Rather: Dress To Impress Tower ,0,minimal,Maturity: Minimal,search
7833193505,Troll Players in a Cart Ride Tower,0,minimal,Maturity: Minimal,search
9896324917,Gear Troll Tower,0,minimal,Maturity: Minimal,search
9940076108,Would You Rather Gear Tower X 💥,0,minimal,Maturity: Minimal,search
7789403886,Slap Tower 4 🖐️,0,mild,Maturity: Mild,search
10103064923,EXTREME Troll Slap Tower 👿,0,mild,Maturity: Mild,search
8689064492,😈 Cheap Admin Troll Tower [8 Robux],0,minimal,Maturity: Minimal,search
10393620082,Build an ASMR Tower,0,minimal,Maturity: Minimal,search
8137661920,Troll is a pinning tower 5,0,minimal,Maturity: Minimal,search
8892539298,Giant Slap Troll Tower 🤚,0,mild,Maturity: Mild,search
10337978079,Slap Crazy Troll Tower ✋,0,mild,Maturity: Mild,search
10737256446,Hug or Pass [TOWER],0,minimal,Maturity: Minimal,search
8514466390,Lucky Block Troll Tower 🍀,0,mild,Maturity: Mild,search
7990186056,[🎢] Build a Tower,0,minimal,Maturity: Minimal,search
9675229740,Not Cute Anymore Troll Tower 💕,0,mild,Maturity: Mild,search
8450472355,Trolls can't break this tower,0,mild,Maturity: Mild,search
8711090384,Invisible Gun Troll Tower,0,mild,Maturity: Mild,search
8601956127,Murder Tower 🗡️,0,mild,Maturity: Mild,search
7475574377,Troll button tower,0,minimal,Maturity: Minimal,search
7708623486,Boys vs Girls Tower,0,minimal,Maturity: Minimal,search
9984633531,[😎] TROLL Hug Tower,0,minimal,Maturity: Minimal,search
9056172581,Jail Troll Tower,0,minimal,Maturity: Minimal,search
7745230935,Troll Tower INFINITY ✋,0,minimal,Maturity: Minimal,search
9262125204,Gravity Tower 2 ✋,0,minimal,Maturity: Minimal,search
9716340958,😭 Cry For Me Troll Tower 🎶,0,minimal,Maturity: Minimal,search
8901928489,Tower For VIP,0,minimal,Maturity: Minimal,search
10012349548,Would You Rather Gear Tower,0,mild,Maturity: Mild,search
8729340647,Wall Hop Troll Tower,0,minimal,Maturity: Minimal,search
7364679402,Mega Troll Tower,0,minimal,Maturity: Minimal,search
7531625487,Troll button tower 2,0,minimal,Maturity: Minimal,search
10332579362,Auto Wallhop Tower But Hard!🔄,0,minimal,Maturity: Minimal,search
7277826081,트롤은 못깨는 타워,0,minimal,Maturity: Minimal,search
9603752202,Knife Troll Tower 🗡️,0,mild,Maturity: Mild,search
4769153665,[New]Only Up,0,minimal,Maturity: Minimal,search
4767935649,ONLY UP! 🚀,0,minimal,Maturity: Minimal,search
10014496141,Only Up Laser Tower,0,minimal,Maturity: Minimal,search
6709042729,Parkour Spiral,0,minimal,Maturity: Minimal,search
8579365077,Only Drive UP ⬆️ ,0,minimal,Maturity: Minimal,search
9633655079,[🏜️] Fly Tower,0,minimal,Maturity: Minimal,search
10537246982,Jump Into Verity,0,minimal,Maturity: Minimal,search
2636039700,⬆️ GET TO THE TOP! ⬆️ [NEW SHOP!],0,minimal,Maturity: Minimal,search
10185760925,"Jump Into 1,000,000 Orbeez",0,minimal,Maturity: Minimal,search
10542466449,A tower where jelly rises up,0,minimal,Maturity: Minimal,search
1512428026,GRAVITY 🔄,0,minimal,Maturity: Minimal,search
9974761923,Ascend: Grapple Challenge,0,minimal,Maturity: Minimal,search
5926583186,NO JUMPING OBBY,0,minimal,Maturity: Minimal,search
10121166874,🦌 99 NIGHTS Tower Go Up 🦌,0,mild,Maturity: Mild,search
4117341804,STEEP STEPS,0,minimal,Maturity: Minimal,search
9856360661,Every Jump...,0,minimal,Maturity: Minimal,search
10078133335,🦔 SONIC THE HEDGEHOG Tower Go Up 🦔,0,mild,Maturity: Mild,search
10200169529,Dress Up! But You’re In a Tower👗✨ (BOY),0,minimal,Maturity: Minimal,search
10603247564,Tower escaping chocolate🍫,0,minimal,Maturity: Minimal,search
10370908262,[🪝] Grapple 100 Stages!,0,minimal,Maturity: Minimal,search
2823072758,Balance🔴,0,minimal,Maturity: Minimal,search
10596742656,Tower where slime rises up,0,minimal,Maturity: Minimal,search
9792187294,Jump Up For Brainrots,0,minimal,Maturity: Minimal,search
10647488333,[🎈] Blow Up a Greedy Balloon,0,minimal,Maturity: Minimal,search
484789923,Growing Up  🎃🧹,0,minimal,Maturity: Minimal,search
10065332075,🚀 Fly Up!,0,minimal,Maturity: Minimal,search
9357218675,🎈 Blow Up and Fall! [🚨UPD],0,minimal,Maturity: Minimal,search
9434930347,🪐Planetary Awakening RP [The Moon Woke Up],0,mild,Maturity: Mild,search
1963768903,gang up on people simulator,0,mild,Maturity: Mild,search
10141832579,Dress up tower👗💄,0,minimal,Maturity: Minimal,search
10589904353,[UPD] Balloon Up🎈(Don't Let It Fall),0,minimal,Maturity: Minimal,search
3753231159,Up 🏠🎈(Story),0,minimal,Maturity: Minimal,search
4413285181,Cut Stuff,0,minimal,Maturity: Minimal,search
6421580830,CAPYBARA'S PRISON RUN! (Obby),0,minimal,Maturity: Minimal,search
7483856345,Killer Stairs,0,mild,Maturity: Mild,search
4483774803,Worlds Craziest Game,0,minimal,Maturity: Minimal,search
9135448153,Safety NOT Required!,0,minimal,Maturity: Minimal,search
10767444290,Get Fat for Animals,0,minimal,Maturity: Minimal,search
10768282081,🔥 HATCHS IT MODDED! ALL PANELS FREE,0,minimal,Maturity: Minimal,search
6352539284,EPIC PRISON BREAKOUT X! [OBBY],0,mild,Maturity: Mild,search
10007524016,⚽️ERLING HAALAND PRISON RUN! (Obby),0,minimal,Maturity: Minimal,search
7698867270,STITCH'S PRISON RUN! (Obby),0,minimal,Maturity: Minimal,search
3718805113,Get away from a nuclear bomb + test,0,mild,Maturity: Mild,search
4552793904,[5820 stage!! ] Effortless Tower,0,minimal,Maturity: Minimal,search
7143545906,Enter Brainrot,0,minimal,Maturity: Minimal,search
10134114180,[Trend Dance] Mount Funkot,0,minimal,Maturity: Minimal,search
6361652767,Grappler Swing,0,minimal,Maturity: Minimal,search
10417247580,Lilypad'S PRISON RUN! (Obby),0,minimal,Maturity: Minimal,search
9741194163,[ERROR] 🌟 EToH Jump: Revamped 🌟,0,minimal,Maturity: Minimal,search
6584824889,SONIC EXE'S PRISON RUN OBBY,0,mild,Maturity: Mild,search
7374063713,Balling | Rope Swinging obby,0,minimal,Maturity: Minimal,search
8828612659,Get Tall and Fall,0,minimal,Maturity: Minimal,search
5364294086,[STEER] Right Off The Hook,0,minimal,Maturity: Minimal,search
9796426805,⚙️PROTOTYPE PRISON RUN! (Obby),0,minimal,Maturity: Minimal,search
7333445438,"Cross the Bridge, Get Rich!",0,mild,Maturity: Mild,search
10768531905,Push Rock For Eggs!,0,minimal,Maturity: Minimal,search
3627370751,you don't wanna see me infuriated,0,minimal,Maturity: Minimal,search
9363006994,you dont want a pickle,0,minimal,Maturity: Minimal,search
10696100174,watch your feet,0,minimal,Maturity: Minimal,search
10456881513,Think Twice,0,minimal,Maturity: Minimal,search
5999200155,RAGE QUIT OBBY 2,0,minimal,Maturity: Minimal,search
7711210183,ULTRA HARD OBBY 😈,0,minimal,Maturity: Minimal,search
2510996427,The Ultimate Rage Obby,0,minimal,Maturity: Minimal,search
10130408161,🐧GUGUGAGA PRISON RUN! (Obby),0,minimal,Maturity: Minimal,search
7241284066,THE RAGE OBBY,0,minimal,Maturity: Minimal,search
7031584403,CRASHOUT OBBY,0,minimal,Maturity: Minimal,search
4769379956,A Stereotypical Obby,0,moderate,Maturity: Moderate,search
10030266497,Would You Rather: Emote Testing Tower 💃,0,mild,Maturity: Mild,search
10612030669,UGC Girl Items Obby 🎁,0,minimal,Maturity: Minimal,search
7672753673,Skill Test Tower,0,minimal,Maturity: Minimal,search
1162648755,Blush Canyon [GEAR SHOP],0,minimal,Maturity: Minimal,search
10154405611,Escape Kitty‘s House! (OBBY),0,minimal,Maturity: Minimal,search
8799094487,Subway Surfing,0,minimal,Maturity: Minimal,search
3635696036,Subway Surfers,0,minimal,Maturity: Minimal,search
9758554002,subway surfers,0,minimal,Maturity: Minimal,search
7506362957,Subway Runners,0,mild,Maturity: Mild,search
6755009408,Subway Surfers,0,minimal,Maturity: Minimal,search
9811252347,Subway Surf for Brainrots🚇,0,minimal,Maturity: Minimal,search
8745888040,[NEW!🔥] Ro-Surfers,0,minimal,Maturity: Minimal,search
9053444901,Survive the Inspector!,0,mild,Maturity: Mild,search
4044579438,[🚂] Cart Ride,0,minimal,Maturity: Minimal,search
8653337656,Highway Surfers,0,minimal,Maturity: Minimal,search
10757343257,ESCAPE SUBWAY OBBY!,0,minimal,Maturity: Minimal,search
10134725383,Jump Into GUGUGAGA Penguin,0,minimal,Maturity: Minimal,search
10068777425,Subway Mayhem MODDED,0,mild,Maturity: Mild,search
10124908464,Surf and Plunge,0,minimal,Maturity: Minimal,search
7405208851,🌊Surf Racing,0,minimal,Maturity: Minimal,search
4788214432,NYC Subway: Automated,0,minimal,Maturity: Minimal,search
10605188715,🌴[SURF DASH REVAMP] +1 Speed Surfing Escape!🏄,0,mild,Maturity: Mild,search
5479285260,🕸️🕷️Survive Spiderman The Killer!,0,mild,Maturity: Mild,search
10766732276,+1 Surf Escape 🌊,0,minimal,Maturity: Minimal,search
10704239235,Subway Mayhem🚆[NEW]!,0,mild,Maturity: Mild,search
9219507354,Surf and Slide,0,minimal,Maturity: Minimal,search
8836568224,[SEASON 3] Kayak and Surf  🌊,0,minimal,Maturity: Minimal,search
8585667092,[🔥UPD 3] A Monorail Ride,0,minimal,Maturity: Minimal,search
5738778237,Logo Block Race,0,minimal,Maturity: Minimal,search
10765545709,+1 Speed Subway Rush,0,minimal,Maturity: Minimal,search
4054642235, Realistic NYC Subway Train Simulator,0,minimal,Maturity: Minimal,search
1719804879,🚆 London Train Sim 🚇,0,minimal,Maturity: Minimal,search
445448798,Train RNG,0,minimal,Maturity: Minimal,search
2420017148,Bridge Race!,0,minimal,Maturity: Minimal,search
8064733308,🚅 Etamina City Railway,0,minimal,Maturity: Minimal,search
10087244210,🎃 [SPOOKY] Subway Hell ,0,minimal,Maturity: Minimal,search
9307266585,Urbanmove Eastern trains (WIP),0,minimal,Maturity: Minimal,search
7526012265,[UPD] Surf Obby ,0,minimal,Maturity: Minimal,search
9333258111,Pencil Line Challenge ✏️,0,minimal,Maturity: Minimal,search
1003076866,Basic Train Crossings,0,minimal,Maturity: Minimal,search
1257331106,Automatic Subway - Line 1 and EST 1,0,minimal,Maturity: Minimal,search
6535370051,Domino Engine,0,minimal,Maturity: Minimal,search
2765805386,Rock Dove City Automated Transit,0,minimal,Maturity: Minimal,search
5270259419,Poly Dash (Geometry Dash),0,minimal,Maturity: Minimal,search
1467889957,Automatic Subway - Line 2,0,minimal,Maturity: Minimal,search
5143402774,Easy Pole Obby,0,minimal,Maturity: Minimal,search
9374468262,Surf Tower 🌊 ,0,minimal,Maturity: Minimal,search
10765491538,Surf for Animals!,0,minimal,Maturity: Minimal,search
2703818775,PTA Subway: Fifth Avenue,0,minimal,Maturity: Minimal,search
2279647257,PTA Subway: Kennedy Classic,0,minimal,Maturity: Minimal,search
5082768929,TashTram - Трамвай Ташкента,0,minimal,Maturity: Minimal,search
10012581678,[🎃] Musical Tiles '26 🎶,0,minimal,Maturity: Minimal,search
6453200442,"SLIDE 999,999 MILES IN A BOX OBBY!",0,minimal,Maturity: Minimal,search
1206797598,[Trams] Rails of Ostrava,0,minimal,Maturity: Minimal,search
9460502048,Pointless Cart Ride [🎃👻] ,0,mild,Maturity: Mild,search
3864279452,cart ride around nothing,0,mild,Maturity: Mild,search
7282173284,Endless Escape ,0,minimal,Maturity: Minimal,search
3749444437,Cart Ride Fun,0,minimal,Maturity: Minimal,search
4495375909,🎪 Escape Digital Circus Cart Ride🎪,0,minimal,Maturity: Minimal,search
4360326848,Cart Ride Extreme,0,minimal,Maturity: Minimal,search
5732015615,💪MUSCLE PRISON RUN! (OBBY)🔥,0,minimal,Maturity: Minimal,search
2268197116,Speed Run 100,0,minimal,Maturity: Minimal,search
3060525991,Impossible Cart Ride Of Doom 💀,0,mild,Maturity: Mild,search
4178681916,Cart Ride Simulator,0,minimal,Maturity: Minimal,search
9957338123,[PRO] Kart Of Hell,0,minimal,Maturity: Minimal,search
7930756945,[🚂] RNG Cart Ride Adventure,0,minimal,Maturity: Minimal,search
8745918922,Enter Shrek Cart Ride,0,minimal,Maturity: Minimal,search
4072288216,[FREE MAP] Cart Ride Delivery Service,0,minimal,Maturity: Minimal,search
6996099240,Nightmare Run,0,mild,Maturity: Mild,search
3151538894,Cart Ride Around a Chair,0,minimal,Maturity: Minimal,search
4153755477,[🎃] Create a Cart Ride!,0,minimal,Maturity: Minimal,search
10014208224,[NEW] Cart Ride Adventure,0,minimal,Maturity: Minimal,search
1987040202,Crazy Carts,0,minimal,Maturity: Minimal,search
10730818741,💀 Run Or Die!,0,mild,Maturity: Mild,search
2406494408,⚡ Speed Runner!,0,minimal,Maturity: Minimal,search
2274830359,Escape Running Head,0,mild,Maturity: Mild,search
7089293135,Cart Ride Down A Mountain,0,minimal,Maturity: Minimal,search
6329723248,EMOTIONS POLICE FAMILY PRISON RUN ESCAPE! (Obby),0,minimal,Maturity: Minimal,search
8914680488,Run or Die,0,minimal,Maturity: Minimal,search
5200032028,cart ride mania,0,minimal,Maturity: Minimal,search
6540390962,🎢 Extreme Cart Line,0,minimal,Maturity: Minimal,search
6582255884,🏆Cart Ride into Spiderman,0,minimal,Maturity: Minimal,search
9733949770,GOO GOO GAGA PRISON RUN!,0,minimal,Maturity: Minimal,search
5298072802,[🎄] Sleigh Cart Ride ,0,minimal,Maturity: Minimal,search
10005405131,ICE SLIDE POLICE PRISON RUN! (Obby),0,minimal,Maturity: Minimal,search
6677577248,GOKU'S PRISON RUN OBBY,0,mild,Maturity: Mild,search
7794171863,Run,0,minimal,Maturity: Minimal,search
1681168130,Cart Ride Into Rdite!,0,minimal,Maturity: Minimal,search
9796733959,🦌99 NIGHTS IN FOREST DEER PRISON RUN! (Obby),0,minimal,Maturity: Minimal,search
10765261252,Highway Traffic Runner,0,minimal,Maturity: Minimal,search
2203488982,Rage Runner😡[240],0,minimal,Maturity: Minimal,search
94054816,Deathrun 🏃‍♂️💨,0,minimal,Maturity: Minimal,search
8944606473,[🐶] PIBBLE PRISON RUN!,0,mild,Maturity: Mild,search
8683029594,Slapper Vs Runners 🖐️,0,mild,Maturity: Mild,search
10382944388,Cart Ride Escalation!,0,minimal,Maturity: Minimal,search
10020507968,POLICE VENOM FAMILY PRISON RUN! (Obby),0,mild,Maturity: Mild,search
9564490170,Roll in a Cart,0,mild,Maturity: Mild,search
9421006324,ALIEN PRISON RUN! (Obby),0,mild,Maturity: Mild,search
99402433,Speed Run 12,0,minimal,Maturity: Minimal,search
6541749038,Speed Run 4 NIGHTMARE Mode,0,mild,Maturity: Mild,search
6670858403,[Jump Pads] Speed Pads,0,minimal,Maturity: Minimal,search
7835627498,🌈 RAINBOW FRIENDS PRISON RUN! (Obby),0,minimal,Maturity: Minimal,search
7360521446,100 Player Cart Ride [HARD ☠️],0,minimal,Maturity: Minimal,search
9934705354,💜RUMI & JINU PRISON RUN! (Obby),0,minimal,Maturity: Minimal,search
10022554328,+1 Prison Runners⚡,0,mild,Maturity: Mild,search
8170455688,🎤 RUMI'S PRISON RUN! (Obby),0,minimal,Maturity: Minimal,search
9635489967,JJ VS MIKEY PRISON RUN! (Obby),0,minimal,Maturity: Minimal,search
8284003604,[🔥RECODE] Build A Cart,0,minimal,Maturity: Minimal,search
4400858093,[⏰] Time Runners,0,minimal,Maturity: Minimal,search
10742198859,⚽️NEYMAR PRISON RUN!,0,minimal,Maturity: Minimal,search
3057295800,[🎃] The Tunnel 2,0,mild,Maturity: Mild,search
10495483334,💀 Run or Dead!,0,mild,Maturity: Mild,search
7011800606,BEAST'S PRISON RUN! (Obby),0,mild,Maturity: Mild,search
10183890496,FREDDY'S PIZZERIA RUN! (Obby),0,minimal,Maturity: Minimal,search
4429851038,Color Block Run,0,minimal,Maturity: Minimal,search
6586362957,😱BARRY EXE PRISON RUN!,0,minimal,Maturity: Minimal,search
9413533556,GHOSTFACE PRISON RUN! (OBBY),0,minimal,Maturity: Minimal,search
9935075620,⚽️NEYMAR PRISON RUN! (Obby),0,minimal,Maturity: Minimal,search
10089342539,💜KPOP JUNGKOOK PRISON RUN! (Obby),0,minimal,Maturity: Minimal,search
2870932670,Speed Rush,0,minimal,Maturity: Minimal,search
5830262966,Impossible Squid Game Glass Bridge 2,0,minimal,Maturity: Minimal,search
10010700340,🐸LILYPAD PRISON RUN! (Obby),0,minimal,Maturity: Minimal,search
4361156212, POLICE GIRL PRISON RUN! (Obby),0,minimal,Maturity: Minimal,search
9654831041,🎤KPOP DEMON HUNTERS PRISON RUN! (Obby),0,minimal,Maturity: Minimal,search
2587270618,Parkour Run!,0,minimal,Maturity: Minimal,search
8135438361,EVIL GRANDMA'S PRISON RUN! (Obby),0,minimal,Maturity: Minimal,search
5825207106,SUPER SPEED RUN! (OBBY),0,minimal,Maturity: Minimal,search
6876645021,🌸 PINK SPLANKI'S PRISON RUN! (Obby),0,minimal,Maturity: Minimal,search
7478904004,ELSA'S PRISON RUN OBBY,0,mild,Maturity: Mild,search
9678181673,🍼BABY KPOP DEMON HUNTERS PRISON RUN!,0,minimal,Maturity: Minimal,search
10395004419,YOUTUBE POLICE PRISON RUN! (Obby),0,mild,Maturity: Mild,search
7457128710,STITCH FAMILY'S PRISON RUN! (Obby),0,minimal,Maturity: Minimal,search
9764210899,💜LILY LOVEBRAIDS PRISON RUN! (Obby),0,minimal,Maturity: Minimal,search
9503933581,JAKE'S PRISON RUN! (Obby),0,minimal,Maturity: Minimal,search
10171730665,Survive The Slope!,0,minimal,Maturity: Minimal,search
4748981356,Slide Down A Hill,0,minimal,Maturity: Minimal,search
6903917279,100 Player Sledding [HARD ☠️],0,minimal,Maturity: Minimal,search
2068230285,Alpine Slide to Telamon!,0,minimal,Maturity: Minimal,search
6440011936,Sled Down The Highest Mountain,0,minimal,Maturity: Minimal,search
7821092291,Sloping Troll Tower,0,minimal,Maturity: Minimal,search
9966428542,Slide From Top,0,minimal,Maturity: Minimal,search
9191408417,Sledding Game❄️,0,minimal,Maturity: Minimal,search
10386717857,Fall 2: Deadpoint,0,minimal,Maturity: Minimal,search
10768186493,SELL SLOP BOWLS AND PROVE MOM WRONG,0,minimal,Maturity: Minimal,search
9287327719,+1 Height Slide (BUILD A SLIDE),0,minimal,Maturity: Minimal,search
9815834699,[HALLOWEEN] MorphUp!,0,mild,Maturity: Mild,search
3227010445,Slide House Tumble ,0,minimal,Maturity: Minimal,search
9011053444,Fall Down Stairs,0,minimal,Maturity: Minimal,search
10767853702,Steal A Slop!,0,mild,Maturity: Mild,search
9538798069,Epic Huge Slide,0,minimal,Maturity: Minimal,search
8283966968,Build a Sled,0,minimal,Maturity: Minimal,search
9150975254,[NEW PARTS!] Build a Marble Slide!,0,minimal,Maturity: Minimal,search
5245005830,Slide Down The Longest Hole In Roblox (or drive),0,minimal,Maturity: Minimal,search
10030829154,Climb Waterslide and Slide,0,minimal,Maturity: Minimal,search
7652753094,[🏅MEDALS🏅] Climbing Game,0,minimal,Maturity: Minimal,search
10766445851,Slop Survivors: Verity's Lament [NEW RARITIES],0,minimal,Maturity: Minimal,search
10428760430,Fall 2: Deadpoint [OFFICIAL],0,mild,Maturity: Mild,search
9813946433,Draw & Slide,0,minimal,Maturity: Minimal,search
9830723244,+1 Speed Snowmobile Tsunami Escape,0,minimal,Maturity: Minimal,search
4144991005,Snow Plow Simulator,0,minimal,Maturity: Minimal,search
10247797619,Survive 7 Days In Arctic [Alpha],0,minimal,Maturity: Minimal,search
7448595637,Quicksand,0,minimal,Maturity: Minimal,search
9480784988, Clarity( Fall Off A Building) [400K],0,minimal,Maturity: Minimal,search
6445172998,100 Players Hole Survive,0,minimal,Maturity: Minimal,search
9490116046,Build with Voxels 🔨,0,minimal,Maturity: Minimal,search
5900199679,Cave Diving Experience,0,minimal,Maturity: Minimal,search
9742252813,Surf : Source Engine,0,minimal,Maturity: Minimal,search
4741739967,Trapdoor Slide Testing [🦈Megalodons Plunge🦈],0,minimal,Maturity: Minimal,search
7741686902,[UPDATE!]Storm▼ Inc.,0,minimal,Maturity: Minimal,search
9994252977,Parkour Pandemic [UPDATE 2!],0,minimal,Maturity: Minimal,search
9822400644,Survive Falling for Brainrots!,0,minimal,Maturity: Minimal,search
9274330048,[🔧]Sled Racing ❄️,0,minimal,Maturity: Minimal,search
10768867769,(Kukirin) E-Ride Empire 🛴,0,minimal,Maturity: Minimal,search
8297396368,⛷️Ski Racing [UPD✨],0,minimal,Maturity: Minimal,search
10764888893,Make A Sleigh & Slide Downhill,0,minimal,Maturity: Minimal,search
333156820,[UPDATE!] ❄️ Simple Resort,0,minimal,Maturity: Minimal,search
5283594082,Sleigh Ride to the North Pole!,0,mild,Maturity: Mild,search
4158183132,Backcountry Snowmobiling (HUGE UPDATE),0,minimal,Maturity: Minimal,search
3141003886,❄️ [SKIS] SHRED 2 🏂 BETA,0,minimal,Maturity: Minimal,search
10765927321,+1 Snow Speed Rush ❄️ ,0,minimal,Maturity: Minimal,search
10767885394,Clear the Snow,0,minimal,Maturity: Minimal,search
454194438,Snow Resort ❄️,0,minimal,Maturity: Minimal,search
5243706311,Ski Race Simulator,0,minimal,Maturity: Minimal,search
10273273831,Ski and Plunge,0,minimal,Maturity: Minimal,search
9153709719,Skiing And Slide,0,minimal,Maturity: Minimal,search
10766877156,Melt all the Snow!,0,minimal,Maturity: Minimal,search
5253648332,Sled Obby [QOL],0,minimal,Maturity: Minimal,search
3676833926,Polaris Peak Ski Resort,0,minimal,Maturity: Minimal,search
9189574111,Build to Ski! ⛷️,0,minimal,Maturity: Minimal,search
1719305066,ROBLOX Rally Racing,0,minimal,Maturity: Minimal,search
4291469871,❄️Snow Truck Plowing,0,minimal,Maturity: Minimal,search
10764633737,[NEW] Plow Snow!,0,minimal,Maturity: Minimal,search
10766486768,[🛴] Scooter Riders [UPDATE],0,minimal,Maturity: Minimal,search
6766165019,My Ski Resort Tycoon,0,minimal,Maturity: Minimal,search
10751572992,❄️ Clean all the Snow!,0,minimal,Maturity: Minimal,search
10307397475,+1 Speed Skiing Escape ⛷️,0,minimal,Maturity: Minimal,search
9961652367,Ski for Brainrots,0,minimal,Maturity: Minimal,search
6690328792,Black Mountain Ski Resort,0,minimal,Maturity: Minimal,search
9236857279,Ice Skate Tower ❄️,0,minimal,Maturity: Minimal,search
8798920438,Build A Snowplow,0,minimal,Maturity: Minimal,search
9298391928,Build a Snow Slide!❄️🛝,0,minimal,Maturity: Minimal,search
10767768303,❄️ Snowed In! [HARD MODE + COMP],0,minimal,Maturity: Minimal,search
9593117969,+1 Speed Skiing  Escape ❄,0,minimal,Maturity: Minimal,search
6764232990,Snow Gathering Simulator! ❄️,0,minimal,Maturity: Minimal,search
7241724194,Snowboard Simulator,0,minimal,Maturity: Minimal,search
10765007867,[UPD] Clear the Snow,0,minimal,Maturity: Minimal,search
10054572503,+1 Speed Ice Skate Escape ⛸️,0,minimal,Maturity: Minimal,search
8823144424,Raceorpush[SUPPORTMOBILE],0,minimal,Maturity: Minimal,search
10474094460,Melt The Snow,0,minimal,Maturity: Minimal,search
1648565735,Skate Park 🛹 ,0,minimal,Maturity: Minimal,search
10766735253,+1 Snow Shoveling Adventure,0,minimal,Maturity: Minimal,search
5323334529,ICE SKATING WORLD TOUR⛸️,0,minimal,Maturity: Minimal,search
6737346214,Snow Sandbox,0,minimal,Maturity: Minimal,search
10047301799,Snowboard for Brainrots,0,minimal,Maturity: Minimal,search
2349220714,[HUGE UPDATE] Nouveau Ice Figure Skating V10.1,0,minimal,Maturity: Minimal,search
10254300718,Shovel The Snow ❄️ ,0,minimal,Maturity: Minimal,search
10767362133,Shovel Snow ❄️,0,minimal,Maturity: Minimal,search
508458950,Snow Shoveling Simulator,0,minimal,Maturity: Minimal,search
2153167977,Formula Apex Racing,0,minimal,Maturity: Minimal,search
9639553972,[✨TRAITS] Survive the Cold,0,minimal,Maturity: Minimal,search
10619000823,[NEW] Snow Cleaner Evolution,0,minimal,Maturity: Minimal,search
9057981803,Ride A Boat Down A Waterslide [NEW!],0,minimal,Maturity: Minimal,search
10764601720,❄️+1 Clear Snow Evolution,0,minimal,Maturity: Minimal,search
10682099418,[X10]❄️ +1 Speed Snow Keyboard Escape,0,minimal,Maturity: Minimal,search
10198989428,🔥+1 Snow Melter,0,minimal,Maturity: Minimal,search
9188148461,Mount Ice World Anastaria,0,minimal,Maturity: Minimal,search
931159924,🎃 sno day🎃,0,mild,Maturity: Mild,search
10151724555,[🏇] Horse Racing Legends,0,minimal,Maturity: Minimal,search
10765864861,[📚INDEX] Clean The Snow,0,minimal,Maturity: Minimal,search
10425493951,Clear the Snow!,0,minimal,Maturity: Minimal,search
3534607424,Tower of Ball,0,minimal,Maturity: Minimal,search
18670860,Mega Marble Run Pit [Read Desc],0,minimal,Maturity: Minimal,search
3510013409,Marble Run Machine,0,minimal,Maturity: Minimal,search
4506887869,⚪ Marble Rail,0,minimal,Maturity: Minimal,search
2756320598,Stack Ball,0,minimal,Maturity: Minimal,search
2066319333,Marble Chaos!,0,minimal,Maturity: Minimal,search
7237520258,Marble Rush Mania 🔮,0,minimal,Maturity: Minimal,search
2455219381,Music Ball,0,minimal,Maturity: Minimal,search
4634851011,Marble Run Simulator,0,minimal,Maturity: Minimal,search
4269605219,Marble Run Pit [Beta],0,minimal,Maturity: Minimal,search
1699709637,🔮 Marble Mania,0,minimal,Maturity: Minimal,search
5495660002,Marble Run Tycoon 2,0,minimal,Maturity: Minimal,search
10757141886,+1 Squishy Ball Escape,0,minimal,Maturity: Minimal,search
9673019462,Marble Race Creator,0,minimal,Maturity: Minimal,search
3600796734,Marble Racing With 100 Marbles!,0,minimal,Maturity: Minimal,search
7191812386,Baller Obby,0,minimal,Maturity: Minimal,search
10664018578,+1 Spike Ball Escape,0,minimal,Maturity: Minimal,search
3787597254,Marble Tycoon [BETA],0,minimal,Maturity: Minimal,search
509179989,lolwut,0,minimal,Maturity: Minimal,search
77610935,Super Blocky Ball,0,minimal,Maturity: Minimal,search
3966818217,Goofy Spheres,0,minimal,Maturity: Minimal,search
10762297162,[NEW] ⚽ Kick Ball to Infinity!,0,minimal,Maturity: Minimal,search
5120885191,Anime Ball,0,mild,Maturity: Mild,search
8336933340,Ball Troll Tower,0,minimal,Maturity: Minimal,search
10439925935,Idle Balls 🔴,0,minimal,Maturity: Minimal,search
10194823571,Countryballs Land,0,minimal,Maturity: Minimal,search
3154249676,Experimental Planetballs,0,minimal,Maturity: Minimal,search
4175482768,Marble Merge Tycoon,0,minimal,Maturity: Minimal,search
10505363441,[2X🔴] Ball Drop Game! (RNG),0,minimal,Maturity: Minimal,search
5474140629,Planetball World 🪐,0,minimal,Maturity: Minimal,search
9207695376, The Tunnel He's Coming [SOON...],0,minimal,Maturity: Minimal,search
10021929433,Delivery Rush,0,minimal,Maturity: Minimal,search
2739813217,The Tunnel 1,0,mild,Maturity: Mild,search
9544512586,[🚀] +1 Rocket Speed Escape,0,minimal,Maturity: Minimal,search
10090178292,Rocket For Lucky Blocks  [2X ANOMALY WEEKEND],0,mild,Maturity: Mild,search
10005516356,[MARKETPLACE🚦] Turbo Grid,0,minimal,Maturity: Minimal,search
1524368576,TUNNELER,0,moderate,Maturity: Moderate,search
4731702835,+1 Fart Jump Every Second 💨,0,mild,Maturity: Mild,search
10559678584,Parcel Rush ,0,minimal,Maturity: Minimal,search
3847323065,The Train Tunnels 🚂,0,mild,Maturity: Mild,search
10768583027,Dig a Tunnel 🪏,0,minimal,Maturity: Minimal,search
7166097502,[UPD] Parkour Rush,0,minimal,Maturity: Minimal,search
5805053299,Web Rush,0,mild,Maturity: Mild,search
9895705027,[☢️] Bunker Rush,0,mild,Maturity: Mild,search
10506110697,Rail Rush,0,minimal,Maturity: Minimal,search
10735552308,Building Blast Escape!,0,mild,Maturity: Mild,search
4332167649,[UPDATE] Highway Rush,0,minimal,Maturity: Minimal,search
8632836843,Potty Rockets ,0,mild,Maturity: Mild,search
10767899082,Army Rush [Brainrots],0,mild,Maturity: Mild,search
10226130912,Monkey Bridge Rush,0,mild,Maturity: Mild,search
9694335093,BlackHole Rush! [👼&😈 UPD],0,mild,Maturity: Mild,search
5604491213,🚀 Rockets vs Vehicles 🚗 ,0,mild,Maturity: Mild,search
8467729514,⚡ Meme Egor Rush,0,minimal,Maturity: Minimal,search
6872996240,Turbo Doomspire No Cooldown,0,mild,Maturity: Mild,search
10725055601,🚀 Create A Rocket,0,minimal,Maturity: Minimal,search
10485058987,Fuel Rush [UPD],0,minimal,Maturity: Minimal,search
9008637050,[NEW] Miraculous™ Tower Rush,0,minimal,Maturity: Minimal,search
9468928549,[UPD] Launch Your Rocket!,0,minimal,Maturity: Minimal,search
9903685259,Rocket Spleef 💥,0,mild,Maturity: Mild,search
3569876424,Runaway Train,0,minimal,Maturity: Minimal,search
3867122761,Project: Swerve,0,minimal,Maturity: Minimal,search
7731157428,Sprunki Rush,0,mild,Maturity: Mild,search
6197726342,[NEW UPDATE] 🌴 Highway Showdown,0,minimal,Maturity: Minimal,search
9971718959,[NEW☄️]Speed Ball Rush,0,minimal,Maturity: Minimal,search
8836631593,No Cooldown Doomspire Brickbattle,0,mild,Maturity: Mild,search
10768419433,STOP! Letter Rush ⚡,0,minimal,Maturity: Minimal,search
1840897362,3-2-1 Blast Off Simulator,0,minimal,Maturity: Minimal,search
8293204333,Rocket To Space,0,mild,Maturity: Mild,search
9562664917,+1 Speed Keyboard Hoverboard Rush,0,minimal,Maturity: Minimal,search
6953665982,Destroy cars with trains and rockets 💥,0,minimal,Maturity: Minimal,search
10063302193,Grill Rush [BETA] ,0,minimal,Maturity: Minimal,search
3417194043,[NEW SONGS!] Piano Tiles Rush,0,minimal,Maturity: Minimal,search
2112807449,The Fastest!  [PLANETS],0,minimal,Maturity: Minimal,search
10036596971,+1 Speed Rocket Glider Escape,0,minimal,Maturity: Minimal,search
9925257612,Escape Lasers,0,minimal,Maturity: Minimal,search
3512348017,[🎉UPD] American Mud Rush!,0,minimal,Maturity: Minimal,search
3525221292,Real Rockets 🚀 [New Update],0,minimal,Maturity: Minimal,search
4447252800,Highway Hooligans,0,minimal,Maturity: Minimal,search
10730500217,[NEW!] Horde Rush,0,mild,Maturity: Mild,search
10186918966,[EVENT] Heist Rush,0,minimal,Maturity: Minimal,search
10353916913,RC WORLD,0,minimal,Maturity: Minimal,search
2515112649,$10000 Climb The Tower Parkour Reached,0,minimal,Maturity: Minimal,search
10767572728,Fun Obby Parkour,0,minimal,Maturity: Minimal,search
6147736004,Would You Rather: Zepeto Outfit Tower!,0,minimal,Maturity: Minimal,search
123765998,[PARKOUR],0,minimal,Maturity: Minimal,search
5264767796,Escape Parkour Obby,0,minimal,Maturity: Minimal,search
6103280407,Easy Obby Parkour,0,minimal,Maturity: Minimal,search
6030909708,🍫Tower Of Candy - Tower Of Hell,0,minimal,Maturity: Minimal,search
3097803944,Easy Glass Bridge (Possible Squid Game),0,minimal,Maturity: Minimal,search
9106796850,Parkour Spiral 2,0,minimal,Maturity: Minimal,search
8241011404,🍟Escape McDonalds Obby Parkour!,0,minimal,Maturity: Minimal,search
5890009991,Escape Baldi's Parkour Obby,0,minimal,Maturity: Minimal,search
7408059627,Escape Jenna Parkour Obby,0,minimal,Maturity: Minimal,search
1543468866,🌈Rainbow Slide Parkour Obby Oby Obey,0,mild,Maturity: Mild,search
6339550885,Narutomaki Tower,0,minimal,Maturity: Minimal,search
10195746523,Parkour to Find the Slimes [168]🔍,0,minimal,Maturity: Minimal,search
10307582366,+1 Speed Parkour Obby Escape,0,minimal,Maturity: Minimal,search
10076077681,[RACE🏁 + W3] Parkour Tower,0,minimal,Maturity: Minimal,search
7481041042,Mega Tower Obby,0,minimal,Maturity: Minimal,search
7096490731,🌈 Fun Obby Parkour 🌟 525 Stages!,0,minimal,Maturity: Minimal,search
3413732872,"$10,0000 Parkour Glass Obbies Reach ",0,minimal,Maturity: Minimal,search
5233825706,Ninja Parkour [NEW],0,mild,Maturity: Mild,search
2805713501,Tower of Jump [FREE HALOS😇],0,minimal,Maturity: Minimal,search
2853566382,Hard obby parkour 🌈,0,minimal,Maturity: Minimal,search
10765947729,Fun Easy Bounce House Parkour Obby,0,minimal,Maturity: Minimal,search
10703111558,(⌛) +1 Speed Slime ASMR Keyboard escape,0,minimal,Maturity: Minimal,search
1119466531,Legends Of Speed ⚡,0,minimal,Maturity: Minimal,search
10765658953,+9999 Speed Fast Game!,0,minimal,Maturity: Minimal,search
10196660716,[W2] +1 Speed Super Hero Escape,0,minimal,Maturity: Minimal,search
7005891584,Speed Clicker ⚡,0,minimal,Maturity: Minimal,search
1456962444,Speed Run,0,minimal,Maturity: Minimal,search
10623925983,+1 Speed Anime Evolve,0,minimal,Maturity: Minimal,search
10545202380,+1 Speed Squish keyboard Escape!,0,minimal,Maturity: Minimal,search
1952819680,Cocos Time Trial 2 ⏰,0,minimal,Maturity: Minimal,search
5975322768,Speed Run 8,0,minimal,Maturity: Minimal,search
10622804393,[⚡] +1 Speed Meme Soundboard Escape | Backrooms,0,mild,Maturity: Mild,search
9734147105,Speedsters Infinite ⚡,0,minimal,Maturity: Minimal,search
10760241849,+1 Speed Grapple Escape,0,minimal,Maturity: Minimal,search
9668574764,+1 Speed Escape in a Go Kart,0,minimal,Maturity: Minimal,search
10536000210,+1 Speed Verity Backroom Escape,0,mild,Maturity: Mild,search
107324231,Speed Run 4 Classic,0,minimal,Maturity: Minimal,search
10637513477,[NEW] 🐿+1 Speed Squirrel Escape,0,minimal,Maturity: Minimal,search
9175015027,+1 Speed Hug Keyboard Escape,0,minimal,Maturity: Minimal,search
7198878133,Electric Dash,0,minimal,Maturity: Minimal,search
6903749691,+1 Speed Escape,0,mild,Maturity: Mild,search
8733320317,*W SPEED* OBBY ❤️‍🩹,0,minimal,Maturity: Minimal,search
9359029016,Speedrun Obby [UPD2],0,minimal,Maturity: Minimal,search
7698330574,🏃‍♂️Speed Run to VIP Obby!!🏃‍♂️,0,minimal,Maturity: Minimal,search
9723617424,+1 Speed Dragon Escape [UPDATE],0,minimal,Maturity: Minimal,search
10351850295,[🏆X3👟X111] 🥷 +1 Speed Ninja Keyboard Escape,0,minimal,Maturity: Minimal,search
4500660576,Speed Run 64,0,minimal,Maturity: Minimal,search
9800909176,+1 Speed Run for Brainrots!,0,minimal,Maturity: Minimal,search
1727457149,Speed Run Adventure 2,0,minimal,Maturity: Minimal,search
4122875270,[30M VISITS] Gobdev’s Time Records!,0,minimal,Maturity: Minimal,search
6519682723,Speed Run World Tour,0,minimal,Maturity: Minimal,search
10210407309,[W4] +1 Speed Moonwalk Escape🌙,0,minimal,Maturity: Minimal,search
9854403321,Speedrun Tower,0,minimal,Maturity: Minimal,search
10365156491,[🐝🍯UPDATE] ASMR Speed Escape,0,minimal,Maturity: Minimal,search
84989178,Speed Run 4 MIRROR MODE,0,minimal,Maturity: Minimal,search
10374499973,+1 Double Jump Keyboard Escape,0,minimal,Maturity: Minimal,search
9661317127,Become Fast,0,minimal,Maturity: Minimal,search
10052749271,Speed Run Tower 2,0,minimal,Maturity: Minimal,search
9339430298,[Old Map] Egor Speed,0,minimal,Maturity: Minimal,search
10544339689,[👟X5] +1 Speed Hospital Escape,0,minimal,Maturity: Minimal,search
7152338202,[V17] +1 Speed Maze,0,mild,Maturity: Mild,search
8504076833,Brainrot Speed Run 4 [35],0,minimal,Maturity: Minimal,search
10387475768,+1 Speed Honey Keyboard Escape,0,minimal,Maturity: Minimal,search
10056976637,NUMBERBLOCKS MEGA OBBY SPEED RUN 1-15[UPDATE],0,minimal,Maturity: Minimal,search
10672864747,+1 Speed Ride Escape,0,minimal,Maturity: Minimal,search
9708357981,【UPD】+1 Speed Skibidi Escape,0,minimal,Maturity: Minimal,search
10762763271,💚 DREAM SPEED PRISON RUN! (Obby),0,minimal,Maturity: Minimal,search
10524089399,+1 Speed Aqua Keyboard Escape,0,minimal,Maturity: Minimal,search
9085382417,[🏃] +1 Speed Per Step Tower,0,mild,Maturity: Mild,search
9512216044,[🔄UPD] +1 Aura Speed Escape,0,minimal,Maturity: Minimal,search
9399668721,[W2!] +1 Speed ASMR Keyboard Escape,0,mild,Maturity: Mild,search
6844194937,(MINES) Seek Run Chase Extended Custom,0,moderate,Maturity: Moderate,search
8225433452,ESCAPE SPONGY BOYS AND KRISPY CRABBY OBBY!🍔 NEW! ,0,minimal,Maturity: Minimal,search
8815430196,67'S PRISON RUN! (Obby),0,minimal,Maturity: Minimal,search
9058303084,Run From 67 Obby 🏃,0,mild,Maturity: Mild,search
9232634201,Run from Fast Fredbear,0,mild,Maturity: Mild,search
5661134200,[🎽 TEAMS REVAMP 🎽] Track & Field: Infinite,0,minimal,Maturity: Minimal,search
4931991343,Escape Running Felipe Head 2🏃‍♂️,0,mild,Maturity: Mild,search
8587015148,🎤RUMI PRISON RUN!,0,minimal,Maturity: Minimal,search
8216808220,Escape Running Felipe Head 3,0,mild,Maturity: Mild,search
10163890963,Hello Kitty'S PRISON RUN! (Obby),0,mild,Maturity: Mild,search
9671940985,Run For Brainrots!,0,minimal,Maturity: Minimal,search
10764268697,💗 MELODY'S PRISON RUN! (Obby),0,mild,Maturity: Mild,search
10144029641,Vex's Obby World,0,minimal,Maturity: Minimal,search
7426755898,[🛠️] Obby Race 2,0,minimal,Maturity: Minimal,search
9043886256,🍫 VLADUS AND LENYA OBBY,0,minimal,Maturity: Minimal,search
9114593590,[👵🏃‍♀️] Obby But You're Enchanted,0,minimal,Maturity: Minimal,search
2409748538,Pink Obby!,0,minimal,Maturity: Minimal,search
10139325104,Wall Hop Slap Meter ,0,minimal,Maturity: Minimal,search
9753814298,Swing Obby for Brainrots!,0,minimal,Maturity: Minimal,search
9882296644,🎨Paint It! Pixel Obby 🖌️,0,minimal,Maturity: Minimal,search
3585267090,Max's Glitch Obby 👾,0,minimal,Maturity: Minimal,search
7857274278,Free UGC Obby (AFK or Play),0,minimal,Maturity: Minimal,search
10764412489,Waddle Obby,0,minimal,Maturity: Minimal,search
7921391393,Nearly IMPOSSIBLE Wall Hop Obby,0,minimal,Maturity: Minimal,search
7735580090,The Core of Wallhop Tower,0,minimal,Maturity: Minimal,search
1743990973,Wall Hop Practice,0,minimal,Maturity: Minimal,search
7921260413,Easy To Hard Wall Hop Obby,0,minimal,Maturity: Minimal,search
8521226424,Stage Chart for Wallhop Beginners,0,minimal,Maturity: Minimal,search
8139745385,Obby But You Wall Hop,0,minimal,Maturity: Minimal,search
8144554161,Wall Hop Easy Obby,0,minimal,Maturity: Minimal,search
7741937836,Axi's Wallhop Obby,0,minimal,Maturity: Minimal,search
10528486934,Easy Auto Wall Hop Tower,0,minimal,Maturity: Minimal,search
10658250410,Building Sandbox [🔨],0,minimal,Maturity: Minimal,search
8079090630,Wall Hop Tower!,0,minimal,Maturity: Minimal,search
7934989742,Speed's Wall Hop Obby,0,minimal,Maturity: Minimal,search
7997885492,NOT POSSIBLE Wall Hop Obby,0,minimal,Maturity: Minimal,search
2339183608,Babu's Wall Hop Difficulty Chart 2,0,minimal,Maturity: Minimal,search
5062701802,[ubdate]وول هوب المتصيد,0,mild,Maturity: Mild,search
8355008153,Become a Wallhop Pro Obby,0,minimal,Maturity: Minimal,search
7847372361,Wall Hop to VIP Obby,0,minimal,Maturity: Minimal,search
8261507926,Barely Possible Wall Hop Obby,0,minimal,Maturity: Minimal,search
10744041969,Slap Wall Hop Troll Tower,0,minimal,Maturity: Minimal,search
9351841394,[NEW] Cow's Wall Hop Obby,0,minimal,Maturity: Minimal,search
7879861356,Extreme Wall Hop Obby,0,minimal,Maturity: Minimal,search
4290574960,🏆Stud Walls Jump Obby🏆,0,minimal,Maturity: Minimal,search
7754399883,Learn To Wall Hop Obby! 🏃‍♂️,0,minimal,Maturity: Minimal,search
9609678504,[NEW] Wall Hop Tower to Admin,0,minimal,Maturity: Minimal,search
7190594369,وول هوب صعب,0,minimal,Maturity: Minimal,search
4351027750,برج وول هوب  | WallHop🌟,0,minimal,Maturity: Minimal,search
10767791006,وول هوب صعب 2,0,minimal,Maturity: Minimal,search
1486423902,Wall Hop Practice,0,minimal,Maturity: Minimal,search
10278762208,Wall Hop Viral Obby,0,minimal,Maturity: Minimal,search
4273709135,Tower of wall hop stage,0,minimal,Maturity: Minimal,search
10575265418,[NEW] Auto Wall Hop Obby! 🤖,0,minimal,Maturity: Minimal,search
8255799048,Leon's Wall Hop Obby,0,minimal,Maturity: Minimal,search
8005546849,Piggy's Wall Hop Obby,0,minimal,Maturity: Minimal,search
10292947079,Wall Hop Battles,0,minimal,Maturity: Minimal,search
7743014782,Ren's HARD Wall Hop Obby,0,minimal,Maturity: Minimal,search
8138662732,[NEW!] Kb's Wall Hop Difficulty Chart 2,0,minimal,Maturity: Minimal,search
8106250200,Wall Hop To VIP Tower,0,minimal,Maturity: Minimal,search
10448050713,Zero's Wall Hop Obby 2,0,minimal,Maturity: Minimal,search
7655025047,INSANE wall hop tower😈,0,mild,Maturity: Mild,search
7757216226,IMPOSSIBLE Wall Hop Obby,0,minimal,Maturity: Minimal,search
9653804173,Short But Hard Wallhop Tower,0,minimal,Maturity: Minimal,search
9968770703,Wallhop Stage Charts,0,minimal,Maturity: Minimal,search
10466654703,Lowk's Wall Hop Obby,0,minimal,Maturity: Minimal,search
8339257246,The Real of Wallhop Tower,0,minimal,Maturity: Minimal,search
7861224704,HARD Wall Hop Stage Obby,0,minimal,Maturity: Minimal,search
7331771719,Mastering Wallhop Tower,0,minimal,Maturity: Minimal,search
10764359664,Auto Wall-hop Hard Tower 😈,0,minimal,Maturity: Minimal,search
2609108761,Wall Hop and Ladder Flick Practice,0,minimal,Maturity: Minimal,search
7961409077,Nevy's Wall Hop Obby,0,minimal,Maturity: Minimal,search
8892688639,[NEW] +1 Stud Wall Hop Obby ✨,0,minimal,Maturity: Minimal,search
7892330454,Wallhop Slap Tower 🖐️,0,mild,Maturity: Mild,search
10004134791,Wall Hop for Brainrots!,0,minimal,Maturity: Minimal,search
2051540173,Wall Hop Frenzy [Practice],0,minimal,Maturity: Minimal,search
7858404889,[🍀] Troll Wall Hop Obby,0,minimal,Maturity: Minimal,search
10071500390,Mastering Wallhop Obby,0,minimal,Maturity: Minimal,search
10146091557,Easy Wall Hop Tower,0,minimal,Maturity: Minimal,search
7559057649,Medium WallHop Tower ,0,minimal,Maturity: Minimal,search
8915264765,AIGO WALLHOP TOWER 2 (+3 TOWERS),0,minimal,Maturity: Minimal,search
10650305840,Wall Hop Royale!,0,minimal,Maturity: Minimal,search
8040976315,Wall Hop 1 - 100 Studs,0,minimal,Maturity: Minimal,search
10358958456,وول هوب الحلوين,0,minimal,Maturity: Minimal,search
7694631068,Wall Hop Obby,0,minimal,Maturity: Minimal,search
7393967338,Wall Hop Obby,0,minimal,Maturity: Minimal,search
8879217336,[NEW] Admin Wall Hop Obby 🎁,0,minimal,Maturity: Minimal,search
9282371706,Adventure Builder 2,0,mild,Maturity: Mild,search
52494682,Classic Sonic Simulator V13.2,0,mild,Maturity: Mild,search
6266948401,Platformer Test,0,minimal,Maturity: Minimal,search
8244088113,Starfall 64,0,minimal,Maturity: Minimal,search
7161612222,Sonic 3 La película Obby: LEGADO ,0,minimal,Maturity: Minimal,search
9461611210,Destination,0,minimal,Maturity: Minimal,search
10751939592,ASMR Auto Wallhop Tower 2,0,mild,Maturity: Mild,search
9191654454,2D Obby Challenge,0,minimal,Maturity: Minimal,search
6702099174,Flying Chair 48 (Super Bagel 47 Revival),0,minimal,Maturity: Minimal,search
3750277302,funny 64-bit platformer [UPDATES],0,minimal,Maturity: Minimal,search
7887317066,Strafe [BETA],0,minimal,Maturity: Minimal,search
6674021324,[PATCH] HEDGEHOG TESTING,0,mild,Maturity: Mild,search
2342059463,Sonic Infinity DX (OLD),0,minimal,Maturity: Minimal,search
6915452933,SEGASonic: ORIGINS,0,minimal,Maturity: Minimal,search
106998175,[50M VISITS!] Sonic RP: Mobius MegaDrive,0,minimal,Maturity: Minimal,search
6796315459,SONIC TESTING PLACE,0,minimal,Maturity: Minimal,search
5707538218,Sonic Tech Demo 2,0,mild,Maturity: Mild,search
7063046054,Sonic Origins Obby (UPD3) ,0,minimal,Maturity: Minimal,search
3197994674,[LEGACY] Sonic Onset Adventure,0,minimal,Maturity: Minimal,search
26433395,Red Plumber Adventure Obby!,0,minimal,Maturity: Minimal,search
3874033809,Sonic Sandbox,0,minimal,Maturity: Minimal,search
2127667429,S.G Project (Mobile!),0,minimal,Maturity: Minimal,search
4566792752,[FINAL UPDATE]  Project Utopia: Revival,0,mild,Maturity: Mild,search
3384187191,🎃Sonic Elevator,0,minimal,Maturity: Minimal,search
2563669304,Sonic Infinity DX 2.0 (OLD),0,minimal,Maturity: Minimal,search
9027467093,[🎆] 2D Troll Tower,0,minimal,Maturity: Minimal,search
5830998512,Sonic Star-Drop (Update SOON!),0,minimal,Maturity: Minimal,search
6559520684,Grappler Obby,0,minimal,Maturity: Minimal,search
2149352431, [FIXES]Sonic Generations Project Revival    ,0,minimal,Maturity: Minimal,search
9981759220,Fireio 64,0,minimal,Maturity: Minimal,search
170247232,PARKOUR Legacy,0,minimal,Maturity: Minimal,search
5348675320,[Release 6] Sonic Nexus Framework,0,minimal,Maturity: Minimal,search
5584394571,Untitled Parkour Game,0,minimal,Maturity: Minimal,search
5113186058,Super Robot Odyssey (64),0,minimal,Maturity: Minimal,search
671194,[250] Cool Obby 2,0,minimal,Maturity: Minimal,search
10604542637,Clash's Glitch Obby 2,0,minimal,Maturity: Minimal,search
6627530080,[🏃] Obby Civilization (ALPHA),0,minimal,Maturity: Minimal,search
1007688714,Sonic Simulator 3D [UPD PART 2 🏖️],0,mild,Maturity: Mild,search
1868816330,Sonic Simulator Script Testing,0,minimal,Maturity: Minimal,search
4545599651, [UPDATE!] wedge head,0,minimal,Maturity: Minimal,search
8014443474,GD Recreation [ALPHA],0,minimal,Maturity: Minimal,search
6967884442,UPD! [1.0] Geometry Dash,0,minimal,Maturity: Minimal,search
5169974240,[🟢] Geometry Dash Multiverse,0,minimal,Maturity: Minimal,search
4725056434,Geometry Blox,0,minimal,Maturity: Minimal,search
6662574669,Geometry Dash Elevator,0,mild,Maturity: Mild,search
3904461102,CLASSIC - Find the Geometry Dash Difficulties,0,minimal,Maturity: Minimal,search
2250844717,[UPD] Geometry Dash 1.1,0,minimal,Maturity: Minimal,search
6300213366,Geometry Dash Doomspire,0,mild,Maturity: Mild,search
10382795586,+1 Dash Escape[☁️],0,minimal,Maturity: Minimal,search
9489721039,Find the Geometry Dash Difficulties: Reboot,0,minimal,Maturity: Minimal,search
7317607968,[✨SALE]Hover Dash X,0,minimal,Maturity: Minimal,search
10364488875,+1 Dash Obby Escape,0,minimal,Maturity: Minimal,search
10388903695,MemeDash ☄️[BETA] ,0,mild,Maturity: Mild,search
10395341797,+1 Dash Attack Escape 🏃💨,0,minimal,Maturity: Minimal,search
2085218371,Just Shapes and Beats,0,minimal,Maturity: Minimal,search
4634610700,Pipe Dash ⚡,0,minimal,Maturity: Minimal,search
9248662550,[Tier ?] Nullscapes,0,minimal,Maturity: Minimal,search
10364753275,Block Dash,0,minimal,Maturity: Minimal,search
7356195012,🌎 World.io,0,minimal,Maturity: Minimal,search
3839393545,Geometry Defense,0,minimal,Maturity: Minimal,search
10767795057,Tomb Dash,0,minimal,Maturity: Minimal,search
7237709582,Tile Dash! ⚡,0,minimal,Maturity: Minimal,search
8799453293,Guess Phonk Or Die🎶,0,minimal,Maturity: Minimal,search
7255611273,Sidejumper [180],0,minimal,Maturity: Minimal,search
10000833384,[FUSING!] +1 Dash for Brainrots,0,minimal,Maturity: Minimal,search
9977823092,Admin Engine [✨8 ROBUX✨],0,mild,Maturity: Mild,search
5493030699,FIRE IN THE HOLE!,0,minimal,Maturity: Minimal,search
10405618156,[X5 New word] The Best Game!,0,minimal,Maturity: Minimal,search
7382864317,Free Admin with Toolbox [F3X],0,mild,Maturity: Mild,search
10272404877,Blade Dash,0,mild,Maturity: Mild,search
10475904264,Hamster Dash🐹,0,minimal,Maturity: Minimal,search
3537231381,Ding Dong Dash,0,minimal,Maturity: Minimal,search
7134178204,Shark Dash Racing,0,minimal,Maturity: Minimal,search
7407306998,Color Every Inch!,0,minimal,Maturity: Minimal,search
9499900718,[🎶] Tap on Beat!,0,minimal,Maturity: Minimal,search
10742920492,[Exhaust Heat & Dash Lights]Redline World,0,minimal,Maturity: Minimal,search
9829707265,Math Obby For Vip☝️🤓,0,minimal,Maturity: Minimal,search
10377486278,⚔️ Beatblox VR 🎶,0,minimal,Maturity: Minimal,search
1895655690,Free Admin House 🏠,0,mild,Maturity: Mild,search
10484496025,[🔥Update] Beat Obbies For Friends!,0,minimal,Maturity: Minimal,search
4610345212,BeatMaker!,0,minimal,Maturity: Minimal,search
10764821284,Bounce to Play Songs,0,minimal,Maturity: Minimal,search
7412586614,FunkyBeats: Remix (FNF x RoBeats),0,minimal,Maturity: Minimal,search
10313983435,[🎧] Guess My ASMR,0,minimal,Maturity: Minimal,search
8524239675,Beat Block Tower,0,minimal,Maturity: Minimal,search
964540701,[NEW SONGS!] Sound Space 🎶 Rhythm Game,0,minimal,Maturity: Minimal,search
6093419211,🏰Bounce Castle Playground Roleplay🏰,0,minimal,Maturity: Minimal,search
6688157118,Musical Chairs 🎵🪑,0,minimal,Maturity: Minimal,search
10416695921,[W2] Beat an ASMR Tower,0,minimal,Maturity: Minimal,search
9403708294,💣 Time Bomb,0,mild,Maturity: Mild,search
7834032960,Planets Dance 🎵 (ADOFAI) [Alpha],0,minimal,Maturity: Minimal,search
200901618,Rhythm Track 🎸,0,minimal,Maturity: Minimal,search
10375105020,+1 Speed Boat Tsunami,0,minimal,Maturity: Minimal,search
7427604221,[NEW] Ro!Qube 🎵,0,minimal,Maturity: Minimal,search
10768102847,Dodge The Beat!,0,minimal,Maturity: Minimal,search
7539577269,Beat Off,0,minimal,Maturity: Minimal,search
6389489439,Bouncy Castle,0,minimal,Maturity: Minimal,search
10698836496,Steal Drums & Sell Beats 🎵 [RNG],0,minimal,Maturity: Minimal,search
3271642152, Inflatable Bouncy House RP 😊🤩 Roleplay,0,minimal,Maturity: Minimal,search
2443177453,[New Features] Basically FNF: Remix,0,moderate,Maturity: Moderate,search
9781783239,Beatsverse,0,minimal,Maturity: Minimal,search
9303888964,👊 Beat the Noob!,0,mild,Maturity: Mild,search
10309149229,BeatTok! ,0,minimal,Maturity: Minimal,search
301252049,[🎉300M!] RoBeats! 🎧 Music + Rhythm + RPG,0,minimal,Maturity: Minimal,search
10391959127,Escape Tsunami on Rollers🛼,0,mild,Maturity: Mild,search
9513686983,Escape Waves For Lucky Blocks,0,minimal,Maturity: Minimal,search
9510990009,Make a Beat & Donate [MIXER🔥],0,minimal,Maturity: Minimal,search
1053132402,Obby Creator,0,minimal,Maturity: Minimal,search
10568721678,Rhythm Wall [NEW],0,mild,Maturity: Mild,search
9321039248,Musical Run 🎵 ,0,minimal,Maturity: Minimal,search
9197664462,Simon Says Tower 😝,0,minimal,Maturity: Minimal,search
9367307619,Would You Rather: Dance Tower,0,mild,Maturity: Mild,search
9029936173,[✨ALTER EGO] Emote Testing Tower 💃 ,0,mild,Maturity: Mild,search
8614510589,ASMR TOWER - Sounds🎶,0,minimal,Maturity: Minimal,search
6498159957,🔊Voice Challenge [Voice Obby],0,minimal,Maturity: Minimal,search
8964933484,🎹Piano Tower,0,minimal,Maturity: Minimal,search
5473358344,🔥 The Glitch Obby!,0,minimal,Maturity: Minimal,search
4182042491,[DCO] Thur's Difficulty Chart Obby,0,minimal,Maturity: Minimal,search
6344494863,Double Jump Obby (W5),0,minimal,Maturity: Minimal,search
3924229233,Physics Obby + Mechanisms,0,minimal,Maturity: Minimal,search
6911529884,Tsunami Tower 🌊,0,minimal,Maturity: Minimal,search
9115885852,🌊 Tsunami Troll Tower,0,mild,Maturity: Mild,search
7085946448,🧬 Gelombang Tower,0,minimal,Maturity: Minimal,search
10548137702,Survive the TSUNAMI 🌊,0,minimal,Maturity: Minimal,search
9630815132,Tsunami VS Tower,0,minimal,Maturity: Minimal,search
10686242874,[🏆X99👟X111] +1 Keyboard Tower Escape,0,minimal,Maturity: Minimal,search
8908746905,Tower Flood Race  🌊🏁,0,minimal,Maturity: Minimal,search
7023305701,Squid Game Tower 👀,0,moderate,Maturity: Moderate,search
9575087787,🌊 Tsunami Escape Obby! [Trails & Sparkles!],0,minimal,Maturity: Minimal,search
10130967442,Would You Rather: Evolve Tower 🧬,0,minimal,Maturity: Minimal,search
8505499344,Tower But You Can't Jump🚫,0,minimal,Maturity: Minimal,search
10282482474,Find Missing Bacon Tower 😭🔍,0,mild,Maturity: Mild,search
8299444324,Hamood Habibi Tower 🎵,0,mild,Maturity: Mild,search
10196372556,Would You Rather: Summer Tower ☀️🏖️,0,minimal,Maturity: Minimal,search
38466537,The Ocean Experience,0,minimal,Maturity: Minimal,search
7035819054,🌊 River Tower,0,minimal,Maturity: Minimal,search
8640683178,Prop Morph Tower,0,mild,Maturity: Mild,search
3085857678,Tsunami Game,0,mild,Maturity: Mild,search
10764649445,Survive Waves for Eggs,0,minimal,Maturity: Minimal,search
10118092495,Escape Tsunami for NEEDOH! 🧊✨,0,minimal,Maturity: Minimal,search
6346267124,WATER PARK TOWER,0,minimal,Maturity: Minimal,search
9725278460,[4M] Escape from the Tsunami for Brainrots Og!,0,minimal,Maturity: Minimal,search
2475875024,🌊Ocean Obby,0,minimal,Maturity: Minimal,search
3226620833,🌊 TSUNAMI WAVES SURVIVAL,0,minimal,Maturity: Minimal,search
6320626263,Be a Tsunami,0,minimal,Maturity: Minimal,search
8560366648,🔥Floor is Lava Tower,0,mild,Maturity: Mild,search
7166241827,[BETA] Tornado Tower 🌪️,0,minimal,Maturity: Minimal,search
10583523954,Stickman Battle,0,minimal,Maturity: Minimal,search
1965542335,[HAT FIX!] Henry Stickmin 3D RP,0,mild,Maturity: Mild,search
10225613434,[✨UPD 3] Swing Obby For Katseye!,0,minimal,Maturity: Minimal,search
3206632631,Find the Stickmen (101),0,minimal,Maturity: Minimal,search
9255588637,Swing Tower,0,minimal,Maturity: Minimal,search
4125587022,Grappling Hook Obby,0,minimal,Maturity: Minimal,search
10766703801,HOOK & STACK!,0,mild,Maturity: Mild,search
7572804716,Stick Fight: Roblox Edition 12 Player Mode,0,mild,Maturity: Mild,search
10766320565,🪝+1 Grapple Hook Escape!,0,minimal,Maturity: Minimal,search
8914538647,Grappling Hook Tower ✋,0,minimal,Maturity: Minimal,search
2839156349,Stick War Legacy Reborn [NPC Controller InfMode],0,mild,Maturity: Mild,search
10765927628,Hook For Treasure,0,minimal,Maturity: Minimal,search
5925643583,Swing Obby,0,minimal,Maturity: Minimal,search
10768924243,Hook Fishing🪝🐟,0,minimal,Maturity: Minimal,search
6046710173,Animator VS Animation  | Alan Becker RP! [ALPHA],0,minimal,Maturity: Minimal,search
9746627164,[UPDATE] Stick Figure Sandbox🍋,0,moderate,Maturity: Moderate,search
6267547203,[New Event]Stickman Tower Defense,12,vng-rating-override,Age Rating: 12+,search
6500439907,Stick Fight: Roblox Edition,0,mild,Maturity: Mild,search
2464573238,Just a Rope Bridge,0,mild,Maturity: Mild,search
9940546792,Lava Hook Hole,0,mild,Maturity: Mild,search
9663968307,Hooked! [TRAIT],0,mild,Maturity: Mild,search
10767349868,👑 GOLD HOOK,0,minimal,Maturity: Minimal,search
9511365396,Aura Edit Slap Battles 🎵,0,minimal,Maturity: Minimal,search
9996489898,Hook A Brainrot!,0,minimal,Maturity: Minimal,search
8311624953,Jump Rope EXTREME!!!,0,minimal,Maturity: Minimal,search
9903612200,Hook for Brainrots!,0,minimal,Maturity: Minimal,search
8341114105,Swinging Simulator,0,minimal,Maturity: Minimal,search
5543788981,Realistic Jump Rope [SQUID GAME 3],0,minimal,Maturity: Minimal,search
7090884884,Cautious Clippers✂️,0,minimal,Maturity: Minimal,search
9480824258,Stick war legacy  (Sandbox) but bad,0,mild,Maturity: Mild,search
8605511409,Very easy jump,0,minimal,Maturity: Minimal,search
10601447895,+1 Web Swing Escape,0,minimal,Maturity: Minimal,search
10763764817,Swing For Eggs,0,minimal,Maturity: Minimal,search
10485350883,Swing Obby for Squishy Dumplings!,0,minimal,Maturity: Minimal,search
9860531651,[3X Luck] Swing Obby for Baddies!,0,minimal,Maturity: Minimal,search
9965100575,Swing Obby for Kpop Idols,0,minimal,Maturity: Minimal,search
10257947127,Would You Rather: Age Tower! 👶 👴,0,minimal,Maturity: Minimal,search
9743693764,Would You Rather Gear Tower 99,0,minimal,Maturity: Minimal,search
9871319678,Swing Obby for Forsakens 😈,0,minimal,Maturity: Minimal,search
10084079832,+1 Height Swing (BUILD A SWING) ,0,mild,Maturity: Mild,search
9848615424,Swing Obby for 99 Nights In The Forest! 🌲,0,minimal,Maturity: Minimal,search
9854694346,[🎀] Swing Obby for Kittys,0,minimal,Maturity: Minimal,search
9895567340,Swing Obby for SCP!,0,minimal,Maturity: Minimal,search
4730252837,Web Swinging test 2,0,minimal,Maturity: Minimal,search
9990903803,[🕷️] Swing Obby for SpiderMan!,0,minimal,Maturity: Minimal,search
10330311209,+1 Swing Obby Escape,0,minimal,Maturity: Minimal,search
10094468906,Swing Obby for Pony!,0,minimal,Maturity: Minimal,search
9867067642,Swing Obby for Anime Fruits!,0,minimal,Maturity: Minimal,search
9843714678,Swing Obby for Lucky Blocks!,0,minimal,Maturity: Minimal,search
9843896550,Swing Obby For Forsakens,0,minimal,Maturity: Minimal,search
9859119002,Swing Obby For Penguins,0,minimal,Maturity: Minimal,search
10474739919,Swing Obby for KATSEYE,0,minimal,Maturity: Minimal,search
10580838289,Would You Rather: Spiderman Outfit Tower,0,minimal,Maturity: Minimal,search
9844049880,Swing Obby for Dinosaurs!,0,minimal,Maturity: Minimal,search
10764820667,Swing Obby for Eggs,18,minimal,Maturity: Minimal • Ages 18+,search
10462197965,[COMBAT] Swing Verse [TESTING],0,minimal,Maturity: Minimal,search
5774571644,Grabpack Mayhem! | Legacy,0,minimal,Maturity: Minimal,search
10259382573,[W2] Web Swing for Lucky Blocks,0,minimal,Maturity: Minimal,search
10270077585,[SOON] Spider Rising: Spider-Man🕷️ ,0,mild,Maturity: Mild,search
6302265955,Spider Simulator 🕷️,0,moderate,Maturity: Moderate,search
10766109756,+1 Web Escape 🕸️,0,minimal,Maturity: Minimal,search
4741912137,[FIXED!] WEBSLINGERS,0,mild,Maturity: Mild,search
10053434203,+1 Speed Spidey Escape,0,minimal,Maturity: Minimal,search
2095204327,HEROES: Infinite 2,0,mild,Maturity: Mild,search
1315966725,🕷️ Spider-Man Simulator,0,mild,Maturity: Mild,search
3199406463,[UPDATE] Tangled-Web: Chronicles [🕷️],0,mild,Maturity: Mild,search
10624866814,[SPIDER🕷️] +1 Swing for Strength 💪,0,minimal,Maturity: Minimal,search
6752087079,SpiderMan Simulator 🕷️ [SOON!],0,mild,Maturity: Mild,search
3130015174,Iron Man: Armor Wars,0,mild,Maturity: Mild,search
10652529595,+1 Spidey Obby Escape,0,minimal,Maturity: Minimal,search
10766284126,+1 Monkey Swing Escape,0,minimal,Maturity: Minimal,search
5374806162,[UPD]🕷️Be A Spiderman,0,mild,Maturity: Mild,search
10675029591,+1 Spider Evolution ,0,mild,Maturity: Mild,search
5313657196,🔪Survival The Spider-Man Spiderman The Killer,0,mild,Maturity: Mild,search
4799842320,🌠 MARVEL: United [RP] Roleplay,0,mild,Maturity: Mild,search
10753847141,Meet Spiderman,0,minimal,Maturity: Minimal,search
10113126381,Would You Rather: Super Hero Tower 🦸,0,mild,Maturity: Mild,search
2607768444,[FIX] InVision's: Web-Verse [V3],0,mild,Maturity: Mild,search
10765665403,+1 Cut Webs Escape,0,mild,Maturity: Mild,search
10650173363,+1 Swing Escape,0,minimal,Maturity: Minimal,search
6617237015,Obby but you are spiderman,0,minimal,Maturity: Minimal,search
9759498802,[🕸️] Spider-Man Tower,0,minimal,Maturity: Minimal,search
10571971253,+1 Swing Per Click,0,minimal,Maturity: Minimal,search
10555828162,+1 Katana Swing Escape,0,minimal,Maturity: Minimal,search
10764422899,[UPD]🐒 +1 Monkey Swing Escape! 🐒,0,minimal,Maturity: Minimal,search
5109161176,[🕷️] Web-Verse: Story Mode,0,minimal,Maturity: Minimal,search
3805836469,🕸️ Spider-Man Simulator,0,minimal,Maturity: Minimal,search
10762411953,[W2] +1 Bat Swing Escape,0,minimal,Maturity: Minimal,search
10731105273,+1 Monkey Swing Escape,0,minimal,Maturity: Minimal,search
9856321173,[Admin Abuse] Swing To Steal Cars!,0,minimal,Maturity: Minimal,search
10362394754,Swing For Verity,0,minimal,Maturity: Minimal,search
7214624424,Spider Tag!,0,minimal,Maturity: Minimal,search
9847560194,Swing for Lucky Blocks! ,0,minimal,Maturity: Minimal,search
10762686945,+1 Swing Cut BAMBOO 🎋,0,minimal,Maturity: Minimal,search
10044436774,Web Kraken BossFight,0,mild,Maturity: Mild,search
10747911114,🕸️Cart Ride Into Spiderman!,0,minimal,Maturity: Minimal,search
10547773564,+1 Shuriken Swing Escape,0,mild,Maturity: Mild,search
10766900910,[RELEASE 🎉]  +1 Axe Swing Escape🌲,0,minimal,Maturity: Minimal,search
10543546624,+1 Axe Swing Escape,0,minimal,Maturity: Minimal,search
10595953957,+1 Sword Swing to Escape [DUNGEON],0,minimal,Maturity: Minimal,search
9239346224,Jump Into Spider-Man,0,minimal,Maturity: Minimal,search
3854678859,Hero Brawl,0,mild,Maturity: Mild,search
10309293974,My Spider Web 🐛,0,minimal,Maturity: Minimal,search
10557514176,+1 Cut Grass Escape,0,minimal,Maturity: Minimal,search
10371053153,🕷️[500+] Spider-Man Outfits,0,minimal,Maturity: Minimal,search
10287829596,Be SpiderMan For BRAINROTS,0,minimal,Maturity: Minimal,search
9893964206,🕷️Climb To Slide Into Spider-Man 🕷️,0,minimal,Maturity: Minimal,search
6883527970,Spider Army! ✨,0,minimal,Maturity: Minimal,search
3599169498,Cart Ride Into Spider-Man Spiderman,0,mild,Maturity: Mild,search
6682004118,Be a Spider! 🕷️,0,mild,Maturity: Mild,search
10118370663,+1 Speed Spider Escape 🕷️,0,minimal,Maturity: Minimal,search
7652236703,{UPD10}Shoot Train: Spider Attack,0,mild,Maturity: Mild,search
5274716309,[🔥NEW] 🕷️Cart Ride Into Spider-Man Spiderman 🕷️,0,minimal,Maturity: Minimal,search
10383128226,[W5] +1 Speed Spidey Keyboard Escape 🕷️,0,mild,Maturity: Mild,search
4068868853,SpiderMan RP Adventure,0,mild,Maturity: Mild,search
10127747461,Jump Into Spiderman Slide,0,minimal,Maturity: Minimal,search
648525223,Spider-Man Tycoon,0,mild,Maturity: Mild,search
2993668145,[SPIDER-MAN: BRAND NEW DAY] Avenge,0,mild,Maturity: Mild,search
1776914212,Spider,0,moderate,Maturity: Moderate,search
9883886468,🕷️SPIDERS VS GIANT ,0,minimal,Maturity: Minimal,search
8515328237,Spider-Man Obby,0,minimal,Maturity: Minimal,search
9975742055,Swing For Jujutsu Kaisen,0,minimal,Maturity: Minimal,search
9959327778,Spiderman [HORROR],0,minimal,Maturity: Minimal,search
9160319898,🕷 SPIDERMAN ELEVATOR 🕸,0,minimal,Maturity: Minimal,search
9540762451,[UPD] KILL SPIDERS,0,mild,Maturity: Mild,search
8468830775,[😱SAHUR] Zipline Troll Tower 😈,0,minimal,Maturity: Minimal,search
7921388816,Impossible Squid Game! Jump Rope,0,minimal,Maturity: Minimal,search
8090543048,Red Light Rope Troll Tower 🦑,0,minimal,Maturity: Minimal,search
10015248476,🟢[Free Limited] Agaric.io,0,mild,Maturity: Mild,search
10470290403,[🦠] Cellular.io,0,minimal,Maturity: Minimal,search
3149100453,Eat Blobs Simulator,0,minimal,Maturity: Minimal,search
7133320099,Color.io,0,minimal,Maturity: Minimal,search
7279570546,💢 Agaray Tower,0,minimal,Maturity: Minimal,search
9539483725,Become Hungry Worm,0,mild,Maturity: Mild,search
341654025,The Floor Is LAVA!🔥,0,minimal,Maturity: Minimal,search
7703115801,Paint.io,0,minimal,Maturity: Minimal,search
6497729434,[🌭] Be A Food,0,minimal,Maturity: Minimal,search
5216419122,GEF,0,mild,Maturity: Mild,search
5677613211,Eat the World,0,mild,Maturity: Mild,search
9936101195,Guess Sound Or Die🔊 ,0,minimal,Maturity: Minimal,search
6802577079,Infection Grounds,0,mild,Maturity: Mild,search
9663757076,🐛Catch Bugs!,0,minimal,Maturity: Minimal,search
4088286058,Ants Eat Everything,0,mild,Maturity: Mild,search
7288553860,Grow Your Rubik's Cube!,0,mild,Maturity: Mild,search
2920990541,Worms,0,moderate,Maturity: Moderate,search
7387114108,SEIZE 😂,0,mild,Maturity: Mild,search
10384841418,Clean the Squishies!,0,mild,Maturity: Mild,search
10645973741,🍽️ EAT OR OOF,0,mild,Maturity: Mild,search
7263198496,[UPD] Chomped! 🐊,0,minimal,Maturity: Minimal,search
10276281921,[🖼️ MUSEUM] Chameleon,0,minimal,Maturity: Minimal,search
4592676978,eat stuf get fat,0,minimal,Maturity: Minimal,search
10454554751,[🎃] Unbox ASMR!,0,minimal,Maturity: Minimal,search
8504461817,Escape The Lava 🔥,0,minimal,Maturity: Minimal,search
9735583968,SCP MORPH,0,mild,Maturity: Mild,search
10499633281,My Ant Colony 🐜,0,minimal,Maturity: Minimal,search
9363735110,[🌊] Escape Tsunami For Brainrots!,0,minimal,Maturity: Minimal,search
8772374675,[Titles] Another Infection Game,0,mild,Maturity: Mild,search
7305218517,+1 Size Every Click,0,mild,Maturity: Mild,search
9484616640,Rubber Band Watermelon 🍈,0,minimal,Maturity: Minimal,search
1892760830,👶MOM LIFE!❤️Seaboard City RP🌴,0,minimal,Maturity: Minimal,search
1767068651,Merging Legends,0,minimal,Maturity: Minimal,search
10406668651,[🌎] Drill a Planet,0,minimal,Maturity: Minimal,search
10517756332,Laser Tower Ungu 2 💜,0,minimal,Maturity: Minimal,search
3274817696,Slither Simulator 🐍,0,mild,Maturity: Mild,search
4902171678,Slither 🐍,0,minimal,Maturity: Minimal,search
6170013953,Snake Simulator,0,minimal,Maturity: Minimal,search
10471861416,🪱 worm odyssey [slither update !],0,minimal,Maturity: Minimal,search
5835368537,Be a Snake,0,minimal,Maturity: Minimal,search
9260916865,🐍 Snake Game,0,minimal,Maturity: Minimal,search
10768534108,Snake 🐍,0,minimal,Maturity: Minimal,search
9293462695,[🍎] Fruity Snake,0,mild,Maturity: Mild,search
4363131662,Worm 2048,0,mild,Maturity: Mild,search
6636817133,Become a Snake,0,minimal,Maturity: Minimal,search
10765251051,[🐉RAID BOSS] Be a Snake!,0,minimal,Maturity: Minimal,search
5289155961,Be a Shark🦈,0,minimal,Maturity: Minimal,search
5493012775,Eat Slimes to Grow HUGE,0,mild,Maturity: Mild,search
9928568911,+1 Speed Snake Escape,0,minimal,Maturity: Minimal,search
7708290029,[S92]-🐍&🪜-[Snake]-[&]-[Truss]-,0,minimal,Maturity: Minimal,search
3245799683,Snek 🐍,0,minimal,Maturity: Minimal,search
9808156389,SURVIVE Hungry Worm ☠️,0,mild,Maturity: Mild,search
7501629909,Be a Snake,0,mild,Maturity: Mild,search
9796000516,[NEW] 🐶Dog Game,0,minimal,Maturity: Minimal,search
6274464353,Be a Slime,0,minimal,Maturity: Minimal,search
2647767875,[🐍] Snakey,0,mild,Maturity: Mild,search
5011526423,Escape A Giant Snake Obby!,0,mild,Maturity: Mild,search
7745160272,Worm.io 🪱,0,mild,Maturity: Mild,search
6173260486,Be A Centipede 🐛,0,minimal,Maturity: Minimal,search
6855163707,Be a Sandworm,0,minimal,Maturity: Minimal,search
10354630395,[UPD] Snake Charmer,0,minimal,Maturity: Minimal,search
4661496475,🐍 Snakes and Ladders Original,0,minimal,Maturity: Minimal,search
7196892896,Become A Centipede 🐛,0,minimal,Maturity: Minimal,search
5147785042,Worms Royale,0,minimal,Maturity: Minimal,search
9351498585,Eat The City! 🕳️ ,0,minimal,Maturity: Minimal,search
9531514390,Obby But You Are A Worm 🐛,0,minimal,Maturity: Minimal,search
9852148017,Feed your friends to snakes,0,moderate,Maturity: Moderate,search
9245930473,Worm Tower,0,minimal,Maturity: Minimal,search
9333122109,Jump Into Gary De'Snake,0,minimal,Maturity: Minimal,search
10198567936,Eat a Slime,0,minimal,Maturity: Minimal,search
6688139314,Be A Blob,0,minimal,Maturity: Minimal,search
10047078819,+1 Speed Snail Escape,0,minimal,Maturity: Minimal,search
10295775318,+1 Laser to Escape 💥 ,0,minimal,Maturity: Minimal,search
7347003059,Be a Blackhole! 🕳️,0,minimal,Maturity: Minimal,search
9926404975,Escape the Jail,0,minimal,Maturity: Minimal,search
5898745851,Blob Eating Simulator 🔴,0,moderate,Maturity: Moderate,search
6515096150,Eat Blobs to Grow MASSIVE,0,minimal,Maturity: Minimal,search
9464263569,[🎃] Slime Evolution,0,mild,Maturity: Mild,search
6009058103,Be a NOODLE! 😂,0,minimal,Maturity: Minimal,search
9201185750,Escape 67,0,minimal,Maturity: Minimal,search
9186999040,[UPD] Train to Escape Prison,0,minimal,Maturity: Minimal,search
7289427971,Color Game! 🎨,0,minimal,Maturity: Minimal,search
9242307163,⚡ Escape 67 or DIE!,0,minimal,Maturity: Minimal,search
9961728319,Destroy the City,0,minimal,Maturity: Minimal,search
8812913505,[🔥Update🔥] Slayer Incremental,0,minimal,Maturity: Minimal,search
1543820620,Hole Simulator!,0,minimal,Maturity: Minimal,search
7362162357,[NEW CODE!] Hole.io 🕳️ ,0,mild,Maturity: Mild,search
9631932818,Jump Into Biggest Hole Ever,0,minimal,Maturity: Minimal,search
7468338447,⛏️ Dig to Earth's CORE!,0,minimal,Maturity: Minimal,search
4990825014,Become A Planet,0,minimal,Maturity: Minimal,search
10003312058,Be a Hole for Brainrots!,0,minimal,Maturity: Minimal,search
6061729346,Be a Tornado,0,mild,Maturity: Mild,search
8947439806,Be A Hurricane,0,minimal,Maturity: Minimal,search
8726258,Hole in the Wall,0,minimal,Maturity: Minimal,search
10764812873,Fill a hole with a million ducks🦆,0,minimal,Maturity: Minimal,search
6533945976,Be a Whirlpool! ,0,minimal,Maturity: Minimal,search
10715135181,+1 Black Hole Mass,0,minimal,Maturity: Minimal,search
9954369671,Fall down a hole for Brainrots!,0,minimal,Maturity: Minimal,search
10763218422,+1 Black Hole: Boss Fight,0,minimal,Maturity: Minimal,search
6827726224,My Pet Black Hole,0,minimal,Maturity: Minimal,search
27284759,The Longest Hole In Roblox,0,minimal,Maturity: Minimal,search
10767961530,Grow a Black Hole,0,minimal,Maturity: Minimal,search
10467176057,Fill The Giant Hole,0,minimal,Maturity: Minimal,search
10389569204,Hole in Wall [DUELS],0,minimal,Maturity: Minimal,search
8803422953,Jump Down The Deepest Hole! Keyboard Obby,0,minimal,Maturity: Minimal,search
9507134447,[X20] Dig Training ⛏️ [WEEKEND],0,minimal,Maturity: Minimal,search
6166592648, Be a Black Hole [BOSSES👺],0,minimal,Maturity: Minimal,search
9948724604,[UPD 3😎] Be Hole Incremental 🕳️,0,minimal,Maturity: Minimal,search
6678076631,[Xmas] Mosquito.io,0,mild,Maturity: Mild,search
10127345388,Jump Into The Deepest Hole,0,minimal,Maturity: Minimal,search
9159898217,[🌌] Grow Your Black Hole ,0,minimal,Maturity: Minimal,search
10762259194,Drop Things to a Hole!,0,minimal,Maturity: Minimal,search
1059940666,Black Hole Simulator,0,mild,Maturity: Mild,search
7553002044,Black Hole Survival!,0,mild,Maturity: Mild,search
6426857140,Throw Things Down a Giant Hole,0,minimal,Maturity: Minimal,search
10453692409,[🕳️] Feed The Hole,0,minimal,Maturity: Minimal,search
10767599729,Feed The Hole!,0,minimal,Maturity: Minimal,search
7261493599,Dig the Backyard,0,minimal,Maturity: Minimal,search
10455553344,+1 Fall Down Deepest Hole,0,minimal,Maturity: Minimal,search
6670217816,Brainrot.io,0,minimal,Maturity: Minimal,search
9786789904,Steal Brainrots From A HOLE,0,minimal,Maturity: Minimal,search
9748020683,Escape HOLE for Brainrots!,0,mild,Maturity: Mild,search
10518329171,[UPD] Feed a Black Hole,0,minimal,Maturity: Minimal,search
10477455688,[GALAXY] Feed a Black Hole,0,minimal,Maturity: Minimal,search
10518658413,⛏️ Dig the Hole,0,mild,Maturity: Mild,search
10554534841,+1 Black Hole Escape,0,minimal,Maturity: Minimal,search
8760091668,Find The Secret Hole!,0,minimal,Maturity: Minimal,search
9766000484,JUMP INTO A RAINBOW HOLE🌈,0,minimal,Maturity: Minimal,search
7087861341,[EVENT] Dig the Hole ,0,minimal,Maturity: Minimal,search
9906378607,[🐟UPDATE] Hole Fishing,0,minimal,Maturity: Minimal,search
10764087288,Jump Into a Rainbow Hole! 🌈,0,minimal,Maturity: Minimal,search
10335705404,[NEW] +1 Speed Black Hole Escape ,0,minimal,Maturity: Minimal,search
10308916299,Merge a Black Hole,0,minimal,Maturity: Minimal,search
5806448631,Eat The Universe Simulator,0,minimal,Maturity: Minimal,search
8354110768,Jump In The Hole [ UPD 4 ],0,minimal,Maturity: Minimal,search
7204130482,Drill Digging Simulator,0,minimal,Maturity: Minimal,search
8852740591,Eat To Grow!,0,minimal,Maturity: Minimal,search
9867760183,[🥦] +1 Fat to Fit,0,mild,Maturity: Mild,search
6657302929,Eat Blobs to Grow,0,minimal,Maturity: Minimal,search
9796441304,[UPDATE 3] EAT OTHERS 🍔,0,mild,Maturity: Mild,search
10159083602,Eat Food To Be Strong,0,mild,Maturity: Mild,search
6911962756,Eat The Entire Universe,0,minimal,Maturity: Minimal,search
6164853651,Hungry Pig,0,mild,Maturity: Mild,search
9935727765,Eat and Poop EVERYWHERE,0,mild,Maturity: Mild,search
6678539460,Eat Pizza to Grow GIGACHAD,0,moderate,Maturity: Moderate,search
6136243726,CRAZY CHEFS! 👨‍🍳,0,mild,Maturity: Mild,search
6952473260,Every Click +1 Fat 🍕,0,mild,Maturity: Mild,search
9757666604,Eat Needoh to Grow,0,minimal,Maturity: Minimal,search
10184888745,[UPD] Feed A Friend,0,minimal,Maturity: Minimal,search
10572250766,eat the baseplate,0,mild,Maturity: Mild,search
9801895915,+1 Speed Hungry Worm Escape,0,minimal,Maturity: Minimal,search
6683166603,Every Click +1 Eat 🍔,0,mild,Maturity: Mild,search
9701482336,[UPD] EAT IT 🍔,0,minimal,Maturity: Minimal,search
10514614874,Eat Everything!,0,minimal,Maturity: Minimal,search
32095083,Get Eaten!,0,mild,Maturity: Mild,search
4346424098,Eat a Huge Waffle,0,mild,Maturity: Mild,search
5974416078,Eat To Grow Huge,0,mild,Maturity: Mild,search
9052197241,+1 Fat Per Eat Food,0,minimal,Maturity: Minimal,search
7485975649,Eat Sand 2,0,mild,Maturity: Mild,search
10301035348,Fish Eat Fish,0,minimal,Maturity: Minimal,search
10439473502,Eat Blobs To Grow HUGE,0,minimal,Maturity: Minimal,search
8162737913,Eat Brainrot To Grow HUGE,0,mild,Maturity: Mild,search
10153457661,eating rocks simulator,0,minimal,Maturity: Minimal,search
3315060847,Eat a HUGE Pizza!🍕,0,minimal,Maturity: Minimal,search
10522829344,[W5]🍔 +1 Fat Per Eat to Win Eat Battle,0,mild,Maturity: Mild,search
9000871746,Eat Brainrot for +1 Size,0,minimal,Maturity: Minimal,search
10547906642,+1 Eat Jelly Escape ,0,minimal,Maturity: Minimal,search
9551699017,Feed Your Teto,0,minimal,Maturity: Minimal,search
10140651707,🌶️ Eat Spicy Food Simulator,0,minimal,Maturity: Minimal,search
10494847029,Clean the WORLD! ,0,minimal,Maturity: Minimal,search
6837186331,Eat Blobs Simulator 😋 I am hungry,0,mild,Maturity: Mild,search
10469881638,Eat Squishy's to Grow HUGE!,0,minimal,Maturity: Minimal,search
9324029676,+1 Food Every Second 🍔,0,mild,Maturity: Mild,search
1805003421,Eat fruits and become fat simulator,0,mild,Maturity: Mild,search
10012268748,Be a Monkey & Eat the World!,0,mild,Maturity: Mild,search
8191955754,🦖Feed Your Dino,0,minimal,Maturity: Minimal,search
5775539687,[🦠] Get Big Simulator,0,mild,Maturity: Mild,search
10189616964,Eat Blobs to evolve Brainrot,0,mild,Maturity: Mild,search
10071292936,[BUG FIXES] Lucky World (NETHERITE LUCKYBLOCKS),0,moderate,Maturity: Moderate,search
10101865507,Building World ⚒️,0,minimal,Maturity: Minimal,search
10764842574,Snake Wars 🐍 +1 Length Every Second,0,minimal,Maturity: Minimal,search
9684857488,Climb Scary Hungry Snake Tower,0,mild,Maturity: Mild,search
10553616327,Snake Wars,0,minimal,Maturity: Minimal,search
9785891124,KILL SCP SNAKE🐍,0,mild,Maturity: Mild,search
6540563878,SCP Snake,0,mild,Maturity: Mild,search
10679935835,Keyboard.io,0,mild,Maturity: Mild,search
7512276786,Territory.io,0,minimal,Maturity: Minimal,search
10332663443,Worm.io 🪱,0,minimal,Maturity: Minimal,search
9875790659,(Bug fixes!) Survive The Snakes (Desert Edition),0,mild,Maturity: Mild,search
10739833562,Survive SCP Snake🐍 ,0,mild,Maturity: Mild,search
9275580335,Don't Get Eaten By a Giant Snake 🐍,0,minimal,Maturity: Minimal,search
1937142509,Wild Worms,0,mild,Maturity: Mild,search
9255164494,RUN FROM HUNGRY SNAKE! (OBBY),0,mild,Maturity: Mild,search
10133052560,[2.0]⚔️Blade Orbit IO！,0,mild,Maturity: Mild,search
7982656303,Hatch a Snake 🐍,0,minimal,Maturity: Minimal,search
7376489811,Country.io,0,minimal,Maturity: Minimal,search
9586829422,HUNGRY WORM VS SNAKE PRISON RUN! (Obby),0,mild,Maturity: Mild,search
10765357069,Grow The Longest Snake,0,minimal,Maturity: Minimal,search
9225626676,🐍 HUNGRY SNAKE PRISON RUN!,0,minimal,Maturity: Minimal,search
9624523966,🐶 Animal.io,0,minimal,Maturity: Minimal,search
10197998032,+1 Speed Escape Snakes 🐍 ,0,mild,Maturity: Mild,search
10153779787,Snake 2048 - BETA,0,minimal,Maturity: Minimal,search
10638149079,Clean the Snakes,0,minimal,Maturity: Minimal,search
9250729420,Eat a Snake,0,minimal,Maturity: Minimal,search
8175091287,Survive SONIC Becomes the SNAKE [UPDATE],0,mild,Maturity: Mild,search
10746149341,SpellSnake,0,minimal,Maturity: Minimal,search
9495549774,SCP Snake,0,mild,Maturity: Mild,search
9268003472,Survive Hungry Snake The Killer!,0,mild,Maturity: Mild,search
7518035575,Land.io,0,minimal,Maturity: Minimal,search
9703641271,🎲Snake and Chaos,0,minimal,Maturity: Minimal,search
5951747980,🐍 The Snakes,0,minimal,Maturity: Minimal,search
10765450770,Keyboard.io - ASMR Territory Capture,0,minimal,Maturity: Minimal,search
7120719736,SCP SNAKE OR DINOSAURS,0,mild,Maturity: Mild,search
10480400702,SCP Snake,0,mild,Maturity: Mild,search
4924919110,Block Eaters,0,minimal,Maturity: Minimal,search
9859699148,Eat Blobs!,0,minimal,Maturity: Minimal,search
10343795685,My Squishy Box Store🥟,0,minimal,Maturity: Minimal,search
10769188452,Eat Everything In A Grocery Store,0,minimal,Maturity: Minimal,search
7223104489,Blob Eating Simulator,0,minimal,Maturity: Minimal,search
10560298225,Eat and Grow Bigger 🦈,0,mild,Maturity: Mild,search
10767710437,FEED THE BLOB,0,minimal,Maturity: Minimal,search
10766628664,[🍔] Eat To Grow,0,minimal,Maturity: Minimal,search
10765745062,[UPD] +1 🍔 Eat to Become a Sumo!,0,minimal,Maturity: Minimal,search
10768534041,[NEW!] Blob Frenzy,0,minimal,Maturity: Minimal,search
10764314122,Eat Everything!,0,minimal,Maturity: Minimal,search
3603184994,Super Slime Simulator,0,mild,Maturity: Mild,search
7200210851,Superhero Evolution,0,minimal,Maturity: Minimal,search
9811568918,Brainrot Eat Brainrot,0,minimal,Maturity: Minimal,search
10593425705,Eat the Cake,0,minimal,Maturity: Minimal,search
9958645708,Eat A Brainrot,0,minimal,Maturity: Minimal,search
10766723292,Raise a Blob 🥕,0,minimal,Maturity: Minimal,search
10768015495,+1 Blob Slide,0,minimal,Maturity: Minimal,search
10759661128,[NEW MAP] How to Fish🐟,0,minimal,Maturity: Minimal,search
10718240577,[🌌] Steal Fish Eggs,0,minimal,Maturity: Minimal,search
10126746354,Fishing Fish,0,minimal,Maturity: Minimal,search
10761758816,Greedy Fish Stealer,0,minimal,Maturity: Minimal,search
10766691148,Ride A Fish 🐟,0,minimal,Maturity: Minimal,search
10583333097,🦈 Slime Out Fish,0,mild,Maturity: Mild,search
4576226059,Animal Sim: Underwater,0,mild,Maturity: Mild,search
10765346328,[Eat Fish 🐟] Under The Sea,0,mild,Maturity: Mild,search
7999885745,Fish Evolution,0,mild,Maturity: Mild,search
10092181670,Fish Tank Tycoon,0,minimal,Maturity: Minimal,search
10235163909,Fat Fish 🦐 → 🐡 [🏗️],0,minimal,Maturity: Minimal,search
4761277703,[UPDATE🚀] Be a Fish!🐟,0,minimal,Maturity: Minimal,search
10008606756,[🏗️] Claw Fishing,0,minimal,Maturity: Minimal,search
5193782045,"👽 | 🐠🪸THE REEF🐬🪸  - shark, fish, dolphin game",0,mild,Maturity: Mild,search
7544910729,🌊Untitled Fishing Game,0,minimal,Maturity: Minimal,search
8608304927,[🎣] Fish World,0,minimal,Maturity: Minimal,search
10135775863,Mega Fish Evolution,0,minimal,Maturity: Minimal,search
9455928498,Hunt a Fish 🏹,0,mild,Maturity: Mild,search
9351621449,Find the Fish [327],0,minimal,Maturity: Minimal,search
9715261018,How To Fish [💀 NOT JUST A FISHING GAME],0,minimal,Maturity: Minimal,search
9484532023,[🐟] Grow A Fish,0,minimal,Maturity: Minimal,search
10633493876,Fish and Mukbang,0,minimal,Maturity: Minimal,search
10329974155,+1 Fish Evolve 🐟 [WORLDS 🌍],0,minimal,Maturity: Minimal,search
9902443189,Fish A Brainrot!,0,minimal,Maturity: Minimal,search
6914889247,Be a One Pound Fish🐟,0,minimal,Maturity: Minimal,search
7924833135,Fish Go🦈,0,minimal,Maturity: Minimal,search
9555058370,[🐟] Fish and Steal,0,minimal,Maturity: Minimal,search
9538407588,Escape Tsunami For Fish!,0,minimal,Maturity: Minimal,search
4960950398,Ice Fishing Simulator 🐟,0,minimal,Maturity: Minimal,search
8729410232,Shred A Fish! 🗑️🐟,0,minimal,Maturity: Minimal,search
1037979853,Fishing Simulator! 🐟,0,minimal,Maturity: Minimal,search
10262658344,🐟 Feed A Fish,0,minimal,Maturity: Minimal,search
8955905923,[🦍 UPDT] Fishing Chef ,0,minimal,Maturity: Minimal,search
9330616906,🐟 BE A FISH BAIT! 🤖SCI-FI UPD,0,mild,Maturity: Mild,search
9689793737,Steal From Fish!,0,minimal,Maturity: Minimal,search
10010551128,Be a Lucky Fish 🐟,0,minimal,Maturity: Minimal,search
10123710821,Fish a Slime,0,minimal,Maturity: Minimal,search
10299611114,Scale Slimy Fish [UPDATE],0,minimal,Maturity: Minimal,search
10163906565,Scary Fishing 🦀 [HORROR],0,minimal,Maturity: Minimal,search
2585499130,🐟 Fish Simulator,0,moderate,Maturity: Moderate,search
9909155852,Ryu's Fishing,0,minimal,Maturity: Minimal,search
10679441410,Magnet Fishing 🧲,0,minimal,Maturity: Minimal,search
9603618844,Escape Sharks for Fishes! 🐟,0,minimal,Maturity: Minimal,search
6764180126,[🎅UPD ] GO FISHING 🐟,0,minimal,Maturity: Minimal,search
9564471172,Slap A Fish 🐟 ,0,minimal,Maturity: Minimal,search
10758214548,[🧢] Shoot To Fish,0,minimal,Maturity: Minimal,search
8668658446,Shred a Fish,0,minimal,Maturity: Minimal,search
6897035933,[NEW] Fish Training ⭐,0,minimal,Maturity: Minimal,search
8634964117, [🐠] Fish and Steal,0,minimal,Maturity: Minimal,search
7527828266,Own a Fish Pond,0,minimal,Maturity: Minimal,search
9690380550,+1 Fish Speed Escape,0,mild,Maturity: Mild,search
8944906740,[🐟] Dive Down ,0,minimal,Maturity: Minimal,search
9844978459,FISH.OS,0,minimal,Maturity: Minimal,search
7165878710,Sea Monster Survival 🦈,0,mild,Maturity: Mild,search
7126538822,Be a Silly Fish [OBBY],0,minimal,Maturity: Minimal,search
10033692849, [♋UPD 2] Fish an EGG from Rivers,0,minimal,Maturity: Minimal,search
9195537400,[🏮MID AUTUMN UPD] Hunt Giant Fish,0,minimal,Maturity: Minimal,search
9543476819,🐟Catch Longest Fish!,0,minimal,Maturity: Minimal,search
7779759515,Squid Evolution,0,mild,Maturity: Mild,search
10765463584,"Steal, Plant, Grow!",0,minimal,Maturity: Minimal,search
10427964338,🧠 +1 Size to Grow Your Head!,0,minimal,Maturity: Minimal,search
7904658126,How Big Will You Grow?,0,minimal,Maturity: Minimal,search
10592860091,+1 Tall to Escape,0,minimal,Maturity: Minimal,search
10765221743,[UPD🎃] Eat Blocks to Grow: Rush,0,minimal,Maturity: Minimal,search
10136067263,[⌛] Get Fat to Break Tape 🍗,0,minimal,Maturity: Minimal,search
10761593386,🌱 Steal to Grow Plants,0,minimal,Maturity: Minimal,search
10724269636,Grow a Pet Fighter! 🐶⚔️,0,minimal,Maturity: Minimal,search
6020068683,+1 Height Every Second,0,minimal,Maturity: Minimal,search
4027164793,Every Second You Get Taller,0,minimal,Maturity: Minimal,search
9278337831,Grow Your Legs! 🦕,0,minimal,Maturity: Minimal,search
4290156271,+1 Fat Every Second 🍔,0,mild,Maturity: Mild,search
9712933917,Get Tall For Brainrots,0,minimal,Maturity: Minimal,search
10040142185,Launch Foods to Get Huge 🍔,0,minimal,Maturity: Minimal,search
10737101552,[UPD 3 🔥] Grow A Dragon,0,minimal,Maturity: Minimal,search
9907083095,GROW [ARCTIC❄️],0,mild,Maturity: Mild,search
8090417646,Grow Every Step,0,minimal,Maturity: Minimal,search
9511890478,[🍕] +1 Fat Per Step 🍕,0,minimal,Maturity: Minimal,search
10039305299,Grow & Climb Worm,0,mild,Maturity: Mild,search
9829160070,Stomp to Grow 👟,0,mild,Maturity: Mild,search
9943413601,[🐺] Grow An Animal,0,minimal,Maturity: Minimal,search
7253578148,Grow Your Poop 💩,0,mild,Maturity: Mild,search
9245501942,💥GROW A 67,0,mild,Maturity: Mild,search
8047403329,Grow a Capybara,0,mild,Maturity: Mild,search
10160578219,Capture for Magic!,0,minimal,Maturity: Minimal,search
9774284077,Logo Color Bridge,0,minimal,Maturity: Minimal,search
3454599963,Paper Simulator,0,minimal,Maturity: Minimal,search
10630800860,Color My Flag,0,minimal,Maturity: Minimal,search
10013279162,Draw It Better! 🎨,0,minimal,Maturity: Minimal,search
8846862806,🎃 Paint Wars 🎨,0,minimal,Maturity: Minimal,search
8292778231,"Rock, Paper, Scissors!",0,minimal,Maturity: Minimal,search
4098607814,Color Escape!,0,minimal,Maturity: Minimal,search
7503626003,🎨 Color Fight,0,mild,Maturity: Mild,search
10765217107,Cut Paper! ✂️,0,minimal,Maturity: Minimal,search
4476373373,Color Hide and Seek,0,minimal,Maturity: Minimal,search
2278167893,Falling Color Block,0,minimal,Maturity: Minimal,search
6729864871,Color Everything!,0,minimal,Maturity: Minimal,search
3196777189,Can't Touch A Color 🌈,0,mild,Maturity: Mild,search
10768441007,Rock Paper Scissors Food Challenge 🍔,0,minimal,Maturity: Minimal,search
10693541235,[🔴BLOOD MOON] Roll a Paper Towel 🧻,0,minimal,Maturity: Minimal,search
10453432463,Keyboard IO,0,minimal,Maturity: Minimal,search
4523856444,Color or Die 🎨,0,mild,Maturity: Mild,search
5908291965,[UPD] Fundamental Paper Education: Morphs RP,0,minimal,Maturity: Minimal,search
7710310061,Color Battle! 🎨,0,mild,Maturity: Mild,search
7549435803,Paper Productions,0,moderate,Maturity: Moderate,search
10441199872,Find and Mark!,0,minimal,Maturity: Minimal,search
7481368716,Paper Plane Simulator,0,minimal,Maturity: Minimal,search
6873502822,Be a Paper Airplane,0,minimal,Maturity: Minimal,search
2126386806,Color Block,0,minimal,Maturity: Minimal,search
5865786032,Fundamental Paper Education! RP [3D/2D RP] ,0,mild,Maturity: Mild,search
9507248311,"Rock Paper Scissors, Eat!",0,minimal,Maturity: Minimal,search
6443187138,Fundamental Paper Education: VR Roleplay,0,minimal,Maturity: Minimal,search
6751400610,🎨Draw Or Oof!,0,minimal,Maturity: Minimal,search
6092112794,Fundamental Paper Education: Ultimate RP (DANGER),0,minimal,Maturity: Minimal,search
10766006862,Fold a Paper,0,minimal,Maturity: Minimal,search
10725486017,Rock Paper Scissors: HUNT!,0,mild,Maturity: Mild,search
10768038653,[WORLD 2] +1 Paper Plane Throw,0,minimal,Maturity: Minimal,search
9687483216,Disappearing Blocks ,0,minimal,Maturity: Minimal,search
9752658028,🏁 Paper Plane Race!,0,minimal,Maturity: Minimal,search
10765977264,📄 Clean All the Papers!,0,minimal,Maturity: Minimal,search
10113294071,PAPER PLANES!,0,minimal,Maturity: Minimal,search
7721537973,[UPD] Color Art: Coloring Games,0,minimal,Maturity: Minimal,search
8458039984,Find or Die! 🔎,0,minimal,Maturity: Minimal,search
4234745929,Answer or Die,0,minimal,Maturity: Minimal,search
10033740377,🍪 Roll Your Cookie,0,mild,Maturity: Mild,search
8898919857,Territory Royale ,0,mild,Maturity: Mild,search
10061100187,Country War RTS ,0,minimal,Maturity: Minimal,search
9801436549,Make your country 🌍,0,minimal,Maturity: Minimal,search
8776849277,Territory Takeover,0,mild,Maturity: Mild,search
8175052351,Brainrot War!,0,minimal,Maturity: Minimal,search
10577377368,Nations Roleplay X,0,minimal,Maturity: Minimal,search
8023972182,World War 3,0,minimal,Maturity: Minimal,search
10591363798,[🤝] Total Conquest,0,minimal,Maturity: Minimal,search
6946284723,Grow Your Country!,0,mild,Maturity: Mild,search
3791098497,World Map RP,0,minimal,Maturity: Minimal,search
9338696299,[COLONIZATION]👑 Dawn Of Empires [BETA],0,minimal,Maturity: Minimal,search
10174912964,Make Your Nation,0,minimal,Maturity: Minimal,search
4359989684,Global Nation Conquest,0,minimal,Maturity: Minimal,search
9842603342,[☢️ BETA ☢️] Stud Front (v.1.2) ,0,minimal,Maturity: Minimal,search
9629446733,Borders RTS [v2.1.1],0,minimal,Maturity: Minimal,search
7991437193,Conquest Europe,0,minimal,Maturity: Minimal,search
10246872585,World at War,0,minimal,Maturity: Minimal,search
10310563053,Keyboard Wars,0,minimal,Maturity: Minimal,search
6886442090,Be A Country,0,mild,Maturity: Mild,search
10711802682,Blob.io Simulator,0,minimal,Maturity: Minimal,search
5147238735,[NEW MAP] Classic Nations,0,minimal,Maturity: Minimal,search
10351191707,World Sim🌍 ,0,minimal,Maturity: Minimal,search
3122201263,👑 World Conquest III,0,minimal,Maturity: Minimal,search
4713297335,Manage Your Own Country 2,0,minimal,Maturity: Minimal,search
6662741371,War Playground,0,minimal,Maturity: Minimal,search
77752828,Lumen.io,0,minimal,Maturity: Minimal,search
9919434679,Tiny Countries [🎃HALLOWEEN],0,minimal,Maturity: Minimal,search
10112375901,Nations Creations (realistic map),0,minimal,Maturity: Minimal,search
3409041608,Manage Your Own Country,0,mild,Maturity: Mild,search
9891996127,Build a Kingdom,0,mild,Maturity: Mild,search
9251333102,Invade the World,0,mild,Maturity: Mild,search
6671012142,[UPD] Countryball Simulator,0,mild,Maturity: Mild,search
9483089801,Tiny Empires [WORLD 2],0,minimal,Maturity: Minimal,search
10543085345,Tanks - Red Vs Blue Arena Fights - CTF IO,0,minimal,Maturity: Minimal,search
3989869156,Ant War 🐜,0,mild,Maturity: Mild,search
3445872426,Countryball Neighborhood ,0,minimal,Maturity: Minimal,search
9009404274,Don't Steal the Country 🌍,0,minimal,Maturity: Minimal,search
5660587679,Nation Roleplay WW1 ,0,minimal,Maturity: Minimal,search
6771940658,Countryhuman World 🌎,0,minimal,Maturity: Minimal,search
3107720685,⚔️ Eternal War,0,minimal,Maturity: Minimal,search
10200442730,Build a Country,0,minimal,Maturity: Minimal,search
8070392042,[🌍] Steal a Country,0,minimal,Maturity: Minimal,search
9677121265,Country Glass Bridge 🌍 ,0,minimal,Maturity: Minimal,search
10136293808,[HISTORICAL] Would You Rather: Countryball Tower ,0,mild,Maturity: Mild,search
7498494611,Country Speed Clicker 🌎,0,minimal,Maturity: Minimal,search
10524810714,Prison Territories,0,mild,Maturity: Mild,search
10692141195,Maple's Claim Game,0,minimal,Maturity: Minimal,search
10040497010,[🌍]Guess My Country!,0,minimal,Maturity: Minimal,search
20587584,[ Halloween ] The Conquerors 3,0,moderate,Maturity: Moderate,search
10420582875,🧼 [UPD] Clean Your Keycaps,0,minimal,Maturity: Minimal,search
10033860700,Control An Ancient Army ⚔️,0,mild,Maturity: Mild,search
9491564476,World Quiz,0,minimal,Maturity: Minimal,search
6539234396,🇷🇺🇰🇷 BETTER COUNTRY?! 🇺🇸🇧🇷  ,0,mild,Maturity: Mild,search
3918560032,🎃 MEDIEVAL STRATEGY,0,mild,Maturity: Mild,search
10065149796,Name All Countries in Asia Quiz,0,minimal,Maturity: Minimal,search
2087494287,Mermaid Testing 🥭,0,mild,Maturity: Mild,search
7771760191,🌎 Guess the Country [🌟2 MILLION!],0,minimal,Maturity: Minimal,search
10466841239,[🔊 Sounds] Sort the ASMR!,0,minimal,Maturity: Minimal,search
10747748563,Steal an Anime Egg!,0,minimal,Maturity: Minimal,search
10269482409,Catalog Emotes Testing ✨,0,minimal,Maturity: Minimal,search
7819330645,Roll to Claim UGC,0,minimal,Maturity: Minimal,search
7514346273,🗳️ Get the Vote [ELECTION NIGHT GRAPHICS],0,minimal,Maturity: Minimal,search
109046496,[BETA] • The Lake Territory •,0,minimal,Maturity: Minimal,search
8977275931,Name All Countries in Europe Quiz,0,minimal,Maturity: Minimal,search
9150169614,Claim a Brainrot ,0,minimal,Maturity: Minimal,search
7569509385,Amber Alert 3.0 [UPD],0,mild,Maturity: Mild,search
2991376728, Squid Game,0,mild,Maturity: Mild,search
7079016635,[😱NEW] Squid Game Morphs,0,minimal,Maturity: Minimal,search
6818915584,🎠 Mingle Carousel [SQUID GAME 2],0,mild,Maturity: Mild,search
5259044414,[🚀🌊UPD!!] Find The Noobies Morphs,0,minimal,Maturity: Minimal,search
3940660455,🤩NEW Find The SCP Backrooms Rainbow Morphs,0,minimal,Maturity: Minimal,search
10506734587,💀SCP MORPHS!,0,moderate,Maturity: Moderate,search
7564537149,[UPD 33!] Italian Brainrot Morphs!,0,minimal,Maturity: Minimal,search
9701569269,[NEW] Brainrot Morphs,0,minimal,Maturity: Minimal,search
9528783772,[❄️] Brainrot  Life (Morph RP),0,minimal,Maturity: Minimal,search
10289201563,[NEW RIGS] Chameleon! 🎨,0,minimal,Maturity: Minimal,search
9704901413,[NEW] Brainrot Roleplay,0,minimal,Maturity: Minimal,search
7475154859,Demon Slayer Morph Roleplay,0,minimal,Maturity: Minimal,search
10239523852,SCP Roleplay Morphs!,0,mild,Maturity: Mild,search
9830591415,[UPD!] Bluey Roleplay 🐾,0,minimal,Maturity: Minimal,search
9745515234,)::,0,mild,Maturity: Mild,search
6599600818,[BAUMUSH🍄] Isles of Ravos,0,minimal,Maturity: Minimal,search
10573227723,[🏆X99] +1 Speed Slime ASMR Keyboard Escape,0,minimal,Maturity: Minimal,search
9954447663,Bobo Heist 🐻,0,mild,Maturity: Mild,search
1031636860,[NEW WOLF] Furana! 🐺,0,minimal,Maturity: Minimal,search
2541236151,Color Book,0,minimal,Maturity: Minimal,search
10588785840,Spot and Paint!,0,minimal,Maturity: Minimal,search
10601073148,Paint The Country!,0,minimal,Maturity: Minimal,search
10767755557,Color My Face,0,minimal,Maturity: Minimal,search
7981769390,🎨Right Color or Die💀,0,minimal,Maturity: Minimal,search
10622693591,Paint an ASMR 🎨,0,minimal,Maturity: Minimal,search
9953852712,Color A Poppy Playtime!,0,minimal,Maturity: Minimal,search
10537172776,[✨] Character Color Race,0,minimal,Maturity: Minimal,search
9282071714,Color The World ,0,minimal,Maturity: Minimal,search
10585291434,[🎨] Guess the logo color,0,minimal,Maturity: Minimal,search
10621796058,Guess the Flag Color 2,0,minimal,Maturity: Minimal,search
9003825222,Walk to Color 🎨,0,minimal,Maturity: Minimal,search
10541972222,Paint your Escape,0,mild,Maturity: Mild,search
10354167851,Paint Flags,0,minimal,Maturity: Minimal,search
10232643663,Paint My Keyboard! 🎨,0,minimal,Maturity: Minimal,search
10608908197,Paint Keyboard Flags!,0,minimal,Maturity: Minimal,search
7923797176,Coloring Games: Color & Paint! 🎨,0,minimal,Maturity: Minimal,search
4744267965,Color All Blocks!,0,minimal,Maturity: Minimal,search
10631990166,Paint The World!,0,minimal,Maturity: Minimal,search
7153021850,Color Block Bridge!,0,minimal,Maturity: Minimal,search
9990084166,[ALL AGES]🖌️Spray Paint ANYWHERE! (Draw),0,minimal,Maturity: Minimal,search
10440766252,Paint a Game!,0,minimal,Maturity: Minimal,search
10482905194,Paint your Friends!,0,minimal,Maturity: Minimal,search
10329989899,Tap to Paint: Cozy Coloring 🎨,0,minimal,Maturity: Minimal,search
10527077879,Paint ANY Image 🎨,0,mild,Maturity: Mild,search
10766073907,Guess the Superhero Color,0,minimal,Maturity: Minimal,search
8504600572,Color Switch Tower,0,mild,Maturity: Mild,search
5446959055,Paint Party 🎨,0,minimal,Maturity: Minimal,search
9838521506,[🎨] Color a Brainrot,0,minimal,Maturity: Minimal,search
9677117262,KPop Demon Hunters Color Bridge,0,minimal,Maturity: Minimal,search
10450501528,Paint ANYTHING,0,minimal,Maturity: Minimal,search
9894900328,[🎨] Match The Color,0,minimal,Maturity: Minimal,search
5334001192,Color by Number ❤️ best pixel art,0,minimal,Maturity: Minimal,search
10323568118,[🎃UPD] Paint Sneak and Seek! 🎨,0,minimal,Maturity: Minimal,search
4464597417,Hide and Seek Color Block,0,minimal,Maturity: Minimal,search
4347834056,Hide and Seek One Color,0,minimal,Maturity: Minimal,search
3129182821,Color by number ,0,minimal,Maturity: Minimal,search
7854427375,[Haikyu!!] 🎨 Color by Pixel: Anime!,0,minimal,Maturity: Minimal,search
10345261565,Paint Albums!,0,mild,Maturity: Mild,search
10211159992,Keyboard Color Bridge,0,minimal,Maturity: Minimal,search
10464150539,Butter Wax Color Bridge,0,minimal,Maturity: Minimal,search
9294461398,Color Troll Tower,0,minimal,Maturity: Minimal,search
9677119732,Logo Color Bridge 🧠,0,minimal,Maturity: Minimal,search
10769329246,Conquer Castle Commander [RELEASE],0,mild,Maturity: Mild,search
2263357862,Conquer Boxing World🥊,0,mild,Maturity: Mild,search
10199454735,Build a War Base,0,mild,Maturity: Mild,search
3187465210,Medieval War Simulator,0,mild,Maturity: Mild,search
5844427042,Sierra Mexico🔥,0,moderate,Maturity: Moderate,search
10224849445,[UPD] Be the King 👑,0,minimal,Maturity: Minimal,search
508099649,Bot Commander,0,mild,Maturity: Mild,search
4161745937,Mini Empires,0,minimal,Maturity: Minimal,search
6313088082,💂 Create Your Own Army⚔️,0,mild,Maturity: Mild,search
10737327407,Conquer the Kingdom: Age of Knights,0,minimal,Maturity: Minimal,search
3569141441,👑 Empire Clash,0,moderate,Maturity: Moderate,search
5458931963,🏝️ [OCEANIA] Continental Wars III,0,mild,Maturity: Mild,search
6550576239,Conquest: Napoleonic Wars [Pre-Alpha],0,mild,Maturity: Mild,search
7510907928,civilization survival game,0,mild,Maturity: Mild,search
4518213768,WarCommand,0,minimal,Maturity: Minimal,search
10299762956,[UPD 1.6.0] WW3 Commander,0,mild,Maturity: Mild,search
9142825681,Ancient Warfare,0,mild,Maturity: Mild,search
10605922284, Napoleonic War Bots [ 💥ARTILLERY],0,minimal,Maturity: Minimal,search
8435447325,Build an Empire 🏰,0,minimal,Maturity: Minimal,search
5617259335,War Universalis [UPDATE],0,mild,Maturity: Mild,search
7487260011,[⚔️] Unit Wars,0,minimal,Maturity: Minimal,search
10353333089,Mini Navy Empire,0,mild,Maturity: Mild,search
9912025777,Secure the Airport,0,mild,Maturity: Mild,search
9496852407,⚔️Build to Defend Loot,0,mild,Maturity: Mild,search
9984669476,⚔️ 1.8 Arena,0,mild,Maturity: Mild,search
7960300951,Bridge Battles!,0,mild,Maturity: Mild,search
10456511458,[🎃] Build to the moon!,0,minimal,Maturity: Minimal,search
10047813675,Build Playground!,0,minimal,Maturity: Minimal,search
547931095,Build a Base and Sword Fight Ultimate,0,mild,Maturity: Mild,search
2172723878,Build and Brawl,0,mild,Maturity: Mild,search
10764583210,Build Your SCP,0,minimal,Maturity: Minimal,search
1413575372,Build and Sword Fight,0,mild,Maturity: Mild,search
8752324161,Build Anything! [🛠️],0,minimal,Maturity: Minimal,search
7434179990,🛠️Build and Survive,0,mild,Maturity: Mild,search
8801683842,"Build, Fight, Steal! ",0,mild,Maturity: Mild,search
7534782259,BedFight ⚔️,0,mild,Maturity: Mild,search
3641370062,Fight Tycoon ⚔️,0,mild,Maturity: Mild,search
10766138478,+1 Strength for Eggs,0,minimal,Maturity: Minimal,search
9670341037,Build Dominos! [✏️],0,minimal,Maturity: Minimal,search
7661896382,Knockback Battles! 🥊,0,mild,Maturity: Mild,search
4914326754,Closest Build Wins!,0,minimal,Maturity: Minimal,search
10604772590,[UPD] Build Base to Survive VERITY,0,mild,Maturity: Mild,search
10667023147,[BOSSES] Build Golems and Fight,0,minimal,Maturity: Minimal,search
2516044547,ZO SAMURAI SWORD FIGHTING,0,mild,Maturity: Mild,search
9298206931,SkyBridge Duels⚔️,0,mild,Maturity: Mild,search
10047768463,Build Zombie Battle,0,mild,Maturity: Mild,search
9144170213,[ 🛠️ ] Build Survival!,0,mild,Maturity: Mild,search
8923556282,⚓ Build a Battleship,0,minimal,Maturity: Minimal,search
6633444387,Build & Switch 🧊,0,minimal,Maturity: Minimal,search
10464177392,sword fight on a baseplate,0,mild,Maturity: Mild,search
9476223593,Jenga Duel [🧱],0,minimal,Maturity: Minimal,search
10405785379,[🐝] Build a Garden Tower,0,minimal,Maturity: Minimal,search
6736482454,[🏆New Rank] Duel Warriors,0,mild,Maturity: Mild,search
10188789719,Build with Commands,0,minimal,Maturity: Minimal,search
9849695934,Dota 2 Heroes 1v1 [TECHIEES],0,mild,Maturity: Mild,search
8507372891,[⚙️] CAR BATTLES,0,minimal,Maturity: Minimal,search
1165033469,[🔨] Build and Defend,0,mild,Maturity: Mild,search
8987021199,Build A Gun 🔫🎄,0,minimal,Maturity: Minimal,search
3345149486,PVP Sword Fighting ⚔️🔥,0,mild,Maturity: Mild,search
2369077151,Build to Survive 🛠️ ,0,mild,Maturity: Mild,search
8080863905,Slap DUELS [🎉UPD!],0,mild,Maturity: Mild,search
10372466625,fight on a baseplate,0,moderate,Maturity: Moderate,search
9703774391,[Updated] 1v1 Magic Duel,0,mild,Maturity: Mild,search
9860746424,[v1.7.1] Missile Tycoon,0,minimal,Maturity: Minimal,search
10557320326,[x2] +1 Weapon Fighting Escape,0,mild,Maturity: Mild,search
4281211770,[FPS] Gun Grounds FFA,0,mild,Maturity: Mild,search
10755048940,Murder Arena [FPS],0,mild,Maturity: Mild,search
9968527241,[🎯FPS] Rocket Rumble,0,mild,Maturity: Mild,search
10739681803,Arena 👑,0,mild,Maturity: Mild,search
9949148856,[FPS] FLING,0,mild,Maturity: Mild,search
9051076068,Fort Battle Arena,0,mild,Maturity: Mild,search
10680167094,Deathmatch 🎃 [FPS],0,mild,Maturity: Mild,search
10222462778,[FPS] Pixel Arena,0,mild,Maturity: Mild,search
9897525265,[BACK!] Shotgun Arena,0,mild,Maturity: Mild,search
9508647344,Zombie Shooter: FPS Arena,0,mild,Maturity: Mild,search
10383836868,[FPS] One Shot Arena 🎯,0,mild,Maturity: Mild,search
9718702633,[FPS] Deathshot,0,mild,Maturity: Mild,search
10651630368,ONE TAP ARENA 🎯,0,mild,Maturity: Mild,search
10464566605,[SZN 1 👽] BLITZ FPS,0,mild,Maturity: Mild,search
9268643417,[FPS] Quickscope,0,mild,Maturity: Mild,search
10094947746,SHOWDOWN: Western FPS,0,mild,Maturity: Mild,search
9161802314,TGI - FPS Shot Exchange ,0,mild,Maturity: Mild,search
9706197075,[FPS] Recoil,0,mild,Maturity: Mild,search
7139435866,FREE FIRE MAX🏆,0,mild,Maturity: Mild,search
9326439632,Fate Trigger [Season2],0,mild,Maturity: Mild,search
5701821295,[FPS] Enforcement,0,moderate,Maturity: Moderate,search
9170584552,Showdown: Anime FPS ⚔️ Jutsu Shooter,0,mild,Maturity: Mild,search
1168263273,[UPDATE!] Bad Business | FPS ,0,mild,Maturity: Mild,search
2257943402,Energy Assault FPS,0,mild,Maturity: Mild,search
10390082880,[RANKED] One Shot,0,mild,Maturity: Mild,search
8856451375,Fluxo PVP [MATCHMAKING],0,moderate,Maturity: Moderate,search
9323860275,Quick Shot [FPS],0,mild,Maturity: Mild,search
9117690649,TNP - Shooting In Brazil RJ,0,mild,Maturity: Mild,search
10727889086,[🔥FPS ] Ball Arena!,0,moderate,Maturity: Moderate,search
3021395192,RIOTFALL [FPS],0,moderate,Maturity: Moderate,search
8307114974,[SEASON 3] Operation One,0,moderate,Maturity: Moderate,search
9810749088,[FPS] Murderers VS Sheriffs Arena,0,mild,Maturity: Mild,search
9885103184,(UPD) HEAT [FPS] ,0,mild,Maturity: Mild,search
7263918317,🎯 Aimbot Arena [FPS],0,mild,Maturity: Mild,search
10467265594,One Shot Arena,0,mild,Maturity: Mild,search
10275970697,💥Global Anarchy [Early Access],0,moderate,Maturity: Moderate,search
10358859224,EXCHANGE EXCHANGE - RJ FPS ,0,mild,Maturity: Mild,search
4948814458,FORTLINE,0,mild,Maturity: Mild,search
9602503826,[SEASON 6] CHAMBERED,0,mild,Maturity: Mild,search
6676525126,[FPS] DUELS🛡️,0,mild,Maturity: Mild,search
10132118238,[FPS🗡️] SHARD,0,mild,Maturity: Mild,search
8960617980,[BUGFIX] DM Arena,0,moderate,Maturity: Moderate,search
5518683179,Legends Arena,0,mild,Maturity: Mild,search
9774960955,Spear Arena,0,mild,Maturity: Mild,search
10691288629,FAVELA DO TG -  RJ FPS ,0,mild,Maturity: Mild,search
5910910774,Gun Armory Tycoon,0,mild,Maturity: Mild,search
5568657754,Gun and Armor Testing ,0,mild,Maturity: Mild,search
9496887785, Shoot or Die,0,mild,Maturity: Mild,search
1865489894,Base Battles 🔫 Gun Shooting,0,mild,Maturity: Mild,search
6199165981,Guns Tycoon,0,mild,Maturity: Mild,search
4765561827,Special Forces Simulator,0,mild,Maturity: Mild,search
6929888880,FORTLITE⭐,0,mild,Maturity: Mild,search
10272020404,[🎧] ASMR Gun Tower,0,minimal,Maturity: Minimal,search
5951638376,Manual Gun Physics Test (Beta),0,minimal,Maturity: Minimal,search
5248000811,[🔫 NEW GUNS] FLAG FRENZY! RED VS BLUE,0,mild,Maturity: Mild,search
9798197058,🔥FPS Shooter | Havoc Warfare,0,mild,Maturity: Mild,search
1709832923,Zombie Uprising,0,mild,Maturity: Mild,search
3531364646,Weapon Fighting,0,mild,Maturity: Mild,search
3232181171,The Backrooms With Guns,0,mild,Maturity: Mild,search
8160348242,MM2 Aim Trainer 2,0,mild,Maturity: Mild,search
8646579144,[⏰SALE] Realistic Guns (FPS Shooter),0,mild,Maturity: Mild,search
2931870369,Squid Game with GUNS,0,mild,Maturity: Mild,search
3624423521,Underground War 2.0 ⚔️ [NUKE],0,mild,Maturity: Mild,search
2359372488,Gun Test,0,moderate,Maturity: Moderate,search
4444526080,REALISTIC HOOD TESTING,0,moderate,Maturity: Moderate,search
5716696333,Gun Testing PVP [BETA],0,mild,Maturity: Mild,search
10509920282,[🧟] Guns VS Zombies,0,mild,Maturity: Mild,search
3645347821,❄️ BIG Paintball 2!,0,mild,Maturity: Mild,search
10613247181,+1 Gun Escape 💥,0,mild,Maturity: Mild,search
2132866904,FRONTLINES,0,moderate,Maturity: Moderate,search
10370815769,PISTOL COMBAT,0,mild,Maturity: Mild,search
9772679951,[2x🍀] Blind clone shot!,0,mild,Maturity: Mild,search
9705384247,Killstreak Battle Royale,0,mild,Maturity: Mild,search
7555529482,FORTBLOX ⭐,0,mild,Maturity: Mild,search
3781225418,🔥S4! 🔥🌴Tropical Royale🌴,0,mild,Maturity: Mild,search
4523170608,PUBG 2.0,0,mild,Maturity: Mild,search
6337547778,FORTSHOT⭐,0,mild,Maturity: Mild,search
10767753456,[📱MOBILE] Baldi Battle Royale,0,mild,Maturity: Mild,search
9130827443,[UPDATE 🎉] Battle Minigames,0,mild,Maturity: Mild,search
10112019404,KILLSTREAK,0,moderate,Maturity: Moderate,search
9258303948,Respect Arena PvP (BETA),0,mild,Maturity: Mild,search
5664710936,FORTLINE,0,mild,Maturity: Mild,search
5265857965,Legends Battlegrounds,0,mild,Maturity: Mild,search
3352937116,Fortblox Classic,0,mild,Maturity: Mild,search
833423526,Strucid,0,mild,Maturity: Mild,search
3042846352,FOBLOX,0,mild,Maturity: Mild,search
10189407467,Rolling Blox Battle Royale [ALPHA],0,minimal,Maturity: Minimal,search
8074046490,Baldi Battle Royale [ARCHIVED],0,mild,Maturity: Mild,search
9671697126,TOTAL WAR [UPD],0,moderate,Maturity: Moderate,search
2220495353,Pilfering Pirates,0,mild,Maturity: Mild,search
8155695837,Clashers Royale [Baby Dragon],0,mild,Maturity: Mild,search
5747480325,Tongue Battles,0,mild,Maturity: Mild,search
10539534813,Who wins? ⚔️ BATTLE SANDBOX,0,minimal,Maturity: Minimal,search
9857334324,Skibidi Battle Simulator,0,mild,Maturity: Mild,search
7935634976,The Lost Front,0,moderate,Maturity: Moderate,search
7913120130,Strike Zone 🔫,0,mild,Maturity: Mild,search
6595886247,[💥] Aura Battles,0,mild,Maturity: Mild,search
254394801,KAT,0,mild,Maturity: Mild,search
7027942310,(CS2) The Battle Bricks: Waves of Waves,0,mild,Maturity: Mild,search
7535585065,Doomspire Battle,0,moderate,Maturity: Moderate,search
6098829166,The Battle Bricks: Frontline,0,mild,Maturity: Mild,search
10767112865,Minecraft 1.20.6,0,mild,Maturity: Mild,search
10756673717,Minecraft: Java Edition ,0,mild,Maturity: Mild,search
10764390800,Minecraft: Java Edition,0,mild,Maturity: Mild,search
10597061354,Craftopia,0,mild,Maturity: Mild,search
10280728654,⛏️ModdedCraft💛 (GOLD LUCKY BLOCKS),0,mild,Maturity: Mild,search
10504796068,Minecraft: Roblox Edition,0,mild,Maturity: Mild,search
10443733809,⛏️Lucky Craft💛 (GOLD LUCKY BLOCKS),0,minimal,Maturity: Minimal,search
10763705553,Voxels [VERITY MOD],0,mild,Maturity: Mild,search
10766910901,Minecraft:Alpha,0,mild,Maturity: Mild,search
10656219671,MINCERAFT UKNOWN EDITION,0,mild,Maturity: Mild,search
10193602807,⛏️ Mineworld 💎 (Like Minecraft),0,mild,Maturity: Mild,search
9856900540,My World ⛏️🌍 [BUILDING],0,minimal,Maturity: Minimal,search
10088331243,💎⛏️ModdedWorld 4 :OPWorld 💎⛏️,0,mild,Maturity: Mild,search
10143730487,Lucky Skyblock,0,minimal,Maturity: Minimal,search
9590764351,[Nether Portals!] 🔥 BuildBlox [1.9.4B],0,minimal,Maturity: Minimal,search
8340680684,ONE BLOCK,0,minimal,Maturity: Minimal,search
9424606094,Dig to Bedrock!,0,minimal,Maturity: Minimal,search
8006379851,🔨 Voxel Block Builder [🙂 VERITY],0,minimal,Maturity: Minimal,search
10505557046,[🟡UPD] Verity RP,0,minimal,Maturity: Minimal,search
9292113306,Build a Minecart Track 🎢,0,minimal,Maturity: Minimal,search
7713362139,Voxel Sandbox ⚡,0,minimal,Maturity: Minimal,search
8230539962,Voxels,0,minimal,Maturity: Minimal,search
6884593919,[BUILD] Creative,0,minimal,Maturity: Minimal,search
10768563198,Minecraft,0,mild,Maturity: Mild,search
10766973976,Luckycraft [VOXEL SURVIVAL MINECRAFT],0,mild,Maturity: Mild,search
9395554342,[☀️] Ultimate Block Build 🔨,0,minimal,Maturity: Minimal,search
9973519399,Build Everywhere! [🔨],0,minimal,Maturity: Minimal,search
8827949529,🔨 Build with Blocks,0,minimal,Maturity: Minimal,search
8485370971,SkyCraft Tycoon🏝️,0,minimal,Maturity: Minimal,search
2821905072,Build to Survive 🛠️ [TESTING],0,mild,Maturity: Mild,search
10149910491,BUILD AND HIDE TO SURVIVE,0,mild,Maturity: Mild,search
10112097144,Build Blocks [🔨],0,minimal,Maturity: Minimal,search
10206911970,Find The Minecraft Plushies⛏️,0,minimal,Maturity: Minimal,search
7429356922,[ Content Deleted ],0,mild,Maturity: Mild,search
8188701792,mihecraft,0,mild,Maturity: Mild,search
9954730112,Build Freely! [🔨],0,minimal,Maturity: Minimal,search
10456832990,[NEW WORLD] +1 Pickaxe Swing Escape,0,minimal,Maturity: Minimal,search
10178802449,+1 Mine Per Click ⛏️,0,minimal,Maturity: Minimal,search
9860790808,[ Content Deleted ],0,minimal,Maturity: Minimal,search
7297161071,Secret Base Tycoon,0,mild,Maturity: Mild,search
9601223841,MineBAT!,0,mild,Maturity: Mild,search
9905244817,[🏗️] Build Something!,0,minimal,Maturity: Minimal,search
8982142320,Build a Mining Machine⛏️,0,minimal,Maturity: Minimal,search
10184247393,Power Blast Lucky Blocks!,0,minimal,Maturity: Minimal,search
9505363506,⛏️ GAMECRAFT ELEVATOR 💎,0,mild,Maturity: Mild,search
3754482795,Elemental Powers Tycoon,0,mild,Maturity: Mild,search
9324222908,[🪙] Plants & Brainrots 🌻,0,minimal,Maturity: Minimal,search
10352185757,Experience Abstraction,0,mild,Maturity: Mild,search
10596649702,Voxelcraft,0,mild,Maturity: Mild,search
10598167210,Voxels,0,mild,Maturity: Mild,search
10271190433,Build Voxels With Friends,0,minimal,Maturity: Minimal,search
10765674224,Cube Voxels Edition,0,mild,Maturity: Mild,search
10714746778,Build Your Voxel Coaster,0,minimal,Maturity: Minimal,search
10278375047,TNT Sandbox,0,mild,Maturity: Mild,search
10644475735,Voxels Craft,0,mild,Maturity: Mild,search
7915183134,🔨Voxel Playground,0,minimal,Maturity: Minimal,search
10535546432,My TNT Sandbox,0,mild,Maturity: Mild,search
10596646553,Voxel World,0,mild,Maturity: Mild,search
10276983896,⛏️ModdedCraft Voxels🌈(RAINBOW TNT BLOCKS),0,mild,Maturity: Mild,search
10535292470,[UPD!] TNT Voxel Playground,0,mild,Maturity: Mild,search
9544531673,CRAZY TNT MOD!,0,mild,Maturity: Mild,search
7947746219,Voxels [🛠️],0,minimal,Maturity: Minimal,search
9474336713,⛏️ Pixels Build 💎 NO COMBAT (NO PVP),0,minimal,Maturity: Minimal,search
10766773917,Builders Sandbox 🧱,0,minimal,Maturity: Minimal,search
7966924841,Cuboid Sandbox 🌏,0,minimal,Maturity: Minimal,search
10470803059,SandBox Simulator,0,minimal,Maturity: Minimal,search
9463214787,Voxel Playground,0,minimal,Maturity: Minimal,search
8294803979,BTOOLS SANDBOX,0,minimal,Maturity: Minimal,search
7618293590,[UPD] Voxel Warfare,0,mild,Maturity: Mild,search
9679719900,[🔮] Toaken: Voxel Survival,0,minimal,Maturity: Minimal,search
7236220487,Baldi's Voxel Game,0,minimal,Maturity: Minimal,search
8505190164,ULTIMATE Sandbox,0,minimal,Maturity: Minimal,search
6787644864,The Powder Box (All Ages),0,minimal,Maturity: Minimal,search
10127891018,Build Your Sandbox World! [🛠️],0,minimal,Maturity: Minimal,search
10071070271,🕷️Creature Sandbox,0,minimal,Maturity: Minimal,search
10461024108,Voxel Loot,0,mild,Maturity: Mild,search
2637211100,Realistic Destruction,0,mild,Maturity: Mild,search
7737608721,Build Sandbox Simulator,0,minimal,Maturity: Minimal,search
10035307966,The Creation Box,0,minimal,Maturity: Minimal,search
10384470221,ASMR Sandbox,0,minimal,Maturity: Minimal,search
9868545229,Cosmic Playground | Space Sandbox,0,minimal,Maturity: Minimal,search
10764702969,❄️ Voxel Winter Survival ❄️,0,mild,Maturity: Mild,search
4233554182,Untitled Sandbox Game,0,mild,Maturity: Mild,search
10686405376,🤑 KALBM SANDBOX + FREE ADMIN ,0,mild,Maturity: Mild,search
9755194752,Tornado Sandbox Game,0,minimal,Maturity: Minimal,search
1707552920,Ray's Mod,0,moderate,Maturity: Moderate,search
7958687634,Fruit Sandbox,0,mild,Maturity: Mild,search
10267095127,Fling Sandbox,0,mild,Maturity: Mild,search
9713717379,Grabpack Sandbox Game [MULTIPLAYER],0,mild,Maturity: Mild,search
10747920845,Weather Sandbox,0,minimal,Maturity: Minimal,search
7505220577,REPO SANDBOX,0,mild,Maturity: Mild,search
8715549179,Disaster Sandbox,0,minimal,Maturity: Minimal,search
6806064371,Nextbot Sandbox,0,mild,Maturity: Mild,search
9203438594,Kart Wars! 🏎️,0,minimal,Maturity: Minimal,search
10766251540,Kart Arena,0,mild,Maturity: Mild,search
3089546450,Roblox Karts,0,minimal,Maturity: Minimal,search
10040111439,[BETA] SMASH KART,0,minimal,Maturity: Minimal,search
6388578895,Hyper Karts 🏎️ [1.3.0] [FINAL UPDATE],0,minimal,Maturity: Minimal,search
8801332612,Cart Slide Chaos,0,minimal,Maturity: Minimal,search
10764579107,🍫 THE BEST CHOCOLATE KART  ,0,minimal,Maturity: Minimal,search
2963531345,[🎃]Sweet Spot Speedway,0,minimal,Maturity: Minimal,search
9696469640,[🌊🏎️] +1 Speed Go Kart Tsunami Escape,0,minimal,Maturity: Minimal,search
9843666609,[⭐WR] Ro-Karts Racing 🏎️,0,minimal,Maturity: Minimal,search
6710363570,Cart Crashers,0,minimal,Maturity: Minimal,search
10698454303,🍫 CHOCOLATE KART,0,minimal,Maturity: Minimal,search
9561007466,[BODYWORK] Multiclass Karting Roblox,0,minimal,Maturity: Minimal,search
9824719186,[🐾PETS!] +1 Speed Kart Tsunami Escape,0,minimal,Maturity: Minimal,search
9197822483,Build a Go Kart Track,0,minimal,Maturity: Minimal,search
9747949088,Bumper Cars! 💥,0,minimal,Maturity: Minimal,search
6361959069,Go Kart Obby! 🏆,0,minimal,Maturity: Minimal,search
1895601178,[CARS 3] Florida 500 International Speedway,0,minimal,Maturity: Minimal,search
10631624006,Loop Karts,0,minimal,Maturity: Minimal,search
5768979093,[UPD40]🏎️Death Bumper Car,0,mild,Maturity: Mild,search
6284193413,Cart Ride Mayhem,0,mild,Maturity: Mild,search
6288104616,[BETA]  Roblox Karting Game 🏁,0,minimal,Maturity: Minimal,search
10356323731,Kart Vs Wall,0,minimal,Maturity: Minimal,search
7197190464,Drift Carts 🛒,0,minimal,Maturity: Minimal,search
3244511534,[BETA] KF1 Karting ,0,minimal,Maturity: Minimal,search
6348978538,Vehicle Obby 🌈,0,minimal,Maturity: Minimal,search
2979369058,Pummu Talladega,0,minimal,Maturity: Minimal,search
10419060802,Kart Ball ⚽,0,minimal,Maturity: Minimal,search
2393639258,Drifting on a Brick 🧱🏎️,0,minimal,Maturity: Minimal,search
6214293009,Go Kart Training,0,minimal,Maturity: Minimal,search
10149170263,Smash it [NEW MAP AND JOBS]💥🚗,0,minimal,Maturity: Minimal,search
1888137890,⚙️ Rally Kart ⚙️,0,minimal,Maturity: Minimal,search
8599500903,Ban Thai Racing (New Map) 🏍️ ,0,minimal,Maturity: Minimal,search
141525295,Next Car Racing '24,0,minimal,Maturity: Minimal,search
7201268162,[CUSTOM MAPS🛠️] Shopping Drift at Driftmart 🛒,0,minimal,Maturity: Minimal,search
2804097099,SpeedLands - Anti Gravity Racing,0,minimal,Maturity: Minimal,search
5293937541,Car Racing Simulator,0,minimal,Maturity: Minimal,search
947318189,Drift Paradise,0,minimal,Maturity: Minimal,search
1480782352,Vehicle Legends 🏎️ Cars!,0,minimal,Maturity: Minimal,search
705059969,World Of Cars (Cars 3 Pack) (LIGHTNING MCQUEEN),0,minimal,Maturity: Minimal,search
10766105412,Smash A Bacon,0,minimal,Maturity: Minimal,search
5315272382,🔥[RACE] Epic Car Stunt Race Obby ,0,minimal,Maturity: Minimal,search
2544016903,Worldwide Spies,0,minimal,Maturity: Minimal,search
9162997365,Smash Watermelons,0,mild,Maturity: Mild,search
8676038949,On The Limit Racing 2,0,minimal,Maturity: Minimal,search
6651015197,🏎️[NEW MAP + NEW CARS] Velocity Drift [ALPHA],0,minimal,Maturity: Minimal,search
10765751583,[🗺️ NEW MAP] Voltline: Electric Scooters [Beta],0,minimal,Maturity: Minimal,search
7076873893,[Brainrot 🥖] Car Training Simulator  🚗,0,minimal,Maturity: Minimal,search
4336634424,[MAP] Hydrox Sandbox: UK 0.33,0,minimal,Maturity: Minimal,search
7462622504, Formula V8 Racing Roblox,0,minimal,Maturity: Minimal,search
9237877282,24 Hours of Le Mans // WHF Racing,0,minimal,Maturity: Minimal,search
10765122642,Country Battles 🥊💪,0,mild,Maturity: Mild,search
9338511689,[🍀] NFT Battle,0,minimal,Maturity: Minimal,search
194950372,🦑 Battleship Battle ⚓,0,mild,Maturity: Mild,search
9819023100,+1 Speed Kart Escape,0,minimal,Maturity: Minimal,search
4181957649,Ultimate Battlegrounds,0,mild,Maturity: Mild,search
9814393984,Battle Car Arena,0,mild,Maturity: Mild,search
9718006968,+1 Speed Go Kart Escape,0,minimal,Maturity: Minimal,search
7154362777,Mega Toilet Battles,0,mild,Maturity: Mild,search
9682696889,🖐Catch and Throw,0,mild,Maturity: Mild,search
8375166760,Bull Battles [EVOLVED ELEMENTALS],0,mild,Maturity: Mild,search
6152240396,Battle of Alliance [Halloween!],0,minimal,Maturity: Minimal,search
10685139060,🍀 RNG Battles,0,mild,Maturity: Mild,search
9506379731,(RACE MODE) RTM Race Driver ,0,minimal,Maturity: Minimal,search
1739980248,RB Battles Minigames!🏆,0,minimal,Maturity: Minimal,search
9702081004,[🎃] Brainrot Card Battles,0,minimal,Maturity: Minimal,search
10378885079,[⚔️UPD] Block Wars,0,mild,Maturity: Mild,search
4121366837,🚗 Car Race,0,minimal,Maturity: Minimal,search
10764296404,Cards Matching 🃏,0,minimal,Maturity: Minimal,search
3706874212,Formula Fantasy Racing 2026,0,minimal,Maturity: Minimal,search
7473164424,BBQ Battles 🍢,0,mild,Maturity: Mild,search
4396714365,Card Battles,0,mild,Maturity: Mild,search
10582954084,[RELEASE] Bumper Cars,0,minimal,Maturity: Minimal,search
9754702861,🚗 100 Players Car Crash,0,minimal,Maturity: Minimal,search
10761143648,Steal all Cars,0,minimal,Maturity: Minimal,search
10765153945,Steal A Car,0,minimal,Maturity: Minimal,search
8188414457,(💥CRASH!!) Monster Trucks Game,0,minimal,Maturity: Minimal,search
5819911489,Car Slide,0,minimal,Maturity: Minimal,search
5012919657,[EDITOR UPDATE] Destroy Cars with Nitro,0,minimal,Maturity: Minimal,search
10672823739,[🚧] Scrap a Car,0,minimal,Maturity: Minimal,search
1133783360,Cars vs Trains! [Switzerland!!],0,minimal,Maturity: Minimal,search
5847561303,Car Deformation testing,0,minimal,Maturity: Minimal,search
2407299543,Train VS Cars,0,minimal,Maturity: Minimal,search
9462321853,Guide the Cars,0,minimal,Maturity: Minimal,search
10766663801,⛏️ [RELEASE] Crush Cars! 🚗,0,minimal,Maturity: Minimal,search
7247359586,🚗 Be a Car,0,minimal,Maturity: Minimal,search
8024316530,Most Realistic Car Crash Game On Roblox,0,minimal,Maturity: Minimal,search
10587275939,Bid For Cars!,0,minimal,Maturity: Minimal,search
7284984754,Car Race,0,minimal,Maturity: Minimal,search
10764354222,🟡💥 Bumper Ball Arena,0,minimal,Maturity: Minimal,search
9860573128,[🏎️] Break For Cars,0,minimal,Maturity: Minimal,search
4704036464,Rocket Wheels⚽,0,minimal,Maturity: Minimal,search
8093473699,Car Crash Studio [alpha] ,0,minimal,Maturity: Minimal,search
10008717728,[🚘] Unbox a Car,0,minimal,Maturity: Minimal,search
7476990275,Car Crash Empire,0,minimal,Maturity: Minimal,search
215146006,[🎃] Cars 3,0,minimal,Maturity: Minimal,search
6019027471,Nitro Car,0,minimal,Maturity: Minimal,search
9071640727,Drift It! 🏎️,0,minimal,Maturity: Minimal,search
10613457026,[🏆] Collect Cars and Race,0,minimal,Maturity: Minimal,search
9324057975,FI Offroad Obby,0,minimal,Maturity: Minimal,search
9371278012,Build a Go Kart Track!,0,minimal,Maturity: Minimal,search
2534911783,Eight Driver Car Racing,0,minimal,Maturity: Minimal,search
7981427452,Car Racing,0,minimal,Maturity: Minimal,search
9338319787,Formula Racing 2013: Reborn,0,minimal,Maturity: Minimal,search
9124064586,(Electric Cars) Formula 2026 Racing Roblox,0,minimal,Maturity: Minimal,search
1655411599,[NEW CAR!] Project Trackday ,0,minimal,Maturity: Minimal,search
3289347862,(Pit Stops + Abu Dhabi) Roblox Touring Car Racing ,0,minimal,Maturity: Minimal,search
9830490993,Formula 2016 Racing,0,minimal,Maturity: Minimal,search
5220007219,Silvers Demo Derby 💥 [ALPHA],0,minimal,Maturity: Minimal,search
5419134725,The Dirt Track Life,0,minimal,Maturity: Minimal,search
7780703891, Turn 4: Oval Racing,0,minimal,Maturity: Minimal,search
3861202,Warehouse Demolition,0,minimal,Maturity: Minimal,search
6833902782,GEAR SLAMMED DUNES,0,minimal,Maturity: Minimal,search
6423664994,[UP 29📢] Lendas de Arrancada ,0,minimal,Maturity: Minimal,search
75213856,Car Crash Simulator,0,mild,Maturity: Mild,search
2242331141,Moowards Gate Bridge (REVAMPED),0,minimal,Maturity: Minimal,search
3572713022,[UPDATE] 🚗 Car Crash System,0,minimal,Maturity: Minimal,search
6771929557,Unions: Crash Test [Old Timer Update],0,minimal,Maturity: Minimal,search
7739799877,Realistic Car Crash Physics,0,minimal,Maturity: Minimal,search
10100148354,[REVAMP!] Drag Outlaws,0,minimal,Maturity: Minimal,search
6855204713,Teardown The bridge 2 Destruction,0,minimal,Maturity: Minimal,search
3507461489,Destroy a Bridge (5M!),0,mild,Maturity: Mild,search
457781306,Destroy Cars for Fun! 3.1.2,0,minimal,Maturity: Minimal,search
6947610458,Car Crash With Nitro,0,minimal,Maturity: Minimal,search
10104894608,VMP - Virginia MotorSport Park🏁,0,minimal,Maturity: Minimal,search
2528641125,Destroy a City,0,moderate,Maturity: Moderate,search
1788488988,Disaster Simulation [Destroy],0,moderate,Maturity: Moderate,search
85858137,Train Vs Car Ultimate,0,minimal,Maturity: Minimal,search
2536965051,[2026 UPDATE] Drip Car Driving Simulator,0,minimal,Maturity: Minimal,search
4850098335,Excavator Playground,0,minimal,Maturity: Minimal,search
56327352,Car Crushers 1,0,minimal,Maturity: Minimal,search
9474751753,Demolition Contracts 🚧 [Excavator Simulator],0,minimal,Maturity: Minimal,search
4748792720,Car Crash Physics,0,minimal,Maturity: Minimal,search
5692907469,Driving Multiplayer | DEMP Beta,0,minimal,Maturity: Minimal,search
109596908,Destroy the Hotel [Single-Player],0,mild,Maturity: Mild,search
2683516645,Train Vs Car 3,0,minimal,Maturity: Minimal,search
4294976878,🚗 Car Crash Drive,0,minimal,Maturity: Minimal,search
4797187356,Phoenix Demo,0,minimal,Maturity: Minimal,search
4498947928,(Newer version) Crash Town Game Thing,0,minimal,Maturity: Minimal,search
1084723619,REVAMP Destroy Full Size City,0,mild,Maturity: Mild,search
659292218,SPRING -Destroy New York City,0,mild,Maturity: Mild,search
2620076187,Destroy The Ship!,0,mild,Maturity: Mild,search
10148482464,test physics(Vintage Cars!),0,minimal,Maturity: Minimal,search
10000873386,NASCAR Legacy,0,minimal,Maturity: Minimal,search
8992084109,Driving Paradise🌴Alpha,0,minimal,Maturity: Minimal,search
9759989445,Highway Drifting: Hajwala,0,minimal,Maturity: Minimal,search
4778447568,Monster Trucks OVERDRIVEN,0,minimal,Maturity: Minimal,search
9545398714,Demolition Simulator,0,minimal,Maturity: Minimal,search
6819420811,Dynamic car crash simulator,0,minimal,Maturity: Minimal,search
6706976439,Car Dashcam Crash Simulator,0,mild,Maturity: Mild,search
2843111708,CrashBG.drive,0,minimal,Maturity: Minimal,search
7224206560,💥 Destroy The Bridge! (Bridge & Car crashing),0,mild,Maturity: Mild,search
10037131162, Drag Racing REVAMP (UPD),0,minimal,Maturity: Minimal,search
7069852763,[JDM PART 2] Car Crash Simulator V3,0,minimal,Maturity: Minimal,search
141055352,💥CITY DESTRUCTION💥,0,mild,Maturity: Mild,search
2992277256,🎃RoStock Racing,0,minimal,Maturity: Minimal,search
9147894165,Ttank [Alpha],0,mild,Maturity: Mild,search
9102566780,TANKS!,0,mild,Maturity: Mild,search
10375908307,Tank Wars!,0,minimal,Maturity: Minimal,search
1349383199,Tank Simulator,0,mild,Maturity: Mild,search
7889400622,🔴[AIRPLANE]WW2 Tank World ⚔️,0,moderate,Maturity: Moderate,search
4798637039,Tank Simulator (Alpha),0,moderate,Maturity: Moderate,search
6297914189,[ KV-44 🔥] WW2 Tank Simulator,0,moderate,Maturity: Moderate,search
9241313742,🔥Tank vs Brainrots: Defense🚀,0,minimal,Maturity: Minimal,search
9570505734,Girls und Panzer Tankery [UPDATE 2],0,mild,Maturity: Mild,search
10764830764,+1 Tank Evolution,0,mild,Maturity: Mild,search
10121938858,Roll a Tank,0,minimal,Maturity: Minimal,search
10236058331,Merge a Tank,0,minimal,Maturity: Minimal,search
3641597042,Artillery Showcase 🪖,0,minimal,Maturity: Minimal,search
9764131473,FPV DRONE GAME,0,moderate,Maturity: Moderate,search
10768333958,Tank an Egg,0,mild,Maturity: Mild,search
3826087550,ARMORED PATROL,0,mild,Maturity: Mild,search
8052674985,[4.6V UPDATE 🚀] Ballistic Missile Testing,0,minimal,Maturity: Minimal,search
6250314320,Be a Tank,0,mild,Maturity: Mild,search
10049843627,Tank Thunder: Air Support [BETA],0,mild,Maturity: Mild,search
4535983350,[Single] Multicrew Tank Physics Testing Simulator,0,minimal,Maturity: Minimal,search
2830199414,ACS Guns and Armor Testing 2,0,moderate,Maturity: Moderate,search
1586272220,Steel Titans [UPDATE],0,moderate,Maturity: Moderate,search
10293815984,[💥] Be a Tank!,0,minimal,Maturity: Minimal,search
9294123886,Build a Tank Army💥,0,mild,Maturity: Mild,search
10743374539,Tank VS Train,0,mild,Maturity: Mild,search
7461892956,Tank Rails [Alpha],0,mild,Maturity: Mild,search
10698499332,Tanks VS Tape,0,minimal,Maturity: Minimal,search
8213575729,Bomber Squadron,0,mild,Maturity: Mild,search
10509929125,🎯 Tank Fight,0,mild,Maturity: Mild,search
9624263601,POLIGON [UPDATE],0,minimal,Maturity: Minimal,search
3294006528,WW2 Tycoon,0,mild,Maturity: Mild,search
9332256465,Nitro Tanks,0,minimal,Maturity: Minimal,search
7347730721,Tank Training,0,minimal,Maturity: Minimal,search
9791171088,🔵 Brainrot Tanks,0,mild,Maturity: Mild,search
1787711941,[Su-25] Aircraft Carrier [BETA] ,0,mild,Maturity: Mild,search
6388241743,🦖Dinotrux panzer Battle🎖️[Multiverse] Skibidi,0,minimal,Maturity: Minimal,search
10764497709,Tank VS Toy 🧸,0,mild,Maturity: Mild,search
3317064564,CENTAURA,0,moderate,Maturity: Moderate,search
9108019193,⚓ Ship Game!,0,mild,Maturity: Mild,search
9198289807,Epic Tank Driving [NEW],0,minimal,Maturity: Minimal,search
8450202664,PANTSIR [WARFARE UPDATE],0,mild,Maturity: Mild,search
10124415914,Be a Tank for Brainrots,0,mild,Maturity: Mild,search
6335156526,Steel Battleground Clash,0,mild,Maturity: Mild,search
8955969853,💣 Build a Cannon,0,minimal,Maturity: Minimal,search
5869126282,Tank Factory Tycoon 💥,0,mild,Maturity: Mild,search
8474716023,Build A Tank,0,minimal,Maturity: Minimal,search
93690795,Tiny Tanks!,0,minimal,Maturity: Minimal,search
10755142134,Tank Tower Defense [VOID⭐],0,minimal,Maturity: Minimal,search
10765337862,Tank VS Mansion,0,mild,Maturity: Mild,search
9030793474,[⛴] Build Your Battleship,0,mild,Maturity: Mild,search
10047169785,Build to Become Tank,0,mild,Maturity: Mild,search
9038430615,My Tank Farm,0,minimal,Maturity: Minimal,search
10385352403,Trench Battles,0,mild,Maturity: Mild,search
9976186337,Missile Mayhem,0,mild,Maturity: Mild,search
8598485741,FPV DRONE [MAP VOTING!🔥],0,moderate,Maturity: Moderate,search
10764725724,Tank VS Highschool,0,mild,Maturity: Mild,search
9636299791,Unbox Your Tank,0,minimal,Maturity: Minimal,search
1932241717,Survive the Tinky Tank! [Slendytubbies],0,moderate,Maturity: Moderate,search
3347455347,Airship Assault,0,mild,Maturity: Mild,search
2686764714,Artillery Testing,0,moderate,Maturity: Moderate,search
9480933897,Tripmine Trouble 💣,0,mild,Maturity: Mild,search
112398689,Tankery! [NEW MAPS!],0,mild,Maturity: Mild,search
1751760283,War Simulator,0,moderate,Maturity: Moderate,search
770538576,Naval Warfare,0,mild,Maturity: Mild,search
2545066986,Classic Airplane Wars,0,mild,Maturity: Mild,search
21449357,Warfare Tycoon [NEW JET],0,mild,Maturity: Mild,search
4282689669,Trench Combat 💥,0,mild,Maturity: Mild,search
9314071759,Naval Strike (Hydrofoil),0,mild,Maturity: Mild,search
8549854635,Naval Warfare Remastered,0,minimal,Maturity: Minimal,search
2414038205,WW2 Battles v-2.0,0,mild,Maturity: Mild,search
10765456675,[🎃] +1 Mog Battle,0,mild,Maturity: Mild,search
83148140,✈RED VS BLUE PLANE WARS!,0,mild,Maturity: Mild,search
8438027136,Drone war [fpv update + bugs fixed],0,mild,Maturity: Mild,search
8936794900,BATTLE BOATS ⚓💣,0,mild,Maturity: Mild,search
10768857929,Build A Halloween Maze 🎃 ,0,mild,Maturity: Mild,search
10415408410,[🧀]Cheese Escape: The Maze,0,mild,Maturity: Mild,search
10524034363,Enter the Verity Maze,0,mild,Maturity: Mild,search
6319936236,100 Players Impossible Maze,0,mild,Maturity: Mild,search
9583346276,Cheese Escape : Dark Maze,0,mild,Maturity: Mild,search
2049551477,Cheese Escape [Horror],0,mild,Maturity: Mild,search
199711791,Pac-Man Roleplay,0,minimal,Maturity: Minimal,search
7219893785,100 Players Color Maze,0,mild,Maturity: Mild,search
3551414857,Shrek in The Backrooms,0,moderate,Maturity: Moderate,search
6839134517,100 Players Meme Maze,0,mild,Maturity: Mild,search
8470980958,Build a Mech,0,minimal,Maturity: Minimal,search
3472976893,Backrooms,0,mild,Maturity: Mild,search
6799406473,WWII Tycoon,0,mild,Maturity: Mild,search
9684648839,[⚡] Escape Maze For Brainrots!,0,mild,Maturity: Mild,search
6100969062,Escape Maze Head,0,mild,Maturity: Mild,search
86781307,The Maze Runner,0,mild,Maturity: Mild,search
7990331307,Troll Maze 🖐,0,mild,Maturity: Mild,search
4250967218,WW2 I Guess,0,moderate,Maturity: Moderate,search
10000394081,Titan Testing,0,mild,Maturity: Mild,search
6861536295,Cheese Escape: Maze of Secrets,0,minimal,Maturity: Minimal,search
10514330086,[🔫FFA] Deagle Duels,0,mild,Maturity: Mild,search
7133236575,Classic Duels,0,mild,Maturity: Mild,search
8476781086,Duel | Season1,0,mild,Maturity: Mild,search
10765694080,[DUELS] Murder!,0,mild,Maturity: Mild,search
10276769794,Memory Match Duels 🃏,0,minimal,Maturity: Minimal,search
9725948265,[🍁] Ricochet or Hide!,0,mild,Maturity: Mild,search
10642218771,Ricochet Arena,0,mild,Maturity: Mild,search
6049593615,Airstrikes & NPCs [Early Access] (v0.43),0,mild,Maturity: Mild,search
9758027784,TimeBomb AnkleBreak!,0,mild,Maturity: Mild,search
5554338507,Artificial Warfare,0,mild,Maturity: Mild,search
9756634366,SPIN OR DIE!,0,mild,Maturity: Mild,search
8568266462,[🌭] Tanks vs Zombies,0,moderate,Maturity: Moderate,search
9646739021,Level Your Weapon,0,mild,Maturity: Mild,search
9845585365,Dodge or Die,0,minimal,Maturity: Minimal,search
3063853166,☢️Nuke Tycoon [ROCKETS],0,mild,Maturity: Mild,search
9975893742,Find and snipe Brainrot【update】,0,minimal,Maturity: Minimal,search
7405534847,RIP SADKID246😢,0,minimal,Maturity: Minimal,search
10762891688,EG64 v0.4 Demo,0,minimal,Maturity: Minimal,search
7511201941,DEEP 🤿,0,minimal,Maturity: Minimal,search
4578260860,Try To Die 💀,0,minimal,Maturity: Minimal,search
9989000130,Deep Dive [RNG],0,minimal,Maturity: Minimal,search
7521520342,🔊Quiet or Die!,0,mild,Maturity: Mild,search
9614719948,☠️ Fall To Death RNG,0,minimal,Maturity: Minimal,search
6369934270,💀 Hide or OOF!,0,mild,Maturity: Mild,search
6975389394,RTS : Chasing [ Archived Tech-demo ],0,moderate,Maturity: Moderate,search
9870027055,💀 Death Test,0,minimal,Maturity: Minimal,search
7344582593,Die of Death,0,mild,Maturity: Mild,search
4765045658,Find the Deaths! [50],0,minimal,Maturity: Minimal,search
8099233077,When you will die 💀 Filter Game,0,minimal,Maturity: Minimal,search
8728020259,Dive Training,0,minimal,Maturity: Minimal,search
5624742469,CHASED [DEMO],0,minimal,Maturity: Minimal,search
1042702539,be dead forever simulator,0,moderate,Maturity: Moderate,search
4901806610,PLAY OR DIE,0,mild,Maturity: Mild,search
9590363506,Don't Die For Brainrots ☠️,0,mild,Maturity: Mild,search
5874493196,Dice of Death 🎲💀,0,minimal,Maturity: Minimal,search
9981270079,BOMBER 💣,0,mild,Maturity: Mild,search
78351145,Super Bomb Survival,0,mild,Maturity: Mild,search
10062969908,Timebomb Tag 💣💥,0,mild,Maturity: Mild,search
9299962353,💣 [DUELS!] Bomb Pass,0,mild,Maturity: Mild,search
6611035093,Pass or Die 💣,0,mild,Maturity: Mild,search
9914581074,[UPD 6] Timebomb Ultimate 💣💥,0,mild,Maturity: Mild,search
9661927199,💣 Pass or Explode,0,mild,Maturity: Mild,search
9824885187,[💣DUELS] Timebomb,0,mild,Maturity: Mild,search
10088001687,💣 100 Players Bomb Tag,0,mild,Maturity: Mild,search
1266079346,Bomblox,0,mild,Maturity: Mild,search
6683540153,BOMBARD 💣,0,mild,Maturity: Mild,search
9845363441,💣TimeBomb [BONEBREAK],0,mild,Maturity: Mild,search
9564673841,Monkey Bomb Tag,0,mild,Maturity: Mild,search
9898963758,[💣] Timebomb FFA [KILL VFX],0,mild,Maturity: Mild,search
3690755040,Bomb Tag 💣,0,mild,Maturity: Mild,search
9385251962,💣Bomb a Chip,0,minimal,Maturity: Minimal,search
3979578359,[REV] Bomb Tag!,0,mild,Maturity: Mild,search
2888350255,Pass The Bomb 💣,0,mild,Maturity: Mild,search
10301099569,Merge a Bomb! 💣,0,mild,Maturity: Mild,search
5553949606,Sky's Bomb Survival!! (SBS Fan-Game),0,mild,Maturity: Mild,search
3408154779,Blast Zone,0,mild,Maturity: Mild,search
409558844,Nuke Site,0,minimal,Maturity: Minimal,search
3813107352,BOMBLINE,0,moderate,Maturity: Moderate,search
1792670599,Humans vs Bombs💥,0,mild,Maturity: Mild,search
1069466626,[🎃] Pass the Bomb!,0,mild,Maturity: Mild,search
7142584993,🧨Firework Testground! [BETA],0,mild,Maturity: Mild,search
10480403314,[UPD] Nuke a City! 💥,0,minimal,Maturity: Minimal,search
10625421552,☢️ Nuclear Neighbors BETA,0,minimal,Maturity: Minimal,search
3560721497,Nuke Simulator 4 [Soon],0,minimal,Maturity: Minimal,search
6092088279,Pyro Playground 💥 [UPDATE],0,minimal,Maturity: Minimal,search
10422260180,Launch A Nuke! ☢️,0,minimal,Maturity: Minimal,search
10765787700,SKYFIRE [BETA],0,moderate,Maturity: Moderate,search
1038352792,[💵CASH] Destroy the CITY with Nukes,0,mild,Maturity: Mild,search
7600851482,Troll Bomb Tower 💣,0,mild,Maturity: Mild,search
9671104117,FIRE PLANES 🔥,0,minimal,Maturity: Minimal,search
10371606744,Launch An Airstrike ,0,minimal,Maturity: Minimal,search
10081292501,🐟 Bomb Fishing!,0,minimal,Maturity: Minimal,search
10357992717,Monobombo [🙈🙉🙊],0,minimal,Maturity: Minimal,search
6417854155,Survive 100 Days In Nuclear Bunker,0,moderate,Maturity: Moderate,search
9909593894,Human Missile 🚀💥,0,minimal,Maturity: Minimal,search
10032277412,[🚀] My Nuke Factory,0,minimal,Maturity: Minimal,search
3324110884,Base Attack,0,mild,Maturity: Mild,search
2577700536,Airsoft FE,0,mild,Maturity: Mild,search
3424483406,Firefight [BETA],0,moderate,Maturity: Moderate,search
5031192521,ICBM Launch Test Site,0,minimal,Maturity: Minimal,search
1867091689,The Awesome Missile Silo,0,minimal,Maturity: Minimal,search
9429828302,💣 حرب القنابل الاصلي (تحديث الميمز⌛),0,mild,Maturity: Mild,search
10077449488,Musical Pass The Bomb 💣🎵,0,minimal,Maturity: Minimal,search
10625609269,Bomb Jump 💣,0,mild,Maturity: Mild,search
10696569712,Bomb Tag,0,mild,Maturity: Mild,search
10680598091,🕷️Spidey Bomb Tag,0,minimal,Maturity: Minimal,search
10000174673,Anti-Gravity Timebomb,0,mild,Maturity: Mild,search
10764441217,Bomb Rolling 💣,0,mild,Maturity: Mild,search
8019422947,Troll Bomb Tower 2 💣,0,mild,Maturity: Mild,search
10475102109,Hexagon Bomb Wars,0,minimal,Maturity: Minimal,search
9817474515,☢️ Pass the Nuke! ,0,mild,Maturity: Mild,search
9572596390,Timebomb Duels Practice,0,mild,Maturity: Mild,search
9319953835,Bomb Food [+3 Player],0,mild,Maturity: Mild,search
6788960399,💥 Bomb to Mine!,0,minimal,Maturity: Minimal,search
4141504160,Bomb Digging Simulator 💣,0,minimal,Maturity: Minimal,search
9082651429,+1 BOMB Every Second,0,minimal,Maturity: Minimal,search
10765938995,Bomb Ball,0,mild,Maturity: Mild,search
10677677868,[🏍️💣] Motorcycle Bomb Tag,0,mild,Maturity: Mild,search
10556738543,+1 Bomb Mining ,0,minimal,Maturity: Minimal,search
10765774354,[💥] Nuke A Country,0,mild,Maturity: Mild,search
7310369162,Secret Staycation: Bomb Universe,0,mild,Maturity: Mild,search
10423668207,Monkey Bomb! 🙈🙉🙊,0,minimal,Maturity: Minimal,search
10323305335,💪Spirit Bomb Training,0,mild,Maturity: Mild,search
9593188417,[💣] chip de bomba de torre,0,minimal,Maturity: Minimal,search
2416677422,Exploding Mayhem,0,mild,Maturity: Mild,search
7940293048,Симулятор диггера [бомбоубежище],0,moderate,Maturity: Moderate,search
10764539302,Steal and Launch a Nuke,0,minimal,Maturity: Minimal,search
9624601035,💥KABOOM!,0,mild,Maturity: Mild,search
10514508868,Nuke a Planet,0,mild,Maturity: Mild,search
10765766451,[💣] Bomb Fish,0,minimal,Maturity: Minimal,search
10764292238,[Bomb Together] Mount Bomba,0,minimal,Maturity: Minimal,search
10767909183,TAME IT ADMIN PANEL 999X LUCK 🌈,0,minimal,Maturity: Minimal,search
10538550790,Build to Survive a Nuke 💣 ,0,minimal,Maturity: Minimal,search
10015834582,[🍍] Nuke for Brainrot,0,minimal,Maturity: Minimal,search
10081101517,شباب البومب  |  تحديث الكشتة 🏕️🚗- رول بلاي ,0,minimal,Maturity: Minimal,search
10765491459,Superhero Arena,0,mild,Maturity: Mild,search
10509003146,WINGBLADE ARENA,0,moderate,Maturity: Moderate,search
686030892,Hostile Skies ✈️ [NEW SKINS!],0,mild,Maturity: Mild,search
9564323481,Demon Arena,0,mild,Maturity: Mild,search
5664692195,Zombie Arena,0,mild,Maturity: Mild,search
10544856124,Devil Fruit Arena 💥,0,mild,Maturity: Mild,search
6154386310,[MURDERER] Classic Arena,0,mild,Maturity: Mild,search
10622255762,🐔 [OLYMPUS!] Chicken Bomber💥,0,minimal,Maturity: Minimal,search
10183742727,[BETA] Bow Arena,0,mild,Maturity: Mild,search
6013834903,[NEW SLUG] Slugterra Battle Arena,0,mild,Maturity: Mild,search
10723087263,[🎯] Dart Arena,0,mild,Maturity: Mild,search
9359960532,(UPDATE) The Mad Bomber Railway,0,minimal,Maturity: Minimal,search
4165264097, Reign Fall,0,moderate,Maturity: Moderate,search
9935338736,+1 Timebomb 💣,0,mild,Maturity: Mild,search
7638709229,KABOOM Tower 💣,0,mild,Maturity: Mild,search
10764977990,Bomb Jump Practice (MM2),0,mild,Maturity: Mild,search
9237586116,Survive 100 Days in Worm Maze,0,mild,Maturity: Mild,search
8129382678,Aimbot Shooter,0,mild,Maturity: Mild,search
9277195104,[UPD] Blind Shot,0,mild,Maturity: Mild,search
319401355,The Maze,0,moderate,Maturity: Moderate,search
3916548970,Fireworks Playground,0,mild,Maturity: Mild,search
6452903718,🔥Burn The Place,0,minimal,Maturity: Minimal,search
9797874128,Fire Rescue Simulator 🔥,0,minimal,Maturity: Minimal,search
4136641117,School Fire Alarm Testing,0,minimal,Maturity: Minimal,search
9046854412,PUT OUT FIRES!,0,mild,Maturity: Mild,search
6308001290,Tornado Fury,0,minimal,Maturity: Minimal,search
6317328035,Gran Vista Fire Roleplay [2.0],0,minimal,Maturity: Minimal,search
7808766527,School Fire Alarm Testing [BETA],0,minimal,Maturity: Minimal,search
1868903464,Fire Alarm And Shutter Testing Place 🚨,0,minimal,Maturity: Minimal,search
4610830808,Pyro Test [Firework],0,minimal,Maturity: Minimal,search
984477,Burn Down Bloxville🔥 [GESYSERS!🔥],0,mild,Maturity: Mild,search
6973979695,Fireman Sam Series 6-9 RP,0,minimal,Maturity: Minimal,search
8547400416,🚨Fire Alarm Board Testing Site,0,minimal,Maturity: Minimal,search
9191100702,Fireball Training🔥,0,mild,Maturity: Mild,search
9418847250,Fire Chile / Wildfire (Optimization),0,minimal,Maturity: Minimal,search
3003352724,Burn anything!,0,minimal,Maturity: Minimal,search
10754246438,[BETA] RotorOps - Rescue & Fire & Police,0,minimal,Maturity: Minimal,search
10624194546,Build A Firestation!,0,minimal,Maturity: Minimal,search
4142802090,Firework Simulator💥[UPDATE],0,minimal,Maturity: Minimal,search
9457830064,Fire Simulator: Rainer Valley,0,minimal,Maturity: Minimal,search
7888474757,O'Fallon Fire Protection District V3,0,minimal,Maturity: Minimal,search
9368777755,Burn a Brainrot ,0,minimal,Maturity: Minimal,search
6079476365,Firefighter Simulator🔥,0,mild,Maturity: Mild,search
10594427721,+1 Fireball Evolution🔥,0,minimal,Maturity: Minimal,search
10753914620,+1 Fire Breath Per Click,0,minimal,Maturity: Minimal,search
7391613274,GARENA FREE FIRE MAX🏆,0,mild,Maturity: Mild,search
5222677058,Goodbye play NE ROLEPLAY instead,0,moderate,Maturity: Moderate,search
10766623103,[WORLD 2] +1 Speed Fire Keyboard Escape,0,minimal,Maturity: Minimal,search
10768192568,Fight Fires 🔥,0,minimal,Maturity: Minimal,search
7784077631,Wither Storm Morph (RP),0,mild,Maturity: Mild,search
5664265279,🔥burn stuff for money,0,minimal,Maturity: Minimal,search
6886239310,Pocket Dragons: Isle of Fire [InDev],0,moderate,Maturity: Moderate,search
10765947144,🔥 Put Out a Fire,0,minimal,Maturity: Minimal,search
7639144727,☢️ [NOW] Wither Storm Simulator v0.46 💎 [UPD],0,mild,Maturity: Mild,search
10096913261,Elytra + Firework,0,minimal,Maturity: Minimal,search
8107420919,🍁🍂 | Fire Alarm Simulator,0,minimal,Maturity: Minimal,search
7362613604,Firefighting-Simulation: Schrietz,0,moderate,Maturity: Moderate,search
5588498124,(🎉PRE-RELEASE 10) Crackers Wither Storm [V4 BETA],0,mild,Maturity: Mild,search
2126600883,🔥 Escape The Fire Station Obby! (🎉UPDATE!!),0,mild,Maturity: Mild,search
9881125374,⚠ [NEW PHASES] Be The Wither Storm [UPD],0,mild,Maturity: Mild,search
5554050692,Play as Baldi 🍎,0,mild,Maturity: Mild,search
2880808628,[KNIGHT KING] FIRE FORCE ONLINE,0,mild,Maturity: Mild,search
10058464262,Blast Fire for Brainrots ,0,minimal,Maturity: Minimal,search
6700260198,[🍂] Lake Constance RP V3 | Fire Department | Police ,0,moderate,Maturity: Moderate,search
123069416,Innovation Inc. Spaceship,0,mild,Maturity: Mild,search
6255392043,Tower Defense RNG,0,minimal,Maturity: Minimal,search
10463578886,💀 House Tower Defense 2 ,0,mild,Maturity: Mild,search
9722598100,[🧸] Defend Your Plushie! TD,0,minimal,Maturity: Minimal,search
10077468510,[🚀] Zone Defense RNG,0,mild,Maturity: Mild,search
9955391014,Defend your Box Fort from Monsters,0,minimal,Maturity: Minimal,search
5117983607,[Upd 10 // part 1] Superbox siege defense ,0,mild,Maturity: Mild,search
5329077236,[UPD] Skibidi Tower Defense,0,minimal,Maturity: Minimal,search
2032463184,World Defenders TD,0,minimal,Maturity: Minimal,search
2270874096,[Miner Rework] Base Tower Defense,0,minimal,Maturity: Minimal,search
5479908441,Five Nights TD [FNTD2],0,minimal,Maturity: Minimal,search
10094621664,Untitled TD,0,minimal,Maturity: Minimal,search
10112435932,Oldest T Tower Defense [💥EP 74 PART 1],0,minimal,Maturity: Minimal,search
10479418261,ASMR Tower Defense,0,minimal,Maturity: Minimal,search
9609184239,OG Old T Tower Defense [🦃Thanksgiving],0,minimal,Maturity: Minimal,search
5252919404,Cheese Tower Defense 🧀,0,minimal,Maturity: Minimal,search
2294125564,[NEW8⭐]Demon Slayer Tower Defense Simulator,0,minimal,Maturity: Minimal,search
5207621753,[⭐EP81] Skibidi Masters Tower Defense,0,minimal,Maturity: Minimal,search
9812090239,Defend Your Base From Scary Worm,0,mild,Maturity: Mild,search
10303475129,Backrooms Tower Defense! [TD],0,mild,Maturity: Mild,search
10008450782,SOON 🎃 Multiverse TD,0,minimal,Maturity: Minimal,search
7026701434,Merge Tower Defense 7.0,0,mild,Maturity: Mild,search
3895043784,Defender's Depot 2 Tower Defense,0,mild,Maturity: Mild,search
9995767809,[10X SPEED🔴] The Noob Experiment TD,0,minimal,Maturity: Minimal,search
6710424389,Military Tower Defense,0,mild,Maturity: Mild,search
5367086137,Doomspire Defense,0,minimal,Maturity: Minimal,search
3493529497,⭐Flavor Frenzy [Tower Defense],0,minimal,Maturity: Minimal,search
8661631014,[UPD] 99 Nights Zombie Tower Defense,0,mild,Maturity: Mild,search
2114144926,[SEASON 10!] Ultimate Tower Defense,0,minimal,Maturity: Minimal,search
9900286623,[☀️]Hold the Door: Zombie Defense,0,mild,Maturity: Mild,search
1962399895,Toy Defense🧸,0,minimal,Maturity: Minimal,search
8438735581,💥 War of 1812 Tower Defense,0,mild,Maturity: Mild,search
9715999586,"""UPD🛸"" Defend your base from 67",0,minimal,Maturity: Minimal,search
5371127625,[2x DROP] Toilet Verse Tower Defense,0,minimal,Maturity: Minimal,search
5836869368,Anime Defenders,0,minimal,Maturity: Minimal,search
9803933511,Defend Your Base From Brainrots🧠,0,minimal,Maturity: Minimal,search
9089893669,🎄⚔️ Defend Your Country,0,mild,Maturity: Mild,search
9086626589,Elder T Tower Defense [💗Valentines],0,minimal,Maturity: Minimal,search
7513026554,Wild Rails Tower Defense 🚂,0,minimal,Maturity: Minimal,search
9728384176,[🔥EVENT] Jujutsu Tower Defense,0,minimal,Maturity: Minimal,search
9918481645,Carrot Tower Defense 🥕,0,minimal,Maturity: Minimal,search
10464413390,[☢️ UPDATE 0.6] War Tower Defense,0,mild,Maturity: Mild,search
7814065254,[MEDIC GUBBY] Gubby Tower Defense,0,minimal,Maturity: Minimal,search
8343243056,[2x💰💎] Brainrot Tower Defense,0,minimal,Maturity: Minimal,search
10223379762,Faz Nights Tower Defense,0,minimal,Maturity: Minimal,search
2891231433,SCP Tower Defense,0,minimal,Maturity: Minimal,search
5269127662,[UPD] Fruit Tower Defense,0,minimal,Maturity: Minimal,search
8991105066,[🌲Forest Overseer] Idle Defense,0,minimal,Maturity: Minimal,search
7366910133,[MONOCHROME EXTREME] BEAR Tower Defense 🌟,0,mild,Maturity: Mild,search
794509015,Cube Defense,0,minimal,Maturity: Minimal,search
8695949193,[🐉UPD]Mythical Tower Defense,0,mild,Maturity: Mild,search
6628327758,(🔥) Dummy Defense,0,minimal,Maturity: Minimal,search
8033552606,Brainrot Tower Defense ⭐,0,minimal,Maturity: Minimal,search
5002313367,Cool Plants vs Undead RP,0,minimal,Maturity: Minimal,search
9878824925,🌱 Plant Adventure ,0,mild,Maturity: Mild,search
6816473408,PvZ Nostalgic Zone: From The Graves (Test Realm),0,minimal,Maturity: Minimal,search
5904882644,Plants VS Zombies ZB (PLAY PUNK SOCCER!) ,0,minimal,Maturity: Minimal,search
10660190136,[⚔️] Plant Defense,0,minimal,Maturity: Minimal,search
9083514655,PvZ: Earl's Warfare Beta v0.9.0,0,mild,Maturity: Mild,search
10013403971,Defend the Garden[New Plant],0,minimal,Maturity: Minimal,search
6740725816,[UPDATE] Bad Pvz RP [Alpha],0,minimal,Maturity: Minimal,search
6510655662,Garden Defense!🧟‍♂️,0,minimal,Maturity: Minimal,search
9507488149,Recreational Zone: Reuploaded!,0,minimal,Maturity: Minimal,search
10188443172,Merge Plants vs Mobs,0,minimal,Maturity: Minimal,search
9258043104,[✨X20]Plant Brainrot Simulator,0,minimal,Maturity: Minimal,search
6827467643,Fusion Defense,0,minimal,Maturity: Minimal,search
10763830934, 【🌱New】Merge Plants VS Zombies,0,minimal,Maturity: Minimal,search
10192409239,Zombies Vs Plants Arena,0,mild,Maturity: Mild,search
9240188400,Grow Brainrot Garden,0,minimal,Maturity: Minimal,search
10434201762,[🌻] Plants vs Friends TD,0,minimal,Maturity: Minimal,search
10642906493,Merge a Zombie,0,minimal,Maturity: Minimal,search
10531477636,Mutant Plants: Base Defense[✨UPD-2.5],0,minimal,Maturity: Minimal,search
8796992228,Stop the Zombie Plants!,0,minimal,Maturity: Minimal,search
10277061984,[💀] Zombie Survival,0,mild,Maturity: Mild,search
9048295021,[🌊] My Garden Army,0,minimal,Maturity: Minimal,search
9106680644,[UPD] Merge and Fight,0,minimal,Maturity: Minimal,search
5865121953,Plants vs. Gnomes Tycoon,0,minimal,Maturity: Minimal,search
9648766701,Swat vs Sponge Zombies,0,mild,Maturity: Mild,search
8238863102,Tower of Zombies 🧟 ,0,mild,Maturity: Mild,search
8817621338,[UPD] Plants Vs Baddies 🌻,0,minimal,Maturity: Minimal,search
4982226076,Zombie game [upd3],0,mild,Maturity: Mild,search
8615180144,Team Z: CraftWorld Zombies,0,mild,Maturity: Mild,search
6358669866,Zombie Base Attack,0,mild,Maturity: Mild,search
6714837480,Mansion vs Zombies,0,mild,Maturity: Mild,search
3725528263,Zombie Survival Garry's Mod [Old],0,mild,Maturity: Mild,search
7328877831,[🛠️] Zombies vs Security,0,mild,Maturity: Mild,search
9599630721,🗡️ Fight Your Zombie,0,minimal,Maturity: Minimal,search
9649769962,Zombie Pigman vs Village,0,mild,Maturity: Mild,search
6112350547,Infection Gunfight,0,mild,Maturity: Mild,search
10693744922,(UPD 💾) Merge to Survive Zombies 🗡️,0,mild,Maturity: Mild,search
8847595471,Army vs Zombies,0,mild,Maturity: Mild,search
9671299283,[💀] SWAT VS ZOMBIES SIMULATOR,0,mild,Maturity: Mild,search
8811052020,Base vs Zombie,0,minimal,Maturity: Minimal,search
8296765616,Defend Bunker from Zombies 🧟,0,mild,Maturity: Mild,search
2114053363,Military VS Zombies 2,0,mild,Maturity: Mild,search
2528377868,Zombie Infection,0,mild,Maturity: Mild,search
8861230347,Plants Vs Fish 🐠,0,minimal,Maturity: Minimal,search
6386636731, Undead Defense,0,moderate,Maturity: Moderate,search
10325203255,[🧟] Zombie Tag,0,mild,Maturity: Mild,search
7868055955,Zombie Troll Tower,0,mild,Maturity: Mild,search
504035427,Zombie Attack,0,mild,Maturity: Mild,search
7720358637,Cops Vs. Zombies,0,mild,Maturity: Mild,search
8932863394,Zombie Brainrot Defense!,0,minimal,Maturity: Minimal,search
10654199482,[🦊] Fruit Zombie Survival ,0,mild,Maturity: Mild,search
8723838284,Zombies vs Base,0,mild,Maturity: Mild,search
9539775122,[🎉] You VS Freddy,0,mild,Maturity: Mild,search
9819653949,Escape Zombies Rail: Survival,0,mild,Maturity: Mild,search
9098570654,🧟 Survive the Apocalypse,0,mild,Maturity: Mild,search
5723690738,Noobs vs Zombies: Sandbox,0,moderate,Maturity: Moderate,search
5455619189,Zombies vs Humans,0,mild,Maturity: Mild,search
7637748042,Grow Plants 🌻,0,minimal,Maturity: Minimal,search
9871986464,[UPD] Parkour For Brainrots!,0,minimal,Maturity: Minimal,search
8816391624,Brainrot VS Plants!🧠,0,minimal,Maturity: Minimal,search
8818390554,[⭐] Plants vs Anime,0,minimal,Maturity: Minimal,search
9312830998,Craft a Brainrot,0,minimal,Maturity: Minimal,search
8220738785,[UPD] Shoot a Brainrot!,0,mild,Maturity: Mild,search
10183029417,+1 Jetpack for Brainrots,0,minimal,Maturity: Minimal,search
9216399488,Rescue Brainrots,0,minimal,Maturity: Minimal,search
10203815049,Fight Others For Brainrots!,0,mild,Maturity: Mild,search
8825490509,[✏️] Steal a Drawn Brainrot,0,minimal,Maturity: Minimal,search
8737987317,Steal a Baby Brainrot,0,mild,Maturity: Mild,search
10757504146,Steal A Brainrot Egg,0,minimal,Maturity: Minimal,search
9704343971,Grow Beanstalk For Brainrots!,0,minimal,Maturity: Minimal,search
10271341023,Lick a Brainrot 😛,0,minimal,Maturity: Minimal,search
9649298941,Survive LAVA for Brainrots!,0,minimal,Maturity: Minimal,search
10122742965, Logo for Brainrots! 🧠,0,minimal,Maturity: Minimal,search
9570888371,[🪙] Jump for Brainrots!,0,minimal,Maturity: Minimal,search
9998576154,+1 Wings for Brainrots ,0,minimal,Maturity: Minimal,search
9803714961,Build Stairs For Brainrots!,0,minimal,Maturity: Minimal,search
10065013948,Fake a Brainrot,0,minimal,Maturity: Minimal,search
10590149941,Fuse Anything into Brainrot,0,minimal,Maturity: Minimal,search
9963622286,[WORLD 4] Become a Brainrot,0,minimal,Maturity: Minimal,search
7742376157,Brainrot VS Mecha [Event Mode],0,minimal,Maturity: Minimal,search
8284783786,[👮] Arrest Brainrot,0,minimal,Maturity: Minimal,search
10318149231,Escape Lasers For Brainrots,0,minimal,Maturity: Minimal,search
10052184484,Hack Vault for Brainrots!,0,minimal,Maturity: Minimal,search
9758688665,Steal The Brainrot Base🧠,0,mild,Maturity: Mild,search
9875383684,Be a Brainrot,0,minimal,Maturity: Minimal,search
10024034551,Split Sea For Brainrots,0,minimal,Maturity: Minimal,search
10156435104,Drill Blocks for Brainrots,0,minimal,Maturity: Minimal,search
10162135165,Unleash PHONK AURA for Brainrots!,0,minimal,Maturity: Minimal,search
10045085816,Build Bridge to Brainrots,0,minimal,Maturity: Minimal,search
9757776682,Cut Grass for Brainrots,0,minimal,Maturity: Minimal,search
8722889197,Don’t Steal the Brainrots 🧠,0,mild,Maturity: Mild,search
9831616016,[NOW] 💪 Grow Huge for Brainrots,0,minimal,Maturity: Minimal,search
9089497177,[🧑‍🌾] Build a Brainrot Farm,0,minimal,Maturity: Minimal,search
8268347769,[⚔️] Farm a Brainrot,0,minimal,Maturity: Minimal,search
10765158636,Steal Brainrot Eggs,0,minimal,Maturity: Minimal,search
10588238046,Be Tornado For Brainrots,0,minimal,Maturity: Minimal,search
9784759642,Rope Bridge for Brainrots,0,minimal,Maturity: Minimal,search
9965907387,[UPD] Pole Obby for Brainrots!,0,minimal,Maturity: Minimal,search
10004760418,Roller for Brainrots!,0,minimal,Maturity: Minimal,search
10406853972,Break Tape For Brainrots,0,minimal,Maturity: Minimal,search
8357236286,Crush for Brainrots,0,minimal,Maturity: Minimal,search
9305408287,[🔨] Create your BRAINROT,0,minimal,Maturity: Minimal,search
8380556170, [UPD] Don't Wake the Brainrots!,0,minimal,Maturity: Minimal,search
8909575988,[👶] Grow a BRAINROT!,0,minimal,Maturity: Minimal,search
10204169479,Break Walls for Brainrots!,0,minimal,Maturity: Minimal,search
10044174061,Jump Clouds For Brainrots!,0,minimal,Maturity: Minimal,search
9497278040,My Scamming Brainrots!,0,minimal,Maturity: Minimal,search
9463026019,[🌴] Pop a Balloon,0,minimal,Maturity: Minimal,search
6726881488,[500m] obby but you're a balloon 🎈,0,minimal,Maturity: Minimal,search
10119860642,Spikey Balloon Pop🎈,0,minimal,Maturity: Minimal,search
9137080231,200+ Creepy Balloons,0,minimal,Maturity: Minimal,search
6255528977,Balloon Game 🎈[UPDATE🔥],0,minimal,Maturity: Minimal,search
7198930744,Balloons And Ropes,0,minimal,Maturity: Minimal,search
4791277194,Balloon Simulator 🎈,0,minimal,Maturity: Minimal,search
5225174170,Blub Defense,0,mild,Maturity: Mild,search
10728159520,🎈Blow 100 Balloons To Fly!,0,minimal,Maturity: Minimal,search
9543812374,[🎈] Don't Pop The Balloon!,0,mild,Maturity: Mild,search
9898404986,[🎈] Balloon Slashing Incremental,0,minimal,Maturity: Minimal,search
9961389755,[🤑EARN] Pop For Free,0,mild,Maturity: Mild,search
7258409775,Creepy Balloon,0,mild,Maturity: Mild,search
9968573102,[🐛] Stop The Bugs,0,minimal,Maturity: Minimal,search
9077941886,+1 Balloon Per Second 🎈,0,minimal,Maturity: Minimal,search
2644204521,Balloon test,0,minimal,Maturity: Minimal,search
10429330519,Balloon inflation factory (UPDATE),0,minimal,Maturity: Minimal,search
8618024913,[UPD9] Balloon Boy 🎈,0,minimal,Maturity: Minimal,search
10125952140,🎈 Inflate Your Balloon!,0,minimal,Maturity: Minimal,search
9546819824,Balloon to Brainrots!,0,minimal,Maturity: Minimal,search
10564968020,+1 Balloon Pop Escape,0,minimal,Maturity: Minimal,search
10252924049,Balloon Incremental,0,minimal,Maturity: Minimal,search
10509305389,[BUG FIXES] Don't Drop The Balloon🎈[2 Player],0,minimal,Maturity: Minimal,search
7211041054,Be a Balloon! [2 Player Obby] ,0,moderate,Maturity: Moderate,search
2635076450,Magic Balloon Story🎈,0,minimal,Maturity: Minimal,search
10503838245,Pop & Collect,0,minimal,Maturity: Minimal,search
9870850309,[WHY❓] BubBle ShoOting incrEmentAl? 🔫,0,minimal,Maturity: Minimal,search
9707461933,Pop a Slime!,0,minimal,Maturity: Minimal,search
10007936374,[UPDATE] Bubble Battles 2 🧼🫧,0,minimal,Maturity: Minimal,search
7548900230,Bubble Gum Clicker 🫧,0,minimal,Maturity: Minimal,search
10089507840,+1 Speed Bubble Wrap Escape | Candy🍭,0,minimal,Maturity: Minimal,search
8537350835,Defend your Castle!👑,0,mild,Maturity: Mild,search
6149959166,People Gumball Machine ,0,minimal,Maturity: Minimal,search
1582293268,Tower Blitz,0,mild,Maturity: Mild,search
7764103119,😋Bubble Gum Jumping! [W6],0,minimal,Maturity: Minimal,search
6218783244,[🏴‍☠️ PIRATE SHIP ⛵️] Ball Tower Defense,0,minimal,Maturity: Minimal,search
3450993160,Terramon,0,minimal,Maturity: Minimal,search
10182633969,Bloom's DTI Modded,0,minimal,Maturity: Minimal,search
31874888, ⛏️ Mega Miners,0,minimal,Maturity: Minimal,search
10253570298,[💎] Mining Empire,0,minimal,Maturity: Minimal,search
4031652642,⛏️ Coal Miner Tycoon,0,minimal,Maturity: Minimal,search
564406126,[🏆GUILDS] Mining Simulator,0,minimal,Maturity: Minimal,search
1144096461,Mining INC: Remastered,0,minimal,Maturity: Minimal,search
128736782,Mining Tech [ 1.5x TP ],0,minimal,Maturity: Minimal,search
10765674331,"Craft, Dig & Mine",0,mild,Maturity: Mild,search
10763458128,🌈 THE BEST GOLD MILK TREADMILL — +9999 ITEM❓,0,minimal,Maturity: Minimal,search
9893458536,The Deep Deposit,0,minimal,Maturity: Minimal,search
10322583337,GOLD,0,minimal,Maturity: Minimal,search
7432254268,⛏️ Mines,0,minimal,Maturity: Minimal,search
9759983404,[NUKE ☢️] Build an Ore Factory 💎,0,minimal,Maturity: Minimal,search
2150346856,Minerblocks,0,mild,Maturity: Mild,search
8424756247,[⛏️] Ores 💎,0,minimal,Maturity: Minimal,search
7513130835,⛏️ Drill For Ores!,0,minimal,Maturity: Minimal,search
9949843097,Grab Ores! [🦴],0,minimal,Maturity: Minimal,search
10231871497,Make a Drill Farm,0,minimal,Maturity: Minimal,search
3558292888,Mining Simulator 2,0,minimal,Maturity: Minimal,search
10558639024,Hire Miners! [BETA],0,minimal,Maturity: Minimal,search
10092691700,Mine It!,0,minimal,Maturity: Minimal,search
9326923393,The Mine  ⛏️[BETA],0,minimal,Maturity: Minimal,search
10122684448,🗼 Dig N Build ⛏️ [UPD 📈],0,minimal,Maturity: Minimal,search
9941851714,⛏️COAL-SCALE Tycoon⛏️,0,minimal,Maturity: Minimal,search
10760210375,[UPD❄️] Idle Miner,0,minimal,Maturity: Minimal,search
9736123155,[Clans] Mining Empire,0,minimal,Maturity: Minimal,search
4457345586,👑 Mining Factory Tycoon ⛏️ Mine Offline!,0,minimal,Maturity: Minimal,search
8832884753,[🍀X3] Pickaxe Simulator! ⛏️,0,minimal,Maturity: Minimal,search
10231089951,[⛏] Build a Mining Factory,0,minimal,Maturity: Minimal,search
10708762951,Mining Mayhem ⛏️,0,minimal,Maturity: Minimal,search
540856839,Treasure Hunt Simulator,0,minimal,Maturity: Minimal,search
9644748786,Just Dig It,0,minimal,Maturity: Minimal,search
8460256908,[⛏️] Mine a Block,0,mild,Maturity: Mild,search
6670199069,Go Dig,0,minimal,Maturity: Minimal,search
9288398920,[THE CORE⚡] Mine It! 💎,0,minimal,Maturity: Minimal,search
8159680792,[🍂FALL UPDATE] Mine Tycoon!,0,minimal,Maturity: Minimal,search
10758358254,Gold Hunter,0,minimal,Maturity: Minimal,search
10434427980,[⛏️] Peak Miners [🏔️],0,minimal,Maturity: Minimal,search
10512028871,[UPD] My Mining Farm,0,minimal,Maturity: Minimal,search
8448789865,Your Goblin Mine! 💰,0,minimal,Maturity: Minimal,search
10376980674,My Mining Train 🚂,0,minimal,Maturity: Minimal,search
10531729861,+1 Mine per Keyboard,0,minimal,Maturity: Minimal,search
10550348888,Mining Legends! ⛏️✨,0,minimal,Maturity: Minimal,search
10418224975,+1 TNT Mining,0,minimal,Maturity: Minimal,search
8599518829,Build a Stone Miner! ⚒️,12,vng-rating-override,Age Rating: 12+,search
3261058889,[FUSIONS] REx: Reincarnated,0,minimal,Maturity: Minimal,search
5867622846,Abyss Miner,0,moderate,Maturity: Moderate,search
8969978633,Own a Mineshaft,0,minimal,Maturity: Minimal,search
8548805653,Hire a Miner ⛏️,0,minimal,Maturity: Minimal,search
5527401443,💎 Rarity Miner ⛏️ ,0,minimal,Maturity: Minimal,search
10526766899,[💎] Mine Tycoon,0,minimal,Maturity: Minimal,search
10127188842,[🏖️] Mining RNG,0,minimal,Maturity: Minimal,search
7177812860,Desert Detectors,0,minimal,Maturity: Minimal,search
6408697437,Mining Tycoon 💎,0,minimal,Maturity: Minimal,search
9595795883,My Mining Brainrots,0,minimal,Maturity: Minimal,search
10766400895,Mine for Eggs!,0,minimal,Maturity: Minimal,search
105689481,[🎂] Miner's Haven ⛏️ Sandbox Tycoon,0,mild,Maturity: Mild,search
8515615687,Build a Mine!,0,minimal,Maturity: Minimal,search
9608676299,Build a Digger,0,minimal,Maturity: Minimal,search
8181295285,"[NEW]Stone Miner Evolution
",0,minimal,Maturity: Minimal,search
7494371845,Ore Factory Tycoon⛏️ [UPDATE],0,minimal,Maturity: Minimal,search
10432410993,⛏️Mine RNG [UPDATE],0,minimal,Maturity: Minimal,search
7498824809,Claw Machine Arcade!,0,minimal,Maturity: Minimal,search
8377284104,Claw Machine Hub,0,minimal,Maturity: Minimal,search
8312429877,Japan Claw Machine Arcade 🕹️,0,minimal,Maturity: Minimal,search
2477616476,Advanced Claw Machine ,0,minimal,Maturity: Minimal,search
9308440722,[🎁] Human Claw Machine,0,minimal,Maturity: Minimal,search
10765845377,Be a Claw Machine,0,minimal,Maturity: Minimal,search
2630305393,Claw Machine Simulator! 🕹️,0,minimal,Maturity: Minimal,search
4203689348,The Claw🕹️,0,minimal,Maturity: Minimal,search
4917077789,🎃 ROBLOX ARCADE,0,minimal,Maturity: Minimal,search
9698564383,Anime Claw Machine,0,minimal,Maturity: Minimal,search
8354490620,[🕹️ NEW] Grab A Plush,0,minimal,Maturity: Minimal,search
6997888115,Best Biggest Playground Indoor Softplay waterpark,0,minimal,Maturity: Minimal,search
7132283081,Claw Machine World,0,minimal,Maturity: Minimal,search
762495947,Arcade Island [Working Arcade],0,minimal,Maturity: Minimal,search
9000788598,Brainrot Claw Machine,0,minimal,Maturity: Minimal,search
10620855210,Squishies Arcade!,0,minimal,Maturity: Minimal,search
1100027381,🕹️Chester's Pizza & Arcade🍕,0,minimal,Maturity: Minimal,search
7487560956,Cornerstone Game Corner,0,minimal,Maturity: Minimal,search
9697502306,Slap Chips 🖐️,0,mild,Maturity: Mild,search
10322701845,[W5 & W6] +1 Claw to Escape!,0,minimal,Maturity: Minimal,search
8993165353,Win a Brainrot,0,minimal,Maturity: Minimal,search
7688358693,Build an Arcade 🕹️,0,minimal,Maturity: Minimal,search
10764507144,[🍀] Lucky Claw RNG,0,minimal,Maturity: Minimal,search
7227677900,[🎃 HOUSES!] The KPOP Arcade,0,minimal,Maturity: Minimal,search
10577668630,+1 Claw Slash Escape,0,minimal,Maturity: Minimal,search
10767055290,Claw An Egg,0,minimal,Maturity: Minimal,search
10217234318,Trade Squishy Dumplings,0,minimal,Maturity: Minimal,search
10362449004,Squishy Tycoon,0,mild,Maturity: Mild,search
9015448173,Digital Store Simulator,0,minimal,Maturity: Minimal,search
3675434032,AEON MALL ROBLOX,0,mild,Maturity: Mild,search
10662545106,[🕹️] Claw for Brainrots!,0,minimal,Maturity: Minimal,search
10764589729,Own a Vending Machine,0,minimal,Maturity: Minimal,search
8343209578,The Move Machine,0,mild,Maturity: Mild,search
7581050200,Popmarket Simulator,0,minimal,Maturity: Minimal,search
8285564121,UnBox BlindBoxes!,0,minimal,Maturity: Minimal,search
9707797450,Brainrot Vending Machine,0,minimal,Maturity: Minimal,search
10422399654,Clean My Keyboard! 🧼,0,minimal,Maturity: Minimal,search
5484216641,Arcade Punch Simulator,0,minimal,Maturity: Minimal,search
5533661040,Washing Machine DESTRUCTION!!🎃,0,minimal,Maturity: Minimal,search
9669550807,My Boba Store,0,minimal,Maturity: Minimal,search
10259258713,Find The Squishies [121🔎],0,minimal,Maturity: Minimal,search
10768849878,УБЕГИ ОТ МАШЕНЬКИ !,0,mild,Maturity: Mild,search
1302552631,Wash Machine,0,minimal,Maturity: Minimal,search
495735659,Washing Machines,0,mild,Maturity: Mild,search
10459220645,+1 Smash a Machine 💥,0,minimal,Maturity: Minimal,search
10635348596,[UPD2] Machine Party 💥,0,mild,Maturity: Mild,search
8369084178,Neon's Washing Machine Destruction (REVAMPED!),0,mild,Maturity: Mild,search
10765180042,The Coffee Machine,0,mild,Maturity: Mild,search
1648496580,Bendy and the ink Machine,0,mild,Maturity: Mild,search
10325708076,Squishy Dumpling Trading,0,minimal,Maturity: Minimal,search
9939849638,Crawl Under Lasers for Brainrots,0,minimal,Maturity: Minimal,search
7450124099,Anime Life,0,minimal,Maturity: Minimal,search
10763394031,+1 Punch Machine Escape,0,minimal,Maturity: Minimal,search
9549611152,[🌈] My Stickers,0,minimal,Maturity: Minimal,search
10259869689,Spin A Keycap!,0,minimal,Maturity: Minimal,search
6959196911,🧲 Magnet Fishing [Alpha],0,minimal,Maturity: Minimal,search
4491246195,War Machines,0,mild,Maturity: Mild,search
9255895519,[✨CODES] Trade Needohs!,0,minimal,Maturity: Minimal,search
3525216374,Washing Machine Destruction,0,mild,Maturity: Mild,search
10744763810,Claw Arcade Tycoon,0,minimal,Maturity: Minimal,search
10474921346,+1 Escape Claw ,0,minimal,Maturity: Minimal,search
7028875382,Claws in Suits (Uncopylocked),0,mild,Maturity: Mild,search
7037985543,Snail Evolution🐌,0,mild,Maturity: Mild,search
7883887268,🔪 Keys and Knives [SQUID GAME 3],0,mild,Maturity: Mild,search
10199015324,Catch a Fish 🐟,0,minimal,Maturity: Minimal,search
5985126622,void fishing,0,minimal,Maturity: Minimal,search
6954676053,[⛵BOAT+BLOOP🐟]Area🏞️ Fishing🦈🎣,0,minimal,Maturity: Minimal,search
7900036983,[🐟] Catch a Fish,0,minimal,Maturity: Minimal,search
10009809198,Fish And Monsters!,0,minimal,Maturity: Minimal,search
10512998138,Find the Chameleons [301],0,minimal,Maturity: Minimal,search
9731857286,My Fishing Anime,0,minimal,Maturity: Minimal,search
10096370039,[UPD5] Fishing RNG,0,minimal,Maturity: Minimal,search
8320892864,[UPD] Fish a Brainrot,0,minimal,Maturity: Minimal,search
8283618573,Catch Critters [🐞],0,minimal,Maturity: Minimal,search
9749424505,🐟 (Island 4!) Fish Collector Incremental,0,minimal,Maturity: Minimal,search
10151029465,[UPD] Would You Rather: Pet ASMR Keys Tower,0,minimal,Maturity: Minimal,search
10401405966,[UPD] CRAB or STAB🦀,0,mild,Maturity: Mild,search
8037845630,Toy Hide & Seek 🧸,0,mild,Maturity: Mild,search
10101579159,Fishing Race Simulator!,0,minimal,Maturity: Minimal,search
9898510520,Bait a Fish🐟,0,minimal,Maturity: Minimal,search
4991107470,Find the Keys,0,minimal,Maturity: Minimal,search
7938992417,GRAB,0,mild,Maturity: Mild,search
6704505415,Find The Pou Poos 💩,0,mild,Maturity: Mild,search
10747883994,🧀 Golden Cheese,0,minimal,Maturity: Minimal,search
10456786408,Steal the Bobo 🐻,0,mild,Maturity: Mild,search
7453941040,DANGEROUS NIGHT [FURNISH THE BUNKER],0,mild,Maturity: Mild,search
3882062045,Find The Simpsons [285],0,minimal,Maturity: Minimal,search
10741302505,Collect 1 Million Items [✨] ,0,minimal,Maturity: Minimal,search
10147259486,Find the Dumpling [143],0,minimal,Maturity: Minimal,search
3056160040,Find the Markers (321),0,minimal,Maturity: Minimal,search
2020908522,[🎃] Mega Hide and Seek!,0,minimal,Maturity: Minimal,search
9554929067,Dig Into Planet! ⛏️ ,0,minimal,Maturity: Minimal,search
10529506596,Scary Gorilla Tag,0,mild,Maturity: Mild,search
3555581615,[140] Find The Cans,0,minimal,Maturity: Minimal,search
10766823152,Dig Deep,0,minimal,Maturity: Minimal,search
10754208508,🔍 Find the Needle!,0,minimal,Maturity: Minimal,search
6664442620,[🎂🍬] Find The One Piece [481],0,minimal,Maturity: Minimal,search
9819121393,GrabTime [Grabpack Testing],0,minimal,Maturity: Minimal,search
6495484417,[200] Find The Button! 🔴,0,minimal,Maturity: Minimal,search
7454886130,🎉 Find Sonic Morphs [40],0,minimal,Maturity: Minimal,search
3566531630,Find The Floppa Morphs (855),0,mild,Maturity: Mild,search
10765635650,Impossible Animals,0,mild,Maturity: Mild,search
8259360064,Find The Rocks! (41),0,minimal,Maturity: Minimal,search
10766716334,Find The Salt,0,minimal,Maturity: Minimal,search
9547570477,Find the OSC [395],0,minimal,Maturity: Minimal,search
10121272504,🎪Find the Digital Circus [52],0,minimal,Maturity: Minimal,search
9873484178,[Map 10]Find The Poppy Playtime,0,mild,Maturity: Mild,search
4063143000,(Up-to-date) [399] Find the Toasties,0,minimal,Maturity: Minimal,search
6196921087,Find The Snacks [930!! SPOOKY SZN!!!]🎃🕸️🕷️,0,minimal,Maturity: Minimal,search
10210013806,[🦖UPD] Find the Needohs! (190),0,minimal,Maturity: Minimal,search
9643802350,[UPD]🧟 Dig and Survive,0,mild,Maturity: Mild,search
10576739951,MM2 of The Locust [ORIGINAL] ,0,mild,Maturity: Mild,search
8108474101,FD6 - The Skyview Experience,0,minimal,Maturity: Minimal,search
10549549666,Crown or Pass 👑,0,minimal,Maturity: Minimal,search
7396351273,Find The Button,0,minimal,Maturity: Minimal,search
9585556577,Survive Fast Fredbear The Killer!,0,moderate,Maturity: Moderate,search
9204717974,⛏️ Dig To Rescue 67,0,minimal,Maturity: Minimal,search
10644103316,🎃 Dig Haunted Items! [HALLOWEEN],0,minimal,Maturity: Minimal,search
10198825880,[🎃] Slime Card Collection,0,minimal,Maturity: Minimal,search
6612201636,Find The Button 🔍,0,minimal,Maturity: Minimal,search
7475934039,[W11] 💎 Dig 1 Million Blocks,0,minimal,Maturity: Minimal,search
9404155369,Dig Out of School 🏫,0,minimal,Maturity: Minimal,search
9352840896,[UPD] 🤪Super Epic Crazy Tag,0,minimal,Maturity: Minimal,search
10764249175,Find the Slimes [115],0,minimal,Maturity: Minimal,search
10764835795,Dig and Steal Loot,0,minimal,Maturity: Minimal,search
10761017948,A Fishing Trip,0,moderate,Maturity: Moderate,search
10608683167,Aussie Anglers Fishing,0,minimal,Maturity: Minimal,search
9604447901,🌊 Tiny Ocean,0,minimal,Maturity: Minimal,search
8916375040,My Fishing Brainrots,0,minimal,Maturity: Minimal,search
10761586925,Fishing Wars 🌋 [VOLCANO],0,minimal,Maturity: Minimal,search
10257166412,Fishing Tycoon 🎣,0,minimal,Maturity: Minimal,search
10539208169,[🎣]Fish For Junk,0,minimal,Maturity: Minimal,search
10333128931,[⚓] My Fishing Empire!,0,minimal,Maturity: Minimal,search
7629758628,My Fishing Pier🐠,0,minimal,Maturity: Minimal,search
10757728712,Capture Fish! 🐟,0,minimal,Maturity: Minimal,search
10261825550,[CUSTOMIZATION! + ENGINE TUNING!] Pine Creek 2,0,minimal,Maturity: Minimal,search
7479540572,[Boat Customization!] Freshwater Cove 2,0,minimal,Maturity: Minimal,search
10747506682,How To Fish,0,mild,Maturity: Mild,search
9662358743,[🌙] My Fishing FNAF,0,minimal,Maturity: Minimal,search
8741232785,Spear Fishing[UPD],0,minimal,Maturity: Minimal,search
7975284276,+1 Fishing Farm,0,minimal,Maturity: Minimal,search
8087150802,Hire a Fisher 🎣,0,minimal,Maturity: Minimal,search
9170059646,Fish On 🎣,0,minimal,Maturity: Minimal,search
7082423811,🌊 Raft Tycoon,0,minimal,Maturity: Minimal,search
9993333867,Fishing for Brainrots,0,minimal,Maturity: Minimal,search
10764105980,Risky Fish! 🐟,0,minimal,Maturity: Minimal,search
10757690102,🐟 How to Fisch!,0,minimal,Maturity: Minimal,search
7990497797,Fishy Reef,0,minimal,Maturity: Minimal,search
9707149427,Infinite Fishing Simulator[Admin Sale],0,minimal,Maturity: Minimal,search
10758034175,[ICE 🧊] How to Really Fish,0,mild,Maturity: Mild,search
9911099249,[UPDATE] Fishing Conquest [FC],0,minimal,Maturity: Minimal,search
9798935516,[Aquariums] Florida Fishing Tycoon,0,minimal,Maturity: Minimal,search
3558575426,(New Limited Boat!!!!🚤)River Rat boating,0,minimal,Maturity: Minimal,search
10754246618,Fish For Brainrots! 🎣,0,minimal,Maturity: Minimal,search
7047526016,Freshwater Cove ,0,minimal,Maturity: Minimal,search
9838453857,[🦈] Catch and Cook!,0,minimal,Maturity: Minimal,search
10766160246,Magnet Fishing Simulator,0,minimal,Maturity: Minimal,search
10765865816,🐟How To Fish Simulator,0,minimal,Maturity: Minimal,search
7926427431,[UPD] Fish Hunter,0,minimal,Maturity: Minimal,search
8342498724,Heavyweight Fishing,0,minimal,Maturity: Minimal,search
5576955991,[🗺️] Sail and Sink Simulator! UPDATE,0,minimal,Maturity: Minimal,search
8662820852,⭐Star Fishing🎣,0,minimal,Maturity: Minimal,search
9866884975,Sail Your Boat,0,minimal,Maturity: Minimal,search
10227379868,[🎣] Build A Fishing Empire!,0,minimal,Maturity: Minimal,search
10166853312,Lake Sipping🥤,0,minimal,Maturity: Minimal,search
8795663917,Build a Fish Tycoon,0,minimal,Maturity: Minimal,search
10765007812,Steal and Fish,0,minimal,Maturity: Minimal,search
10459736061,[2X LUCK🍀] Spin a Dino,0,minimal,Maturity: Minimal,search
9690977498,[🌋] Steal Fish from Sammy 🤫,0,minimal,Maturity: Minimal,search
8061748683,[🔱 NEW UPDATE] Fish Tower Defense,0,minimal,Maturity: Minimal,search
10762546555,🎣  How to Catch Fish,0,minimal,Maturity: Minimal,search
7907828295,Steal A Fish,0,minimal,Maturity: Minimal,search
10754007975,How to Shoot Fish,0,mild,Maturity: Mild,search
8082535017,[🐟] My Singing Fish,0,minimal,Maturity: Minimal,search
6077339070,🎪 Fishu [FESTIVAL ISLAND],0,mild,Maturity: Mild,search
10766369751,[EVOLVE] Jump For Fish!,0,minimal,Maturity: Minimal,search
10735798384,Fry A Fish!🐟 ,0,minimal,Maturity: Minimal,search
9667940595,🐟 Catch Your Fish,0,minimal,Maturity: Minimal,search
8548558194,[🐟] Trade a Fish,0,minimal,Maturity: Minimal,search
10218246447,[UPD] Fish Tycoon 🎣 ,0,minimal,Maturity: Minimal,search
7024919397,[NEW] Fish Store Tycoon 🐟,0,minimal,Maturity: Minimal,search
8243724761,[🦖] Farm a Fish 🐟,0,minimal,Maturity: Minimal,search
10571931771,[UPD!] +1 Scoop Water for Fish,0,minimal,Maturity: Minimal,search
10767609708,Learn to Fly,0,minimal,Maturity: Minimal,search
10766995619,Learn To Fly 🐧,0,minimal,Maturity: Minimal,search
8791886593,🚀 LEARN TO FLY,0,minimal,Maturity: Minimal,search
10291303936,WINGS FLYING!,0,minimal,Maturity: Minimal,search
5157735000,✈️ Work at an Airport Flight Simulator RP,0,minimal,Maturity: Minimal,search
10499436059,+1 Super Hero Fly Escape,0,minimal,Maturity: Minimal,search
6143226737,Flying Boot Race Simulator,0,minimal,Maturity: Minimal,search
5620725145,[AIRBUS A340!] Flight Master,0,minimal,Maturity: Minimal,search
6172721363,[✈️ UPD] Become a Plane and Fly,0,minimal,Maturity: Minimal,search
8334778492,[UPD🏴‍☠️] Fly and Save Princess,0,minimal,Maturity: Minimal,search
10236413583,🦅 +1 Fly Evolve ,0,mild,Maturity: Mild,search
4945187728,Go Flying!,0,minimal,Maturity: Minimal,search
7437489640,✈️ Be a Jet,0,minimal,Maturity: Minimal,search
7782036711,🚀 Fly to SPACE!,0,minimal,Maturity: Minimal,search
10418299442,+1 Jetpack Fly Escape 🚀,0,minimal,Maturity: Minimal,search
10764974152,🪽 +1 Speed Fly Escape,0,minimal,Maturity: Minimal,search
6722219456,Every Click +1 Fly 🚀,0,minimal,Maturity: Minimal,search
10101652089,Fly Fly?,0,mild,Maturity: Mild,search
10292105854,+1 Fly Dragon Escape,0,minimal,Maturity: Minimal,search
10236905167,Build to Fly! ✈️ [W6],0,minimal,Maturity: Minimal,search
8280601032,🪽 Fly around the world!,0,minimal,Maturity: Minimal,search
10375890750,[NEW❗] +1 Fly Obby Escape 🦅,0,minimal,Maturity: Minimal,search
9537727385,+1 Speed Glider Escape🪂,0,minimal,Maturity: Minimal,search
6597196492,Flying RNG 🎲 ,0,minimal,Maturity: Minimal,search
8354853239,[x2] Plane Race with 99 Propellers ✈️,0,minimal,Maturity: Minimal,search
9865206394,Airplane Training ✈️,0,minimal,Maturity: Minimal,search
9821934793,[WORLD 2] Wing Training,0,minimal,Maturity: Minimal,search
3661799116,Aviation Airfield [FLY PLANES!],0,mild,Maturity: Mild,search
8938842486,✈️ Climb and Race Planes! [NEW!],0,minimal,Maturity: Minimal,search
10765269248,[NOW!!] Fly For Animals,0,minimal,Maturity: Minimal,search
6830856257,Luxury Plane Tycoon 🛫,0,minimal,Maturity: Minimal,search
4304597338,[UPDATE] RC Park,0,minimal,Maturity: Minimal,search
8341069971,Build and Fly!,0,minimal,Maturity: Minimal,search
10764720115,+1 Drone Fly Escape,0,minimal,Maturity: Minimal,search
10101510806,[💎] Fly with Brainrot,0,mild,Maturity: Mild,search
7364907416,Plane Training✈️ ,0,minimal,Maturity: Minimal,search
10765462945,+1 Fly Dragon Obby Escape,0,minimal,Maturity: Minimal,search
9842340295,[X20] Paper Plane Training ✈️,0,minimal,Maturity: Minimal,search
10352860257,🪂 Fly a Glider,0,minimal,Maturity: Minimal,search
9859477883,[🪂 UPD!] Fly Your Wings!,0,minimal,Maturity: Minimal,search
9710064812,Fly for Brainrots!,0,minimal,Maturity: Minimal,search
167604897,Expert Skydiving,0,minimal,Maturity: Minimal,search
3253497543,Glider Simulator [FIXES],0,minimal,Maturity: Minimal,search
10611089249,+1 Spin to Fly 🤸,0,minimal,Maturity: Minimal,search
7691616965,[🌋UPD] Fly a Jetpack 🚀,0,minimal,Maturity: Minimal,search
157483075,Avionics | Plane Crash Simulator,0,minimal,Maturity: Minimal,search
9632920496,Fly it!  [ 1 - 3 PLAYER],0,minimal,Maturity: Minimal,search
10460186844,Make it Fly! ✈️ [Build A Plane],0,minimal,Maturity: Minimal,search
10147484373,+1 Fly for Brainrots 🪽,0,minimal,Maturity: Minimal,search
10761512306,Slap And Fly! 👏,0,minimal,Maturity: Minimal,search
4065065844,Building towers to fly further [Italian brainrot],0,minimal,Maturity: Minimal,search
5221445697,Aircraft Testing Hub,0,minimal,Maturity: Minimal,search
696816444,Aerobatic Flying 🛩 Skydive [Helicopter],0,minimal,Maturity: Minimal,search
2152417643,🛫 [FLY!] Liberty Airport Flight Simulator RP,0,minimal,Maturity: Minimal,search
10518347232,Fly Jump Tower,0,minimal,Maturity: Minimal,search
10473812862,Fly IT!,0,minimal,Maturity: Minimal,search
10013701413,🪂 Highest Skydive,0,minimal,Maturity: Minimal,search
253138866,Real Plane Physics Test,0,minimal,Maturity: Minimal,search
9805920337,Transform and Fly for Brainrot,0,moderate,Maturity: Moderate,search
5361859890,Launch Into Space Simulator🚀,0,minimal,Maturity: Minimal,search
9846742992,[💥]Pet Launch Simulator,0,minimal,Maturity: Minimal,search
10345958169,🚀 Launch To Moon!,0,minimal,Maturity: Minimal,search
8189230007,Launch My Rocket Simulator,0,minimal,Maturity: Minimal,search
9948670918,Launch! [🚀],0,minimal,Maturity: Minimal,search
5495994056,untitled space game,0,minimal,Maturity: Minimal,search
8846020090,Jump to Space,0,minimal,Maturity: Minimal,search
1818838682,[MOVED GROUP] Space Shuttle Launch Simulator ,0,minimal,Maturity: Minimal,search
9892806727,Launch Plane for Brainrots,0,minimal,Maturity: Minimal,search
7826415385,Starship Simulator (Early Access),0,minimal,Maturity: Minimal,search
156344238,Astronaut Simulator,0,minimal,Maturity: Minimal,search
4681964589,Go For Launch!,0,minimal,Maturity: Minimal,search
9648462372,[🌮 TACO] 🐧Launch a Penguin!,0,minimal,Maturity: Minimal,search
424295378,[🪐] Go to the Galaxy,0,minimal,Maturity: Minimal,search
10336056043,Be a rocket,0,minimal,Maturity: Minimal,search
10526513119,Nuke Planets!,0,minimal,Maturity: Minimal,search
9120683628,Build A Rocket To The Moon🚀,0,mild,Maturity: Mild,search
7988545741,Space Racing 🚀,0,minimal,Maturity: Minimal,search
2830670431,Space Exploring Simulator [UPDATE],0,mild,Maturity: Mild,search
1850621494,Ride a rocket to the ISS or MOON!,0,minimal,Maturity: Minimal,search
9293362703,🍎 Launch a Fruit!,0,minimal,Maturity: Minimal,search
31874825,Pinewood Space Shuttle Advantage,0,mild,Maturity: Mild,search
2719103645,get chased by a rocket,0,mild,Maturity: Mild,search
10422038064,Launch a Lucky Block,0,minimal,Maturity: Minimal,search
6608160712,Launch Things And People,0,minimal,Maturity: Minimal,search
2812055872,Go to Space,0,minimal,Maturity: Minimal,search
9950927101,Jump Into Space 🚀,0,minimal,Maturity: Minimal,search
1722988797,Space Sailors,0,minimal,Maturity: Minimal,search
4199785916,SKYDIVE Off A TOWER! 🪂,0,minimal,Maturity: Minimal,search
10641466728,[trail]Vomit 2 Simulator,0,mild,Maturity: Mild,search
9039434807,🚀 Explore Space,0,minimal,Maturity: Minimal,search
10076743628,Launch a Lucky Block,0,mild,Maturity: Mild,search
9751761702,Throwing Simulator🎯,0,minimal,Maturity: Minimal,search
4780648437,🐰 Yeet a Plane Simulator! ,0,minimal,Maturity: Minimal,search
10272793107,🛸Space Wars! [UPD],0,minimal,Maturity: Minimal,search
10632524471,Merge & Dig Simulator!,0,minimal,Maturity: Minimal,search
9839690189,Fly to Space for Brainrot 🚀,0,minimal,Maturity: Minimal,search
2564505263,Strongman Simulator,0,mild,Maturity: Mild,search
8776409869,[🌌] Space Incremental,0,minimal,Maturity: Minimal,search
3475191052,[🍀💰] Goal Kick Simulator⚽,0,mild,Maturity: Mild,search
6413654169,Fight Baddies Simulator,0,mild,Maturity: Mild,search
4671081879,Space Station Tycoon,0,minimal,Maturity: Minimal,search
7874651625,Makeup Store Simulator,0,minimal,Maturity: Minimal,search
10768362255,+1 Baseball Launch ⚾,0,minimal,Maturity: Minimal,search
10031520860,UAV STRIKE [NEW DRONES],0,mild,Maturity: Mild,search
9978505262,Indian Tire Launch (1 DAYS⌛),0,minimal,Maturity: Minimal,search
10764475503,Cannon Vs Glass 💥,0,minimal,Maturity: Minimal,search
10094179818,Shoot Cannon for Brainrots!,0,minimal,Maturity: Minimal,search
9728203075,Shoot a Cannon For Brainrots! 💥,0,mild,Maturity: Mild,search
9791112365,Launch Yourself For Brainrots! [CHESTS!],0,minimal,Maturity: Minimal,search
10135234331,Launch Fireworks 🎇,0,minimal,Maturity: Minimal,search
10595755897,[NEW!] 🚀 Rocket Launch Training!,0,minimal,Maturity: Minimal,search
9940037665,Cannon Obby [2 Player Obby],0,minimal,Maturity: Minimal,search
10766217356,Build and Launch TNT,0,minimal,Maturity: Minimal,search
4427638160,Innovation Rocket Silo Remake V2,0,minimal,Maturity: Minimal,search
10768342483,Launch For Eggs ,0,minimal,Maturity: Minimal,search
10458202789,Fire A Cannon!,0,mild,Maturity: Mild,search
10200056778,[💥]Cannon a Lucky Block,0,minimal,Maturity: Minimal,search
10633904741,[UPD] + 1 Manual Cannon Damage Evolution,0,mild,Maturity: Mild,search
246424,Rocket Arena,0,minimal,Maturity: Minimal,search
10557886373,[UPD] +1 Keyboard Cannons,0,minimal,Maturity: Minimal,search
10631149687,[FIX] VECTOR | DRONES,0,minimal,Maturity: Minimal,search
10713487844,[💥] Mine With Cannons 💣,0,minimal,Maturity: Minimal,search
1128428163,Realistic Helicopter Testing ,0,minimal,Maturity: Minimal,search
10579599254,[🔴] Cannon RNG Tycoon,0,minimal,Maturity: Minimal,search
10437620410,🚀Missile Base🚀,0,minimal,Maturity: Minimal,search
9624622932,Slingshot Yourself!,0,minimal,Maturity: Minimal,search
10077733314,Slingshot a Lucky Block,0,mild,Maturity: Mild,search
7848609780,Brainrot Slingshot,0,minimal,Maturity: Minimal,search
10084306275,[🎯] Slingshot a Lucky Block,0,mild,Maturity: Mild,search
10149716242,Trash Slingshot,0,minimal,Maturity: Minimal,search
7653898291,[UPD] Fling Fools,0,moderate,Maturity: Moderate,search
6010232141,Untitled Fling Game,0,mild,Maturity: Mild,search
10022144780,[🍁] SLINGBALL Simulator ⚪,0,minimal,Maturity: Minimal,search
10145525398,Shoot ROCKETS for Brainrots💣,0,minimal,Maturity: Minimal,search
10107743546,[NEW] Kicking Simulator 🎯,0,minimal,Maturity: Minimal,search
10091617701,Tire Fling For Brainrots,0,minimal,Maturity: Minimal,search
13058,Crossroads,0,mild,Maturity: Mild,search
10255095055,High Striker Simulator,0,minimal,Maturity: Minimal,search
9902313353,Gun Training ,0,minimal,Maturity: Minimal,search
10152036987,+1 Ammo Per Click,0,minimal,Maturity: Minimal,search
9831177756,[🎯] Predict the Shot,0,mild,Maturity: Mild,search
9256910782,🚀 Spear Training!,0,minimal,Maturity: Minimal,search
6782025735,Zipline Simulator!,0,minimal,Maturity: Minimal,search
8812987818,Shoot a Beam,0,minimal,Maturity: Minimal,search
7215473784,Gun Simulator,0,minimal,Maturity: Minimal,search
10481060811,+1 Skill Per Click,0,minimal,Maturity: Minimal,search
7650892371,SLIPSHOT  🎆 [UPD],0,mild,Maturity: Mild,search
5251120234,Clean Up Roblox Youtubers (Fall! 🍁),0,minimal,Maturity: Minimal,search
10000383119,[WORLD 2] +1 Gun Evolution,0,mild,Maturity: Mild,search
8296982488,🍅💀 Tomato Splatter Simulator,0,minimal,Maturity: Minimal,search
9567136929,Gun Simulator 🎯,0,minimal,Maturity: Minimal,search
10160887381,Gun RNG,0,mild,Maturity: Mild,search
9177906953,Punch! [PLEASE READ THE DESCRIPTION],0,minimal,Maturity: Minimal,search
9054687460,Shoot The Boss,0,mild,Maturity: Mild,search
7291503837,Run and Shoot Zombies!,0,mild,Maturity: Mild,search
10766135603,+1 Lift Rock for Treasure,0,minimal,Maturity: Minimal,search
10421602733,+1 Stretch Escape,0,minimal,Maturity: Minimal,search
10599366536,+1 Money Roll To Get Rich,0,minimal,Maturity: Minimal,search
10764856054,Skip a Stone!,0,minimal,Maturity: Minimal,search
10317130178,Skip A Stone,0,minimal,Maturity: Minimal,search
10138661961,[X2] +1 Speed Brick Escape,0,minimal,Maturity: Minimal,search
10567598429,[UPD] Skip A Rock,0,minimal,Maturity: Minimal,search
10765276510,🏞️ Skip a stone ,0,minimal,Maturity: Minimal,search
9505746132,[UPDATE] Skip a Rock!,0,minimal,Maturity: Minimal,search
10768907380,Egg Skipping,0,minimal,Maturity: Minimal,search
10381989015,+1 Slime Skipping,0,minimal,Maturity: Minimal,search
9993769317,Skip A Stone,0,minimal,Maturity: Minimal,search
9925321566,+1 Speed Ice Skate Escape,0,minimal,Maturity: Minimal,search
9745798212,Push the Rock,0,minimal,Maturity: Minimal,search
7009358576,DONT JOIN... (read description),0,minimal,Maturity: Minimal,search
10765197069,🌙 Jump Rope to the Moon!,0,minimal,Maturity: Minimal,search
10200291205,+1 Crunchy Wax Escape,0,minimal,Maturity: Minimal,search
10766008528,+1 Skip For Fish! 🪨,0,minimal,Maturity: Minimal,search
10162453492,+1 Speed Quicksand Escape[Backroom],0,minimal,Maturity: Minimal,search
10520857652,Throw A Rock,0,minimal,Maturity: Minimal,search
9626728379,[🌎NEW] +1 Jump Coil Escape!⚡,0,minimal,Maturity: Minimal,search
10299215558,Build a Gem Crusher,0,minimal,Maturity: Minimal,search
9569234388,[⭐SKINS] +1 Speed Propeller Escape 2026💨,0,mild,Maturity: Mild,search
10138988383,Push Rock for Brainrots!,0,mild,Maturity: Mild,search
9674488484,+1 Speed Dino Escape 🦖,0,minimal,Maturity: Minimal,search
9460878791,+1 Speed Raft Escape,0,minimal,Maturity: Minimal,search
10011808151,[W7 + PETS]+1 Shrink per Step,0,minimal,Maturity: Minimal,search
9604517198,Stick Drop!,0,minimal,Maturity: Minimal,search
10044664735,+1 Strength to Escape 💪,0,minimal,Maturity: Minimal,search
10764735283,How DEEP can you Fish?,0,minimal,Maturity: Minimal,search
9142917248,[🏜] Fly Hide & Seek,0,minimal,Maturity: Minimal,search
4053249539,How High Can You Jump?,0,minimal,Maturity: Minimal,search
6589241758,🪂 HIGHEST Skydive EVER!,0,minimal,Maturity: Minimal,search
5800321156,Survive Flight 871 ,0,mild,Maturity: Mild,search
9238501110,How Long Can You Fart?,0,mild,Maturity: Mild,search
2655290561,Airplane Simulator ,0,minimal,Maturity: Minimal,search
10765720000,[UPD] Fly To Steal An Egg,0,minimal,Maturity: Minimal,search
10765259545,Fly For Eggs,0,minimal,Maturity: Minimal,search
2805043214,✈️ FLY to Japan Airport RP!,0,minimal,Maturity: Minimal,search
6685907800,✈️ FLY to Hawaii Airport RP!,0,minimal,Maturity: Minimal,search
10544367801,🪽 FLY,0,moderate,Maturity: Moderate,search
5057055167,[AUTUMN] get a flight to floptropica at 3 am,0,minimal,Maturity: Minimal,search
9757542571,Glide Obby,0,minimal,Maturity: Minimal,search
6731597818,[UPD!] Glide To Hell Obby!,0,minimal,Maturity: Minimal,search
1352659201,💥 Emergency Landing [Beta],0,minimal,Maturity: Minimal,search
10602198030,[FLYING]Catch Dragons To Defend,0,mild,Maturity: Mild,search
10683822008,Speed Pads,0,minimal,Maturity: Minimal,search
3594727463,🧱 popper (throw yourself!),0,minimal,Maturity: Minimal,search
10766053376,[🐉] Launch and steal an egg !,0,minimal,Maturity: Minimal,search
10503259739,Launch Yourself For Brainrots!,0,minimal,Maturity: Minimal,search
8542692944,Clone yourself 2!,0,mild,Maturity: Mild,search
10081656837,[UPD + ADMIN ABUSE!]Launch Rocket for Brainrots 🚀,0,mild,Maturity: Mild,search
10763313185,Launch Your Plane,0,minimal,Maturity: Minimal,search
9544405369,[AURAS💥] Merge Yourself Into 2048,0,minimal,Maturity: Minimal,search
8826305353,Launch the Brainrots!,0,minimal,Maturity: Minimal,search
10167198823,+1 Train to Launch!,0,mild,Maturity: Mild,search
10626437617,🏎️ Launch Car For Brainrots,0,minimal,Maturity: Minimal,search
10144547577,Launch The Baby [2 Player Obby],0,minimal,Maturity: Minimal,search
10766783554,Space Tycoon 🚀 [LAUNCH] ,0,minimal,Maturity: Minimal,search
3619748141,RAISE YOURSELF,0,mild,Maturity: Mild,search
10004524299,parry fling ,0,mild,Maturity: Mild,search
4147392742,Yeet A Friend! ✨,0,minimal,Maturity: Minimal,search
9764503663,🚀 Car Launch Training [UPDATE!],0,minimal,Maturity: Minimal,search
4885171702,Don't Poop Yourself at School! (Obby),0,mild,Maturity: Mild,search
10088530119,Duck Life Simulator,0,minimal,Maturity: Minimal,search
7473605622,Mama Duck RP,0,minimal,Maturity: Minimal,search
1795547191,Feather Family Classic,0,minimal,Maturity: Minimal,search
10455741150,[HAUNTED] My Dino Life! 🦖,0,mild,Maturity: Mild,search
8309059073,Duck Evolution,0,mild,Maturity: Mild,search
4404169223,🦆 raise a ducky 🦆,0,minimal,Maturity: Minimal,search
8576015808,RAGEBAIT and waddle away,0,minimal,Maturity: Minimal,search
9521849099,[UPD] +1 Speed Duck Escape,0,minimal,Maturity: Minimal,search
10767138232,Kukirin Life [Testing],0,minimal,Maturity: Minimal,search
4826912925,Duck Army!,0,minimal,Maturity: Minimal,search
2644761210,Be A Duck!,0,mild,Maturity: Mild,search
6926495846,[🌴UPD] ducklings sim.🐤,0,minimal,Maturity: Minimal,search
1271506953,BIRD,0,mild,Maturity: Mild,search
4717204637,Dragons' Life Legacy,0,minimal,Maturity: Minimal,search
10485082112,Duck Park 🦆 [PETS 🐝],0,minimal,Maturity: Minimal,search
6743843913,2 Player Duck Tycoon,0,mild,Maturity: Mild,search
5396554472,🦆🌎Duck World 2🐤🐤🐤🐤🐤🐤🐤🐤🐤🐤🐤🐤🐤🐤🐤🐤🐤,0,minimal,Maturity: Minimal,search
6923035332,Duck Duck Goose 🎯 [GAMEMODES],0,mild,Maturity: Mild,search
3949673218,Find The Rubber Duck Morphs (252),0,minimal,Maturity: Minimal,search
10282704953,Be a Duck King,0,minimal,Maturity: Minimal,search
9237322219,Jungle Life,0,moderate,Maturity: Moderate,search
3711209459,🦆 spawn ducks until you crash,0,minimal,Maturity: Minimal,search
10472673730,Chat [💬🔊] Deal Duck,0,mild,Maturity: Mild,search
3441983080,butterfly 🦋 life,0,minimal,Maturity: Minimal,search
9683190701,Duck Escape 🐤,0,mild,Maturity: Mild,search
10739615939,[VERITY🐤] Sort the Ducks!,0,minimal,Maturity: Minimal,search
8409852775,Duck Escape [🏆X2 EVENT!],0,mild,Maturity: Mild,search
7095682825,Beaks 🐦,0,minimal,Maturity: Minimal,search
2023680558,Animal Simulator,0,mild,Maturity: Mild,search
2245518147,🐔Chicken Life 👕 [Avatars],0,mild,Maturity: Mild,search
3443482491,🐺Animal Life: Forest RP🐻🐰🦌🦝🐴,0,minimal,Maturity: Minimal,search
3623954748,Animal World,0,mild,Maturity: Mild,search
7156799377,WildFur Life 🐾,0,mild,Maturity: Mild,search
7997789000,Bird Nest Tycoon,0,minimal,Maturity: Minimal,search
10279766072,Bird Kingdom,0,minimal,Maturity: Minimal,search
7398416551,🦆 Carry A Duck [2 Player Obby],0,minimal,Maturity: Minimal,search
211134933,Dragons' Life,0,minimal,Maturity: Minimal,search
8198412649,Dinosaur Life,0,moderate,Maturity: Moderate,search
2120165828,Arthroworld [RE-OPENED],0,mild,Maturity: Mild,search
4689722433,Kitten Game 🐾,0,minimal,Maturity: Minimal,search
3280947818,Oceanic TESTING 2 🐬,0,moderate,Maturity: Moderate,search
1249441121,Cenozoic Survival,0,moderate,Maturity: Moderate,search
6641144954,🦘 Wild Bushland | Legacy 🐊,0,mild,Maturity: Mild,search
7019313671,🌊 Aquarian [ALPHA],0,minimal,Maturity: Minimal,search
6624299680,Be a Silly Seal [Hunting Update],0,minimal,Maturity: Minimal,search
943242049,Ant Life [MOBILE CONTROLS],0,mild,Maturity: Mild,search
10007721258,What Animal Are You? ,0,mild,Maturity: Mild,search
10750057560,BlockLife [LUCKY BLOCKS],0,mild,Maturity: Mild,search
587996771,[🎃] Guinea Pig Simulator,0,mild,Maturity: Mild,search
2133174191,POV: You are a cockroach in my house,0,minimal,Maturity: Minimal,search
10135770864,Grow Crocodiles 🐊,0,moderate,Maturity: Moderate,search
10764019529,Vampire life,0,mild,Maturity: Mild,search
3651054301,Floppy Lizards,0,minimal,Maturity: Minimal,search
3585930820,🏆 Backrooms Race,0,mild,Maturity: Mild,search
3878727131,[REVAMP] Anime Racing Clicker,0,minimal,Maturity: Minimal,search
6473735024,Monster Race 👁,0,minimal,Maturity: Minimal,search
6362207891,Meme Race 😂 ,0,mild,Maturity: Mild,search
6707883359,Ultimate Horse Race,0,minimal,Maturity: Minimal,search
3957438343,Max Speed 🏁Update 42,0,minimal,Maturity: Minimal,search
4086887988,Alphabet Lore Race,0,minimal,Maturity: Minimal,search
6935660353,Prison Race👮,0,mild,Maturity: Mild,search
5254755326,Get Faster Every Click ⚡️,0,minimal,Maturity: Minimal,search
3772576195,⚡ Easy Race Clicker,0,minimal,Maturity: Minimal,search
8850338055,[🌎UPD] 👆 Scooter Racing,0,minimal,Maturity: Minimal,search
5500599119,[X20] Aqua Racer ✨[WEEKEND],0,minimal,Maturity: Minimal,search
8757697263,Christmas Race 🎄🎁,0,mild,Maturity: Mild,search
6904862221,Racing Simulator,0,minimal,Maturity: Minimal,search
5966392437,Anime Race,0,minimal,Maturity: Minimal,search
6707924214,[X20] Horse Race 🐎 [WEEKEND],0,minimal,Maturity: Minimal,search
7651243549,Italian Brainrot Speed Clicker 🧠⚡,0,minimal,Maturity: Minimal,search
6187878558,[🏁NEW] Track Race,0,minimal,Maturity: Minimal,search
10461999019,[🐉] +1 Speed Per Click 🚗,0,minimal,Maturity: Minimal,search
8266808406,[🐶UPD] Click to Aura Farm!,0,minimal,Maturity: Minimal,search
4543505495,Run Star Simulator [Tung World],0,minimal,Maturity: Minimal,search
8963922910,【New】 Leash Brainrot & Race,0,minimal,Maturity: Minimal,search
7071645746,Dragon Training🐉,0,minimal,Maturity: Minimal,search
6539022606,Racing Star Simulator [10X🏆],0,minimal,Maturity: Minimal,search
7929627612,Dinosaur Racing 🦖,0,minimal,Maturity: Minimal,search
5940874374,Animal Race Simulator,0,minimal,Maturity: Minimal,search
9881500116,+1 Speed Clicker ⚡,0,minimal,Maturity: Minimal,search
10515494639,[x100] +1 Keybord Summer Race,0,minimal,Maturity: Minimal,search
10074729166,Logo Block Race,0,minimal,Maturity: Minimal,search
7662333120,🚣‍♂️Kayak Racing [Summer] ,0,minimal,Maturity: Minimal,search
7782385069,Speed Storm,0,minimal,Maturity: Minimal,search
10257641589,[🏆] +1 Speed Keyboard Racing,0,minimal,Maturity: Minimal,search
6239989165,Idle Money Clicker,0,minimal,Maturity: Minimal,search
1700277088,Victory Race,0,minimal,Maturity: Minimal,search
8730969347,Brainrot Race,0,minimal,Maturity: Minimal,search
8048554700,(🎃Halloween) Race Nascars down a slide [Beta],0,minimal,Maturity: Minimal,search
10538364552,Animal Speed Racing Simulator,0,minimal,Maturity: Minimal,search
8339716476,KPop Demon Hunters Speed Clicker 🎤⚡,0,mild,Maturity: Mild,search
9958694666,Race Your Lucky Block,0,minimal,Maturity: Minimal,search
4846586808,🏃Run Race Simulator,0,minimal,Maturity: Minimal,search
10714697542,[🏎️] Spin a Car And Race!,0,mild,Maturity: Mild,search
9323746294,Donation Clicker✨,0,minimal,Maturity: Minimal,search
10438058659,+1 Click Evolution,0,minimal,Maturity: Minimal,search
10305706187,[🛸W3] Death Race,0,minimal,Maturity: Minimal,search
8453512524,[X20] Animal Training ⭐️ [WEEKEND],0,minimal,Maturity: Minimal,search
9671462942,Bird Racing 🦅,0,minimal,Maturity: Minimal,search
9076366951,[🏆X20] Race Animals 🦄 [WEEKEND],0,minimal,Maturity: Minimal,search
10734308465,[🐨RELEASE!] Pet Race!,0,minimal,Maturity: Minimal,search
10747139038,Run For Pets!,0,minimal,Maturity: Minimal,search
10020009911,Zoo Racing,0,minimal,Maturity: Minimal,search
7074651146,Super Animal Race Simulator,0,minimal,Maturity: Minimal,search
7294076872,Pets Training 🐶,0,minimal,Maturity: Minimal,search
4514019669,🐴 Horse Riding Elite (UPDATE),0,minimal,Maturity: Minimal,search
10010775921,+1 Speed Dog Escape 🐶,0,mild,Maturity: Mild,search
9831851294,+1 Speed pets GO GO GO~,0,minimal,Maturity: Minimal,search
5751018738,[UPD ⚽️ + 🥓NEW ACCESSORY] Purina Arena Pet Racing,0,minimal,Maturity: Minimal,search
10621712812,+1 Animal Evolve Per Click,0,minimal,Maturity: Minimal,search
10467752333,Would You Rather: Animal Tower! 🐈,0,minimal,Maturity: Minimal,search
5131771588,🐈 PAWS Pet Hospital 🐾,0,minimal,Maturity: Minimal,search
10724437966,[PETS] +1 Horse Evolution,0,minimal,Maturity: Minimal,search
7921879545,LCS: EQuest,0,mild,Maturity: Mild,search
10389353525,Rescue Pets!,0,minimal,Maturity: Minimal,search
7502195822,Dragon Racing 🐉,0,minimal,Maturity: Minimal,search
9637959941,[⚡x5] 🐟 Train Your Fish to Race,0,minimal,Maturity: Minimal,search
2727447177,Pet Story 🐶,0,minimal,Maturity: Minimal,search
6631166683,My Pet Rock,0,minimal,Maturity: Minimal,search
9942560239,Catch an Animal 🦁,0,minimal,Maturity: Minimal,search
10757545671,Steal A Pet,0,minimal,Maturity: Minimal,search
6466655740,Animal Gym [NEW TRAINER],0,minimal,Maturity: Minimal,search
9693515126,[Evolve] Pet Capture Adventur,0,mild,Maturity: Mild,search
7302956307,Pet Evolution🌟,0,minimal,Maturity: Minimal,search
8881105040,[🧸] Build A Pet Factory,0,minimal,Maturity: Minimal,search
10547832877,🐶 Catch Pets!,0,minimal,Maturity: Minimal,search
8141684129,[UPD] Brainrot Training,0,minimal,Maturity: Minimal,search
7508340849,[MINING ⛏️] Pet REVAMPED!🔥,0,minimal,Maturity: Minimal,search
6449635131,💪 Get Strong and Race!,0,minimal,Maturity: Minimal,search
9845978487,Train Race [new!],0,minimal,Maturity: Minimal,search
8941471408,[x10] Train to be the Fastest [WEEKEND],0,minimal,Maturity: Minimal,search
6110354054,[UPD 0.5] Track and Field: Ultimate,0,mild,Maturity: Mild,search
1536694921,Noob Train,0,minimal,Maturity: Minimal,search
4741969170,Slide down with Train and Pals!,0,minimal,Maturity: Minimal,search
4666164093,[NEW TRAM] Tram Simulator Abenstedt (v1.2) ,0,minimal,Maturity: Minimal,search
8829889467,Skateboard Training 🛹,0,minimal,Maturity: Minimal,search
7896314118,Stop the Train Simulator,0,minimal,Maturity: Minimal,search
4611384000,Train Eater 2023,0,mild,Maturity: Mild,search
9655947546,🎃 Blue Train With Friends 🎃,0,minimal,Maturity: Minimal,search
10747452361,Train your Dinosaur!,0,mild,Maturity: Mild,search
10415720978,Hell Rails: The Scary Train,0,minimal,Maturity: Minimal,search
9499768627,(UPD!) Push People Off Trains,0,mild,Maturity: Mild,search
6333498611,Bike Training,0,minimal,Maturity: Minimal,search
10261367016,Speed Training⚡,0,minimal,Maturity: Minimal,search
4741312477,Trains: Express,0,minimal,Maturity: Minimal,search
9850381821,Swim Off 🌊 [BETA],0,minimal,Maturity: Minimal,search
4512331818,Train Sim,0,minimal,Maturity: Minimal,search
10386219335,💪 Muscle Run,0,minimal,Maturity: Minimal,search
10628526114,Ping Pong Training 🏓,0,minimal,Maturity: Minimal,search
10764443297,FTZ SPEED KING4 SS3 (Waterfall ⛰️🌊 ),0,minimal,Maturity: Minimal,search
10682172994,+1 Speed Be a Dumpling,0,minimal,Maturity: Minimal,search
70103295,Speed Race,0,minimal,Maturity: Minimal,search
9836786363,+1 Speed Demon Slayer Escape,0,mild,Maturity: Mild,search
8090378469,+1 Speed School Escape,0,minimal,Maturity: Minimal,search
10358455873, [UPD] +1 Speed Force Escape⚡,0,minimal,Maturity: Minimal,search
9273114847,[🚤 Summer] Outrun a Speedster! ⚡,0,minimal,Maturity: Minimal,search
8014171891,Speedster Battles (IN PROGRESS),0,mild,Maturity: Mild,search
7127084123,[TRAINS] 🏙️ Mini City Tycoon,0,minimal,Maturity: Minimal,search
10313492194,+1 Speed Vehicle Evolve 🚗,0,minimal,Maturity: Minimal,search
8683607681,⚡Be Fast Or DIE!,0,minimal,Maturity: Minimal,search
9539167048,+1 Speed Elytra Escape,0,mild,Maturity: Mild,search
10131026507,Power Lifters 💪,0,minimal,Maturity: Minimal,search
3997895263,Escape the pizzeria(SCARY OBBY 🔪🩸),0,minimal,Maturity: Minimal,search
9891149348,PAPA PIZZA VS BOXER POLICE PRISON RUN! (Obby),0,minimal,Maturity: Minimal,search
10063738704,PAPA PIZZA CHEFS PRISON RUN! (Obby),0,mild,Maturity: Mild,search
5364544667,Pizza Ready,0,minimal,Maturity: Minimal,search
9484056109,RUN FROM PAPA PIZZA! (OBBY),0,mild,Maturity: Mild,search
4693915326,Freddy's Pizzeria Tycoon!,0,minimal,Maturity: Minimal,search
10767103918,Build Your FNAF Pizzeria,0,minimal,Maturity: Minimal,search
10576508426,Survive Papa Pizza The Killer!,0,minimal,Maturity: Minimal,search
7381952833,Cook Pizzas,0,minimal,Maturity: Minimal,search
10691092705,Escape The Pizzeria! (OBBY),0,minimal,Maturity: Minimal,search
3962631979,🚨 MR YUMMY'S SUPERMARKET! (Escape Obby),0,minimal,Maturity: Minimal,search
7196736932,Own a Pizza Tycoon 🍕,0,minimal,Maturity: Minimal,search
5209034477,The Pizzeria Experience 🍕,0,minimal,Maturity: Minimal,search
9393611235,🍕 PAPA PIZZA’S PRISON RUN! (Obby),0,minimal,Maturity: Minimal,search
7118588325,Fast Food Simulator,0,minimal,Maturity: Minimal,search
10143449522,Scary Pizzeria: ANOMALIES [HORROR],0,minimal,Maturity: Minimal,search
9107822428,FREDDY'S PIZZERIA PRISON RUN! OBBY🎤🍕,0,minimal,Maturity: Minimal,search
9056959452,Highway Pizzeria [HORROR],0,minimal,Maturity: Minimal,search
9912399354,🍕Own a Pizzeria,0,minimal,Maturity: Minimal,search
6696365134,[UPD] FNAF: Pizzeria Frenzy,0,minimal,Maturity: Minimal,search
788954758,FNAF 6 RP: Lefty's Rockstar Pizza Place,0,minimal,Maturity: Minimal,search
7944500259,Burger Shack 🍔 [HORROR],0,minimal,Maturity: Minimal,search
6417564879,Mr.Mix,0,mild,Maturity: Mild,search
7906694725,Pizza Place [HORROR],0,minimal,Maturity: Minimal,search
2781888563,Escape Miss Ani-Tron's Detention! (SCARY OBBY),0,mild,Maturity: Mild,search
4150061449,[3D] John's Pizza Tower Testing,0,mild,Maturity: Mild,search
7498898979,[🎃] Burgerz🍔,0,mild,Maturity: Mild,search
10102948102,Pizza Store Simulator!,0,minimal,Maturity: Minimal,search
188736399,Freddy's Tycoon Remastered,0,minimal,Maturity: Minimal,search
6940602798,🍕 Mega Pizza Tycoon,0,minimal,Maturity: Minimal,search
9441107187,Pizza Land (best game ever!),0,minimal,Maturity: Minimal,search
5382866029,work at a pizza place but with trains,0,minimal,Maturity: Minimal,search
4417008516,[3X] +1 Pizza Per Second 🍕,0,minimal,Maturity: Minimal,search
7533439482,🍕 Pizza Shop Tycoon,0,minimal,Maturity: Minimal,search
10623459359,Pizza Place Together,0,minimal,Maturity: Minimal,search
5445734693,Pizza Ready!,0,minimal,Maturity: Minimal,search
9243632965,My Pizza Factory 🍕,0,minimal,Maturity: Minimal,search
10515927004,My Dream Pizza Store,0,minimal,Maturity: Minimal,search
8632513505,FNAF: STEAL PIZZA 🍕,0,mild,Maturity: Mild,search
6355704059,Midnight Pizza [HORROR],0,minimal,Maturity: Minimal,search
9003716469,Don't Drop the Pizzas!,0,minimal,Maturity: Minimal,search
8759966530,Night Shift at Paulie's  (Early Beta) [HORROR],0,moderate,Maturity: Moderate,search
5617640646,Pizza Game Beta,0,mild,Maturity: Mild,search
1214576306,Restaurant Tycoon 2,0,minimal,Maturity: Minimal,search
4680820902,[P-Rank] pizza tower ripoff,0,mild,Maturity: Mild,search
5386181588,Five Nights at Freddy's [FNAF 1],0,mild,Maturity: Mild,search
1358133289,Insane Elevator!,0,mild,Maturity: Mild,search
180358774,Pizza Factory Tycoon,0,minimal,Maturity: Minimal,search
3756207524,Escape Mr Fast Food (SCARY OBBY),0,minimal,Maturity: Minimal,search
9312746495,Breakfast House 🥧RP,0,minimal,Maturity: Minimal,search
4394032999,Pizza Factory Tycoon Classic⭐ 2017,0,minimal,Maturity: Minimal,search
5543669224,🍕Pizza Battle,0,minimal,Maturity: Minimal,search
6549854381,ZOMBIE BARRY'S PRISON RUN,0,mild,Maturity: Mild,search
10520918674,ESCAPE THE SPONGYBOY & CRISPY CRABY'S OBBY! (NEW),0,minimal,Maturity: Minimal,search
4579085368, [🧑‍🍳CLASSES] Generic Cooking Game [BETA],0,minimal,Maturity: Minimal,search
10479625352,🦞 My Seafood Stand,0,minimal,Maturity: Minimal,search
10764796926,MAD CHEFS! 🧑‍🍳,0,minimal,Maturity: Minimal,search
6146194050,Hell's Kitchen 2,0,mild,Maturity: Mild,search
10762716119,Steal and Cook Food,0,minimal,Maturity: Minimal,search
10290529159,Restaurant Together,0,minimal,Maturity: Minimal,search
4733632050,🥞Work at a Pancake Place,0,minimal,Maturity: Minimal,search
5447254496,🍔 SELL BURGERS TO PROVE MOM WRONG,0,minimal,Maturity: Minimal,search
3979285711,Smarty's Cooking,0,mild,Maturity: Mild,search
10764985343,Cook An Animal,0,minimal,Maturity: Minimal,search
6645772960,Cook Off 🧑‍🍳,0,minimal,Maturity: Minimal,search
5318216113,K-Food,0,minimal,Maturity: Minimal,search
5966905324,🍔 Work at Ronald's Restaurant,0,minimal,Maturity: Minimal,search
4193032947,🧑‍💼🍣 Conveyor Sushi Restaurant,0,minimal,Maturity: Minimal,search
10765321342,[UPD] Cook Noobs 👨‍🍳,0,mild,Maturity: Mild,search
8550530608,Resturant Simulator,0,minimal,Maturity: Minimal,search
9156711629,[🍓] Cook & Sell! [ALPHA],0,minimal,Maturity: Minimal,search
394602509,Bakers Valley,0,minimal,Maturity: Minimal,search
7653031880, [UPD] typical ramen 🍜 ,0,minimal,Maturity: Minimal,search
33264996,★Make a Cake And Feed the Giant Noob★,0,minimal,Maturity: Minimal,search
624943056,Dare To Cook,0,minimal,Maturity: Minimal,search
3589987987,Burger Game 🍔,0,minimal,Maturity: Minimal,search
10765953030,Fish and Cook!🐟,0,minimal,Maturity: Minimal,search
1073273083,Cook Burgers,0,minimal,Maturity: Minimal,search
4701326804,Hot Pot Restaurant,0,minimal,Maturity: Minimal,search
9806371607,Cook a Recipe 🌱🐣,0,minimal,Maturity: Minimal,search
8086280655,Cooking Chaos,0,minimal,Maturity: Minimal,search
2634861037,[UPD🎃] Breadwinners,0,minimal,Maturity: Minimal,search
8998514734,Cook Friends! 🍔,0,minimal,Maturity: Minimal,search
10186342197,🌶️ Make Hotsauce,0,minimal,Maturity: Minimal,search
7101106800,🔥 Cooked!,0,minimal,Maturity: Minimal,search
7514265891,Cook Food,0,minimal,Maturity: Minimal,search
2976972085,Tiny Bread Factory,0,minimal,Maturity: Minimal,search
7265065341,Restaurant Simulator,0,minimal,Maturity: Minimal,search
6421821251,Better Food? 🍔 ,0,mild,Maturity: Mild,search
6391787437,🥪 Sandwich Restaurant Tycoon,0,minimal,Maturity: Minimal,search
8935993972,[☕] Own a Cafe,0,minimal,Maturity: Minimal,search
1434220026,My Restaurant! 👨‍🍳,0,minimal,Maturity: Minimal,search
9941443094,Cooking Empire,0,minimal,Maturity: Minimal,search
9633505547,COOKED (BETA),0,mild,Maturity: Mild,search
10503530977,[🍢] Cook a BBQ,0,minimal,Maturity: Minimal,search
9594184436,My Japanese Food Stand,0,minimal,Maturity: Minimal,search
10226236315,🍩 Work at a Donut Shop,0,minimal,Maturity: Minimal,search
10286094225,🧑‍🍳 Steal and Cook a Squishy Dumpling!,0,minimal,Maturity: Minimal,search
7369900493,Cooking with Friends!,0,mild,Maturity: Mild,search
10018586088,🐟Scuba Restaurant [Fish&Cook] ,0,minimal,Maturity: Minimal,search
10417857486,Crunch My Butter! 🧈,0,minimal,Maturity: Minimal,search
9276049439,[🎁] My Daycare,0,minimal,Maturity: Minimal,search
10553509461,Make Games 🎮,0,minimal,Maturity: Minimal,search
10108046010,🐮 My Moo Farm,0,minimal,Maturity: Minimal,search
6657933195,Supermarket Simulator,0,minimal,Maturity: Minimal,search
10667990790,ASMR Game [UPD!],0,minimal,Maturity: Minimal,search
7843413523,Supermarket Together,0,minimal,Maturity: Minimal,search
8539298853,Scary Shawarma Kiosk: the ANOMALY [horror],0,moderate,Maturity: Moderate,search
331220105,Restaurant Tycoon,0,minimal,Maturity: Minimal,search
7162062457,Own a Restaurant (UPDATE),0,minimal,Maturity: Minimal,search
6528758389,Restaurant Tycoon 3,0,minimal,Maturity: Minimal,search
9011750676,🍣 Mega Sushi Tycoon,0,minimal,Maturity: Minimal,search
10060624052,🐟 SeaFood Tycoon,0,minimal,Maturity: Minimal,search
10296273146,[🎈] Own a Restaurant! 🍽️,0,minimal,Maturity: Minimal,search
2715844182,Hospital Tycoon 😷,0,mild,Maturity: Mild,search
3098010073,🌳Super Treehouse Tycoon 2,0,mild,Maturity: Mild,search
6497966193,🍔 Burgeria Tycoon,0,minimal,Maturity: Minimal,search
10418702416,[🍔] My Food Court,0,minimal,Maturity: Minimal,search
6630302422,🍩 Donuts Tycoon,0,minimal,Maturity: Minimal,search
5449742892,☕ Cozy Cafe Tycoon,0,minimal,Maturity: Minimal,search
9203238840,My Diner Tycoon,0,minimal,Maturity: Minimal,search
6845087656,🍣 2 PLAYER SUSHI RESTAURANT TYCOON! 🍥,0,minimal,Maturity: Minimal,search
10768591043,Clean it: Restaurant Tycoon!,0,minimal,Maturity: Minimal,search
5136183123,🍔 Burger Store Tycoon,0,minimal,Maturity: Minimal,search
5637544740,Hotel Tycoon 🏨,0,minimal,Maturity: Minimal,search
10168706860,[UPD] Run a Matcha Shop!,0,minimal,Maturity: Minimal,search
8308942126,🍔Restaurant Tycoon 4 [🤑3X🤑],0,minimal,Maturity: Minimal,search
6910627458,💵My Restaurant Infinite Money💰,0,minimal,Maturity: Minimal,search
4343544885,Tropical Resort Tycoon 2 🌴,0,minimal,Maturity: Minimal,search
3746418487,House Tycoon 2,0,minimal,Maturity: Minimal,search
7983173074,Fast Food Restaurant Tycoon! 🍟,0,minimal,Maturity: Minimal,search
8339137416,[UPD] KFC Tycoon,0,minimal,Maturity: Minimal,search
7544580382,[🍟] McBurger Tycoon,0,minimal,Maturity: Minimal,search
8626398921,🌮 Mega Taco Tycoon,0,minimal,Maturity: Minimal,search
6190899973,2 Player Sushi Tycoon 🍣,0,mild,Maturity: Mild,search
9866702716,Craft a Menu,0,minimal,Maturity: Minimal,search
8342611952,Build a Restaurant,0,minimal,Maturity: Minimal,search
10537728735,[🧑‍🍳NEW!] Restaurant Empire,0,minimal,Maturity: Minimal,search
9960952281,🍣 2 Player Japanese Restaurant Tycoon,0,minimal,Maturity: Minimal,search
3079618996,🕹️[Arcade] Youtuber Tycoon!,0,minimal,Maturity: Minimal,search
7054718266,🍔 Mega Burger Tycoon,0,minimal,Maturity: Minimal,search
9433498615,[🥪] Lunch Rush!,0,minimal,Maturity: Minimal,search
7151770713,Fast Food Manager,0,minimal,Maturity: Minimal,search
7021619043,My Hotel! 🏠,0,minimal,Maturity: Minimal,search
6961334611,Penthouse Tycoon 🗽,0,minimal,Maturity: Minimal,search
9913183664,[UPD!] Run Your Restaurant! 👨‍🍳,0,minimal,Maturity: Minimal,search
10280438552,[🍔] My Food Court,0,minimal,Maturity: Minimal,search
5743895194,[🎉 JANITOR] ☕ Coffee Shop Tycoon,0,minimal,Maturity: Minimal,search
4925331346,Giga Mansion Tycoon 🏝️,0,minimal,Maturity: Minimal,search
465016798,Zoo Tycoon 🐣,0,minimal,Maturity: Minimal,search
9929870476,[🛒 UPDATE 3.0] My Cafe,0,minimal,Maturity: Minimal,search
10368073974,"Little Big Restaurant 🍕 Cook, Serve & Build!",0,minimal,Maturity: Minimal,search
6739869534,🍔 Burger Shop Tycoon! 🍔,0,minimal,Maturity: Minimal,search
6463849385,Cake Shop Tycoon 🎂 ,0,minimal,Maturity: Minimal,search
7053854331,🥪 Mega Sandwich Tycoon,0,minimal,Maturity: Minimal,search
10411426475,Street Food Tycoon🌭,0,minimal,Maturity: Minimal,search
1257593254,🏠 House Tycoon,0,minimal,Maturity: Minimal,search
7075996991,🥤  Fruit Juice Tycoon,0,minimal,Maturity: Minimal,search
8840891918,Noobs Pizza Place Revival 2017 [READ DESC],0,minimal,Maturity: Minimal,search
3533000574,🌴 Work at a Hotel & Resort RP,0,minimal,Maturity: Minimal,search
10619091486,Sell All the Pizza,0,minimal,Maturity: Minimal,search
5703096635,🍕Pizza Place Tycoon,0,minimal,Maturity: Minimal,search
9578684820,[💸TIPS] Work at a Popeyes,0,minimal,Maturity: Minimal,search
10643520292,Deliver Your Pizza! 🍕,0,minimal,Maturity: Minimal,search
9898977253,🐓 Work At Raising Cane's Restaurant ,0,minimal,Maturity: Minimal,search
3590433492,[🎄] Work at a Hotel! 🛎️ ,0,mild,Maturity: Mild,search
1106713472,🍣  Work at Sushi Restaurant!,0,minimal,Maturity: Minimal,search
6728976970,🍗Work at Wingin' It Restaurant🐔,0,minimal,Maturity: Minimal,search
7592895021,[🚗AI] Work at a Coffee Shop RP,0,minimal,Maturity: Minimal,search
4189787991,🔥 Work at a Hotpot Restaurant,0,minimal,Maturity: Minimal,search
1884073705,🍍Work at Kecai Restaurant!,0,minimal,Maturity: Minimal,search
2336077935,🍟Work at BurgerBlox Fast Food,0,minimal,Maturity: Minimal,search
10529584821,🍕 Pizza Delivery!,0,minimal,Maturity: Minimal,search
9931403733,[🐔PLAY] Raising Cane's,0,minimal,Maturity: Minimal,search
10102237455,Pizza Parlour Tycoon🍕,0,minimal,Maturity: Minimal,search
10288819836,🍕 Pizza Empire Tycoon,0,minimal,Maturity: Minimal,search
5964296356,🏨 Work at a Hotel RP! ,0,minimal,Maturity: Minimal,search
7987506100,Work At Coco Cafe 🌴,0,minimal,Maturity: Minimal,search
8038380932,Work at a Cookie Shop 🍪,0,minimal,Maturity: Minimal,search
7596438695,[NEW🍩] Work at Krispies!,0,minimal,Maturity: Minimal,search
8032438820,🛌Work at a Hotel & Resort RP🔊,0,minimal,Maturity: Minimal,search
9181200476,🍕2 Player Pizza Tycoon,0,minimal,Maturity: Minimal,search
7039695127,Pizza Factory Tycoon! Legacy 🍕 [VR Support!],0,minimal,Maturity: Minimal,search
8230641791,🍕 Pizza Obby,0,minimal,Maturity: Minimal,search
743443297,Circus Baby's Pizza World Roleplay,0,mild,Maturity: Mild,search
10668216648,My Build 🔨,0,minimal,Maturity: Minimal,search
9320470390,[🌊] My WATERPARK,0,minimal,Maturity: Minimal,search
9103302710,[🎢] My THEMEPARK,0,minimal,Maturity: Minimal,search
10595513010,[UPD]My Bunker,0,minimal,Maturity: Minimal,search
10768046082,[📷] My Chiikawa Restaurant!,0,minimal,Maturity: Minimal,search
10603487812,[UPD] My ASMR Store!,0,minimal,Maturity: Minimal,search
2949408954,🏫My School Tycoon [FLOOR 9 + 10] ,0,minimal,Maturity: Minimal,search
2183179955,[Update12!]My Supermarket,0,minimal,Maturity: Minimal,search
8731479192,👨‍🍳 My Brainrot Restaurant,0,minimal,Maturity: Minimal,search
5800097475,My Hospital! ,0,minimal,Maturity: Minimal,search
10671365516,Run a Restaurant Together,0,minimal,Maturity: Minimal,search
10586746293,[❤️] My ASMR House 🏠,0,minimal,Maturity: Minimal,search
7586702812,My Market!,0,minimal,Maturity: Minimal,search
10263545541,My Pet Hotel! 🐾🏨,0,mild,Maturity: Mild,search
8908046810,My Burger Factory 🍔 [UPD],0,minimal,Maturity: Minimal,search
1005391673,[☕] Dan's Diner 🍂 FALL UPDATE [VR],0,minimal,Maturity: Minimal,search
9751311920,[🍎] My Farmers Market,0,minimal,Maturity: Minimal,search
10537346933,My Hungry Giant! [ASMR],0,minimal,Maturity: Minimal,search
10092472345,My Salon Empire 💇🏽‍♀️✨,0,minimal,Maturity: Minimal,search
10066929248,Hack A Business,0,minimal,Maturity: Minimal,search
9967522002,My Factory,0,minimal,Maturity: Minimal,search
6424949786,A Niche Barista Game,0,minimal,Maturity: Minimal,search
9630866039,Venti Coffee Shop ☕,0,minimal,Maturity: Minimal,search
10766153255,Cozy study cafe,0,minimal,Maturity: Minimal,search
4633522927,Amelia's Cafe,0,moderate,Maturity: Moderate,search
10765925246,My Bakery Cafe ,0,minimal,Maturity: Minimal,search
9784582776,Shizuka's Cafe [ANOMALY],0,mild,Maturity: Mild,search
6483209208,The Hybrid Cafe ☕,0,moderate,Maturity: Moderate,search
5843294816,Pet Cafe Tycoon,0,minimal,Maturity: Minimal,search
1871223365,How's Your Day,0,minimal,Maturity: Minimal,search
10765601024,Idle Cafe ☕,0,minimal,Maturity: Minimal,search
10767027088,Cloud Café,0,minimal,Maturity: Minimal,search
1881194385,[🎃UPD!] Greenz Bakery Cafe 🍵,0,minimal,Maturity: Minimal,search
9324211600,[UPD] Monster Cafe: Catch & Earn! ,0,minimal,Maturity: Minimal,search
312310157,Boba Cafe 🍵 ,0,minimal,Maturity: Minimal,search
10755789390,[RELEASE] Internet Cafe ,0,minimal,Maturity: Minimal,search
6043110169,☕ Coffee Cafe Tycoon,0,minimal,Maturity: Minimal,search
9667257852,2 Player Coffee Shop Tycoon ☕,0,mild,Maturity: Mild,search
5997239470,🍰☕ Tea Time  || Dessert Buffet,0,minimal,Maturity: Minimal,search
10767032045,Korean Bakery Cafe 🌸 Mukbang ASMR Photo Dress Up,0,minimal,Maturity: Minimal,search
3041085673,Hokui Cafe 🍍,0,minimal,Maturity: Minimal,search
3129504350,[💸] Make Money at Nighthawk Cafe!,0,minimal,Maturity: Minimal,search
10556372946,[UPD] Work at a Cat Cafe 🐾,0,minimal,Maturity: Minimal,search
5886477878,[UPD!] Cafe Business Tycoon ☕️ ,0,minimal,Maturity: Minimal,search
10442743986,Spuddy's (Anomaly) 🍔,0,minimal,Maturity: Minimal,search
7584947319,Cabin Cafe Tycoon,0,minimal,Maturity: Minimal,search
10621187921,[⚡Update 1] Cafe Incremental,0,minimal,Maturity: Minimal,search
10080721898,Run a Cafe [UPD],0,minimal,Maturity: Minimal,search
10768414012,Own a Cat Cafe! [FALL UPDATE],0,minimal,Maturity: Minimal,search
1949617965,Frappé Café V4,0,minimal,Maturity: Minimal,search
10768777081,Cawaii Cafe,0,minimal,Maturity: Minimal,search
3835375262,Tower of Coffee (Coffee Tower),0,minimal,Maturity: Minimal,search
6760057789,[🌟UPD!] Cafe Tycoon,0,minimal,Maturity: Minimal,search
10764858379,[UPD1] ☕+1 Cafe Simulator,0,minimal,Maturity: Minimal,search
7325837529,☕2 Player Coffee Cafe Tycoon! 🍵,0,minimal,Maturity: Minimal,search
1171479426,Pastriez Bakery Cafe 😋🍰,0,minimal,Maturity: Minimal,search
6536325844,2 Player Boba Cafe Tycoon 🧋,0,mild,Maturity: Mild,search
9971902288,Coffee Empire!,0,minimal,Maturity: Minimal,search
7295579126,2 Player Japanese Cafe Tycoon 🍥,0,minimal,Maturity: Minimal,search
8463489399,[UPDATE 2] Cat Cafe Tycoon,0,minimal,Maturity: Minimal,search
400174870,Koala Cafe 🐨,0,minimal,Maturity: Minimal,search
3777432490,Brainmold Café [1.9.4a],0,mild,Maturity: Mild,search
10284369057,kkutu cafe,0,minimal,Maturity: Minimal,search
10424091886,Sell Coffee Tycoon,0,minimal,Maturity: Minimal,search
6399902881,Coffee Obby,0,minimal,Maturity: Minimal,search
1404342734,[UPD] Kohaú Hibachi Restaurant 🍣,0,minimal,Maturity: Minimal,search
10708994251,Collect Cats & Cafe,0,minimal,Maturity: Minimal,search
10470482731,☕ Make Coffee [FERTILIZER 🌱],0,minimal,Maturity: Minimal,search
4695553503,Pablo's Italiano Restaurant,0,minimal,Maturity: Minimal,search
10648820673,[🍲] Karinderya!,0,minimal,Maturity: Minimal,search
3435133657,[🖱️X999K Clicks] Clicking Gods,0,minimal,Maturity: Minimal,search
8779464785,[🏴‍☠️] Tap Simulator,0,minimal,Maturity: Minimal,search
10485201326,[X2] +1 Power Per Click ,0,mild,Maturity: Mild,search
10750406988,[🛡️] Clickers Ultimate,0,minimal,Maturity: Minimal,search
3693255648,[🔥UPD] Clicker League,0,minimal,Maturity: Minimal,search
10343148160,+1 Hack Per Click,0,minimal,Maturity: Minimal,search
7361139569,Stimulation Clicker,0,minimal,Maturity: Minimal,search
3258302407,[🍀X18!] Rebirth Champions X,0,minimal,Maturity: Minimal,search
10261616697,[✨NEW!] Clicker Simulator: X,0,minimal,Maturity: Minimal,search
4149115890,[🍪] Cookie Clicker,0,minimal,Maturity: Minimal,search
7291847864,Every Click +1 Age,0,minimal,Maturity: Minimal,search
9250782265,Clicker Simulator X,0,minimal,Maturity: Minimal,search
5905497552,[🖱️X500 CLICKS] Mega Clickers,0,mild,Maturity: Mild,search
10299695016,[W5] +1 Followers Per Click,0,minimal,Maturity: Minimal,search
8194528189,[☀️EVENT☀️] Clicker Islands!,0,minimal,Maturity: Minimal,search
10593720957,Phonk Clicker 🎵,0,minimal,Maturity: Minimal,search
10067071868,[RARITIES] META Clicking Simulator,0,minimal,Maturity: Minimal,search
10040426659,[UPD7🪄] Tap Incremental,0,minimal,Maturity: Minimal,search
9654716970,[NEW!] Click Simulator✨,0,minimal,Maturity: Minimal,search
10387400496,+1 Subscriber Per Click,0,minimal,Maturity: Minimal,search
10068400775,"[🖱️] 1,000,000 Clicks for Owner",0,minimal,Maturity: Minimal,search
4341358490,+1 Blocks Every Second,0,minimal,Maturity: Minimal,search
8134040028,Phonk Clicker!,0,minimal,Maturity: Minimal,search
7593537576,[💦] YouTube Clicker!,0,minimal,Maturity: Minimal,search
6248728965,Cat Clicker 🐾,0,minimal,Maturity: Minimal,search
6358768607,Every Click +1 Jump 🚀,0,minimal,Maturity: Minimal,search
10768214226,Lolcat Clicker 😸 [BETA],0,minimal,Maturity: Minimal,search
6756738846,Every Click +1 Strength 💪,0,mild,Maturity: Mild,search
10460012687,+1 Knife Per Click,0,minimal,Maturity: Minimal,search
9927299844,917359 Clicks For Owner!,0,minimal,Maturity: Minimal,search
10197013836,Anime girl Clicker,0,minimal,Maturity: Minimal,search
6660068389,[🖱️X500 CLICKS!] Clicking Legends,0,minimal,Maturity: Minimal,search
10498422356,+1 Bubble Gum Per Click,0,minimal,Maturity: Minimal,search
7733436648,Italian Brainrot Strength Clicker 🧠💪,0,mild,Maturity: Mild,search
9709606565,[UPD 7]✨Clicking Simulator Ultimate,0,minimal,Maturity: Minimal,search
10765042580,Perlerbeads Simulator,0,minimal,Maturity: Minimal,search
9735689161,[2X] +1 Blocks Per Click ⛏️,0,minimal,Maturity: Minimal,search
8695127618,67 Clicker!,0,minimal,Maturity: Minimal,search
9744437231,Infinite Fart Clicker,0,mild,Maturity: Mild,search
8087030587,Squid Game Speed Clicker 🦑⚡,0,mild,Maturity: Mild,search
8860647124,[💪] Clash Clicker,0,minimal,Maturity: Minimal,search
8854196497,💸Tap to Get Rich!,0,minimal,Maturity: Minimal,search
4997576846,Click To Get Richer,0,minimal,Maturity: Minimal,search
10298585884,[🖱️] Click for Owner,0,minimal,Maturity: Minimal,search
9047170428,Brainrot Clicker 💸,0,minimal,Maturity: Minimal,search
10300417123,[UPD9] +1 Fan per Step,0,minimal,Maturity: Minimal,search
1312971993,🍂 Saber Simulator,0,mild,Maturity: Mild,search
6358769809,Every Click +1 Speed ⚡,0,minimal,Maturity: Minimal,search
6633588660,[Update 9.5] Clicker Incremental,0,minimal,Maturity: Minimal,search
10462839027,+1 Keyboard Per Click,0,minimal,Maturity: Minimal,search
10584630829,[NEW!] Airline Idle✈️,0,minimal,Maturity: Minimal,search
9655897254,Idle Potato Game,0,minimal,Maturity: Minimal,search
10767179504,Oil Idle 🛢️💰,0,minimal,Maturity: Minimal,search
7051897763,Line to Riches (Donation Game),0,minimal,Maturity: Minimal,search
10446794674,Idle Slayers ⚔️,0,minimal,Maturity: Minimal,search
5077317890,Basic Incremental game,0,minimal,Maturity: Minimal,search
9578950378,[⭐UPD 3] Idle Circles,0,minimal,Maturity: Minimal,search
10650808215,[UPD 1.8] Idle Cultivation [OPEN TEST],0,minimal,Maturity: Minimal,search
10440015337,Orbit Idle ★,0,minimal,Maturity: Minimal,search
9804070987,[♾️UPD 2] Road to Infinity [Incremental],0,minimal,Maturity: Minimal,search
9898763698,AFK Aura farming 🤫,0,minimal,Maturity: Minimal,search
9855960089,Idle Blocks 🎱 [ASMR],0,minimal,Maturity: Minimal,search
10055536497,[Update 1] Everything Incremental,0,minimal,Maturity: Minimal,search
10767089475,[EVENT!] Idle Empires,0,minimal,Maturity: Minimal,search
9354709602,[🎉UPD + X2] Waste Time⏳,0,minimal,Maturity: Minimal,search
8316627478,[F2P] IDLE BARS,0,minimal,Maturity: Minimal,search
9583059324,💵 Cash Cash Idle!,0,minimal,Maturity: Minimal,search
135768313,INSONI [v3],0,minimal,Maturity: Minimal,search
5334482276,Circle Incremental ,0,minimal,Maturity: Minimal,search
9907615159,🎢 Highest Rollercoaster,0,minimal,Maturity: Minimal,search
10087671138,[🚗] AI Learns To Drive,0,minimal,Maturity: Minimal,search
7028350335,Digimon: Reboot Idle,0,minimal,Maturity: Minimal,search
9221901406,[🐟5.1] Just A RNG Game,0,minimal,Maturity: Minimal,search
10503245671,HIGHEST Skydive Ever!🪂,0,minimal,Maturity: Minimal,search
10122733248,Highest Monorail Ever,0,minimal,Maturity: Minimal,search
10766553802,Pocket Empire 💰 [Idle Game],0,minimal,Maturity: Minimal,search
10767944685,[NEW] Pixel Grind Idle	,0,minimal,Maturity: Minimal,search
10096246276,AFK For UGC,0,minimal,Maturity: Minimal,search
10469426282,[🍃Upd 9] 🔩 Resource Incremental,0,minimal,Maturity: Minimal,search
9969567932,[💵] Wealth Ascension,0,minimal,Maturity: Minimal,search
10313838774,[🥊] Boxing Incremental,0,minimal,Maturity: Minimal,search
6596627293,Investor City,0,minimal,Maturity: Minimal,search
10060190851,🛴 Highest Scooter Ramp,0,minimal,Maturity: Minimal,search
9618795072,💸Computer Incremental,0,minimal,Maturity: Minimal,search
10548152848,RUNEHEAVEN [IDLE RPG],0,minimal,Maturity: Minimal,search
9833422940,Unbox a Factory ,0,minimal,Maturity: Minimal,search
10548618687,Ascension Incremental 2,0,minimal,Maturity: Minimal,search
10765078176,Verity's Game,0,minimal,Maturity: Minimal,search
9582636207,[♾️UPD15] Watch Number Go Up,0,minimal,Maturity: Minimal,search
10429707659,🌟SCRATCH TO REPAY BOSS ,0,minimal,Maturity: Minimal,search
10124456377,[IDLE] Soul Hero 🦋,0,mild,Maturity: Mild,search
7540205320,Life Incremental,0,minimal,Maturity: Minimal,search
10067173115,Highest Zipline Ever,0,minimal,Maturity: Minimal,search
10149750005,Highest Boat Ride,0,minimal,Maturity: Minimal,search
9987781584,OVERCLOCKED [v1.3],0,minimal,Maturity: Minimal,search
9876258060,My Coding Company,0,minimal,Maturity: Minimal,search
5560922112,Business Life 💼💸 Earn Offline!,0,mild,Maturity: Mild,search
10757514065,Become a Game Developer! 💻 ,0,minimal,Maturity: Minimal,search
9952820791,Clone Incremental,0,minimal,Maturity: Minimal,search
10608827122,[CHERRY] Plant Incremental,0,minimal,Maturity: Minimal,search
8646444640,[UPD 5] Untitled Upgrade Tree,0,minimal,Maturity: Minimal,search
2235801300,[🔥 UPDATE] AFK Incremental,0,minimal,Maturity: Minimal,search
10479854173,[UPD] BUTTON INCREMENTAL 👆,0,minimal,Maturity: Minimal,search
9271890694,[🙏] Faith Incremental,0,minimal,Maturity: Minimal,search
10662988913,[x99 STATS🔥] Power Incremental Modded,0,minimal,Maturity: Minimal,search
8098431776,Destroy Roblox 💫 [Incremental],0,minimal,Maturity: Minimal,search
9818302554,[NEW UPDATE] JoJo's Bizarre Incremental,0,minimal,Maturity: Minimal,search
5819738730,Circle Grinding Incremental,0,minimal,Maturity: Minimal,search
10171934713,[Upd12.3] +1 DMG Per Revive[💀],0,mild,Maturity: Mild,search
7699580568,[🌱] Grass Incremental Simulator,0,minimal,Maturity: Minimal,search
10611067088,[UPD2] Heat Incremental,0,minimal,Maturity: Minimal,search
10698594028,Feed The Demon! [Incremental],0,minimal,Maturity: Minimal,search
10574518789,[🤖WORLD 3] Crop Incremental Reborn,0,minimal,Maturity: Minimal,search
10263767875,[UPD] Freddy Incremental🍕,0,minimal,Maturity: Minimal,search
10308788038,Coins Incremental,0,minimal,Maturity: Minimal,search
10131390815,[🌎W8] Throw a Coin,0,minimal,Maturity: Minimal,search
10307055174, Business Incremental,0,minimal,Maturity: Minimal,search
10677805895,[📗INDEX] Dice Rolling Incremental 2!,0,minimal,Maturity: Minimal,search
10763739935,🍂 Leaves Incremental [NEW],0,minimal,Maturity: Minimal,search
9174548881,Elemental Incremental,0,minimal,Maturity: Minimal,search
10764537454,(Dice) Ultimate Anime Incremental,0,minimal,Maturity: Minimal,search
10764779252,[UPD 3] SCP Incremental,0,minimal,Maturity: Minimal,search
10381920426,[AURA] Chess Incremental,0,minimal,Maturity: Minimal,search
7643219504,Dungeons Incremental 2⚔️,0,mild,Maturity: Mild,search
9939239112,[🧮] Math Incremental,0,minimal,Maturity: Minimal,search
10638229453,[UPDATE6] Light Incremental,0,minimal,Maturity: Minimal,search
10427458359,[UPD7] Saiyan Incremental,0,minimal,Maturity: Minimal,search
10399756605,[UPD 2😎] Mushroom Incremental,0,minimal,Maturity: Minimal,search
10764763219,Ore Incremental,0,minimal,Maturity: Minimal,search
3478678937,[AWAKENING] 🌱 Grass Cutting Incremental 🌱,0,minimal,Maturity: Minimal,search
10554476978,[⛏️Cave] Carrot Incremental,0,minimal,Maturity: Minimal,search
10117821968,[🎾] Tennis Incremental,0,minimal,Maturity: Minimal,search
10398046208,+1 Height Per Jump,0,minimal,Maturity: Minimal,search
10039065382,[🏈COLLEGE!] Football Incremental,0,minimal,Maturity: Minimal,search
10641535566,Press 99 Buttons Incremental,0,minimal,Maturity: Minimal,search
9151146986,[⚽] Soccer Incremental,0,minimal,Maturity: Minimal,search
9561352550,[REVAMP] Dropper Incremental,0,minimal,Maturity: Minimal,search
5232746563,Fruit Game 🍉,0,minimal,Maturity: Minimal,search
6607056670,Watermelon Merge Simulator!  [Suika],0,minimal,Maturity: Minimal,search
9698037703,Fruit Escape [Horror],0,mild,Maturity: Mild,search
10424311938,[UPD1]+1 Fruit Samurai 🍉,0,minimal,Maturity: Minimal,search
10611276848,[🔥FREE UGC] Cut a Fruit!,0,minimal,Maturity: Minimal,search
10286476790,[🍎] Fruit Farm,0,minimal,Maturity: Minimal,search
5124937545,Fruit Fight!,0,mild,Maturity: Mild,search
6324952582,jelly fruit tower,0,minimal,Maturity: Minimal,search
8624828513,Find the NICHE AI Fruits,0,minimal,Maturity: Minimal,search
8835013157,🍉 Watermelon Tower,0,minimal,Maturity: Minimal,search
4604254697,Fruit Connect,0,minimal,Maturity: Minimal,search
9722665600,🍋fruit stage tower🍋 [ stage 500! ],0,minimal,Maturity: Minimal,search
6509792215,🍉 Watermelon Obby,0,minimal,Maturity: Minimal,search
5867087288,melon river tycoon *QUESTS*,0,mild,Maturity: Mild,search
8668240245,Jump Into Niche Fruit,0,minimal,Maturity: Minimal,search
8443571594,Fruit Forager🍎,0,minimal,Maturity: Minimal,search
10474549977,Smoothie Farm 🍓,0,minimal,Maturity: Minimal,search
7383607397,Fruit Stage Tower🍓,0,minimal,Maturity: Minimal,search
6509934674,🍊 Orange Obby,0,minimal,Maturity: Minimal,search
10507643754,Blob Merge,0,minimal,Maturity: Minimal,search
6697166225,Frunki,0,mild,Maturity: Mild,search
10639043831,[Update 11 🔥] Chaos Fruits,0,mild,Maturity: Mild,search
6489909364,🍌 Banana Obby,0,minimal,Maturity: Minimal,search
4069560710,[⚔️ Sword of the Rain] ONE FRUIT,0,mild,Maturity: Mild,search
9059096228,apples [UPDATE],0,mild,Maturity: Mild,search
9430075004,pumpkin,0,minimal,Maturity: Minimal,search
6691951602,Mega Easy Fun Candy Obby,0,minimal,Maturity: Minimal,search
8635042001,Poison Sushi Challenge !🍣,0,minimal,Maturity: Minimal,search
9766342306,[🍊] Orange,0,minimal,Maturity: Minimal,search
6415765614,Strawberry Obby!,0,minimal,Maturity: Minimal,search
1229590289,🍦ice cream club best game ever,0,minimal,Maturity: Minimal,search
10289974294,Sell Oranges 🍊,0,minimal,Maturity: Minimal,search
9546963181,Spicy milk challenge🌶️🥛,0,minimal,Maturity: Minimal,search
9630990368,Juice Factory,0,minimal,Maturity: Minimal,search
9818611011,Find the Apples (97),0,minimal,Maturity: Minimal,search
3695532015,[UPD 🌪️] 2048 : Merge Blocks,0,minimal,Maturity: Minimal,search
7431724632,Squid Game Tower 2,0,minimal,Maturity: Minimal,search
7587823060,Watermelon Tower Obby,0,minimal,Maturity: Minimal,search
9220636622,🍉 Watermelon Incremental,0,minimal,Maturity: Minimal,search
9197259237,watermelon!,0,moderate,Maturity: Moderate,search
8715050372,e,0,mild,Maturity: Mild,search
9722798126,Survive Lava For Fruits,0,minimal,Maturity: Minimal,search
9361583647,2 Player AI Fruits Tycoon,0,mild,Maturity: Mild,search
6925434042,Dalgona Tycoon,0,minimal,Maturity: Minimal,search
9796258253,Fill the Cereal Bowl!,0,mild,Maturity: Mild,search
9889449035,🥔 Hot Potato Game,0,mild,Maturity: Mild,search
2952891375,Sea Game Tycoon,0,mild,Maturity: Mild,search
10492559854,Would You Rather: Gaming Tower,0,minimal,Maturity: Minimal,search
6508026866,🍇 Grape Obby,0,minimal,Maturity: Minimal,search
10155839080,🌱 Be A Seed?,0,mild,Maturity: Mild,search
9191549899,Crop Tycoon🌾,0,minimal,Maturity: Minimal,search
9324612347,My Ice Cream Truck,0,mild,Maturity: Mild,search
10364074795,Merge Fruits,0,minimal,Maturity: Minimal,search
10556239405,Merge Fruits 🍓,0,minimal,Maturity: Minimal,search
10501312173,Merge a Squishy,0,minimal,Maturity: Minimal,search
8291842942,Merge Chiikawa,0,minimal,Maturity: Minimal,search
3597975113,Fruit Mergers,0,minimal,Maturity: Minimal,search
6651419739,Merge for DIAMONDS!,0,minimal,Maturity: Minimal,search
10432930643,Merge a Mob! [UPDATE],0,minimal,Maturity: Minimal,search
6664476231,Anime Fruit!,0,mild,Maturity: Mild,search
7110492237,Sprunki Merge Simulator,0,mild,Maturity: Mild,search
10426893816,Grow a Fruit Empire! 🍓,0,minimal,Maturity: Minimal,search
10514648984,Merge a Tsunami 🌊,0,minimal,Maturity: Minimal,search
10634585968,Merge an SCP,0,mild,Maturity: Mild,search
10577989196,[NEW❗] Merge a Turret! ,0,minimal,Maturity: Minimal,search
10470774864,Merge a Dino,0,mild,Maturity: Mild,search
8552462433,Blox Fruit Trading Place ,0,minimal,Maturity: Minimal,search
10740066042,Merge a Factory,0,minimal,Maturity: Minimal,search
9679237710,Merge a Marble,0,minimal,Maturity: Minimal,search
10600832821,Merge Your Car,0,minimal,Maturity: Minimal,search
9897799716,Mine for Fruits!,0,minimal,Maturity: Minimal,search
9109147706,🔥 Elemental Merge,0,minimal,Maturity: Minimal,search
6483696355,Merge Toy,0,mild,Maturity: Mild,search
10621870041,Merge an Anime,0,mild,Maturity: Mild,search
3940690950,Merge Simulator,0,minimal,Maturity: Minimal,search
10221880089,🥕 My Fruit Tycoon,0,minimal,Maturity: Minimal,search
9907145913,[ UPDATE! ] Steal from Anime Fruits!,0,minimal,Maturity: Minimal,search
10322688976,[Update 8 🔥] Storm Fruits,0,mild,Maturity: Mild,search
10765591166,Blox Fruit Trading Plaza 🍎,0,minimal,Maturity: Minimal,search
9102341226,Trade an Anime Fruit!,0,minimal,Maturity: Minimal,search
3388931922,Merge Fanmade,0,minimal,Maturity: Minimal,search
10639368398,[UPD]Merge Your Spinner!,0,minimal,Maturity: Minimal,search
10526166728,Merge a Spinner!,0,minimal,Maturity: Minimal,search
9859471711,Merge Grandpiece,0,mild,Maturity: Mild,search
6571931677,GrandPiece Merge Tycoon,0,mild,Maturity: Mild,search
9811388552,Tile Fruits Match,0,minimal,Maturity: Minimal,search
10541109620,Merge to Build an Island,0,minimal,Maturity: Minimal,search
10109877123,[🌧️] Drop a Fruit,0,minimal,Maturity: Minimal,search
9434674630,[💩] Poop and Merge 🧻,0,mild,Maturity: Mild,search
4059804812,🔵Merge!🔵,0,minimal,Maturity: Minimal,search
7435836892,Ninja Merge Tycoon,0,mild,Maturity: Mild,search
9969061615,Yeet A Fruit 🍉,0,minimal,Maturity: Minimal,search
10767663125,Merge Block Arena,0,minimal,Maturity: Minimal,search
9999367341,Numbers World,0,minimal,Maturity: Minimal,search
8468729693,[🍀x4] Merging Masters ULTIMATE 🔥,0,minimal,Maturity: Minimal,search
9160614851,[TELEPORTERS] Googology things!,0,minimal,Maturity: Minimal,search
9565811567,🍎 Fruit Tail,0,mild,Maturity: Mild,search
10002974717,[UPDATE] Tranquil Merge Oasis,0,minimal,Maturity: Minimal,search
2743338502,[🧱] Building Simulator X,0,minimal,Maturity: Minimal,search
2319883950,Merge! Classic,0,mild,Maturity: Mild,search
4317514776,Merge Drills⛏️,0,minimal,Maturity: Minimal,search
8569920370,Be a Number!,0,mild,Maturity: Mild,search
9604036556,Clone Line Challenge 👥,0,minimal,Maturity: Minimal,search
10742439589,[UPD3 🐸] Sticks Incremental 2,0,minimal,Maturity: Minimal,search
4107108456,"Numberblocks slide down 100,000 feet!",0,minimal,Maturity: Minimal,search
5000210984,Math Traps,0,mild,Maturity: Mild,search
6584187036,Noob Merge Army!,0,minimal,Maturity: Minimal,search
8047266799,Numeros Grandes [3W],0,minimal,Maturity: Minimal,search
10338429623, Cosmic Merge,0,minimal,Maturity: Minimal,search
7107426422,Emoji Evolution,0,minimal,Maturity: Minimal,search
10767938307,[Are you smart?] Cube Race,0,minimal,Maturity: Minimal,search
9883415722,[Time⏰] Slime Cubes Incremental,0,minimal,Maturity: Minimal,search
9971591478,[☔] It's Raining Worms,0,minimal,Maturity: Minimal,search
3721779635,Escape Numbers! [20],0,minimal,Maturity: Minimal,search
9624703659,Portal Incremental,0,minimal,Maturity: Minimal,search
10249420003,[NEW🔥] Eternity Incremental,0,minimal,Maturity: Minimal,search
10468581783,+1 Kaiju Evolution,0,minimal,Maturity: Minimal,search
7018864858,[💥Update 3] Universe Incremental,0,minimal,Maturity: Minimal,search
7818472892,ECE 2024,0,mild,Maturity: Mild,search
8546913132,Size Incremental [V0.1],0,minimal,Maturity: Minimal,search
10435534128,Sagaborn,0,minimal,Maturity: Minimal,search
9800440105,Epic Rarities 🍀,0,minimal,Maturity: Minimal,search
9896643509,Block Clear Race,0,minimal,Maturity: Minimal,search
10167786253,Infinite Blocks,0,mild,Maturity: Mild,search
9642011381,Blast a Block!,0,minimal,Maturity: Minimal,search
10605540573,Lucky Block World,0,mild,Maturity: Mild,search
10764618653,Block Blast 3D [NEW : COOP !] ,0,minimal,Maturity: Minimal,search
3937294366,🎃 Block City Wars Bluey: Cops and Robbers ALPHA,0,mild,Maturity: Mild,search
10482821099,🤑 A Kicking Block Type of Game 🌈,0,mild,Maturity: Mild,search
10131443111,Block Duels,0,minimal,Maturity: Minimal,search
10612017628,Mega Ramp for Lucky Blocks!,0,minimal,Maturity: Minimal,search
6238541028,Knock the Blocks,0,mild,Maturity: Mild,search
10401984656,🔥 KICKZ A MODDED BLOCK 💸,0,mild,Maturity: Mild,search
2251478786,Picture Block,0,minimal,Maturity: Minimal,search
9715909786,Jump To Steal Lucky Blocks,0,minimal,Maturity: Minimal,search
279565647,❓ LUCKY BLOCKS Battlegrounds,0,mild,Maturity: Mild,search
9750361560,Pew Pew Blocks 🔫,0,minimal,Maturity: Minimal,search
9452898647,Pull Lucky Blocks,0,minimal,Maturity: Minimal,search
9344307274,⛏️ Break a Lucky Block!,0,minimal,Maturity: Minimal,search
8048032846,💎 OP Lucky Blocks ,0,mild,Maturity: Mild,search
10399562127,Block Breakout,0,minimal,Maturity: Minimal,search
9901297725,Guide the Knockout! 🐧,0,minimal,Maturity: Minimal,search
7347621592,[🍂] Fading Blocks,0,minimal,Maturity: Minimal,search
8232080937,Brainrot Fusion,0,minimal,Maturity: Minimal,search
9759228652,Break the Lucky Block and Escape Sammy!,0,minimal,Maturity: Minimal,search
905198065,[FIXED] Blocks n' Props,0,minimal,Maturity: Minimal,search
10088216376,Train And Kick Lucky Block🧠,0,minimal,Maturity: Minimal,search
4094879085,Merge Project,0,mild,Maturity: Mild,search
6106127669,(🖌️) Merging Game,0,minimal,Maturity: Minimal,search
10614932734,Verity Lucky Blocks,0,mild,Maturity: Mild,search
2287039012,Lucky Block Battles,0,mild,Maturity: Mild,search
7400436993,Block Tower 🏠,0,minimal,Maturity: Minimal,search
10681558130,😀Merge An Emoji,0,minimal,Maturity: Minimal,search
10766079701,[⛈️ WEATHER] Merge a Mech!,0,minimal,Maturity: Minimal,search
6292510797,Drag to Combine!,0,minimal,Maturity: Minimal,search
10450629188,[UPD 5] Merge Hackers,0,minimal,Maturity: Minimal,search
4540138978,Metro Life 🏡 City RP,0,minimal,Maturity: Minimal,search
10372641021,[🔥UPD 2] Merge Defense,0,minimal,Maturity: Minimal,search
10469724749,[🚗] Merge Cars!,0,minimal,Maturity: Minimal,search
10359092742,Merge a Cat!,0,minimal,Maturity: Minimal,search
10452208366,[🌶️] Merge a Pepper!,0,minimal,Maturity: Minimal,search
7656317736,MERGE BRAINROT 💀,0,minimal,Maturity: Minimal,search
10576798247,[🐶UPD]Merge Puppies vs Monsters,0,minimal,Maturity: Minimal,search
10377438262,Turtle Merge 🐢,0,minimal,Maturity: Minimal,search
10503508266,[UPD] Merge a Meteor!,0,minimal,Maturity: Minimal,search
10498867656,Merge a Disaster,0,minimal,Maturity: Minimal,search
6547027850,SCP Merge,0,moderate,Maturity: Moderate,search
10464887080,[🥟] Merge Dumplings,0,minimal,Maturity: Minimal,search
4626596647,Merge to Get Rich Tycoon!,0,minimal,Maturity: Minimal,search
9343721100,[UPD] Merge Your Army! 🧟‍♂️,0,minimal,Maturity: Minimal,search
10375323520,[⛏️] Merge Tools!,0,minimal,Maturity: Minimal,search
10765548946,Merge & Cut Grass,0,minimal,Maturity: Minimal,search
10329456285,[MERGE] Turrets VS Zombies🔫,0,mild,Maturity: Mild,search
8868608169,[🤠] Merge Animals,0,minimal,Maturity: Minimal,search
3997370929,Zombie Merge Tycoon,0,mild,Maturity: Mild,search
10363514588,Merge Meteors!,0,minimal,Maturity: Minimal,search
7193916438,Dragon Ball Merge Tycoon,0,mild,Maturity: Mild,search
10678412763,Merge Guns vs Zombies[UPD],0,mild,Maturity: Mild,search
10597502309,Merge a Weapon and Destroy!,0,minimal,Maturity: Minimal,search
10280253242,Merge Luckyblocks 🎲,0,minimal,Maturity: Minimal,search
10763568635,Merge Capybaras 🐾,0,minimal,Maturity: Minimal,search
10504017036,🌵 Merge a Dragon [STEAL],0,mild,Maturity: Mild,search
9711972386,[⚔️] Merge Vs Mobs,0,minimal,Maturity: Minimal,search
10722075131,Merge An Empire 👑,0,minimal,Maturity: Minimal,search
10343066311,[QUESTS!] Merge an Army!,0,mild,Maturity: Mild,search
10477538176,Merge & Shoot!,0,mild,Maturity: Mild,search
10295664261,Merge Swords And Kill Zombies!,0,mild,Maturity: Mild,search
10736518348,Merge  a goose Fighter,0,minimal,Maturity: Minimal,search
10638703241,Merge a Garden 🌱,0,minimal,Maturity: Minimal,search
5131529475,Gun Merge Tycoon,0,mild,Maturity: Mild,search
5346251666,😋Sushi Merge,0,minimal,Maturity: Minimal,search
10373696418,[UPD 7] Merge Soccer Cards ⚽,0,minimal,Maturity: Minimal,search
7266261686,♟️Chess Club♟️,0,minimal,Maturity: Minimal,search
10768845402,RoChess!,0,minimal,Maturity: Minimal,search
9953683569,Chess Practice!,0,minimal,Maturity: Minimal,search
9410720977,Chess Islands!,0,minimal,Maturity: Minimal,search
6161565331,Chess with guns,0,minimal,Maturity: Minimal,search
9798334924,Super Chess,0,minimal,Maturity: Minimal,search
9656229096,🎁  Checklocked,0,minimal,Maturity: Minimal,search
10469860622,Chess RPG ⚔️,0,mild,Maturity: Mild,search
10766220451,Ro-Chess,0,minimal,Maturity: Minimal,search
3945578236,Chaos Jenga,0,minimal,Maturity: Minimal,search
9221174018,Checkers 🎮,0,minimal,Maturity: Minimal,search
10764645842,Chess Onslaught (Open Beta),0,minimal,Maturity: Minimal,search
9950442110,[♟️] One Move Ahead,0,minimal,Maturity: Minimal,search
6533815895,Board Game Paradise 🌴,0,minimal,Maturity: Minimal,search
3367858775,[UPDATE!] CHECKERS!,0,minimal,Maturity: Minimal,search
7395015994,Rat Dancing Meme Backrooms,0,mild,Maturity: Mild,search
10127764368,Blind Timer ⏳,0,minimal,Maturity: Minimal,search
10013764297,💻 Don't Hack Me!,0,minimal,Maturity: Minimal,search
10628907188,Stream A Cheese Pull!,0,minimal,Maturity: Minimal,search
4228233498,Crazy Cards 🤣,0,mild,Maturity: Mild,search
9888664700,Ultimate UNO Battle! 🃏🔥,0,minimal,Maturity: Minimal,search
9238391248,Yut Nori,0,minimal,Maturity: Minimal,search
10493683024,Table Games RNG [PETS],0,minimal,Maturity: Minimal,search
9488359634,🏓 Ping Pong!,0,minimal,Maturity: Minimal,search
10058325933,Match the Cards! 🧠,0,minimal,Maturity: Minimal,search
9645309602,Mahjong Duel,0,minimal,Maturity: Minimal,search
10766316289,한국 알까기 [ 베타 ],0,minimal,Maturity: Minimal,search
9761700404,[🤔] Guess My Number,0,minimal,Maturity: Minimal,search
2621511041,Ronopoly,0,minimal,Maturity: Minimal,search
9666065837,Brainrot Board Game,0,minimal,Maturity: Minimal,search
9917929102,One! [Card Party Game],0,minimal,Maturity: Minimal,search
10420698896,INDOPOLY v2🎲,0,minimal,Maturity: Minimal,search
9729754494,🕹️ Classic Games [+1 GAME],0,minimal,Maturity: Minimal,search
9792625394,[☀️] Don't Ring the Bell! 🔔,0,minimal,Maturity: Minimal,search
10768446167,Korean UNO KR [Alpha],0,minimal,Maturity: Minimal,search
9608198845,UNO: Bridge Clash,0,mild,Maturity: Mild,search
9863679552,🤔 Guess My Card!,0,minimal,Maturity: Minimal,search
9651385042,Drink Matching,0,minimal,Maturity: Minimal,search
9707355651,GO FISH! (Card Game) 🃏,0,minimal,Maturity: Minimal,search
5767606677,YGO: Reborn! [Alpha],0,mild,Maturity: Mild,search
2429804179,Board Game Insanity 🎲,0,minimal,Maturity: Minimal,search
10459546828,The Liar,0,minimal,Maturity: Minimal,search
6612614547,Hitman Card Game,0,minimal,Maturity: Minimal,search
10142643687,Guess The Sequence!,0,minimal,Maturity: Minimal,search
9488122827,Four in a Row!,0,minimal,Maturity: Minimal,search
4457235420,LudoBlox,0,minimal,Maturity: Minimal,search
108687118,[🏪 BOOTH GAME] Blox Cards TCG 🃏,0,minimal,Maturity: Minimal,search
1674936652,Guess Who!,0,minimal,Maturity: Minimal,search
8421515131,Cup Battles ,0,minimal,Maturity: Minimal,search
10362859910,Table Minigames 🎲,0,minimal,Maturity: Minimal,search
5800360630,Loteria,0,minimal,Maturity: Minimal,search
10679772852,Satisfying BINGO! 🍀 (ASMR),0,minimal,Maturity: Minimal,search
10659504985,[🏠 HOUSES!] BINGO Masters! 🎱,0,minimal,Maturity: Minimal,search
9871416081,Table Tennis! 🏓 ,0,minimal,Maturity: Minimal,search
5492723512,Meme Maker [UPDATED!]  😎,0,minimal,Maturity: Minimal,search
10604573884,[🔥] Pinoy Bingo!,0,minimal,Maturity: Minimal,search
5340747004,Easy Memory,0,minimal,Maturity: Minimal,search
4303581760,Five In A Row,0,minimal,Maturity: Minimal,search
10293583388,Match the Tiles! 🧠,0,minimal,Maturity: Minimal,search
10334356308,HALLOWEEN 🎃 BINGO TROLL,0,minimal,Maturity: Minimal,search
9585571512,[🧠] Who is Smarter?,0,minimal,Maturity: Minimal,search
7223396421,Memory Murder,0,minimal,Maturity: Minimal,search
10230578056,[🎮] Guess My Game,0,minimal,Maturity: Minimal,search
10764431367,[🎃] Ihaw Ihaw!,0,minimal,Maturity: Minimal,search
8397863446,Match The Cups,0,minimal,Maturity: Minimal,search
9564659718,Find Who Slapped,0,moderate,Maturity: Moderate,search
5731967654,Who's Lying?,0,minimal,Maturity: Minimal,search
9711289915,🙂[LORD VERITY] Emotes Testing ✨,0,minimal,Maturity: Minimal,search
9764686216,Bubble Pop 🍰,0,minimal,Maturity: Minimal,search
10767909849,Bubble Clicker,0,minimal,Maturity: Minimal,search
10405804944,Paint My Bubble Wrap! 🎨,0,minimal,Maturity: Minimal,search
3271273610,Paintball Wars!,0,mild,Maturity: Mild,search
10229595447,+1 Speed Bubble Pop Escape,0,minimal,Maturity: Minimal,search
10285601440,+1 Speed Bubble Wrap Escape | Diamond & Gold,0,minimal,Maturity: Minimal,search
10187936688,+1 Speed Bubble Escape | Day & Night,0,minimal,Maturity: Minimal,search
10576332823,+1 Speed Bubble Pop and Escape,0,minimal,Maturity: Minimal,search
10262466489,🏠 Neighbor Shooters,0,mild,Maturity: Mild,search
10548782675, +1 Bubble Wrap Escape 🍓🍵| Strawberry & Matcha,0,mild,Maturity: Mild,search
10397884503,Generic Gore Blood Shooter🩸,0,mild,Maturity: Mild,search
10754137201,Animals VS Bubblegum,0,minimal,Maturity: Minimal,search
10298293776,Bubble Wrap ASMR Incremental 🫧,0,minimal,Maturity: Minimal,search
7872243662,Poop Shooter: Toilet Turf War 💩🚽,0,mild,Maturity: Mild,search
10764949634,[UPD 1🔥] Squishy Incremental,0,minimal,Maturity: Minimal,search
7595432815,Bubble Jump Tower,0,minimal,Maturity: Minimal,search
8923840905,Bubble Gum Tappers 🐾 ,0,minimal,Maturity: Minimal,search
7872343282,OVERKILL,0,mild,Maturity: Mild,search
10308442951,Baldi Shooters 📏,0,mild,Maturity: Mild,search
8452143317,Shooter Arena,0,mild,Maturity: Mild,search
10220878333,Bubble Wrap ASMR OBBY🎧,0,minimal,Maturity: Minimal,search
10337568686,+1 Jump Bubble Wrap Escape,0,minimal,Maturity: Minimal,search
7732617639,My Pet Bubble Gum,0,minimal,Maturity: Minimal,search
5588214918, Untitled Shooter VR,0,moderate,Maturity: Moderate,search
10534105542,Verity Shooters,0,mild,Maturity: Mild,search
7818967069,[STYLES] Text Bubble Maker 💬,0,minimal,Maturity: Minimal,search
9299164657,Aura Edit Shooter,0,mild,Maturity: Mild,search
10141757860,Granny Shooters 🪓,0,mild,Maturity: Mild,search
10115434390,🧩 Word Connect,0,minimal,Maturity: Minimal,search
4037784525,Create Words or Die,0,minimal,Maturity: Minimal,search
7000105765,Scary Spelling,0,minimal,Maturity: Minimal,search
3992524315,Word Bridge,0,minimal,Maturity: Minimal,search
9871049410,Connect the Words 💬,0,mild,Maturity: Mild,search
3681669024,Longest Tower Race,0,minimal,Maturity: Minimal,search
7079152534,🐝 Spelling Bee [🎃],0,mild,Maturity: Mild,search
6227091846,Guess The Word💬,0,minimal,Maturity: Minimal,search
5700160823,Letter Search!,0,minimal,Maturity: Minimal,search
10766650071,Word Rush!,0,mild,Maturity: Mild,search
3353843201,Guess The Word 🧩🤔,0,minimal,Maturity: Minimal,search
10464834663,Guess the Word! 🤔,0,minimal,Maturity: Minimal,search
9854881884,[🤔] Guess My Word,0,minimal,Maturity: Minimal,search
9859741671,🤔 Guess My Word,0,minimal,Maturity: Minimal,search
9852318529,Word Swipe🧩,0,minimal,Maturity: Minimal,search
10009944759,Word Hunt Battles!💬,0,minimal,Maturity: Minimal,search
7536477424,Word Hunt🔍,0,minimal,Maturity: Minimal,search
8896772672,Guess The Word! 🧩,0,minimal,Maturity: Minimal,search
9766005056,Spell or Fall,0,minimal,Maturity: Minimal,search
10172233660,Grade quiz,0,minimal,Maturity: Minimal,search
9552820958,Context: Guess the Word 💬,0,minimal,Maturity: Minimal,search
9684604627,[🤔] Word Chains!,0,minimal,Maturity: Minimal,search
10389550839,단어 맞히기,0,minimal,Maturity: Minimal,search
9892449758,Two Letters,0,mild,Maturity: Mild,search
10196985448,Korean Word Game💬,0,minimal,Maturity: Minimal,search
9981725534,Find Words (Wordle Style Game)!,0,minimal,Maturity: Minimal,search
9882798010,[📱MOBILE] WORD HUNT,0,minimal,Maturity: Minimal,search
1367855362,Longest Answer Wins [NEW QUESTIONS],0,minimal,Maturity: Minimal,search
9724688939,Guess The Phrase 🤔,0,minimal,Maturity: Minimal,search
10251356043,[업데이트] 한국 단어쌓기🔥,0,minimal,Maturity: Minimal,search
10766725766,[🧩] Letter: Word Games,0,minimal,Maturity: Minimal,search
7142765600,[MIC🎤] Filipino Spelling 🇵🇭✏️,0,minimal,Maturity: Minimal,search
9546331833,[LEVEL!] Sambung Kata 💬,0,mild,Maturity: Mild,search
9334335491,Word Puzzler!,0,mild,Maturity: Mild,search
10761071909,Word Duels,0,minimal,Maturity: Minimal,search
10499844715,Wordfinder,0,minimal,Maturity: Minimal,search
10717054157,CORRELATIONS: Connect Words 🧩,0,minimal,Maturity: Minimal,search
1444297073,Shortest Answer Wins [NEW ANSWERS],0,minimal,Maturity: Minimal,search
9780923598,Last Letter [Conjugate Word],0,minimal,Maturity: Minimal,search
6022371481,Spelling Bee,0,mild,Maturity: Mild,search
5719123726,Fastest Typer Race,0,minimal,Maturity: Minimal,search
4353668520,The Typing Game,0,minimal,Maturity: Minimal,search
9125259344,My Jail Cell!  (🗓️Daily Rewards!),0,minimal,Maturity: Minimal,search
10417464723,[🎮] Guess My Video Game,0,minimal,Maturity: Minimal,search
999119903,Escape Room,0,minimal,Maturity: Minimal,search
9464728170,IQ Prison Escape! 🚨,0,minimal,Maturity: Minimal,search
8600977079,The Button Room,0,mild,Maturity: Mild,search
6764367890,Cat in the Hat Escape [Update],0,mild,Maturity: Mild,search
8125761207,[135] Escape the Rooms 🔑,0,minimal,Maturity: Minimal,search
7188992990,[NEW] Escape Room 5 ✨,0,minimal,Maturity: Minimal,search
9738543563,🧠 99 Rooms IQ Test,0,minimal,Maturity: Minimal,search
8705454731,Escape 99 Rooms🔑,0,minimal,Maturity: Minimal,search
10244001346,Mrbeast Island Escape,0,mild,Maturity: Mild,search
10638395732,+1 IQ Escape 🧠,0,minimal,Maturity: Minimal,search
8581899016,Find The Secret Base! 👀,0,minimal,Maturity: Minimal,search
9857799026,Escape Room: The Sealed Castle,0,minimal,Maturity: Minimal,search
10123046278,[UPD!]Escape From Backrooms Monster,0,mild,Maturity: Mild,search
9039895448,Scary Escape Rooms 🔑,0,minimal,Maturity: Minimal,search
8615743734,Build your Escape,0,mild,Maturity: Mild,search
9296042754,Riot City 🚨 Prison Escape,0,mild,Maturity: Mild,search
6422688485,[🔎] Escape Room 3,0,minimal,Maturity: Minimal,search
6677620889,[NEW] Escape Room 4,0,minimal,Maturity: Minimal,search
6272785128,(🔎) Escape Room 2!,0,minimal,Maturity: Minimal,search
5795519964,Escape Angry Head,0,mild,Maturity: Mild,search
10061909806,Sneak Out! 🤫,0,minimal,Maturity: Minimal,search
5726000717,SUZIE'S DAYCARE ESCAPE! (FIRST PERSON OBBY!),0,minimal,Maturity: Minimal,search
2922487292,Trapped [Escape Room!],0,mild,Maturity: Mild,search
6592024030,ESCAPE ROOM,0,moderate,Maturity: Moderate,search
2165551367,Granny,0,mild,Maturity: Mild,search
7709793220,ESCAPE ROOM - Deluxe Edition,0,mild,Maturity: Mild,search
10291810987,Escape as a Tiny Human!,0,mild,Maturity: Mild,search
958027540,Find The Button ,0,minimal,Maturity: Minimal,search
6325828961,Bloxliminal [MULTIPLAYER],0,minimal,Maturity: Minimal,search
9049091110,Broken Clocks [Escape Room],0,minimal,Maturity: Minimal,search
10037267577,[C4] ESCAPE VERITY 🔑 [HORROR],0,mild,Maturity: Mild,search
8965717730,100 Players Lava Escape 🔥,0,mild,Maturity: Mild,search
10554316588,+1 Spinjitsu Escape ⚡,0,minimal,Maturity: Minimal,search
10280197180,The Cursed School[Horror],0,mild,Maturity: Mild,search
10501968293,Animal Hospital Escape,0,mild,Maturity: Mild,search
10616474341,Huss Rooms | [Locust],0,mild,Maturity: Mild,search
10089497129,Escape The Backrooms,0,minimal,Maturity: Minimal,search
6568417585,[UPDATE] M.E.G. Endless Reality,0,mild,Maturity: Mild,search
10339545236,[NEW MINI MINI.EXE] Fede Vigevani's House RP🤡🏠,0,minimal,Maturity: Minimal,search
9890545215,Become A Ninja For Brainrots!,0,minimal,Maturity: Minimal,search
2713171152,Ninja Training Obby! (NEW),0,minimal,Maturity: Minimal,search
1629609056,Ninja Training Obby! (READ DESC),0,minimal,Maturity: Minimal,search
1829380513,Ninja Tycoon,0,mild,Maturity: Mild,search
10766785909,🥷 +1 Ninja Evolution,0,mild,Maturity: Mild,search
7437374402,Ninja Warrior 💪,0,minimal,Maturity: Minimal,search
10131572695,💣 Ninja Bomb Tag,0,mild,Maturity: Mild,search
4915354625, [THUNDER NINJA] Rogue Ninja,0,mild,Maturity: Mild,search
7320428544,[Free Gear5☀️] Fruit Rain,0,mild,Maturity: Mild,search
10114445010,[MAGNET]Obby For FREE Blox Fruit UGC! 🎁,0,minimal,Maturity: Minimal,search
2633076999,[Re-Release 🎉] Fruit Seas,0,mild,Maturity: Mild,search
10684650163,[🎃] Fruit Theft ,0,minimal,Maturity: Minimal,search
10615385321,+1 Ninja Monkey Escape [W2🧑‍💻],0,minimal,Maturity: Minimal,search
7957748589,[UPD] Cut Bamboo! 🎋,0,minimal,Maturity: Minimal,search
6391458589,[🎁Free Fruits! X2 EXP] Legend Piece,0,mild,Maturity: Mild,search
9960407268,[⚔️COMBAT] Ninja: Legacy [RP],0,mild,Maturity: Mild,search
5426911953,[⚡] Ninja Battlegrounds,0,mild,Maturity: Mild,search
10008473853,[UPDATE 2]Rock Fruit,0,mild,Maturity: Mild,search
7339682753,[NEW BACKROOMS]🏠RP BY FEDE VIGEVANI🏠 ,0,mild,Maturity: Mild,search
10084052057,Kick a Anime Fruits,0,minimal,Maturity: Minimal,search
10699115152,[WORLD 2!] +1 Ninja Shuriken Per Click 🥷,0,minimal,Maturity: Minimal,search
3208737521,[UPD13]Ninja Star Simulator,0,minimal,Maturity: Minimal,search
9226872495,Fruit Stage Tower (400+ Stages),0,minimal,Maturity: Minimal,search
1370833539,2 Player Ninja Tycoon,0,mild,Maturity: Mild,search
10302271675,[NINJA ACADEMY] SHINSEI,0,minimal,Maturity: Minimal,search
10737484345,EVIL NINJA TRAINING ESCAPE! [ITEMS],0,minimal,Maturity: Minimal,search
9481674897,Cut In Half,0,minimal,Maturity: Minimal,search
2309508401, Smooth Slicing,0,moderate,Maturity: Moderate,search
10766323637,[🚀UPDATE] Slice A Dummy!,0,minimal,Maturity: Minimal,search
10766052690,Slice a Boulder! 🪨 ,0,minimal,Maturity: Minimal,search
10766444490,[NEW]Draw to Slice,0,mild,Maturity: Mild,search
10303772413,Slice Needoh for Squishy Dumplings,0,minimal,Maturity: Minimal,search
7882478542,Cut Grass! 🌿,0,mild,Maturity: Mild,search
10766630319,Slice a Cube,0,minimal,Maturity: Minimal,search
10768909759,+1 Fruit Slicing,0,minimal,Maturity: Minimal,search
8490048737,CSG Slicing Engine Lite [outdated],0,moderate,Maturity: Moderate,search
8457532722,[SAKURA🌸]  Grass Cutters,0,moderate,Maturity: Moderate,search
6182481730,CSG Slicing Engine,0,moderate,Maturity: Moderate,search
8191429227,Cut Trees,0,minimal,Maturity: Minimal,search
10123931499,Slice Slime For Brainrots,0,minimal,Maturity: Minimal,search
10210301177,[🔥UPD] Cut a Gem,0,minimal,Maturity: Minimal,search
9124226117,cut bread 🍞,0,mild,Maturity: Mild,search
9412214742,Blade Spin,0,mild,Maturity: Mild,search
10537769924,[🍔] Slice and Feed,0,minimal,Maturity: Minimal,search
10766334464,Slice Eggs for Dumpling Squishy,0,minimal,Maturity: Minimal,search
8458613782,[🎲] Shred a Brainrot,0,mild,Maturity: Mild,search
10662865817,Clean your ASMR [🎧],0,minimal,Maturity: Minimal,search
9140882417,Grind Anything!,0,mild,Maturity: Mild,search
5349025481,Swordmaster Simulator,0,mild,Maturity: Mild,search
4050977276,ESCAPE MR. STINKY DETENTION! (OBBY),0,mild,Maturity: Mild,search
7371940034,Anime Sword Master,0,minimal,Maturity: Minimal,search
9508664737,Ninja Girl – Slice of Justice,0,moderate,Maturity: Moderate,search
7788114812,Troll and Wall Hop Master,0,minimal,Maturity: Minimal,search
10573595645,Mastering Glitch Obby,0,minimal,Maturity: Minimal,search
10505651236,Shred the Secrets,0,minimal,Maturity: Minimal,search
10522369732,Auto Wallhop Master Tower,0,minimal,Maturity: Minimal,search
6681316476,🏯[UPD 9.24] 🏯Reborn as Skill Master,0,mild,Maturity: Mild,search
4946112816,Player Destroyer,0,mild,Maturity: Mild,search
5456236978,Domino Master,0,minimal,Maturity: Minimal,search
10584703201,+1 Cut Grass Evolution,0,minimal,Maturity: Minimal,search
6420341213,Anime Slashing Simulator,12,vng-rating-override,Age Rating: 12+,search
9015856507,WEAPON SIMULATOR,0,mild,Maturity: Mild,search
5998308727,[UPD] Scythe Simulator,0,mild,Maturity: Mild,search
479315865,[UPDATE] Knife Simulator,0,mild,Maturity: Mild,search
10296628092,[🚀UPD] Knife Throwing Simulator 🔪,0,minimal,Maturity: Minimal,search
9228045253,🌴 Chop Your Tree,0,minimal,Maturity: Minimal,search
9457540086,Smash Tape Simulator 💥,0,minimal,Maturity: Minimal,search
8098252684,[*WEATHER GIRL*] butcher simulator ^q^,0,moderate,Maturity: Moderate,search
9153264869,Blade Battle[New Map],0,moderate,Maturity: Moderate,search
10146134511,Draw your own Sword ⚔️,0,mild,Maturity: Mild,search
3262314006,[⏳] Weapon Fighting Simulator,0,minimal,Maturity: Minimal,search
9889404689,Cut Grass for Anime Characters,0,minimal,Maturity: Minimal,search
8152909596,Reaper Legends!,0,mild,Maturity: Mild,search
5268732942,Grass Cutting Simulator 🍃,0,minimal,Maturity: Minimal,search
2535689041,CRAZY,0,mild,Maturity: Mild,search
2562141576,SUFFER,0,mild,Maturity: Mild,search
6669140287,Blades & Buffoonery ⚔️,0,mild,Maturity: Mild,search
9838410810,Blade Simulator,0,mild,Maturity: Mild,search
9814344242,Heal Your Injuries,0,moderate,Maturity: Moderate,search
1275875292,💪🏻 Lifting Simulator,0,mild,Maturity: Mild,search
3814989273,[🌌VOID] Strong Ninja Simulator,0,mild,Maturity: Mild,search
10739829384,[CHAPTER 2] Cut All The Grass!,0,minimal,Maturity: Minimal,search
10505627298,Cut Vines for Brainrots! [🎃] 🌿,0,mild,Maturity: Mild,search
10410945205,+1 Cut Grass Adventure,0,minimal,Maturity: Minimal,search
10538198276,+1 Cut Jungle Escape,0,minimal,Maturity: Minimal,search
9935741354,Cut Bamboo For Brainrots! [Event Live Now!],0,minimal,Maturity: Minimal,search
10765835103,[🐶] Cut Through Everything,0,minimal,Maturity: Minimal,search
9844634327,Jump for Fruits!,0,minimal,Maturity: Minimal,search
10506834151,Clean the Fruit Market!,0,minimal,Maturity: Minimal,search
10765574842,Cut Grass for Animals,0,minimal,Maturity: Minimal,search
10397503985,Restock Fruits Tycoon,0,minimal,Maturity: Minimal,search
10766219875,Cut and Grow Trees,0,minimal,Maturity: Minimal,search
8150820916,🧑‍🌾Cut a Garden,0,mild,Maturity: Mild,search
7943513032,Steal a Fruit ⭐,0,mild,Maturity: Mild,search
10764970940,+1 Cut Bamboo For Pets,0,minimal,Maturity: Minimal,search
10766779959,[🔪] Closest Cut Wins!,0,minimal,Maturity: Minimal,search
10424071923,+1 Cut and Ride Pet,0,minimal,Maturity: Minimal,search
10766408400,Cut Grass for Eggs,0,mild,Maturity: Mild,search
10766214619,+1 Cut Grass for Animals,0,minimal,Maturity: Minimal,search
7740348509,2 Player Fruit Tycoon 🍌,0,minimal,Maturity: Minimal,search
2559182639,[🎉UPD] Fruit Juice Tycoon: Refreshed,0,minimal,Maturity: Minimal,search
6149186864,Freeze for UGC 🧊,0,minimal,Maturity: Minimal,search
10764517499,Knife Swap🔪,0,mild,Maturity: Mild,search
10501719138,[🔪] +1 Double Knife Flip Obby Escape!,0,minimal,Maturity: Minimal,search
10768809253,Knife Tag,0,mild,Maturity: Mild,search
9874865283,[UPD] Bottle Flip!,0,minimal,Maturity: Minimal,search
10318907060,Butterfly Legends,0,mild,Maturity: Mild,search
10766497182,Throw a KNIFE!,0,mild,Maturity: Mild,search
9898721250,Stabed (BETA),0,mild,Maturity: Mild,search
7598875406,cool knife game,0,moderate,Maturity: Moderate,search
10275589419,[NEW] Knife RNG,0,mild,Maturity: Mild,search
9610561918,My Knife Farm [UPD],0,minimal,Maturity: Minimal,search
10124812348,Math For Knife,0,minimal,Maturity: Minimal,search
10734477729,+1 Skateboard Flip Escape,0,minimal,Maturity: Minimal,search
9439392511,Knife or Die,0,mild,Maturity: Mild,search
10001270295,[🚀] Flip A Bottle!,0,minimal,Maturity: Minimal,search
8250618750,[🎃] Knife Ability Test,0,mild,Maturity: Mild,search
10480693668,+1 Knife Evolution ⚔️,0,mild,Maturity: Mild,search
10555024633,Murder Mystery: Knife vs Gun,0,mild,Maturity: Mild,search
9565741548,Karambit Evolution,0,moderate,Maturity: Moderate,search
10342857565,+1 Bottle Flip Obby Escape,0,minimal,Maturity: Minimal,search
10117074806,Kick a Case for Knives,0,minimal,Maturity: Minimal,search
9667700233,[❗] Grab the Knife,0,mild,Maturity: Mild,search
10549383994,Guess my MM2 Knife,0,minimal,Maturity: Minimal,search
10582816280,+1 Flip Roller Escape 🛼,0,minimal,Maturity: Minimal,search
9681593894,[KNIFE SKINS] Bounty Hunt,0,mild,Maturity: Mild,search
10768545365,+1 Gun Flip Escape RNG,0,minimal,Maturity: Minimal,search
10409732219,[X5] +1 Backflip Keyboard Escape,0,minimal,Maturity: Minimal,search
10453561724,+1 Flip Keyboard Emoji Escape,0,minimal,Maturity: Minimal,search
10768426931,Knife Tycoon: Titan Attack,0,minimal,Maturity: Minimal,search
9486126130,💧 Flip Your Bottle,0,minimal,Maturity: Minimal,search
10370154884,+1 Motorcycle Flip Escape,0,minimal,Maturity: Minimal,search
4851789546,Destroy The Buildings!,0,moderate,Maturity: Moderate,search
3336930453,Destroy the Tower,0,mild,Maturity: Mild,search
8973668752,Destroy the City,0,mild,Maturity: Mild,search
8444660597,Destroy the bridge,0,mild,Maturity: Mild,search
6567099350,Hotel Destroyer,0,mild,Maturity: Mild,search
4277322898,Teardown the bridge Destruction [Multiplayer 👥],0,minimal,Maturity: Minimal,search
9893748204,💥 TNT Destruction,0,minimal,Maturity: Minimal,search
6811844656,[🎃EVENT!] Destroy Panelki ,0,mild,Maturity: Mild,search
5601550584,destroy a structurally unsound house,0,minimal,Maturity: Minimal,search
3842700981,destroy a structurally unsound bridge,0,minimal,Maturity: Minimal,search
10742019356,[UPD]💥Blow Up The City,0,minimal,Maturity: Minimal,search
8867043403,[AUTUMN UPDATE🔥] Destroy the Bridge,0,minimal,Maturity: Minimal,search
2817971110,DISASTERS!!     Destroy San Francisco OLD VERSION,0,mild,Maturity: Mild,search
6170284403,💥Destruction of Property Emulator,0,mild,Maturity: Mild,search
3249572557,Destroy MiniCity II,0,mild,Maturity: Mild,search
6614414370,TearDown the Office Building 💥,0,minimal,Maturity: Minimal,search
2400549943,Destroy the Bridge and Wreck Trains,0,minimal,Maturity: Minimal,search
1715111917,Destroy the Doomspire Brickbattle,0,mild,Maturity: Mild,search
9993045079,Destroy The World [NEW MAP],0,mild,Maturity: Mild,search
8265812696,💥 SMASH the CITY 👊,0,minimal,Maturity: Minimal,search
6327676630,Bridge Destruction,0,minimal,Maturity: Minimal,search
6795688204,Teardown the christmas town Destruction,0,minimal,Maturity: Minimal,search
3436910491,Destroy stuff!,0,moderate,Maturity: Moderate,search
7302831842,Build and Destroy💥,0,mild,Maturity: Mild,search
8572855324,Destroy the Sky view,0,minimal,Maturity: Minimal,search
10009807136,Upgrade Tsunami for Destruction,0,minimal,Maturity: Minimal,search
2417684130,DESTRUCTIVE CITY💥,0,mild,Maturity: Mild,search
8702051326,Wreck a House,0,mild,Maturity: Mild,search
10657726869,Destroy a House 🏠,0,minimal,Maturity: Minimal,search
4766378400,Destroy the bridge & Crash trains,0,mild,Maturity: Mild,search
7760134732,Build To Survive DISASTERS! 🌊,0,mild,Maturity: Mild,search
1694280,Destroy The Neighborhood!,0,mild,Maturity: Mild,search
10183119356,[UPD!] Destroy Buildings For Brainrot 💥,0,minimal,Maturity: Minimal,search
10452220571,Destory Buildings For Brainrots!	,0,minimal,Maturity: Minimal,search
8495187786,[UPD]Destroy! ,0,mild,Maturity: Mild,search
7475826033,Office Destroyer,0,mild,Maturity: Mild,search
8723526551,Build and Crush,0,minimal,Maturity: Minimal,search
1944805861,DESTROY THE PLANE!!!!,0,mild,Maturity: Mild,search
1676618115,Destroy The Teletubbies!,0,mild,Maturity: Mild,search
10265943253,Destroy and Build,0,minimal,Maturity: Minimal,search
10765966073,Lift a Building!,0,minimal,Maturity: Minimal,search
3402743536,Nuke the Noob 2,0,mild,Maturity: Mild,search
5074882778,construction (under construction),0,minimal,Maturity: Minimal,search
1200145783,🌳 Lumber INC. ,0,minimal,Maturity: Minimal,search
2315646610,Survive an Airship Crash!,0,minimal,Maturity: Minimal,search
2605831977,Bulked Up,0,mild,Maturity: Mild,search
5673945955,"Indonesia Tornado Destruction (Rebuild Progress)
",0,minimal,Maturity: Minimal,search
7773984445,[0.85 UPDATE] Metro Destruction Wars [BETA 0.85] ,0,moderate,Maturity: Moderate,search
10088416550,Concrete Cleaning Simulator 💦,0,minimal,Maturity: Minimal,search
10539107892,My Angry Blocks,0,minimal,Maturity: Minimal,search
10458942699,Angry Blocks,0,minimal,Maturity: Minimal,search
10394255924,ANGRY BIRDS MOVIE 3,0,minimal,Maturity: Minimal,search
9792181679,Angry Block but bad (2 people),0,minimal,Maturity: Minimal,search
10161334261,[🎮] Defeat Maxime!! Adventure Obby,0,minimal,Maturity: Minimal,search
8335547971,Piggy: First Edition,0,mild,Maturity: Mild,search
7726648512,[UPD 🦅] BIRB! Battle ,0,mild,Maturity: Mild,search
9992229317,+1 Speed Bird Escape ,0,mild,Maturity: Mild,search
10765846827,[🥚] Grow a Battle Bird!,0,mild,Maturity: Mild,search
4669328522,Zooo,0,mild,Maturity: Mild,search
10766646754,Ride Birds to Steal Eggs,0,minimal,Maturity: Minimal,search
9531815807,Find the Angry Brainrots [221],0,minimal,Maturity: Minimal,search
3543026174,🏃Survive & Escape The Family Pig House,0,mild,Maturity: Mild,search
1595619884,Roblox Flappy Bird,0,minimal,Maturity: Minimal,search
3116049104,MMC : Roleplay! ,0,minimal,Maturity: Minimal,search
9712637263,[NEW] Steal From Angry Brainrots 😨,0,mild,Maturity: Mild,search
9257019489,[🐦] My Birds,0,minimal,Maturity: Minimal,search
3310548163,Bird Community Build,0,minimal,Maturity: Minimal,search
10767934304,Steal Bird Eggs,0,minimal,Maturity: Minimal,search
5902053975,The Noob Apparition [🍁FALL🍁],0,minimal,Maturity: Minimal,search
10765859606,[DEPTHS🦈]Steal a Bird Egg!,0,minimal,Maturity: Minimal,search
9989629670,BIRD Worlds Beta,0,mild,Maturity: Mild,search
10766346832,Steal A Bird Egg,0,minimal,Maturity: Minimal,search
6689123945,BIRD Sandbox,0,mild,Maturity: Mild,search
8285696803,⛳ Ragdoll Mini Golf [EARLY BIRDIE TESTING],0,minimal,Maturity: Minimal,search
9571693949,A test place [game reset],0,minimal,Maturity: Minimal,search
8330910875,Beat up Gubby in His Own Home,0,mild,Maturity: Mild,search
7498394551,Reset's Teletubbies 1997,0,minimal,Maturity: Minimal,search
10766808733,Fly Bird For Eggs,0,minimal,Maturity: Minimal,search
5509104626,Angry Neighbor [UPDATE],0,minimal,Maturity: Minimal,search
9701909402,[🎃] Afraid Monkeys,0,mild,Maturity: Mild,search
9245386224,Bird Game 3 [UPDATE],0,mild,Maturity: Mild,search
9906936121,Guide the Poppy Playtime,0,minimal,Maturity: Minimal,search
5910476903,SMASH Things!,0,minimal,Maturity: Minimal,search
10488284791,[Update 3] Be the City’s Villain,0,mild,Maturity: Mild,search
10764738727,[UPD!] Destroy the City,0,minimal,Maturity: Minimal,search
9960624075,[🎃] Hulk City Smash,0,mild,Maturity: Mild,search
6039291941,City Simulator,0,minimal,Maturity: Minimal,search
7249676100,Cali Streets 💥,0,mild,Maturity: Mild,search
5032206601,Squabble City,0,mild,Maturity: Mild,search
10027335042,Smash Walls To Escape Prison,0,minimal,Maturity: Minimal,search
2683058146,NYC CHAOS,0,moderate,Maturity: Moderate,search
8255795292,Streetbound: Fighting,0,mild,Maturity: Mild,search
7094893105,💥 DESTROY Noobs,0,mild,Maturity: Mild,search
7603386264,Chicago Life 😈,0,mild,Maturity: Mild,search
10762810257,[City] Wash The Skyscraper 🧼,0,minimal,Maturity: Minimal,search
9627880190,[🤖W4] 💥 Get Fat and Destroy!,0,minimal,Maturity: Minimal,search
10389413214,+1 Smash Walls Escape 💪,0,minimal,Maturity: Minimal,search
3905019274,[✅BACK] Drain City,0,mild,Maturity: Mild,search
10154522423,Fight For NY Remastered,0,moderate,Maturity: Moderate,search
10697943549,+1 Superpower Destruction,0,minimal,Maturity: Minimal,search
8888739571,SMASH a Tower,0,minimal,Maturity: Minimal,search
6605251156,Mad City: Chapter 1,0,moderate,Maturity: Moderate,search
6929715978,Brawlers 👊,0,moderate,Maturity: Moderate,search
10744690792,Smash a Piggy,0,minimal,Maturity: Minimal,search
10297159264,+1 SMASH Walls For Anime Characters!,0,minimal,Maturity: Minimal,search
498490399,Mad City: Chapter 2,0,moderate,Maturity: Moderate,search
3844103380,City Police AI ,0,mild,Maturity: Mild,search
1502945438,[💥] Destroy or Sail a Ship!,0,minimal,Maturity: Minimal,search
10613328831,+1 Superhero Destruction,0,mild,Maturity: Mild,search
10399712766,[UPD] +1 Banana Monkey Destruction,0,mild,Maturity: Mild,search
10595753415,+1 Strength Destruction 💪,0,minimal,Maturity: Minimal,search
4416321937,[🍀X3!] Planet Destroyers,0,minimal,Maturity: Minimal,search
9896069131,[UPD] Train Kaiju to Destroy,0,minimal,Maturity: Minimal,search
2783391404,Destruction Playground 💥 [Marble Run & Dominos],0,minimal,Maturity: Minimal,search
10767795412,Build the Castle!,0,minimal,Maturity: Minimal,search
91549766,Escape The Castle Fortress! Obby (NEW),0,minimal,Maturity: Minimal,search
9531073232,Don't Get Crushed By Gatito,0,mild,Maturity: Mild,search
8805439890,Crush The Zombies,0,minimal,Maturity: Minimal,search
8220481827,WALL CRUSH TOWER 😡,0,mild,Maturity: Mild,search
9361740152,[WORLDS🌏] Don't Get Crushed By Ronaldo,0,minimal,Maturity: Minimal,search
8620685718,[UPD] Don't Get Crushed By 67,0,mild,Maturity: Mild,search
379019188,[CLASSIC] Be Crushed by a Speeding Wall,0,minimal,Maturity: Minimal,search
10619218405,[👟X10] +1 Speed Castle Keyboard Escape,0,minimal,Maturity: Minimal,search
8169744015,[RELEASE] Clash of Castles,0,minimal,Maturity: Minimal,search
9697689575,Crush Walls for Brainrots,0,minimal,Maturity: Minimal,search
9637001130,Escape Getting Crushed For Brainrots,0,minimal,Maturity: Minimal,search
1348527925,Castle [Story] 🏰,0,minimal,Maturity: Minimal,search
10766483623,[UPD 1] Crush it,0,minimal,Maturity: Minimal,search
5058780950,💥crush stuff and get rich,0,minimal,Maturity: Minimal,search
9707845855,[🌈] Playground Playplace [🏰]BOUNCY CASTLE!,0,minimal,Maturity: Minimal,search
8883775493,Build a Roller Coaster🎢,0,minimal,Maturity: Minimal,search
4337941328,Princess Castle Tycoon 🏰,0,minimal,Maturity: Minimal,search
8641078112,Invade Brainrot CASTLE🏰,0,minimal,Maturity: Minimal,search
9875175239,Don't Get Crushed By Poppy,0,mild,Maturity: Mild,search
4277354541,Giant Beanstalk Obby! (CASTLE UPDATE PART 2),0,minimal,Maturity: Minimal,search
8486038585,Slayer Ascension [🎉INFINITY CASTLE],0,mild,Maturity: Mild,search
9668181705,Crush Depth 🌊,0,mild,Maturity: Mild,search
10340687699,Castle Defense RNG🎲 ,0,mild,Maturity: Mild,search
10262174996,Draw The Road,0,minimal,Maturity: Minimal,search
10235992289,Draw Anything!,0,minimal,Maturity: Minimal,search
10685628216,"Quick, Draw! ",0,minimal,Maturity: Minimal,search
10768064812,Draw An ASMR! 🧊,0,minimal,Maturity: Minimal,search
10768539156,Draw a Dumpling!,0,minimal,Maturity: Minimal,search
10178882407,Copy The Drawing 🎨,0,mild,Maturity: Mild,search
10421826028,🎨 Perfect Draw,0,minimal,Maturity: Minimal,search
10766834928,Draw the Anime!,0,minimal,Maturity: Minimal,search
10768754958,Draw a Baddie! ,0,minimal,Maturity: Minimal,search
10355262898,[🎨] Paint To Survive Tower,0,mild,Maturity: Mild,search
10768673239,Draw a Car!,0,minimal,Maturity: Minimal,search
9106699235,[HUGE UPDATE] Custom UGC Designer 🎨,0,minimal,Maturity: Minimal,search
10521880476,Draw To Escape ✏️,0,minimal,Maturity: Minimal,search
10767755007,Draw My Superhero! 🦸,0,minimal,Maturity: Minimal,search
9229044204,"Ready, Draw! [SMARTER]",0,minimal,Maturity: Minimal,search
10768201235,Draw a Monster!,0,minimal,Maturity: Minimal,search
5538491784,Draw Perfect Circle!,0,minimal,Maturity: Minimal,search
3401780141,A Drawing Game,0,minimal,Maturity: Minimal,search
10766633691,Draw for Animals!,0,minimal,Maturity: Minimal,search
9349654204,Draw a Perfect Circle,0,minimal,Maturity: Minimal,search
10765998757,Draw My Phonk! 🎶,0,minimal,Maturity: Minimal,search
10242984742,🎨 Urban Graffiti (Spray Paint Draw),0,minimal,Maturity: Minimal,search
10418470382,Paint a Logo! ⚽,0,minimal,Maturity: Minimal,search
10470750483,⚽ Paint A Football Player,0,minimal,Maturity: Minimal,search
7351716051,Draw a Perfect Circle,0,minimal,Maturity: Minimal,search
10504498622,[🎨] FrameD! | Beta ,0,minimal,Maturity: Minimal,search
8372485072,Tattoo Artist 🎨,0,minimal,Maturity: Minimal,search
10097648664,🎨 Anime Girl Paint by Numbers,0,minimal,Maturity: Minimal,search
10373394799,Draw The Path ✏️,0,minimal,Maturity: Minimal,search
10765896728,Draw Chaos Or Die! 🎨,0,mild,Maturity: Mild,search
3766220892,Color with Komi,0,minimal,Maturity: Minimal,search
10107126456,🚗 Draw Parking,0,minimal,Maturity: Minimal,search
10451652821,[Variants!] Paint Movies! 🎨,0,minimal,Maturity: Minimal,search
7739610803,(Bobbie Goods) Magic Coloring Club,0,minimal,Maturity: Minimal,search
9828046301,🎨 Music Paint by Numbers,0,minimal,Maturity: Minimal,search
6399835454,🎨 Anime Paint by Numbers,0,minimal,Maturity: Minimal,search
10544440850,Draw & Slide For Squishies! ,0,minimal,Maturity: Minimal,search
10331155912,+1 Paint per Step!,0,minimal,Maturity: Minimal,search
9859143462,My Drawing Brainrots!,0,minimal,Maturity: Minimal,search
10030975418,Draw An Animal,0,mild,Maturity: Mild,search
9977954973,[🎨] Paint And SEEK!,0,mild,Maturity: Mild,search
6565013347,Nail It!,0,minimal,Maturity: Minimal,search
10100799642,[ UPD +50 ] Mount Draw,0,minimal,Maturity: Minimal,search
10686311040,😎 KICK IT MODDEDZ 😀 INF ADMINs PANEL! (KALB),0,mild,Maturity: Mild,search
10767595210,HATCH IT + INFINITY LUCK ADMIN PANEL,0,minimal,Maturity: Minimal,search
7291257156,Tattoo Studio Tycoon,0,minimal,Maturity: Minimal,search
5451143054,IT GIRL 🏝️,0,minimal,Maturity: Minimal,search
2920257964,Pop It Trading,0,minimal,Maturity: Minimal,search
10082634290,BBQ It,0,minimal,Maturity: Minimal,search
10533393638,[🌈ADMIN] Kick IT INF MODDED!,0,mild,Maturity: Mild,search
10767247094,Push a Boulder,0,minimal,Maturity: Minimal,search
5918468057,Guess The Logo Quiz,0,minimal,Maturity: Minimal,search
4833468691,Heads Up [Guessing],0,minimal,Maturity: Minimal,search
9824406457,Guess The KATSEYE Song,0,minimal,Maturity: Minimal,search
5109155090,The Logo Quiz! ⭐ [46],0,minimal,Maturity: Minimal,search
7497802350,Guess the Meme or Die 🔊,0,minimal,Maturity: Minimal,search
10395343577,[🧈] Guess My Squishy,0,minimal,Maturity: Minimal,search
10267571771,Guess My Squishy Dumpling,0,minimal,Maturity: Minimal,search
7706772290,🏁Guess the Country Flag or Die!,0,minimal,Maturity: Minimal,search
10583072557,Guess the Animal Hospital QUIZ!,0,mild,Maturity: Mild,search
9829036041,GUESS THE CLONE 👀,0,mild,Maturity: Mild,search
10266936533,Guess My Avatar,0,minimal,Maturity: Minimal,search
10767308126,Guess And Slap,0,minimal,Maturity: Minimal,search
10355966477,Guess for Countries,0,minimal,Maturity: Minimal,search
5071144695,Guess the Logo!,0,minimal,Maturity: Minimal,search
10462836383,[🛍️] Guess My Brand,0,minimal,Maturity: Minimal,search
9980122809,Guess My Food 🍔,0,minimal,Maturity: Minimal,search
10094653184,Guess The Flag 🌎,0,minimal,Maturity: Minimal,search
10429665829,🎨Character Color Guess🌈,0,minimal,Maturity: Minimal,search
10460701141,[🎤] Guess My Singer,0,minimal,Maturity: Minimal,search
2971177178,💫 Guess The Anime!,0,minimal,Maturity: Minimal,search
7375214868,Guess Game,0,minimal,Maturity: Minimal,search
7646522538,Animation World 🎨 [All Ages],0,minimal,Maturity: Minimal,search
9768673851,SB | Development,0,moderate,Maturity: Moderate,search
3840518707,SkibiVerse,0,minimal,Maturity: Minimal,search
9204449364,🔪Survive Sonic The Killer!,0,mild,Maturity: Mild,search
10038475740,Degetic's Skibidi RP 2 {🎃HALLOWEEN🎃},0,minimal,Maturity: Minimal,search
9918678725,Skateboard for Brainrots,0,minimal,Maturity: Minimal,search
4544243950,Kill Streak  ,0,mild,Maturity: Mild,search
5751849582,SkyRivals ⚔️🐐,0,mild,Maturity: Mild,search
3258873704,SkyWars [SEASON 3!] ✨,0,mild,Maturity: Mild,search
8959791650,Skybox Entity Lab [FRITZ LAYER],0,minimal,Maturity: Minimal,search
9751615286,[🪨 TDM 🔥] Ultra Toilet Fight 2 (BETA),0,mild,Maturity: Mild,search
7247232515,(ASTRO UPDATE) Reinald Toilet Roleplay,0,mild,Maturity: Mild,search
10188394289, [UPD] Paint To Hide!,0,mild,Maturity: Mild,search
10681818498,+1 Speed Honey ASMR Escape,0,minimal,Maturity: Minimal,search
2516706345,Speed Tower 1,0,minimal,Maturity: Minimal,search
10731257103,[📱] Guess My App,0,minimal,Maturity: Minimal,search
9819317392,Guess the Logo Quiz 🤔,0,minimal,Maturity: Minimal,search
8335052547,❄️ Guess The Singer! [KPOP | POP | RAP],0,minimal,Maturity: Minimal,search
10630573352,[🛍️] Dress And Guess!,0,minimal,Maturity: Minimal,search
93740418,Hide and Seek Extreme,0,minimal,Maturity: Minimal,search
9392386821,Morph and Hide,0,mild,Maturity: Mild,search
8070345443,Invisible Hide and Seek,0,mild,Maturity: Mild,search
2198666251,100 Player Mega Hide and Seek! 💯,0,minimal,Maturity: Minimal,search
10329489265,[UPD🖌️] Paint to Hide and Seek!,0,mild,Maturity: Mild,search
7646154613,Shrink Hide & Seek,0,mild,Maturity: Mild,search
8042767491,[👮]Hide from Giant,0,mild,Maturity: Mild,search
8458524185,Animal Hide & Seek,0,mild,Maturity: Mild,search
10768026334,[🎨] Hide In Pixels,0,minimal,Maturity: Minimal,search
6393207654,Granny Hide and Seek! [Update PT.1],0,mild,Maturity: Mild,search
6679764347,Hands Hide and Seek,0,mild,Maturity: Mild,search
6216142007,Seeker vs Hider,0,moderate,Maturity: Moderate,search
7078228955,Camo Hide & Seek,0,mild,Maturity: Mild,search
10758590316,[UPD] Build and Hide to Survive VERITY,0,mild,Maturity: Mild,search
4816644506,💀 Hide or Die Tower!,0,minimal,Maturity: Minimal,search
8156949424,Build Hide Seek  🔨,0,mild,Maturity: Mild,search
6204981220,Hide or Die | Among us,0,mild,Maturity: Mild,search
9322514199,Hide From Mom! 🤫,0,mild,Maturity: Mild,search
9275594410,Hide and Seek Prop Hunt,0,mild,Maturity: Mild,search
4592143244,Hide and Sneak,0,mild,Maturity: Mild,search
9041354338,Brainrot Morph and HIDE!,0,mild,Maturity: Mild,search
10410224744,[MUSEUM] Hide in Plain Sight! 🎨,0,mild,Maturity: Mild,search
9132924283,🕵️‍♂️ Hide And Morph [UPD 15],0,mild,Maturity: Mild,search
10241104078,🎨 Paint Hide and Seek!,0,mild,Maturity: Mild,search
8228371304,Hide the Friend,0,minimal,Maturity: Minimal,search
8969332002,Hide the Boys,0,minimal,Maturity: Minimal,search
8745312718,Hide Your Body Parts,0,minimal,Maturity: Minimal,search
28401883,Blox Hunt v3.8.1,0,minimal,Maturity: Minimal,search
10657803134,Clone Hide & Seek 🔍,0,mild,Maturity: Mild,search
10737127681,Hide ur Base and Steal 🤫,0,minimal,Maturity: Minimal,search
3993350901,Transform Hide & Seek,0,minimal,Maturity: Minimal,search
10377528956,Hide and Seek Ultimate BETA 🔨,0,mild,Maturity: Mild,search
10764794065,📸 Hide from Camera or Die! 💀,0,mild,Maturity: Mild,search
8617162447,Hide To Survive Tower,0,mild,Maturity: Mild,search
6767198267,Seek,0,minimal,Maturity: Minimal,search
7873544607,[⚠️] Zombie Hide & Seek,0,mild,Maturity: Mild,search
7803045809,[UPD] Hide the Brainrot,0,minimal,Maturity: Minimal,search
6459237116,HIDE [VR],0,mild,Maturity: Mild,search
7803465936,🔎 Ultimate Hide & Seek,0,mild,Maturity: Mild,search
8564087097,Size Hide & Seek,0,mild,Maturity: Mild,search
4257182721,Among Us Hide: And Seek,0,moderate,Maturity: Moderate,search
8301770140,Spider Hide and Seek,0,mild,Maturity: Mild,search
1933119009,Hide and Seek Transform,0,minimal,Maturity: Minimal,search
8715715884, Quiet hide & seek,0,mild,Maturity: Mild,search
10240697022,Hide and Paint,0,mild,Maturity: Mild,search
6537318971,Scary Hide & Seek,0,moderate,Maturity: Moderate,search
10413562850,Paint Hide & Seek,0,mild,Maturity: Mild,search
9898452638,Box Hide and Seek,0,mild,Maturity: Mild,search
10579299199,hide and seek from horoer [ v0.23 ALPHA ],0,mild,Maturity: Mild,search
9826598946, 🔪Hide Or Be Hunted! [BETA],0,mild,Maturity: Mild,search
2162665986,[🔥New Skill] Among Us: Hide And Seek🚀,0,moderate,Maturity: Moderate,search
143384880,Where's the Baby! ,0,minimal,Maturity: Minimal,search
10301808528,[RELEASE] HIDE AND SEEK!,0,mild,Maturity: Mild,search
8184122537,[🌭] Hide the Food,0,moderate,Maturity: Moderate,search
4462501891,Play Cats: Hide and Seek,0,minimal,Maturity: Minimal,search
10371208195,Tiny hide & seek ,0,mild,Maturity: Mild,search
7717590013,[⭐ LEVELS!] Hide the Button! 🔴,0,minimal,Maturity: Minimal,search
10320107307,[MERGE]Blend In! Cheese Burger and Fried Chicken,0,minimal,Maturity: Minimal,search
10746393574,Prop Hunt 🎯,0,mild,Maturity: Mild,search
9090260715,Garry's Mod Prop Hunt,0,moderate,Maturity: Moderate,search
9463510901,Prop Hunt For Brainrots!,0,minimal,Maturity: Minimal,search
7264229937,🔎 Flow's Prop Hunt,0,mild,Maturity: Mild,search
4374775961,Rainbow Friends 100 Player Prop Hunt,0,mild,Maturity: Mild,search
3952822803,🌈 [NEW MAP UPDATE!] 🌈 Rainbow Friends Prop Hunt,0,mild,Maturity: Mild,search
9949280505,RIVALS Prop Hunt 📦,0,mild,Maturity: Mild,search
10308829948,"Change and Hide: Kubuś Waterrr Prop Hunt!
",0,minimal,Maturity: Minimal,search
10579389074,[UPD] ZOO or OOF 2💥,0,mild,Maturity: Mild,search
10375190446,💀Act Dead or OOF,0,mild,Maturity: Mild,search
2547062958,Going on a Bear Hunt 🐻,0,mild,Maturity: Mild,search
4826476142,dingus,0,mild,Maturity: Mild,search
7416243130,Huggy Morph Hunt [Event 8!],0,minimal,Maturity: Minimal,search
1813899983,FIND THE CATS,0,minimal,Maturity: Minimal,search
7785400752,ZOO or OOF🎯,0,mild,Maturity: Mild,search
9834630382,[UPD 1!] Hunt a Dinosaur,0,mild,Maturity: Mild,search
4019583467,NPC or DIE! 💢,0,mild,Maturity: Mild,search
10029297024,HIDE FROM THE VILLAIN,0,moderate,Maturity: Moderate,search
6858589072,Five Nights: Hunted,0,mild,Maturity: Mild,search
2719948545,Epic Fidget Hunt [Pop It],0,mild,Maturity: Mild,search
6898383118,[NEW] Samsung’s Demon Hunt 👹🌌,0,mild,Maturity: Mild,search
2705536355,(965) Find the Chomiks [Mid-wait QOL Update!],0,minimal,Maturity: Minimal,search
7296012067,The Hunt: Mega Edition,0,minimal,Maturity: Minimal,search
4864117649,untitled tag game,0,mild,Maturity: Mild,search
9859948536,Super Tag,0,minimal,Maturity: Minimal,search
4465524832,Velocity Tag,0,mild,Maturity: Mild,search
8925924444,Baboon Tag X,0,mild,Maturity: Mild,search
10281666052,[FIXED] Meow Madness,0,minimal,Maturity: Minimal,search
10211884849,Hyper Tag,0,minimal,Maturity: Minimal,search
9740748995,✨Baddie Tag,0,minimal,Maturity: Minimal,search
10166723287,Turbo Tag ⚡ [UPD],0,mild,Maturity: Mild,search
9970876316,Chase Tag Duels,0,minimal,Maturity: Minimal,search
10766689949,[UPD] HOT POTATO TAG 💥,0,mild,Maturity: Mild,search
8642798843,Ape Tag,0,minimal,Maturity: Minimal,search
9339878322,Brainrot Tag,0,minimal,Maturity: Minimal,search
9737781356,🎮 Tag: Ankle Break Edition,0,minimal,Maturity: Minimal,search
10403836075,Animal Tag,0,mild,Maturity: Mild,search
10192863425,[🔥UPD] Tag Me,0,minimal,Maturity: Minimal,search
7151023620,Baboon Tag Ultra,0,minimal,Maturity: Minimal,search
9725679712,Scary Gorilla Tag,0,minimal,Maturity: Minimal,search
10767789989,🧊 FREEZE TAG!,0,mild,Maturity: Mild,search
10539352970,Bull Freeze Tag [🧊],0,minimal,Maturity: Minimal,search
7785204538,🎃 Freeze Tag Ultimate! 🎃,0,minimal,Maturity: Minimal,search
1778430044,TAG! [ALPHA],0,minimal,Maturity: Minimal,search
10143298274,Cat Chaos Tag,0,mild,Maturity: Mild,search
9793784841,Zoomies Tag! ,0,minimal,Maturity: Minimal,search
6427131807,BOYS VS GIRLS LASER TAG,0,mild,Maturity: Mild,search
10126300142,Slime Tag,0,minimal,Maturity: Minimal,search
3202699936,[legacy] untitled tag game,0,mild,Maturity: Mild,search
9810882498,Gorilla Tag Ultra,0,minimal,Maturity: Minimal,search
4810625994,Play Cats: Tag!,0,minimal,Maturity: Minimal,search
6732707089,Laser Tag,0,mild,Maturity: Mild,search
3357382017,Monkey Tag Experience,0,minimal,Maturity: Minimal,search
9347347005,BRAINROT TAG!,0,minimal,Maturity: Minimal,search
4669485900,Flashlight Tag 🔦,0,moderate,Maturity: Moderate,search
9553674352,Brainrot Tag!,0,mild,Maturity: Mild,search
138413601,Freeze Tag🧊,0,minimal,Maturity: Minimal,search
9145985776,[🎄Pt. 2] Monkey Tag!,0,minimal,Maturity: Minimal,search
10765324815,Soccer Bomb Tag ⚽,0,mild,Maturity: Mild,search
3875455928,Orangutag! 🦧,0,minimal,Maturity: Minimal,search
10293521675,Tag Champions [UPDATE 0.5] ,0,minimal,Maturity: Minimal,search
10509541584,Realistic Tag,0,minimal,Maturity: Minimal,search
574664526,Freeze Tag! 🧊 [EVENT],0,minimal,Maturity: Minimal,search
6346437725,EXTREME TAG ⚡,0,minimal,Maturity: Minimal,search
5926943574,👑 Crown Divers,0,minimal,Maturity: Minimal,search
4123583588,Ball Tag,0,minimal,Maturity: Minimal,search
7523931033,Untitled Mexico🔥,0,mild,Maturity: Mild,search
9798049231,[UPD🔥] Untitled Die of Death Engine,0,mild,Maturity: Mild,search
7300280218,[🕰️] Untitled Battlegrounds ,0,mild,Maturity: Mild,search
7242948555,Untitled Prison Fight Game,0,mild,Maturity: Mild,search
6840269246,Unnamed Battlegrounds,0,mild,Maturity: Mild,search
3731056401,Untitled Combat Demo Rework,0,moderate,Maturity: Moderate,search
6766995704,[JUMP ROPE] Squid Game (Season 3),0,mild,Maturity: Mild,search
9502545686,[🛡️] Blind Backstabbing,0,mild,Maturity: Mild,search
3702241522,Untitled Stand Game,0,moderate,Maturity: Moderate,search
10766883917,Freeze Tag ❄️ [🌋 NEW MAPS],0,minimal,Maturity: Minimal,search
8755217527,Freeze Gun Tower🥶,0,mild,Maturity: Mild,search
10389196585,Freeze Bomb Duels ❄️,0,minimal,Maturity: Minimal,search
10766701012,Freeze for Free Outfits 🧊,0,minimal,Maturity: Minimal,search
10468594530,[UPD] Freeze My Ice Tray!,0,minimal,Maturity: Minimal,search
1209778378,Ice Scream: Freezing Horror,0,mild,Maturity: Mild,search
10161366440,Anime Bomb Tag,0,mild,Maturity: Mild,search
10690820776,+1 Freeze Per Click,0,minimal,Maturity: Minimal,search
9375477294,💣 100 Players Bomb Tag,0,mild,Maturity: Mild,search
10403820097,Hot Potato 🥔💥,0,mild,Maturity: Mild,search
9832223467,+1 Speed Time Bomb Escape,0,minimal,Maturity: Minimal,search
10667173936,[🔥 UPD] Keyboard Bomb Tag,0,minimal,Maturity: Minimal,search
6170562017,detonate! [UPD!],0,mild,Maturity: Mild,search
9821891203,Timebomb Practice,0,minimal,Maturity: Minimal,search
10004536379,💀 Sit or Die!,0,minimal,Maturity: Minimal,search
10619203319,Hot Potato Challenge 🥔,0,mild,Maturity: Mild,search
10742094999,[🥔] Hot Potato: Ultra 💥,0,mild,Maturity: Mild,search
9332693871,Cheese Touch 🧀,0,minimal,Maturity: Minimal,search
9935851381,Hot Potato,0,mild,Maturity: Mild,search
10291257069,BOOM💥 Hot Potato,0,mild,Maturity: Mild,search
8847660853,Don't Get Crushed by a Big Potato 🥔,0,mild,Maturity: Mild,search
8889209369,[🥔] Be a Hungry Potato,0,mild,Maturity: Mild,search
8178650215,Better Snack? 🍬,0,mild,Maturity: Mild,search
10536843488,🎲 Don't Eat The Hot Chips!,0,mild,Maturity: Mild,search
8543053000,(UPD) Don't Get Punched! 🥊,0,minimal,Maturity: Minimal,search
10768042599,Peel Potatoes!🥔,0,minimal,Maturity: Minimal,search
7232309713,Hotdog Run [Beta],0,mild,Maturity: Mild,search
10767388396,Peel 1 Million Potatoes 🥔,0,minimal,Maturity: Minimal,search
9711190280,Potato House Tower,0,minimal,Maturity: Minimal,search
8794866273,Potato Group Roleplay,0,minimal,Maturity: Minimal,search
9017966424,potato,0,minimal,Maturity: Minimal,search
10767896659,Peel & Sell Potatoes,0,minimal,Maturity: Minimal,search
10767601971,Peel the Potatoes : Feed The House 🥔,0,minimal,Maturity: Minimal,search
3222531984,[🔴RX-7] Prodigy Drift,0,minimal,Maturity: Minimal,search
10767818828,Lawn Drift,0,minimal,Maturity: Minimal,search
7746752605,Drift Aesthetic [HALLOWEEN],0,minimal,Maturity: Minimal,search
8846276955,Apex Drift,0,minimal,Maturity: Minimal,search
2513687965,Burnout Champions,0,minimal,Maturity: Minimal,search
7169345881,Dreefters,0,minimal,Maturity: Minimal,search
10768393140,[CAR FIXES] Drift Drag Simulator,0,minimal,Maturity: Minimal,search
5238130813,Untitled Drift Game,0,minimal,Maturity: Minimal,search
8188265343,(🩵NEW CAR!) Burnout Beast: Hellcat Driftzone🚗💨,0,minimal,Maturity: Minimal,search
5278194073,EasyNight TakeOver,0,minimal,Maturity: Minimal,search
3423363274,[LADA] Drift Universe,0,minimal,Maturity: Minimal,search
6994332851,Backrooms Drift,0,minimal,Maturity: Minimal,search
8620926433,BERSERK DRIFT X // WIP,0,minimal,Maturity: Minimal,search
6872475669,Mall Drifters,0,minimal,Maturity: Minimal,search
3009988823, $olitary,0,minimal,Maturity: Minimal,search
9663197191,Drift a Car,0,minimal,Maturity: Minimal,search
3501782560,Outlaw Street Drag Racing,0,minimal,Maturity: Minimal,search
4800289647,Prostreet Takeoverz 🏎️,0,minimal,Maturity: Minimal,search
10742010210,Drifters VS Sheriffs [🏎️💨],0,minimal,Maturity: Minimal,search
5437268495,Bay Takeovers BETA,0,minimal,Maturity: Minimal,search
9903666504,[NEW CARS] Poly Drifters,0,minimal,Maturity: Minimal,search
9287599037,[🗺️] Motor Legends 🏎️ Drifting & Racing,0,minimal,Maturity: Minimal,search
10477893150,LA Street Legends 🏁 Race · Drift · Tune,0,minimal,Maturity: Minimal,search
10643635117,[Beta] Drift or OOF,0,minimal,Maturity: Minimal,search
10526037767,Drift Valley!,0,mild,Maturity: Mild,search
5710738527,Dimensional Drift [HORROR],0,moderate,Maturity: Moderate,search
10536853610,Stuntin',0,minimal,Maturity: Minimal,search
9453733838,Car Stunts Legends ,0,minimal,Maturity: Minimal,search
1171251167,Carros Rebaixados BR (Pre-Alpha),0,minimal,Maturity: Minimal,search
10071767160,Thomas' Stunt Railway!,0,minimal,Maturity: Minimal,search
2390704758,Project: Rally (BETA),0,minimal,Maturity: Minimal,search
7937468368,[🚗NEW CARS🚗] Orinoco Trail ,0,minimal,Maturity: Minimal,search
9151106664,Infinite Nitro Cars,0,minimal,Maturity: Minimal,search
6837227715,Car Training🚗,0,minimal,Maturity: Minimal,search
4998613478,Dealership Tycoon 🏎️ Cars,0,minimal,Maturity: Minimal,search
2128536220,(update)Car Racing UNLIMITED: Adrenaline of Racing,0,minimal,Maturity: Minimal,search
9976243172,[9R ALL]Car Race Building,0,minimal,Maturity: Minimal,search
7823213732,🏆 Block Car Racing,0,minimal,Maturity: Minimal,search
5895465515,[UPD] Drive Champions 🏎️ CARS RACING,0,minimal,Maturity: Minimal,search
1410457361,Driving Simulator,0,minimal,Maturity: Minimal,search
7990237949, 🚗🔧Car Tuning Simulator 3 LEGACY🔧🚗,0,minimal,Maturity: Minimal,search
2058531374,Park the Car! 🚗,0,minimal,Maturity: Minimal,search
9100068452,[❄️] Park a Car🅿️,0,minimal,Maturity: Minimal,search
952270478,[🏆] Car Parking Level 7 🅿️🚗,0,minimal,Maturity: Minimal,search
10766426236,Where Did I Park?,0,minimal,Maturity: Minimal,search
10527978084,🚗 Clean the Dealership!,0,minimal,Maturity: Minimal,search
10497697145,Clean The Parking Lot! [SAVES!],0,minimal,Maturity: Minimal,search
10452090052,Clean the Parking Lot!,0,minimal,Maturity: Minimal,search
10276958295,My Parking Lot [EVENTS🗓️],0,minimal,Maturity: Minimal,search
9318534298,🚗 Car Parking Tycoon,0,minimal,Maturity: Minimal,search
2711441524,"[📢25% OFF] Eldersburg, Maryland Beta",0,minimal,Maturity: Minimal,search
38289378,Parking Panic,0,minimal,Maturity: Minimal,search
10764567855,Where Did I Park My Car?,0,minimal,Maturity: Minimal,search
2640407187,(UPDATE!) Car Driving Indonesia,0,minimal,Maturity: Minimal,search
7364778896,[UPDATE!]Anderson County,0,minimal,Maturity: Minimal,search
10766335239,Where Did I Park?,0,minimal,Maturity: Minimal,search
1051986341,🦺 | The FORUM Shopping Mall - Parking & Elevators,0,minimal,Maturity: Minimal,search
8818605499,Fahrschul Simulator Deutschland,0,minimal,Maturity: Minimal,search
10765243765,🔔Update | Clean Parkinglot to Escape,0,minimal,Maturity: Minimal,search
4258585410,🎢1.6M! / Car Park Funfair 2026🎡,0,minimal,Maturity: Minimal,search
10698338822,[UPD] My ASMR Park,0,minimal,Maturity: Minimal,search
7608895193,[🪝] Tow a Car,0,minimal,Maturity: Minimal,search
2563713593,🚗 Washiez Car Wash,0,minimal,Maturity: Minimal,search
9433715032,🚗 Park or Die!,0,mild,Maturity: Mild,search
9039923384,M1 Motorway Roleplay,0,minimal,Maturity: Minimal,search
2967518515,Car Obby,0,minimal,Maturity: Minimal,search
2851381018,Taxi Boss 🚖,0,minimal,Maturity: Minimal,search
9996234490,[FRONT LOAD/V3 UPDATE] Cedar Park Refuse,0,minimal,Maturity: Minimal,search
9364041968,[RIMS!] Car Sales 2 🏎️,0,minimal,Maturity: Minimal,search
1393178180,Polish Car Driving 🚗,0,minimal,Maturity: Minimal,search
6980540203,cross a street simulator [UFO UPDATE!👽❄️],0,mild,Maturity: Mild,search
9710919165,Traffic Trouble 🚗,0,minimal,Maturity: Minimal,search
10765909577,🚗 Grow Your Traffic!,0,minimal,Maturity: Minimal,search
7898426684,Vietnamese Vehicle Driving 2 Legacy,0,minimal,Maturity: Minimal,search
5350732919,[OG] Project: Swerve,0,minimal,Maturity: Minimal,search
10582465448,[RANKED⚡] Overtake the Traffic,0,minimal,Maturity: Minimal,search
9332578453,RealDrive: Shutoko,0,minimal,Maturity: Minimal,search
10766816177,Make Jam! 🍓,0,minimal,Maturity: Minimal,search
1415710834,[BAKERY🍰] Banana Eats ,0,mild,Maturity: Mild,search
3764631130,An Infinite Highway,0,mild,Maturity: Mild,search
6830506509,Highway 65,0,minimal,Maturity: Minimal,search
6498776866,Cross the road,0,mild,Maturity: Mild,search
8813012,Ultimate Driving,0,mild,Maturity: Mild,search
10087040211,My Car Park,0,minimal,Maturity: Minimal,search
5684726780,[MULTIPLAYER] My Summer Car,0,minimal,Maturity: Minimal,search
9903605866,[🏎️] Create a Car [ALPHA],0,minimal,Maturity: Minimal,search
5071522817,[UPDATE!] Realistic Vehicle Simulator,0,minimal,Maturity: Minimal,search
9321125107,Mini Garage Simulator,0,minimal,Maturity: Minimal,search
2189381976,Car Driving Simulator,0,minimal,Maturity: Minimal,search
3702291837,Monster Jam MONSTERS REVENGE,0,minimal,Maturity: Minimal,search
7294576294,RC Test  🚗,0,minimal,Maturity: Minimal,search
10287448900,Spin a Car 🚗,0,minimal,Maturity: Minimal,search
5817220824,[Classic] Monster Jam Monsters Revenge,0,minimal,Maturity: Minimal,search
10766200837,[POLICE] Drive an E-Scooter,0,minimal,Maturity: Minimal,search
1930696602,🐰 8-Ball Pool Classic 🎱,0,minimal,Maturity: Minimal,search
9455937882,8-Ball Pool: 1v1,0,minimal,Maturity: Minimal,search
10766642942,8-Ball Pool,0,minimal,Maturity: Minimal,search
9617638457,[EFFECTS] 8-Ball Blitz,0,minimal,Maturity: Minimal,search
9287923678,[🎉NEW] 8-Ball X ,0,minimal,Maturity: Minimal,search
10767890376,[NEW] 8 Ball Legends,0,minimal,Maturity: Minimal,search
10129566722,[🎃] Polish Voice 🔊,0,minimal,Maturity: Minimal,search
10764891927,⚔️1.8 PVP Club,0,mild,Maturity: Mild,search
536610775,The Lanes 🎳 Bowling,0,minimal,Maturity: Minimal,search
9910727377,Air Hockey Legends🏒,0,minimal,Maturity: Minimal,search
6517184723,Baseball Universe 9v9,0,minimal,Maturity: Minimal,search
10127742638,Jump Into a very deep Pool,0,minimal,Maturity: Minimal,search
10354090929,[RANKED] Eggball,0,minimal,Maturity: Minimal,search
9630505956,Bowling Lanes 🎳✨️ Glo' Bowl,0,minimal,Maturity: Minimal,search
4599878552,UNSTABLE Dodgeball,0,mild,Maturity: Mild,search
125714586,RoBowling🎳 ,0,minimal,Maturity: Minimal,search
3322582746,⛳Golf Frenzy! ,0,minimal,Maturity: Minimal,search
6920930774,Dodgeball Legends,0,mild,Maturity: Mild,search
10236106806,Rockstar Swimming Pool,0,minimal,Maturity: Minimal,search
10539110281,[UPD] Build A Volleyball Squad!,0,minimal,Maturity: Minimal,search
9086393038,Swim Down The Deepest Pool!,0,minimal,Maturity: Minimal,search
1922062368,[UPD] Handball 2,0,minimal,Maturity: Minimal,search
1424449565,Super Golf!,0,minimal,Maturity: Minimal,search
10183412018,[UPDATE!] Pool Cleaning Simulator,0,minimal,Maturity: Minimal,search
10155795839,Deadly Golf  [UPD],0,minimal,Maturity: Minimal,search
7582658699,🏊‍♂️ [UPD] Pool Park Tycoon!,0,minimal,Maturity: Minimal,search
6908171946,Volleyball Ascended,0,minimal,Maturity: Minimal,search
10186830408,Jump Into Biggest Pool,0,minimal,Maturity: Minimal,search
5694332878,A Very Deep Pool ☀️,0,minimal,Maturity: Minimal,search
10764665412,+1 Be a Bowling Ball,0,minimal,Maturity: Minimal,search
18358083,Pool RP!🌴,0,mild,Maturity: Mild,search
3874877728,Bloxy Water Park ⛱️🌊 [NEW SWIM SUITS!],0,minimal,Maturity: Minimal,search
6389495493,Water Park 🏝️,0,minimal,Maturity: Minimal,search
6505986134,Waterpark Paradise,0,minimal,Maturity: Minimal,search
1255026771,😜 Aqualiana Parc aquatique,0,minimal,Maturity: Minimal,search
1720401311,🌊 Aquatic Pool,0,minimal,Maturity: Minimal,search
6289989379,The Highest Ever Waterslide Obby,0,minimal,Maturity: Minimal,search
9863959227,Jump Into Chocolate Pool Obby,0,minimal,Maturity: Minimal,search
6837484522,Poolrooms,0,minimal,Maturity: Minimal,search
7882458860,[🌵UPD13] Swim to Save Princess,0,minimal,Maturity: Minimal,search
8673645874,[🎃] 🏖️ Jump and Splash! 💦  [Halloween 🎁],0,minimal,Maturity: Minimal,search
2689730100,😜Water Park,0,minimal,Maturity: Minimal,search
4105114485,The Deepest Pool      ,0,minimal,Maturity: Minimal,search
3840010459,[VR SUPPORT] Poolrooms HD (backrooms level 37),0,minimal,Maturity: Minimal,search
6868537689,🏝️Tropical Beach Roleplay!,0,minimal,Maturity: Minimal,search
10110169963,Outdoor Waterslide Playground & Waterpark,0,minimal,Maturity: Minimal,search
2231305423,WaterPark 🌊Splash World,0,minimal,Maturity: Minimal,search
10058439210,Funnest Best Waterpark Aqua Omega,0,minimal,Maturity: Minimal,search
9534085827,[NEW] R15 Wayside Swim 🌊 RP,0,minimal,Maturity: Minimal,search
3263090978,🚢 Liberty Cruise Ship Sea Sim [NEW SHIP],0,minimal,Maturity: Minimal,search
39766263,Waterpark,0,minimal,Maturity: Minimal,search
10394759770,🌊 [NEW] The Pool RP,0,minimal,Maturity: Minimal,search
10768107039,[BUCKETS!] Fill The Swimming Pool!,0,minimal,Maturity: Minimal,search
9045238,Scuba Diving at Quill Lake🤿,0,minimal,Maturity: Minimal,search
6454140742,Biggest Slime Pool Dive Obby,0,minimal,Maturity: Minimal,search
9796180122,Jump Into The Deepest Pool,0,minimal,Maturity: Minimal,search
6475810089,[2X] Swim League,0,minimal,Maturity: Minimal,search
1698069706,Waterpark Oceanic 🌊,0,minimal,Maturity: Minimal,search
10158739633,Jump Into Toxic Pool,0,minimal,Maturity: Minimal,search
10585574556,[BALL] Hamster Pool Party,0,minimal,Maturity: Minimal,search
9998448594,The Pool 8 [Horror],0,moderate,Maturity: Moderate,search
9792574399,[NEW] Classic Online Pool 🎱,0,minimal,Maturity: Minimal,search
10621102313,[UPD] Clean The Pool💦,0,minimal,Maturity: Minimal,search
7743504088,Pool Noodle Tower 🥢,0,minimal,Maturity: Minimal,search
10496028858,🎉 [1M EVENT] Spicy Mukbang Night Pool 🌶️ ASMR,0,minimal,Maturity: Minimal,search
9021906675,Build a Waterslide  🛝,0,minimal,Maturity: Minimal,search
6904246478,Free Surf [Classic],0,minimal,Maturity: Minimal,search
2219658002,Scuba Diving in Deep Waters Roleplay [ATLANTIS],0,minimal,Maturity: Minimal,search
7673108792,Dive Into Water [NEW WORLD🌸] ,0,minimal,Maturity: Minimal,search
2456044697,🌺Mermaid Lagoon🌺,0,minimal,Maturity: Minimal,search
10403437074,[UPD]💧 Drain Simulator ,0,minimal,Maturity: Minimal,search
7266609649,Immersive Surfing (BETA),0,minimal,Maturity: Minimal,search
9969095451,Surf for Lucky Blocks,0,minimal,Maturity: Minimal,search
5345465804,Touch Sports,0,minimal,Maturity: Minimal,search
5728146086,Touch Volleyball,0,minimal,Maturity: Minimal,search
10549624419,[UPD v0.3🏓] Pong Rivals,0,minimal,Maturity: Minimal,search
10016077667,[UPD 5.3] Padel Shot,0,minimal,Maturity: Minimal,search
40624698,Old Roblox Mini Golf!,0,minimal,Maturity: Minimal,search
9046316249,[UPD] ☀️Build a Mini Golf 🌴,0,minimal,Maturity: Minimal,search
10766357013,Mini Golf: Wild Fairways,0,minimal,Maturity: Minimal,search
9858113680,[UPD4]⛳️Golf Training!🚀,0,minimal,Maturity: Minimal,search
10030388629,Crazy Golf Arena,0,mild,Maturity: Mild,search
7788022731,Disc Golf [UPD],0,minimal,Maturity: Minimal,search
7736052993,Putt It Together [Mini-Golf],0,minimal,Maturity: Minimal,search
5680780931,Let's Go Golfing!,0,minimal,Maturity: Minimal,search
6477693966,2 Player Golf Obby,0,minimal,Maturity: Minimal,search
2874875486,⛳ Escape The Golf Course Obby! (🎉UPDATE!!),0,mild,Maturity: Mild,search
9472439309,[UPD] Obby but you're a golfer,0,minimal,Maturity: Minimal,search
6769997776,⛳ Ro-Golf,0,minimal,Maturity: Minimal,search
9510742804,Ultimate Golf ⛳,0,minimal,Maturity: Minimal,search
6077020030,⛳ Golf Adventure - Just Swing! ,0,minimal,Maturity: Minimal,search
3482860563,⛳Hole In One Simulator (Golf),0,minimal,Maturity: Minimal,search
10457124059,Clean The Golf Yard,0,minimal,Maturity: Minimal,search
2624307643,Touch Golf,0,minimal,Maturity: Minimal,search
8926904643,[⛄] Golf Incremental,0,minimal,Maturity: Minimal,search
7290419024,PGA TOUR Ultimate Golf Simulator,0,minimal,Maturity: Minimal,search
10764466168,GOLF!,0,minimal,Maturity: Minimal,search
6380920006,Golf Range Tycoon,0,minimal,Maturity: Minimal,search
2369519672,Fear Elevator 😱,0,mild,Maturity: Mild,search
10767909417,[BETA] DAB Golf,0,minimal,Maturity: Minimal,search
10098015491,[WORLDS!] Golf a Lucky Block ⛳,0,minimal,Maturity: Minimal,search
10766568716,[🎃] Golf For Lucky Blocks,0,mild,Maturity: Mild,search
10765229953,Ball Picker ⛳ Clean Golf Range,0,minimal,Maturity: Minimal,search
9381992247,Golf Together ⛳ [2 PLAYER OBBY],0,minimal,Maturity: Minimal,search
7507368286,[🚀] Swing a Golf Club ,0,minimal,Maturity: Minimal,search
3505176703,Kickball,0,minimal,Maturity: Minimal,search
5744178955,Touch Tennis,0,minimal,Maturity: Minimal,search
2774391552,hockey noobs,0,minimal,Maturity: Minimal,search
5836986902,Touch Hockey,0,minimal,Maturity: Minimal,search
4017390447,AO Tennis Adventure,0,minimal,Maturity: Minimal,search
9582290665,Frisbee 🥏,0,minimal,Maturity: Minimal,search
7866265085,Real Futsal,0,minimal,Maturity: Minimal,search
7735487449,BINSU: Volleyball,0,minimal,Maturity: Minimal,search
5717515541,🏒Hockey Legends🏒,0,minimal,Maturity: Minimal,search
2791229920,🏈 Gridiron Football 2.0,0,minimal,Maturity: Minimal,search
8355885366,Backyard Roller Coaster,0,minimal,Maturity: Minimal,search
10288035524,Country World Cup Simulator,0,minimal,Maturity: Minimal,search
7792787883,ARL Testing place,0,minimal,Maturity: Minimal,search
2970472544,Light Game,0,mild,Maturity: Mild,search
10254427206,Battle Golf,0,minimal,Maturity: Minimal,search
10766218160,Golf Resort,0,minimal,Maturity: Minimal,search
5526272622,Realistic Hockey (5 on 5),0,minimal,Maturity: Minimal,search
10766571878,Golf an Egg for Animals,0,minimal,Maturity: Minimal,search
9340384263,Zombie Golf,0,mild,Maturity: Mild,search
10650394764,[⛳] Smack Golf Balls,0,minimal,Maturity: Minimal,search
9928869006,⛳ Untitled Golf Game [BETA] [UPDATE 1],0,minimal,Maturity: Minimal,search
10757987800,[🌧 Mutations!] Golf For Chickens!,0,minimal,Maturity: Minimal,search
3400106011,🏈 Field Goal Simulator,0,minimal,Maturity: Minimal,search
10471104256,Super Bagel 47,0,minimal,Maturity: Minimal,search
8293407677,ليالي (الأصلي),0,mild,Maturity: Mild,search
10150284206,Super Bear Adventure Prison Run! (Obby),0,mild,Maturity: Mild,search
7557272025,sesh,0,minimal,Maturity: Minimal,search
7744159391,Tennis: Zero,0,minimal,Maturity: Minimal,search
10435170241,[UPD] Win A World Championship,0,minimal,Maturity: Minimal,search
8098904327,[NEW]🏎️💨Steal a Supercar,0,minimal,Maturity: Minimal,search
7602095794,[🏆TOURNEY] LOCKED:2,0,minimal,Maturity: Minimal,search
10531324183,🏒 Hockey Rivals,0,minimal,Maturity: Minimal,search
1204566291,⚽ Super Striker League,0,mild,Maturity: Mild,search
1899566343,Rugby Rumble,0,minimal,Maturity: Minimal,search
10415348869,World Cup Penalty,0,minimal,Maturity: Minimal,search
10519753970,⚽ Penalty Card Drafts!,0,minimal,Maturity: Minimal,search
10023404565,Score Goals for Brainrots,0,minimal,Maturity: Minimal,search
5149184833,Penalty Shootout League⚽PSL Soccer/Football,0,minimal,Maturity: Minimal,search
10695560126,[🧤] Goalkeeper Training Center,0,minimal,Maturity: Minimal,search
9904421878,Estadio Banorte [LPMX],0,minimal,Maturity: Minimal,search
10604930200,PF⚽ [ALPHA],0,minimal,Maturity: Minimal,search
10137643625,Guess My Penalty!,0,minimal,Maturity: Minimal,search
10354316497,Penalty Kick Duels!,0,minimal,Maturity: Minimal,search
6322901459,Better Footballer?,0,mild,Maturity: Mild,search
10308739233,Soccer Manager Tycoon,0,minimal,Maturity: Minimal,search
10345390265,[X1000🔥] +1 Speed Football Scape ,0,minimal,Maturity: Minimal,search
10475367297,[⚽] Penalty Kings,0,minimal,Maturity: Minimal,search
10492524598,Penalty Kick Duels!,0,minimal,Maturity: Minimal,search
10268724824,Penalty Boss Simulator,0,minimal,Maturity: Minimal,search
10119629463,[UPD]  ⚽Drill For Soccer Legends,0,minimal,Maturity: Minimal,search
9684467754,KICKOFF! ⚽,0,minimal,Maturity: Minimal,search
106086152,TPS: Ultimate Soccer ⚽,0,minimal,Maturity: Minimal,search
9046954721,TPS: Infinite Soccer - Redux,0,minimal,Maturity: Minimal,search
10232537136,⚽ Guess My Soccer Club,0,minimal,Maturity: Minimal,search
10232063148,[🌍W2] +1 Speed Soccer Escape,0,moderate,Maturity: Moderate,search
9742125398,Fes 26,0,minimal,Maturity: Minimal,search
10550387843,SF27® [🎉],0,minimal,Maturity: Minimal,search
10729973694,[🦈] +1 Goal Kick ⚽️,0,minimal,Maturity: Minimal,search
10686406675,🔥 KICK FREE BLOCK 💸 (X999),0,mild,Maturity: Mild,search
10226851964,Kick Admin Blocks,0,mild,Maturity: Mild,search
10629519911,+1 Kick per Click,0,minimal,Maturity: Minimal,search
10463729276,+1 Kick to Score Goals ,0,minimal,Maturity: Minimal,search
10144831068,🌈 Kick for ADMIN X999Qi,0,mild,Maturity: Mild,search
10765266668,⚽ Kick a Soccer Ball,0,minimal,Maturity: Minimal,search
10482820623,🌈 KICK LUCKYBLOCK + OP x9999 MODDED,0,mild,Maturity: Mild,search
10299262219,[⭐] Spin For Free!,0,minimal,Maturity: Minimal,search
9260939847,[🦸‍♂️] Kick Door To Escape [TRAINER x2],0,minimal,Maturity: Minimal,search
119562134,Kick Off ⚽,0,minimal,Maturity: Minimal,search
10081699404,[2x🍀] Kick A Lucky Block For Phones,0,minimal,Maturity: Minimal,search
6890725607,⚽ Super Blox Soccer,0,minimal,Maturity: Minimal,search
10530095213,[🧊]Kick a NEEDOH,0,minimal,Maturity: Minimal,search
10686404214,🌈 KICK OP LUCKYBLOCK,0,mild,Maturity: Mild,search
10766832809,[⚽] +1 Train Your Kick!,0,minimal,Maturity: Minimal,search
10195135464,Kicking Tycoon,0,mild,Maturity: Mild,search
10092258993,[UPD] Kick a Soccer Lucky Block⚽,0,minimal,Maturity: Minimal,search
10762456531,⚽ Kick a Soccer Ball,0,minimal,Maturity: Minimal,search
10036847881,[⚽UPD] Soccer Kick Training,0,minimal,Maturity: Minimal,search
10060749130,Kick a Soccer!,0,minimal,Maturity: Minimal,search
10081815112,Kick a Soccer Legend ⚽,0,minimal,Maturity: Minimal,search
10686404802,🌈 Kick for OP ADMIN X999B,0,mild,Maturity: Mild,search
10686307544,😡 HARD KICK 😡 X99999999 KALB,0,mild,Maturity: Mild,search
10088202559,Kick A Football for Soccer Cards! [⚽],0,minimal,Maturity: Minimal,search
10295419422,League Football [PRE-ALPHA],0,minimal,Maturity: Minimal,search
5396376309,⚽ Goal Champions 🏆,0,minimal,Maturity: Minimal,search
10570400874,👽 Kick for ADMIN PANEL! X999999M 💎,0,mild,Maturity: Mild,search
7244832098,[RELEASE🎉] Badminton Allstars,0,minimal,Maturity: Minimal,search
2451345397,RS Tennis,0,minimal,Maturity: Minimal,search
4943874686,[NEW UPD] US Open Tennis: Champions of the Court,0,minimal,Maturity: Minimal,search
3529927654,Wimbledon: Tennis Showdown,0,minimal,Maturity: Minimal,search
2547466305,[SPECS 3!] Beyond Volleyball League,0,minimal,Maturity: Minimal,search
10418381226,[💀NAGI] Build A Blue Lock Squad! ,0,minimal,Maturity: Minimal,search
9293574407,Skate Off!⛸️ [BETA],0,minimal,Maturity: Minimal,search
3494086937,BECOME A CHEERLEADER 📣 Epic Gymnastics & Cheer,0,minimal,Maturity: Minimal,search
232409856,Gymnastics Gymnasium 🎃,0,minimal,Maturity: Minimal,search
10309557141,🏓 PING PONG RIVALS,0,minimal,Maturity: Minimal,search
10231969316,Ping Pong Islands,0,minimal,Maturity: Minimal,search
4040067930,Pong Arcade,0,minimal,Maturity: Minimal,search
9811422382,🏓Cup Pong Battles! [🎃],0,minimal,Maturity: Minimal,search
10621730292,Pong Clicker,0,minimal,Maturity: Minimal,search
9101513548,[🥤] Cup Pong,0,minimal,Maturity: Minimal,search
9862466219,[🔥UPD6🔥] Baseball Training! 💪⚾,0,minimal,Maturity: Minimal,search
10685096236,100 Days On One Block,0,minimal,Maturity: Minimal,search
6335107023,Flex Your Ping And FPS!,0,mild,Maturity: Mild,search
9675124290,BINSU: Table Tennis (BETA),0,minimal,Maturity: Minimal,search
6322254758,SPORTIA GAMES,0,minimal,Maturity: Minimal,search
10191052503,[NEW🎾] Tennis Training!,0,minimal,Maturity: Minimal,search
10651004190,[RANKED] Pickleball Pros 🏓 ,0,minimal,Maturity: Minimal,search
9893506806,🏐 DOUBLES VOLLEYBALL,0,minimal,Maturity: Minimal,search
9610088209,[🎾] Racket Rush,0,moderate,Maturity: Moderate,search
10009595680,[Alpha] Tennis Rush,0,minimal,Maturity: Minimal,search
6662916878,MMA Legends🥊,0,mild,Maturity: Mild,search
10305703236,[🏆] Mini Cup,0,minimal,Maturity: Minimal,search
10766624580,[UPD] Volleyball Rising!,0,minimal,Maturity: Minimal,search
10370594748,Throw a Volleyball! 🏐,0,minimal,Maturity: Minimal,search
7651825025,(SNOW RAID) VOLLEYBALL: UNOFFICAL SUNCYAN,0,minimal,Maturity: Minimal,search
10097175380,[🏐] Volleyball Training!,0,minimal,Maturity: Minimal,search
9955672553,[UPD 1.5] Elite Volleyball League,0,minimal,Maturity: Minimal,search
5080764275,NEO VOLLEYBALL LEAGUE III 🏐🏙️[MORE CHANGES SOON],0,minimal,Maturity: Minimal,search
9046580625,[🌎UPD 8] CVR: Retro,0,minimal,Maturity: Minimal,search
5966671374,[❤️VALENTINES] SPIKED,0,minimal,Maturity: Minimal,search
9856296539,[🏐] Steal From Haikyuu!,0,minimal,Maturity: Minimal,search
9373167363,Volleyball Legends Spin Simulator,0,moderate,Maturity: Moderate,search
1120540858,[🌷] Rhythmic Gymnastics Center V5,0,minimal,Maturity: Minimal,search
9344916045,Cirque School of Acrobatics,0,minimal,Maturity: Minimal,search
5265950669,[UPDATE!] Ultra Toilet Roleplay 2,0,mild,Maturity: Mild,search
10739137760,The Cosalazo 2 ,0,minimal,Maturity: Minimal,search
7691800287,STICK BATTLES 🍢,0,mild,Maturity: Mild,search
10413314017,fight on a baseplate,0,mild,Maturity: Mild,search
7900239671,Slam Royale,0,mild,Maturity: Mild,search
9149092339,⚔️Boys VS Girls Battle,0,mild,Maturity: Mild,search
5073770251,Baldi's Sword Fight ⚔️,0,mild,Maturity: Mild,search
7226326096,Universal Clash,0,mild,Maturity: Mild,search
9432244510,Blind Duel [3 LIVES💔],0,mild,Maturity: Mild,search
9587723745,[V3] Long Nose Battles,0,mild,Maturity: Mild,search
9272395657,[SPOOKY MONTH] Forsaken Combat Fighting,0,mild,Maturity: Mild,search
8806806838,[YUJI] Shadow Battlegrounds,0,mild,Maturity: Mild,search
10247783787,Baddies Fight 💅,0,mild,Maturity: Mild,search
7362931484,Fight Enemies!,0,mild,Maturity: Mild,search
7118008035,Weakest Dummy Fights Back,0,mild,Maturity: Mild,search
5112244393,Dudes Battlegrounds,0,mild,Maturity: Mild,search
9369966269,[💥MEGA UPDATE] Yeet Battles,0,mild,Maturity: Mild,search
9507804816,Galactic Fight,0,mild,Maturity: Mild,search
10620869074,[RANKED] GARAGE FIGHTS,0,mild,Maturity: Mild,search
10411628404,+1 Sword Fighting Escape ⚔️,0,mild,Maturity: Mild,search
8917099701,Fight Test [V2],0,moderate,Maturity: Moderate,search
9862413079,Train Robot to Fight 🤖,0,mild,Maturity: Mild,search
8873219944,Baby FIGHT Grandma!,0,mild,Maturity: Mild,search
9806307488,Sword Fighting Pit ⚔️ ,0,mild,Maturity: Mild,search
6630162012,🚨 Prison Brawl [BETA],0,mild,Maturity: Mild,search
10472106598,fight in a house,0,mild,Maturity: Mild,search
6012788864,[💥]Allblox Battles,0,mild,Maturity: Mild,search
10452504192,Beast fighters ( NEW ),0,mild,Maturity: Mild,search
10766747100,🌳 Clean all the Sticks,0,minimal,Maturity: Minimal,search
7666581920,One Fighting Spirit,0,mild,Maturity: Mild,search
42070800,Sword Fighting Tournament,0,mild,Maturity: Mild,search
4430449940,Saber Showdown,0,mild,Maturity: Mild,search
10270331873,Punch Up,0,mild,Maturity: Mild,search
8941416442,🚀 Fix & Fight,0,mild,Maturity: Mild,search
6957250918,Animation Battlegrounds,0,mild,Maturity: Mild,search
5610451307,Super Sink fighting game 3 [ASTROS PART 1!],0,moderate,Maturity: Moderate,search
8538761833,[FREE] Fights 😆,0,mild,Maturity: Mild,search
5114901609,[Sound]Slayer Battlegrounds,0,mild,Maturity: Mild,search
5974009462,[FREE KJ] Mystic Battleground,0,mild,Maturity: Mild,search
6794127522,GHOST: Samurai Sword Fighting,0,mild,Maturity: Mild,search
10435022521,[FREE SHINJI & KJ] Supreme Battlegrounds!,0,mild,Maturity: Mild,search
10491624693,SkyPvP,0,mild,Maturity: Mild,search
9754259417,[⛩️] Katana Arena,0,mild,Maturity: Mild,search
10036883986,Katana PVP ⚔️,0,mild,Maturity: Mild,search
7873196722,[❤️] Traitor Duels ⚔️,0,mild,Maturity: Mild,search
936191547,Custom Duels,0,mild,Maturity: Mild,search
10479511332,[UPDATE]Katana Fight,0,mild,Maturity: Mild,search
9297146589,Duel of the Fates [FACTIONS V1🛡️] ,0,mild,Maturity: Mild,search
10303014624,[UPD 5] Anime Duelists,0,minimal,Maturity: Minimal,search
10263732926,Tail Battles [Alpha],0,mild,Maturity: Mild,search
5857747609,RAMPANT REBORN PvP,0,mild,Maturity: Mild,search
9503696692,Silent Assassins,0,mild,Maturity: Mild,search
9750986527,SAB PVP Trainer,0,minimal,Maturity: Minimal,search
6597522767,KJ game (Remake) [FREE SHINJI],0,mild,Maturity: Mild,search
9664667722,🤑 WIN EVERY DUEL ⚔️,0,minimal,Maturity: Minimal,search
5463259703,Elemental Duels,0,mild,Maturity: Mild,search
9803970239,Forsaken Combat,0,mild,Maturity: Mild,search
9137416017,[UPD] Bridge Duel ,0,mild,Maturity: Mild,search
9018932062,😈 Murderer&Sheriff DUELS,0,mild,Maturity: Mild,search
7155018773,[Testing] DMvsS,0,moderate,Maturity: Moderate,search
9923830905,[💎] Spleef Duels 🏆,0,minimal,Maturity: Minimal,search
6409513651,[🗼 UPDATE 5.0] Anime Warriors III,0,minimal,Maturity: Minimal,search
7096066510,DUELS - Murderers VS Sheriffs,0,moderate,Maturity: Moderate,search
9461038514,[UPDATE] DUELIST: PvP,0,moderate,Maturity: Moderate,search
9878059917,SWORDS ROULETTE ⚔️,0,mild,Maturity: Mild,search
9582119606,[Duels] Asesinos Vs Sheriffs,0,mild,Maturity: Mild,search
4885559763,Divine Duality Elemental,0,mild,Maturity: Mild,search
10451479488,[ 💸3x Cash!!] Binary Duels,0,moderate,Maturity: Moderate,search
10632657602,🎃 Supreme Wall ,0,mild,Maturity: Mild,search
10204542673,MM2: PVP,0,mild,Maturity: Mild,search
1175471394,[new weapons!] brawl 2,0,mild,Maturity: Mild,search
9699497774,One Fighting Spirit 3,0,mild,Maturity: Mild,search
8203127178,"[KJ, VERITY, HALLOWEEN 🎃] Unlimited Battlegrounds",0,mild,Maturity: Mild,search
43602700,⚡️Naruto⚡️Ultimate Shinobi Fighting Arena ,0,mild,Maturity: Mild,search
8913675853,[NOLI PART 2] FORSAKEN GUEST FIGHTING,0,mild,Maturity: Mild,search
4326269288,Alternate Battlegrounds,0,mild,Maturity: Mild,search
5200655965,Project Smash,0,mild,Maturity: Mild,search
6716822404,[UPDATE] Violent,0,moderate,Maturity: Moderate,search
8743729919,Fight Club,0,mild,Maturity: Mild,search
10693247586,[EVIL ADOLECENT] Multiverse Showdown BETA,0,moderate,Maturity: Moderate,search
3139902823,Right 2 Fight (Inactive),0,moderate,Maturity: Moderate,search
5937080379,Infinite Script Fighting,0,mild,Maturity: Mild,search
7436965994,MMA Fighters 🥊🔥,0,moderate,Maturity: Moderate,search
6818297884,Sans AUs Fighter 2,0,mild,Maturity: Mild,search
8616740559,One Fighting Spirit 2,0,mild,Maturity: Mild,search
2918970982,Encounters ⚔️ Fighting,0,mild,Maturity: Mild,search
8366716517,Sky Fighters,0,mild,Maturity: Mild,search
10765963762,What The Fight?!,0,minimal,Maturity: Minimal,search
6147518381,Slap Battles Admin Gloves [🎃HALLOWEEN PART 1🎃],0,minimal,Maturity: Minimal,search
6255359695,Fight in a Kindergarten 🤜,0,mild,Maturity: Mild,search
3163813433,CRITICAL X STRIKE v5.15.6,0,mild,Maturity: Mild,search
10326559245,[ٍDRAGONS🐲] Anime Avatar Fighting,0,minimal,Maturity: Minimal,search
10217443381,Super Smash Battlegrounds,0,mild,Maturity: Mild,search
10457527462,🎶 Dandy's Fighters [PLAYTEST],0,mild,Maturity: Mild,search
9906439488,[UPD 1.1] Uma Fighters - [ALPHA],0,mild,Maturity: Mild,search
6657569860,Fright Fighters,0,mild,Maturity: Mild,search
4691326890,⭐ Magical Fighters Madoka ⭐,0,moderate,Maturity: Moderate,search
10767971795,Build a Fighter Robot,0,mild,Maturity: Mild,search
8495777335,[HEROHUNTER ULT] Saitama Battlegrounds,0,mild,Maturity: Mild,search
5597371866,[🤠] Fortune Fighters,0,mild,Maturity: Mild,search
9270061813,Saiyan Fighters,0,mild,Maturity: Mild,search
10504022081,[🥊UPDATE] Build A Fighter Squad!,0,moderate,Maturity: Moderate,search
8125820117,Jet Fighters,0,mild,Maturity: Mild,search
5027504417,Mobian Mayhem [REWORK COUNTDOWN],0,mild,Maturity: Mild,search
10768744152,+1 Muscle vs Platforms,0,minimal,Maturity: Minimal,search
7423951772,[SOON] Project Viltrumites,0,moderate,Maturity: Moderate,search
3433927047,[INVINCIBLE] Multiverse Reborn 2,0,mild,Maturity: Mild,search
10764704972,LOUD FIGHTERS! 🔊 [VC],0,mild,Maturity: Mild,search
10105326873,[🍀CHESTS] Lucky Block Fighters,0,mild,Maturity: Mild,search
8263672055,[DOOM & BIG ARMS & REVIVAL] Speedster Showdown,0,mild,Maturity: Mild,search
9469900246,[🔪SUNNY + BOSSRUSH EX] Super Random Fighters ,0,moderate,Maturity: Moderate,search
6849308613,[COPYCAT] - ULTRA Battlegrounds,0,mild,Maturity: Mild,search
3503342637,Dimensional Fighters,0,mild,Maturity: Mild,search
7540528052,platform of sans. ,0,minimal,Maturity: Minimal,search
2324662457,[☀️LUNAR VS SOLAR🌑]  Anime Fighters,0,minimal,Maturity: Minimal,search
9989342882,[School] Weak Fighters: Legacy [DEMO],0,mild,Maturity: Mild,search
8195704004,Star Fighter | BETA,0,minimal,Maturity: Minimal,search
9122377157,[🎃UPDATE🎃]Killstreak Button Test REMASTERED,0,mild,Maturity: Mild,search
2878424068,Big Arm Battle,0,mild,Maturity: Mild,search
5703266569,[SHINJI!!] Gojo Moveset Fighting,0,mild,Maturity: Mild,search
10643973176,Roleplay or FIGHT,0,mild,Maturity: Mild,search
8906870648,FREE Fades! 👊,0,mild,Maturity: Mild,search
10480174258,KENKA: School Fighting,0,mild,Maturity: Mild,search
9627655329,[FREE SHINJI] Universal Showdown,0,mild,Maturity: Mild,search
10629991990,Chaotic Battlegrounds,0,mild,Maturity: Mild,search
6380799334,[UPD] KJ Battlegrounds  ,0,mild,Maturity: Mild,search
7441236648,[🎃 KJ GRATIS]Remake de Juego KJ Battleground ,0,mild,Maturity: Mild,search
9491734750,"[The Limitless] Ultimate Nexus Battlegrounds
",0,mild,Maturity: Mild,search
4724071612,Sorcerer Battlegrounds,0,mild,Maturity: Mild,search
4679222104,[GOGETA] Saiyan Battlegrounds,0,mild,Maturity: Mild,search
7455945222,Soulbound,0,mild,Maturity: Mild,search
4725882562,Seas Battlegrounds,0,mild,Maturity: Mild,search
6097519616,Jujutsu Beatdown,0,mild,Maturity: Mild,search
10139437335,Budget Battlegrounds,0,mild,Maturity: Mild,search
9329568736,Martial Arts Battlegrounds 🥋,0,mild,Maturity: Mild,search
9020929856,[FREE KJ] Universal Battlegrounds,0,mild,Maturity: Mild,search
3731399032,Superhero Universe Battlegrounds,0,mild,Maturity: Mild,search
7372448827,Shazam: Battlegrounds,0,mild,Maturity: Mild,search
9825123966,[REWORK] Hanma Battlegrounds,0,mild,Maturity: Mild,search
10767964257,Superhero Battlegrounds,0,mild,Maturity: Mild,search
5956461056,[BOSS💥] THE KJ Battlegrounds,0,mild,Maturity: Mild,search
2107327974,Iron Man Battlegrounds,0,mild,Maturity: Mild,search
10100275717,[QOL]Egoisto Battlegrounds,0,mild,Maturity: Mild,search
9368104080,Gojo Battleground,0,mild,Maturity: Mild,search
8210741200,The Zenith Battlegrounds,0,moderate,Maturity: Moderate,search
6401135567,Art Battlegrounds [RE - RELEASE],0,mild,Maturity: Mild,search
6135522030,Universal Battlegrounds,0,mild,Maturity: Mild,search
7170482454,[BLACK LEG] Emperor Battlegrounds,0,mild,Maturity: Mild,search
5878225650,Battleground Mania,0,mild,Maturity: Mild,search
1111698561,T-Titans Battlegrounds,0,mild,Maturity: Mild,search
5444525726,Culling Battlegrounds,0,mild,Maturity: Mild,search
8051785548,[ALL FREE] the free battlegrounds,0,mild,Maturity: Mild,search
5868588140,[PATCH] Realm Rampage,0,moderate,Maturity: Moderate,search
9811779842,[JOHN DOE?] Forsaken Battlegrounds,0,mild,Maturity: Mild,search
6439654146,The Oldest Battlegrounds Revamped,0,mild,Maturity: Mild,search
9159334118,Brainrot Battlegrounds [NEW],0,moderate,Maturity: Moderate,search
6914286552,The Universe Battlegrounds,0,mild,Maturity: Mild,search
10154609461,(UPDATE) Fragmented Battlegrounds,0,moderate,Maturity: Moderate,search
5095657558,Seven Sins Battlegrounds,0,moderate,Maturity: Moderate,search
8180160575,[Upd😹] Brainrot Battlegrounds,0,mild,Maturity: Mild,search
5406676573,KJ Moveset Battlegrounds,0,moderate,Maturity: Moderate,search
6858501207,Something Something Battlegrounds,0,mild,Maturity: Mild,search
4899304278,Pirate Battlegrounds,0,mild,Maturity: Mild,search
5036722879,[⚔️] Anime Battlegrounds,0,mild,Maturity: Mild,search
8098706527,Clash Battlegrounds,0,mild,Maturity: Mild,search
10222550898,[UPD] Star Wars: Battlegrounds,0,mild,Maturity: Mild,search
6611736988,Omni Battlegrounds,0,moderate,Maturity: Moderate,search
6807582030,[EVASIVE + M1S] FNAF Battlegrounds,0,mild,Maturity: Mild,search
3827442559,[🎉UPDATE] Multiverse Battlegrounds,0,mild,Maturity: Mild,search
10764863278,Scroll Games,0,minimal,Maturity: Minimal,search
1271188131,Zulu Defense 📯,0,mild,Maturity: Mild,search
6964415405,Random Mafia Shooter,0,moderate,Maturity: Moderate,search
280343502,Pick A Side,0,mild,Maturity: Mild,search
5259818151,🔫 WARMIX [PVP FPS Weapon Battles Shooter Gun],0,mild,Maturity: Mild,search
4785126950,SCORCHED EARTH 🔊,0,moderate,Maturity: Moderate,search
115272207,test place,0,mild,Maturity: Mild,search
187796008,Those Who Remain,0,moderate,Maturity: Moderate,search
1247975681,BIG Paintball! Classic 🔫,0,mild,Maturity: Mild,search
169302362,Project Lazarus: 💀 ZOMBIES 💀,0,moderate,Maturity: Moderate,search
10764971308,Real cinema movies,0,mild,Maturity: Mild,search
7518216173,Anime League,0,mild,Maturity: Mild,search
10218888840,Tung Shooters ,0,mild,Maturity: Mild,search
4028801234,Pick a Slide [Backrooms],0,mild,Maturity: Mild,search
2575793677,AniPhobia,0,moderate,Maturity: Moderate,search
10537357530,Underground Shooters [EARLY ACCESS],0,mild,Maturity: Mild,search
324740177,Entry Point,0,moderate,Maturity: Moderate,search
4914269443,Unnamed Shooter,0,moderate,Maturity: Moderate,search
1187091887,[🔥+LMG] Weaponry [BETA],0,mild,Maturity: Mild,search
8050914790,[🔥UPD] Aladia PvP,0,mild,Maturity: Mild,search
9989800685,Watch Satisfying Videos,0,mild,Maturity: Mild,search
10765519424,🔫 SHOOTING!,0,mild,Maturity: Mild,search
10163795799,[UPD SOON] REDSHOOTER,0,moderate,Maturity: Moderate,search
10733110573,Blood Debt Gun System,0,moderate,Maturity: Moderate,search
10058142251,🟢[UPD]GORE GUN TESTING ,0,minimal,Maturity: Minimal,search
3291339558,Rolling Thunder,0,mild,Maturity: Mild,search
115797356,Counter Blox,0,mild,Maturity: Mild,search
6267943144,Hypercam [UPDATE],0,moderate,Maturity: Moderate,search
1810450591,[UPD] [ACS] Firing Range,0,moderate,Maturity: Moderate,search
5964300307,[FREE UGC!] Guns & Glory,0,mild,Maturity: Mild,search
9091380383,Guts & Blood,0,moderate,Maturity: Moderate,search
841473932,Hyper Realistic Guns,0,moderate,Maturity: Moderate,search
4673599750,📚 Murderers vs Sheriffs 2,0,mild,Maturity: Mild,search
9357486806,[PRE-BETA] RETROGRAD,0,mild,Maturity: Mild,search
375716943,D-DAY,0,mild,Maturity: Mild,search
10655651981,Rick and Morty Portal Gun,0,minimal,Maturity: Minimal,search
8566375888,[ QUIET LAWN ]🐌 SlugGun [BETA] ,0,moderate,Maturity: Moderate,search
8697713275,Simple Slug Sim ~ 1st Anniversary Hat Hunt Event!,0,mild,Maturity: Mild,search
8007391633,metal gear solid obby,0,minimal,Maturity: Minimal,search
5433194392,[GORE] WRATH,0,moderate,Maturity: Moderate,search
6826045923,The Weakest Dummy Fights Back (BACK),0,mild,Maturity: Mild,search
6853547593,[!!200%] Limited Technique Sandbox ,0,minimal,Maturity: Minimal,search
3387745129,Mortem Metallum,0,moderate,Maturity: Moderate,search
8781187550,I Heard It Too Remastered [Solo Project],0,moderate,Maturity: Moderate,search
10634010148,[NEW!] [FULL MEKANIK HABEG x 20]METALIC OBSTACLE,0,minimal,Maturity: Minimal,search
6402439542,Metal Gear Ladder Climb,0,mild,Maturity: Mild,search
4173860551,Terraria Boss Battles: REMASTERED,0,mild,Maturity: Mild,search
9925618386,SONIC MORPH [🤖 METAL INVASION] ,0,minimal,Maturity: Minimal,search
10331088178,[BETA!] Octopus Mayhem!,0,minimal,Maturity: Minimal,search
10176671721,[UPDATE 🚤] Drillzone,0,moderate,Maturity: Moderate,search
9285981424,Robot Lizard Procedural Animation,0,minimal,Maturity: Minimal,search
9078141099,Tentacle,0,mild,Maturity: Mild,search
8353908738,Push or Die💀,0,mild,Maturity: Mild,search
2796801637,Strawberry Jam,0,moderate,Maturity: Moderate,search
7013983004,CONCERT STAGE V5,0,minimal,Maturity: Minimal,search
10272236945,👋 Slap to Survive,0,moderate,Maturity: Moderate,search
2502424930,Trench War,0,mild,Maturity: Mild,search
6994801503,[NEW MAP] Eastern Warfare ,0,moderate,Maturity: Moderate,search
10411856097,Warfare Mobile,0,moderate,Maturity: Moderate,search
9082896447,HEARTS OF HEROES: WWII ,0,moderate,Maturity: Moderate,search
3418649549,[🔱] Cold War RP: Submerged,0,mild,Maturity: Mild,search
10383565741,Warfare,0,moderate,Maturity: Moderate,search
7920020824,💥Super Soldiers,0,moderate,Maturity: Moderate,search
9679347832,Batas Waras,0,minimal,Maturity: Minimal,search
3594154070,Afghanistan,0,moderate,Maturity: Moderate,search
1182264499,'94 REMASTERED,0,mild,Maturity: Mild,search
4849157113,[SEASON 5] Operations: Siege,0,moderate,Maturity: Moderate,search
10502102838,[TROOPS] Warhead Strike,0,moderate,Maturity: Moderate,search
2395318920,[6XP] FALL OF HEROES,0,mild,Maturity: Mild,search
2236455574,Marvel and DC Super Heroes,0,mild,Maturity: Mild,search
7218045719,Post Cold War AI Remastered (WESTERN BANDITS),0,moderate,Maturity: Moderate,search
1890626536,[SCP] TASK FORCE,0,moderate,Maturity: Moderate,search
6651102416,Marvel Ultimate Heroes,0,mild,Maturity: Mild,search
4537409706,Hero Power Tycoon,0,mild,Maturity: Mild,search
6874222407,Heros War,0,minimal,Maturity: Minimal,search
104923451,[Fall Weapon Remodels!] Phantom Forces Console,0,mild,Maturity: Mild,search
6717464085,War of the Worlds ,0,mild,Maturity: Mild,search
7386897403,[DYNAMIC FIX + 🎁] Heroes: Online World,0,mild,Maturity: Mild,search
10766484311,Hero Ability Arena,0,mild,Maturity: Mild,search
1656465191,[3XP] Age of Heroes,0,mild,Maturity: Mild,search
2295349620,FOAM Strike [VR Supported],0,mild,Maturity: Mild,search
9568721309,[💫New]Duel Strike ,0,mild,Maturity: Mild,search
228573408,Super Hero Tycoon,0,mild,Maturity: Mild,search
9472441390,💎 ROB IT,0,minimal,Maturity: Minimal,search
2605483903,Rob Mr Rich's Mansion Obby! (NEW READ DESC),0,minimal,Maturity: Minimal,search
9367417252,[💰] Steal Before 6AM,0,mild,Maturity: Mild,search
8791358380,Don’t Steal the Bobo 🐻,0,mild,Maturity: Mild,search
8607126407,Rob the House,0,mild,Maturity: Mild,search
1810606444,💰 Rob The Bank Obby! (NEW) (READ DESC),0,minimal,Maturity: Minimal,search
6985141181,Rob the mom,0,mild,Maturity: Mild,search
9511447422,Steal KPop Demon Hunter Child 👶,0,mild,Maturity: Mild,search
5984132340,Rob the place,0,mild,Maturity: Mild,search
10085096282,Rob The Mother! ,0,mild,Maturity: Mild,search
9791094614,Rob Grandma! 👵,0,minimal,Maturity: Minimal,search
9734324739,BE TINY AND ROB GRANDPA,0,mild,Maturity: Mild,search
8140627455,Steal a SpongeBob,0,minimal,Maturity: Minimal,search
8887931183,Trap a thief ,0,minimal,Maturity: Minimal,search
7798817566,Rob The Karen [UPDATE],0,mild,Maturity: Mild,search
8319782618,[🎃] Rob a Bank💰,0,mild,Maturity: Mild,search
7383133134,💰 Deadly Heist 💰,0,mild,Maturity: Mild,search
8374113155,STEAL COOKIES🍪,0,minimal,Maturity: Minimal,search
8668547750,[🌌] Steal A Phone,0,minimal,Maturity: Minimal,search
8067725180,Rob the mother(NEW),0,mild,Maturity: Mild,search
9745464460,Be a Robber! 🤫,0,minimal,Maturity: Minimal,search
7588889438,[🏧] Be a Thief!,0,minimal,Maturity: Minimal,search
379064808,(AI) Cops and Robbers,0,mild,Maturity: Mild,search
1677201888,Rob A Jewellery Store Obby! (READ DESC),0,minimal,Maturity: Minimal,search
3159455612,Thief Simulator 💎,0,minimal,Maturity: Minimal,search
9731369036,🚨 Rob the Evil Bank Obby 💸,0,minimal,Maturity: Minimal,search
9832580772,Steal the Mall,0,mild,Maturity: Mild,search
10093856369,[⭐NEW⭐] Most Wanted!,0,mild,Maturity: Mild,search
7619155596,ROB DA BABY,0,mild,Maturity: Mild,search
3973431922,Heist Tycoon💰,0,minimal,Maturity: Minimal,search
9995899139,Be a Thief,0,mild,Maturity: Mild,search
9915908455,Escape Police to STEAL a Car!,0,minimal,Maturity: Minimal,search
6829921755,Steal Ice Cream from Kids! 🍦,0,mild,Maturity: Mild,search
5894409679,Rob a Convenience Store Simulator (UPDATE!),0,mild,Maturity: Mild,search
5677095821,Cops VS Robbers,0,mild,Maturity: Mild,search
6756228300,STEAL DA BABY,0,mild,Maturity: Mild,search
3828079001,Escape Bob the Dentist! SCARY OBBY,0,minimal,Maturity: Minimal,search
10527625051,Build a Bank and Rob [BANK!]🥷,0,mild,Maturity: Mild,search
9365206370,🏦 Dig to Rob 💎,0,minimal,Maturity: Minimal,search
9113527922,Rob a House!,0,mild,Maturity: Mild,search
8859927732,Rob the Brainrot,0,mild,Maturity: Mild,search
113110863,Rob a Bank Obby (READ DESC),0,minimal,Maturity: Minimal,search
5163624693,Baby Roby Escape [Horror],0,mild,Maturity: Mild,search
9883780227,Steal The Hoppers Base!,0,mild,Maturity: Mild,search
10270255031,Steal a Superstar,0,minimal,Maturity: Minimal,search
1888174103,Centipede,0,mild,Maturity: Mild,search
9501701013,🚨Suspect,0,minimal,Maturity: Minimal,search
9359153052,Don't Steal the Stitch!,0,minimal,Maturity: Minimal,search
4365819446,Keys 🗝️,0,mild,Maturity: Mild,search
9800895585,Scooby Escape,0,mild,Maturity: Mild,search
7107437407,BANK HEIST OBBY!,0,minimal,Maturity: Minimal,search
10674300622,The Locust's Manor,0,mild,Maturity: Mild,search
6516536612,raise bob [alpha],0,mild,Maturity: Mild,search
9196042689,Senzai Nightmare Test The Mimic,0,mild,Maturity: Mild,search
8916386442,[💥] Punch to Steal Brainrot,0,minimal,Maturity: Minimal,search
5026970880,🎃 BATHE DA BABY [S14],0,minimal,Maturity: Minimal,search
10767916692,Dino Heist: Steal & Hatch 🦖,0,mild,Maturity: Mild,search
10765490955,Steal a Hacker Egg 🌮,0,minimal,Maturity: Minimal,search
10381106122,Egg Heist 🥚 Steal & Hatch,0,minimal,Maturity: Minimal,search
10464347732,[⏳ 24H] STEAL or DOUBLE 😈,0,minimal,Maturity: Minimal,search
4919010625,Criminal Tycoon,0,mild,Maturity: Mild,search
10758160648,[💸] Steal an Employee,0,minimal,Maturity: Minimal,search
8467686851,🎭 Steal a Glitch,0,minimal,Maturity: Minimal,search
7799183193,Steal a Car,0,minimal,Maturity: Minimal,search
10437463951,[WORLDS🌏] Steal From Cars!,0,minimal,Maturity: Minimal,search
9573079789,Gang Life,0,mild,Maturity: Mild,search
7860226425,🚨 Steal Anime!,0,minimal,Maturity: Minimal,search
10217986985,[TEST] Dirty Money: A PAYDAY® Experience,0,mild,Maturity: Mild,search
9144698943,Build and Steal Brainrots!,0,mild,Maturity: Mild,search
189374243,Sneak Thief,0,moderate,Maturity: Moderate,search
9041121579,[⚠️] Heist The Neighbor,0,minimal,Maturity: Minimal,search
9530297450,[💎 JEWELRY HEIST] Bronx True Crime 🩸,0,moderate,Maturity: Moderate,search
7923607101,🦸 Steal A Superhero,0,minimal,Maturity: Minimal,search
9930380676,Brainrot Heist 🧠,0,mild,Maturity: Mild,search
8519425923, Steal A Sea Monster,0,minimal,Maturity: Minimal,search
6993863387,STEALTH | ALPHA (robbery game),0,mild,Maturity: Mild,search
10281220487,Don't Steal Indian Street Food 🍛!,0,mild,Maturity: Mild,search
10228531343,[ANIMATIC] Steal From BFDI,0,mild,Maturity: Mild,search
8232540509,[🎃MUTATION] Steal a FNAF ,0,minimal,Maturity: Minimal,search
10212307880,Breachpoint,0,mild,Maturity: Mild,search
10767085602,Raccoon Heist,0,minimal,Maturity: Minimal,search
8866968363,[PATCH] Steal a Die of Death!,0,minimal,Maturity: Minimal,search
5950181200,[UPD!] Cartel 🔪,0,mild,Maturity: Mild,search
10623382033,💵 [ASMR] Cash Heist Simulator ✨,0,mild,Maturity: Mild,search
8596604649,👑 Mega Heist [ALPHA],0,minimal,Maturity: Minimal,search
10767733012,[🏦HEIST] Vacuum a Pet 🌀,0,minimal,Maturity: Minimal,search
10692253537,+1 Speed Egg Heist,0,minimal,Maturity: Minimal,search
10476535458,Ant Queen: Egg Heist,0,mild,Maturity: Mild,search
9968425150, [NEW] LUXURY TYCOON: HEIST 💎💰,0,minimal,Maturity: Minimal,search
2591111980,Hitman: Reborn,0,moderate,Maturity: Moderate,search
9949288829,[Updated] Steal from KPOP Idols!,0,minimal,Maturity: Minimal,search
8017887842,[🚘269] Steal a Vehicle,0,minimal,Maturity: Minimal,search
8279030903,Steal A Rainbow Friend,0,minimal,Maturity: Minimal,search
7981348075,Steal a Striker ⚽,0,mild,Maturity: Mild,search
10116833575,Heist a Brainrot💎,0,minimal,Maturity: Minimal,search
10748645481,Dont Steal SCP Monsters,0,minimal,Maturity: Minimal,search
9399884981,Dont Wake Grandma! 🤫 ,0,mild,Maturity: Mild,search
10337157761,Don't Steal the Dumpling Squishy 🥟,0,mild,Maturity: Mild,search
10741514942,Renovate A House,0,minimal,Maturity: Minimal,search
8483837377,[🌲] Steal a 99 Nights in the Forest,0,minimal,Maturity: Minimal,search
9999716639,🤫 Sneak In!,0,minimal,Maturity: Minimal,search
3969981061,Rob A Jewellery Store! (EASY OBBY),0,minimal,Maturity: Minimal,search
10767566226,Don't Steal My Eggs!,0,minimal,Maturity: Minimal,search
10764527023,🎁Lucky blocks but you steal it ,0,mild,Maturity: Mild,search
8430503828,Steal a Clown,0,minimal,Maturity: Minimal,search
3407150468,leave your house at 2am,0,minimal,Maturity: Minimal,search
9503215535,Sneak Out Of The House,0,minimal,Maturity: Minimal,search
5158580671,escape house arrest simulator,0,mild,Maturity: Mild,search
10756631918,Become and Rob a Brainrot! 🧠,0,minimal,Maturity: Minimal,search
10088821187,Don't Steal a VIRAL Squishy,0,minimal,Maturity: Minimal,search
4756005135,The Storage,0,mild,Maturity: Mild,search
9763264152,[🤫] Don't Steal LUCKYBLOCK,0,minimal,Maturity: Minimal,search
10762555150,[SCP] Dont Steal the Verity,0,mild,Maturity: Mild,search
9097845993,Do Chores or Die,0,mild,Maturity: Mild,search
10405010493,Wash The House 🧼,0,minimal,Maturity: Minimal,search
9714288308,DIG OUT OF GRANDMA HOUSE 🏠,0,minimal,Maturity: Minimal,search
8956151554,ROB MANSION OBBY!,0,mild,Maturity: Mild,search
10406744768,Secure the Supermarket,0,mild,Maturity: Mild,search
8014099969,Protect The House From Monsters,0,mild,Maturity: Mild,search
10530261598,[BOILED ONE] House of The Locust,0,moderate,Maturity: Moderate,search
10642960977,Team Hello Kitty House Escape! (OBBY),0,minimal,Maturity: Minimal,search
10744256065,[VERITY😃] Wash A House,0,minimal,Maturity: Minimal,search
10204836169,Don't Steal a Squishy! 🤫,0,minimal,Maturity: Minimal,search
5082567812,Mall Security Simulator,0,mild,Maturity: Mild,search
10091766471,Prison RP 🚨,0,mild,Maturity: Mild,search
7835102410,Italian Brainrot Thieves 🧠,0,minimal,Maturity: Minimal,search
7705419804,[❗] STEAL & SELL,0,minimal,Maturity: Minimal,search
9965497270,Brainrot Thieves🧠,0,mild,Maturity: Mild,search
10091965776,Steal a Ttpersik,0,minimal,Maturity: Minimal,search
4798233640,Security Guard Simulator,0,mild,Maturity: Mild,search
9584456560,Escape Guards to Steal Brainrots 🧠,0,mild,Maturity: Mild,search
8104504677,[👮] Dispatch: Police Simulator,0,mild,Maturity: Mild,search
5534174140,[LEGACY] STOCK UP 📦,0,mild,Maturity: Mild,search
7778459210,Steal To Be Rich!,0,minimal,Maturity: Minimal,search
10283025251,Jump To Steal Slime 🟢,0,minimal,Maturity: Minimal,search
1049111999,In Plain Sight 2,0,mild,Maturity: Mild,search
2709319445,Prison Escape Obby 🏃[MAXIMUM SECURITY],0,minimal,Maturity: Minimal,search
9332834284,Breakout 🚨 Prison Escape,0,mild,Maturity: Mild,search
9526456014,[WITH ITEMS!] POLICE BOY ESCAPE PRISON!,0,mild,Maturity: Mild,search
1108432543,Escape Prison Obby! 🚨 (NEW) ,0,minimal,Maturity: Minimal,search
1612857454,Prison Escape v2,0,mild,Maturity: Mild,search
10163770911,Cinnamoroll'S PRISON RUN! (Obby),0,minimal,Maturity: Minimal,search
7458253987,PUSHEEN'S PRISON RUN! (Obby),0,minimal,Maturity: Minimal,search
9936963143,TIKTOK Vs INSTA-GRAM BOSSES PRISON RUN! (Obby),0,minimal,Maturity: Minimal,search
10493666012,🧪ANIMAL HOSPITAL PRISON RUN! (Obby),0,minimal,Maturity: Minimal,search
9836235346,WOMAN PRISONER VS POLICE PRISON RUN! (Obby),0,minimal,Maturity: Minimal,search
4619039850,LARRYS PRISON ESCAPE! (Obby),0,minimal,Maturity: Minimal,search
10042305188,🧸TOY STORY 5 PRISON RUN! (Obby),0,minimal,Maturity: Minimal,search
8079583122,[⛓️NEW] Escape The Prison Obby!,0,minimal,Maturity: Minimal,search
10621542040,Secure the Prison,0,mild,Maturity: Mild,search
10752128321,Crown or Jail,0,mild,Maturity: Mild,search
8475779172,⛏️ Dig Out Of Jail,0,minimal,Maturity: Minimal,search
10075488949,🌞 POY POLICE PRISON RUN ESCAPE! (Obby),0,minimal,Maturity: Minimal,search
9173749960,ZOOTOPIA POLICE FAMILY PRISON RUN ESCAPE! (Obby),0,minimal,Maturity: Minimal,search
7651592478,⚽ RONALDO'S PRISON RUN! (Obby),0,mild,Maturity: Mild,search
10645097363,+1 Jump Prison Escape,0,minimal,Maturity: Minimal,search
5365789255,👮‍♂️ BARRON'S PRISON ESCAPE! (Obby),0,minimal,Maturity: Minimal,search
10164036185,Kuromi'S PRISON RUN! (Obby),0,minimal,Maturity: Minimal,search
8051653879,Life in Prison,0,mild,Maturity: Mild,search
7789353543,[UPD25] +1 Speed Prison Escape⚡,0,minimal,Maturity: Minimal,search
10638771897,Secure the Jail,0,minimal,Maturity: Minimal,search
7599130774,[FREE ITEMS!] POLICE BOY 2 PLAYER ESCAPE PRISON!,0,mild,Maturity: Mild,search
6817825207,🐀 Break The Prison: Level D,0,minimal,Maturity: Minimal,search
6259607982,🍓STRAWBERRY POLICE FAMILY PRISON RUN ESCAPE! Obby,0,minimal,Maturity: Minimal,search
10672470038,[NEW❗] +1 Wings Keyboard Escape 🦅,0,minimal,Maturity: Minimal,search
5636107569,[PRISON👮] Survive Barry the Killer!,0,minimal,Maturity: Minimal,search
7423900026,TUNG TUNG PRISON RUN POLICE ESCAPE! Obby,0,minimal,Maturity: Minimal,search
10472396102, [UPD]💪+1 Muscles for Prison Escape,0,minimal,Maturity: Minimal,search
5891427206,[POLICE GIRL!] BARRY 2 PLAYER ESCAPE PRISON V2!,0,minimal,Maturity: Minimal,search
10764264512, Kill Or Die,0,mild,Maturity: Mild,search
9954810275,Parkour or Die!,0,minimal,Maturity: Minimal,search
10766062117,Dance Or Die🕺,0,minimal,Maturity: Minimal,search
7324958498,Survive or Die 🔥,0,minimal,Maturity: Minimal,search
7471771137,Guess the Youtuber or Die 🔊,0,minimal,Maturity: Minimal,search
10767681816,SKI OR DIE! ⛷️,0,minimal,Maturity: Minimal,search
10764302574,Grow or Die🌱,0,minimal,Maturity: Minimal,search
7227458999,Pass or Die,0,minimal,Maturity: Minimal,search
6889198776,Death Chance RNG,0,minimal,Maturity: Minimal,search
10211688307,Your Death Penalty💀,0,mild,Maturity: Mild,search
9329963026,[🔥UPD ] Death Train,0,mild,Maturity: Mild,search
10761613713,Swipe or Die,0,minimal,Maturity: Minimal,search
10571722689,[UPD] Mog or Die,0,minimal,Maturity: Minimal,search
10262021332,+1 Speed Death RNG,0,mild,Maturity: Mild,search
10765754674,Bell or Die! 🔔,0,minimal,Maturity: Minimal,search
10378137775,[AURAS!🔥] Zombie Incremental,0,mild,Maturity: Mild,search
10369383417,[🎁UPDATE!] Pretend to Work or DIE!,0,minimal,Maturity: Minimal,search
9870934478,Survive from Evil scary Die of Death,0,mild,Maturity: Mild,search
10509323208,Age or Die RNG,0,minimal,Maturity: Minimal,search
3382649031,All of Us Are Dead,0,mild,Maturity: Mild,search
10392106952,[Verity Event] Bring Or DIE,0,minimal,Maturity: Minimal,search
10253141913,Roll to Survive,0,mild,Maturity: Mild,search
5011400240,Try to Die Obby!,0,minimal,Maturity: Minimal,search
9655970275,Spin or DIE 💀,0,mild,Maturity: Mild,search
7712301972,Survive or DIE! 🔥,0,minimal,Maturity: Minimal,search
9282435233,Guess Meme Or Die🔊,0,minimal,Maturity: Minimal,search
8213985254,Do It Or Die,0,mild,Maturity: Mild,search
7640779431,YOU HAVE TO DIE [MODS],0,mild,Maturity: Mild,search
4659996100,Build or Die,0,minimal,Maturity: Minimal,search
10765841403,Steal Or Die [ANIMATRONIC!],0,mild,Maturity: Mild,search
10638678622,[UPDATE 1] TNT or DIE! 💥,0,mild,Maturity: Mild,search
10764396157,Murder or Die,0,mild,Maturity: Mild,search
9752335897,Morph or Die 💀,0,minimal,Maturity: Minimal,search
7373989866,Army Roads 🚂,0,mild,Maturity: Mild,search
10067177814,Zombies [CRAFTING🔨],0,mild,Maturity: Mild,search
6731356274,Build a Car to Kill Zombies,0,minimal,Maturity: Minimal,search
10047545658,[x2]Kill Zombies in Area 51,0,mild,Maturity: Mild,search
7400570888,Dead Sands,0,mild,Maturity: Mild,search
5876253586,Deadly Camp [⛺],0,mild,Maturity: Mild,search
10459145008,Very Deadly Car,0,mild,Maturity: Mild,search
6206738735,Road of Zombies,0,mild,Maturity: Mild,search
7834174817,Zombie Tycoon,0,mild,Maturity: Mild,search
7523255792,🚌 Deadly Road Trip [NEW],0,minimal,Maturity: Minimal,search
10610923830,Zombie Car RNG,0,mild,Maturity: Mild,search
7603401533,Zombie RP🧟🏠(NEW),0,mild,Maturity: Mild,search
10765361336,[10.05] Super Zombie Siege Defense,0,mild,Maturity: Mild,search
9900613550,Zombie Factory,0,minimal,Maturity: Minimal,search
9908843098,SURVIVE Bus Ride 🚌,0,mild,Maturity: Mild,search
7275433302,Dead Roads [UPDATE 2],0,moderate,Maturity: Moderate,search
6152789599,Build To Survive Zombies,0,minimal,Maturity: Minimal,search
10383069965,Kill Infinite Zombies 🧟,0,mild,Maturity: Mild,search
7009714292,The Apocalypse  ,0,mild,Maturity: Mild,search
6566427801,[OLD] Zombie Zone,0,mild,Maturity: Mild,search
9584013605,Shoot Zombies To Move Up,0,mild,Maturity: Mild,search
6177717798,Zombie Land,0,mild,Maturity: Mild,search
9042945532,RV Chaos? [UPD],0,mild,Maturity: Mild,search
6734886496,vehicle architect [0.4],0,minimal,Maturity: Minimal,search
1701332290,Field Trip Z,0,minimal,Maturity: Minimal,search
2862014263,Zombie City,0,moderate,Maturity: Moderate,search
10352959937,🧟 ZOMBIE BASE SURVIVAL 🛡️,0,mild,Maturity: Mild,search
4447689374,Build a bunker to survive zombies tycoon,0,mild,Maturity: Mild,search
8251518693,ZOMBIE OBBY,0,moderate,Maturity: Moderate,search
3942090531,Zombie Tycoon 🧟,0,moderate,Maturity: Moderate,search
4419888429,generic zombie apoclypse RP,0,minimal,Maturity: Minimal,search
10290319886,Zombie Tycoon☢️,0,minimal,Maturity: Minimal,search
1640395061,untitled zombie infection,0,mild,Maturity: Mild,search
8157036236,Survive The Zombies,0,moderate,Maturity: Moderate,search
3712573899,ZOMBIE INVASION,0,mild,Maturity: Mild,search
9411907989,[UPD] Catch a Zombie!🪝,0,mild,Maturity: Mild,search
4393276188,Defend your base from zombies,0,mild,Maturity: Mild,search
7738927312,[☢️] Build a Bunker!,0,mild,Maturity: Mild,search
9529307376,Build to Survive Zombies 🧟,0,mild,Maturity: Mild,search
7230655279,Zombie Rising Tycoon (UPD),0,mild,Maturity: Mild,search
9590041451,Dying Days: Zombies,0,mild,Maturity: Mild,search
10289426907,Build Hide Survive Zombies,0,mild,Maturity: Mild,search
3326279937,Blackout: Revival [FREE ZOMBIES],0,moderate,Maturity: Moderate,search
9147419498,Build a Noob Swarm!,0,minimal,Maturity: Minimal,search
10035184511,A Summer trip,0,mild,Maturity: Mild,search
5816958772,a countryside trip👨‍🌾,0,mild,Maturity: Mild,search
7470750655,GEF Road,0,mild,Maturity: Mild,search
9649606423,a long safari trip,0,mild,Maturity: Mild,search
5852179610,Boat Trip ⛵,0,mild,Maturity: Mild,search
10070761907,The Offroad Way,0,minimal,Maturity: Minimal,search
6738491842,(Old) A Long Road - ALPHA v0.08,0,minimal,Maturity: Minimal,search
5881595124,[👽] a space trip,0,minimal,Maturity: Minimal,search
7284582661,Hitch a Hike,0,moderate,Maturity: Moderate,search
1284180886,Vacation ✈️ (Story),0,minimal,Maturity: Minimal,search
5221411178,The Long Drive,0,minimal,Maturity: Minimal,search
7277414074,Snowy Rails ❄️ [NEW BOSS!],0,mild,Maturity: Mild,search
7450327896,Classic Drive,0,mild,Maturity: Mild,search
9732080947,Rusty Rafts,0,mild,Maturity: Mild,search
9086352106,RV Lost? [UPD],0,minimal,Maturity: Minimal,search
1658212844,car trip,0,minimal,Maturity: Minimal,search
8191315218,[NEW] An Infinite Flight Trip,0,mild,Maturity: Mild,search
7695648086,🤡 Hitchhiker's Trip,0,mild,Maturity: Mild,search
10578398333,Survive 7 Days In Desert 🌵,0,minimal,Maturity: Minimal,search
7329738958,Dead Sails [DRAGON EVENT],0,mild,Maturity: Mild,search
9226062608,Dangerous Trip,0,minimal,Maturity: Minimal,search
7377055226,🔨Build and Fight Trip🚜,0,mild,Maturity: Mild,search
6114737681,an ocean trip,0,minimal,Maturity: Minimal,search
2227894063,Have A Long Car Journey,0,minimal,Maturity: Minimal,search
9715191789,A Weird Trip [Beta],0,mild,Maturity: Mild,search
1738517851,An Infinite Road Trip,0,mild,Maturity: Mild,search
6623082084,Survive 100 Days on Desert Island,0,mild,Maturity: Mild,search
10766615705,Food Trip sa Street,0,minimal,Maturity: Minimal,search
2569471476,CAT TRIP,0,minimal,Maturity: Minimal,search
5691196882,[🛠️] Endless Train Trip,0,minimal,Maturity: Minimal,search
1221933810,Circus Trip [STORY] 🎪,0,moderate,Maturity: Moderate,search
6554146754,Endless Boat Trip,0,minimal,Maturity: Minimal,search
708100196,Backpacking⛺🐻,0,minimal,Maturity: Minimal,search
10046032361,Survive the Sea ⛵ [ALPHA],0,minimal,Maturity: Minimal,search
10766132699,Draft Wars,0,minimal,Maturity: Minimal,search
10588977897,Build and Defend Your Raft,0,mild,Maturity: Mild,search
8292444771,Build A Boat,0,minimal,Maturity: Minimal,search
9456449045,Underground War,0,minimal,Maturity: Minimal,search
8662243497,🐙 Raft 101 Survival,0,minimal,Maturity: Minimal,search
4673470160,Classic Airplane Wars Ground,0,mild,Maturity: Mild,search
7695985965,[🐟NEW] Raft Survival! 🚣,0,mild,Maturity: Mild,search
4695428699,Build a Raft or Die,0,minimal,Maturity: Minimal,search
577949054,Build A Ship to Survivor's Island 🚢,0,minimal,Maturity: Minimal,search
6865824695,Airplane Wars,0,mild,Maturity: Mild,search
7820099744,Pirate Mayhem,0,moderate,Maturity: Moderate,search
3431093460,🚢 Build A Ship,0,minimal,Maturity: Minimal,search
604498429,Pirate Wars! [MAP UPDATE],0,mild,Maturity: Mild,search
32211175,Sinking Ship Simulator,0,minimal,Maturity: Minimal,search
25727444,Ocean Survival,0,mild,Maturity: Mild,search
2768038118,Build A Boat With Blocks,0,minimal,Maturity: Minimal,search
8840856120,[🏴‍☠️] 50 Days on a Raft 🌊,0,minimal,Maturity: Minimal,search
10746187651,[ UTTVM ]SKIBIDI TOILET WAR,0,mild,Maturity: Mild,search
10768168674,Army Wars [BETA],0,minimal,Maturity: Minimal,search
8239435378,Make a Boat!,0,minimal,Maturity: Minimal,search
10765081896,Fish Battles,0,mild,Maturity: Mild,search
10388460671,The Roft: Raft,0,mild,Maturity: Mild,search
7993970345,VOYAGERS,0,mild,Maturity: Mild,search
3339075523,Pirate Legends ⚔️,0,mild,Maturity: Mild,search
348124980,Sky Wars,0,mild,Maturity: Mild,search
92096286,🗺️ Tradelands,0,mild,Maturity: Mild,search
5474738075,Classic Airplane Wars Quadruple,0,mild,Maturity: Mild,search
10259620731,Raft Ride Down a Jungle Waterslide,0,mild,Maturity: Mild,search
6880947751,Sea of Pirates 🏴‍☠️,0,mild,Maturity: Mild,search
10767353828,My Raft,0,minimal,Maturity: Minimal,search
114455724,Heli-Wars,0,mild,Maturity: Mild,search
8166233521,[🎃] Survive on a Raft,0,minimal,Maturity: Minimal,search
2577447538,[UPGRADES] Pirate Tycoon,0,minimal,Maturity: Minimal,search
1783271197,🔨Build a Raft🔨,0,minimal,Maturity: Minimal,search
10069043526,Keyboard Bridge Wars! 🧱,0,mild,Maturity: Mild,search
8814814280,Build a Fish Army,0,minimal,Maturity: Minimal,search
9919286611,Trapped On An Island Until I Build A Boat,0,mild,Maturity: Mild,search
7589856475,Grid Wars!🏁,0,mild,Maturity: Mild,search
5035372613,🛠️ Build a Raft Creative 🛠️,0,minimal,Maturity: Minimal,search
4997187162,Battleship Tycoon 🚢,0,minimal,Maturity: Minimal,search
2143535223,Seas of Conflict,0,mild,Maturity: Mild,search
10757056801,Mini World War [MWW],0,minimal,Maturity: Minimal,search
10748586525,Mini City Wars,0,mild,Maturity: Mild,search
10134991876,Ship. [AGE OF STEEL],0,mild,Maturity: Mild,search
5988250208,🏝️ monkey raft 🏝️,0,minimal,Maturity: Minimal,search
10703140581,Strength Pull Wars,0,minimal,Maturity: Minimal,search
9502869184,worm cave,0,moderate,Maturity: Moderate,search
10263464808,INCHWORM [BETA],0,minimal,Maturity: Minimal,search
1734791049,WORMY 🪱 [CODE: HYPE] ,0,mild,Maturity: Mild,search
7485456226,(Cloud Worm!) Trevor Giant Rp Thing,0,minimal,Maturity: Minimal,search
9729201188,Troll Scary Worm Tower,0,minimal,Maturity: Minimal,search
9615626364,Climb Worm Tower for Brainrots,0,minimal,Maturity: Minimal,search
9498610196,Build to Survive Hungry Worms!,0,mild,Maturity: Mild,search
9973541379,Climb Scary Pig Worm Tower,0,mild,Maturity: Mild,search
9530141224,Hungry Worms Morphs!,0,minimal,Maturity: Minimal,search
10029032213,SCP Bridge Worm,0,mild,Maturity: Mild,search
9257668541,100 Players Enter Hungry Worm,0,minimal,Maturity: Minimal,search
9135259191,🐛HUNGRY WORM PRISON RUN!,0,mild,Maturity: Mild,search
6583567888,Be The Boss: Sandworm! 🪱,0,mild,Maturity: Mild,search
9288287792,RUN FROM RUMI WORM! (OBBY),0,minimal,Maturity: Minimal,search
9411563986,Climb Scary Worm Tower,0,moderate,Maturity: Moderate,search
9258154928,Don't Get Eaten By Hungry Worm,0,mild,Maturity: Mild,search
10402774708,Climb Scary Worm Pyramid,0,mild,Maturity: Mild,search
7431296596,  🪱Survive Hungry Worm The Killer!,0,mild,Maturity: Mild,search
10235611454,Escape to Become Worm,0,mild,Maturity: Mild,search
9978634233,Become Longest Worm,0,minimal,Maturity: Minimal,search
9807005515,+1 Speed Worm Escape,0,minimal,Maturity: Minimal,search
9791836497,Scary Poppy Playtime Worm Tower,0,mild,Maturity: Mild,search
10033557135,Jump Into Scary Worm,0,minimal,Maturity: Minimal,search
9949519126,Bug Invasion [NEW],0,mild,Maturity: Mild,search
9627643470,🪱 SURVIVE HUNGRY WORM IN AREA 51 🪱,0,mild,Maturity: Mild,search
9243953322,Survive Hungry Worm The Killer!,0,mild,Maturity: Mild,search
10758600104,Climb Hungry Worm Tower,0,mild,Maturity: Mild,search
9971450238,Escape From Worm,0,mild,Maturity: Mild,search
9234370075,Scary Worm Troll Tower,0,minimal,Maturity: Minimal,search
8989995113,Escape The Hungry Worm!😱,0,mild,Maturity: Mild,search
10383356231,Feed your Friends to Hungry Worms,0,minimal,Maturity: Minimal,search
3869462497,Furry Infection game [Furinfection],0,mild,Maturity: Mild,search
9801823153,Climb Scary Worm Tower 2,0,moderate,Maturity: Moderate,search
10741654872,[🐛NEW] Escape The Worm,0,mild,Maturity: Mild,search
10768050662,WormBreak,0,mild,Maturity: Mild,search
9526065083,Escape Worm For Lucky Blocks,0,mild,Maturity: Mild,search
9048155746,Scary Worm Troll Tower,0,mild,Maturity: Mild,search
10748070276,[UPD] Missile Commander,0,mild,Maturity: Mild,search
2528275561,Musket Testing,0,mild,Maturity: Mild,search
6786320622,[MULTIPLAYER UPDATE]DRONE OPERATOR SIMULATOR,0,minimal,Maturity: Minimal,search
16876831,Blood and Iron,0,moderate,Maturity: Moderate,search
10603806798, [⚔️ RTS] Frontline Dominion,0,mild,Maturity: Mild,search
4551443789,[🔧UPDATE!] A-10 Warthog Airstrike Training ,0,mild,Maturity: Mild,search
5360715404,Bow Battle Arena,0,mild,Maturity: Mild,search
10294590282,Bow Duels,0,mild,Maturity: Mild,search
10155089286,Bow DUELS!,0,mild,Maturity: Mild,search
10392183280,[DUELS] ABILITY FPS💥,0,mild,Maturity: Mild,search
10470196966,BOW ARENA : RIVALS,0,mild,Maturity: Mild,search
5311253948,🏹Bow Simulator,0,minimal,Maturity: Minimal,search
10068284862,Spell Smash[Duels],0,mild,Maturity: Mild,search
9807623580,[UPD] Archer Training 🏹,0,minimal,Maturity: Minimal,search
7850499702,[UPD 🔥] No Mercy: Duels 💥 ,0,moderate,Maturity: Moderate,search
10506364390,Shoot Bow for Brainrots!,0,minimal,Maturity: Minimal,search
9727777135,[🐧] Knock DUELS,0,minimal,Maturity: Minimal,search
8507957492,[🏹] Gone Hunting,0,mild,Maturity: Mild,search
10763808841,SHIFT [Duels],0,mild,Maturity: Mild,search
9952721658,☀️ BLADES & BULLETS [DUELS],0,mild,Maturity: Mild,search
10547771437,[🎃DUELS] Duelos de Equipos,0,mild,Maturity: Mild,search
6871907554,Murderers VS Sheriffs: Duel,0,mild,Maturity: Mild,search
10705649143,Memory Duel,0,mild,Maturity: Mild,search
5359468080,🛍️ Fashion Show,0,minimal,Maturity: Minimal,search
10476070993,Would You Rather: Fashion Contest! 💅,0,minimal,Maturity: Minimal,search
10180990272,Would You Rather: Kawaii Fashion Tower 🎀,0,minimal,Maturity: Minimal,search
10399174001,[🐶] Makeup Artist 🎨,0,minimal,Maturity: Minimal,search
10404133261,Would You Rather: Pop Star Outfit Tower💖,0,minimal,Maturity: Minimal,search
181992080,Dress To Slay 👠,0,minimal,Maturity: Minimal,search
225431369,Fashion Famous 2,0,minimal,Maturity: Minimal,search
5326310507,Salon Makeover 💅 ,0,minimal,Maturity: Minimal,search
4594765522,Makeup Contest 💄🌺,0,minimal,Maturity: Minimal,search
2441058607,Catalog Color: Avatar Outfit Creator,0,minimal,Maturity: Minimal,search
5533168824,[❤️] Makeover Show,0,minimal,Maturity: Minimal,search
5872693018,🛍️Dress Up Very Charmin,0,minimal,Maturity: Minimal,search
3900846521,Catwalk Show,0,minimal,Maturity: Minimal,search
7737892016,Style Stars 💄,0,minimal,Maturity: Minimal,search
10205382988,Would You Rather: Lisa or Lena Tower 💖 ,0,mild,Maturity: Mild,search
10154324846,Would You Rather: Kawaii Outfit Tower💖,0,minimal,Maturity: Minimal,search
6650663828,Dress Up Line!,0,mild,Maturity: Mild,search
6203464868,Strut in Style 💖,0,minimal,Maturity: Minimal,search
10768369763,Dress Designer👗,0,minimal,Maturity: Minimal,search
3332494509,Ballroom Dance ❤️,0,minimal,Maturity: Minimal,search
10387449999,Would You Rather: Girls Boys Dress Up Outfit Tower,0,minimal,Maturity: Minimal,search
10117986107,Would You Rather: MIX Outfit Tower! 🎲,0,minimal,Maturity: Minimal,search
10123801946,Would You Rather: Style Outfit Tower 👚,0,minimal,Maturity: Minimal,search
4091664730,Nails Show,0,minimal,Maturity: Minimal,search
10303557538,Would You Rather: Outfit ASMR Tower,0,minimal,Maturity: Minimal,search
10096745325,Would You Rather: Fashion Outfit Tower,0,minimal,Maturity: Minimal,search
10478030715,[🎃]Would you rather: Dress Up Avatar🧢🎀,0,minimal,Maturity: Minimal,search
8156973419,Prism Runway Show💎,0,minimal,Maturity: Minimal,search
4940281063,Mermaid Waterpark 🧜🏼‍♀️,0,minimal,Maturity: Minimal,search
1515869119,Coded Clothing Mall V3,0,minimal,Maturity: Minimal,search
7287667070,Makeup Idol,0,minimal,Maturity: Minimal,search
10144626039,Would You Rather : Dress Up Tower 👚,0,minimal,Maturity: Minimal,search
6132561342,Dress Trading,0,minimal,Maturity: Minimal,search
9409817056,Ugly to HOT [💄],0,minimal,Maturity: Minimal,search
10181198238,Would You Rather: Cool Outfit Tower,0,mild,Maturity: Mild,search
10475350124,Would You Rather: Zepeto Boys & Girls Outfit Tower,0,mild,Maturity: Mild,search
1491644357,🐱CHOOSE UR PET🐶!Pet Show Dress Up!,0,minimal,Maturity: Minimal,search
10217370329,Would You Rather: Cute & Goth Outfit Tower!,0,minimal,Maturity: Minimal,search
9626227392,Makeup Store Together,0,minimal,Maturity: Minimal,search
10454047022,Make a dress,0,minimal,Maturity: Minimal,search
2858823042,Catalog Outfit Creator,0,minimal,Maturity: Minimal,search
2872549142,Princess Dress Up Obby 💅,0,minimal,Maturity: Minimal,search
5780178830,🏝️ ♡ BEAUTY STRUTDOWN,0,minimal,Maturity: Minimal,search
2886635826,Coded Clothing Mall V4 🛍️,0,minimal,Maturity: Minimal,search
10044959978,⭐Would You Rather: Girl Dress Up Tower💄💅,0,minimal,Maturity: Minimal,search
220828728,Fashion Famous [Classic],0,minimal,Maturity: Minimal,search
9873090762,🖌️ Top Stylist,0,minimal,Maturity: Minimal,search
7574655784,💃 Dress Me Up!,0,minimal,Maturity: Minimal,search
6307921597,[Tattoo Shop✨] Dress To Entrance,0,mild,Maturity: Mild,search
10556237609,[FREECAM] KATSEYE Pinky Up Roleplay Game,0,minimal,Maturity: Minimal,search
9476459924,Makeup Salon Tycoon💄,0,minimal,Maturity: Minimal,search
7737898405,Dress Up BFF! ⭐ ,0,minimal,Maturity: Minimal,search
6987255246,Fashion Royalty 👑,0,minimal,Maturity: Minimal,search
7812773438,Nail Salon Tycoon! 😱,0,minimal,Maturity: Minimal,search
5630433666,[UPDATE] Flawn Salon,0,minimal,Maturity: Minimal,search
9124107331,Skincare Spa 💆‍♀️,0,minimal,Maturity: Minimal,search
9368056464,Glow Up! [SKINCARE✨],0,minimal,Maturity: Minimal,search
10420142282,Makeover Studio Simulator,0,minimal,Maturity: Minimal,search
7301769779,Fashion Runway ,0,minimal,Maturity: Minimal,search
10123448606,Would You Rather: Makeover Tower 💖,0,minimal,Maturity: Minimal,search
10103850640,Would You Rather: Skincare Tower 💆‍♀️,0,minimal,Maturity: Minimal,search
9939310975,Makeup Store Simulator 💄💅,0,minimal,Maturity: Minimal,search
9531004126,Beauty Salon Tycoon! [UPD],0,minimal,Maturity: Minimal,search
381673735,[🎀] Salon & Spa,0,minimal,Maturity: Minimal,search
10768586153,Make Me Pretty!,0,minimal,Maturity: Minimal,search
7433035646,Makeup Salon Tycoon 💄,0,minimal,Maturity: Minimal,search
7431223175,Glowing Up Tycoon,0,minimal,Maturity: Minimal,search
9999300969,Wigzz Hair Salon [UPDATE],0,minimal,Maturity: Minimal,search
10255775175,Would You Rather: Beauty Fashion Tower 🎀,0,minimal,Maturity: Minimal,search
2129086681,My Salon Tycoon✨,0,minimal,Maturity: Minimal,search
1836732339,Fashion Show! ,0,minimal,Maturity: Minimal,search
9058323221,[☀️UPD] Hair Physics: Bathing House 🧼,0,minimal,Maturity: Minimal,search
5246655079,Makeup Store Simulator 💄 e.l.f. UP!,0,minimal,Maturity: Minimal,search
4863886520,Mega Salon Tycoon 💈,0,minimal,Maturity: Minimal,search
9855667807,Spa Day,0,minimal,Maturity: Minimal,search
9988878194,Fashion Disaster [NOW🎃],0,minimal,Maturity: Minimal,search
10463491374,Clean the cosmetics!,0,minimal,Maturity: Minimal,search
7088784977,Clothing Store Simulator,0,minimal,Maturity: Minimal,search
3268903541,Hair Shop & More [+],0,minimal,Maturity: Minimal,search
9574380218,High School Life RP,0,mild,Maturity: Mild,search
4595016786,Barbie DreamHouse Tycoon,0,minimal,Maturity: Minimal,search
10545968681,Run Fashion Store Together,0,minimal,Maturity: Minimal,search
9914476430,FASHION RUNWAY SHIBUYA109,0,minimal,Maturity: Minimal,search
4354236484,Fashion Diva [Drama Show 😍],0,minimal,Maturity: Minimal,search
10766066961,🎀 Catalog Fashion Runway,0,minimal,Maturity: Minimal,search
10638509918,Fashion Runway,0,minimal,Maturity: Minimal,search
7241836363,Fashion Icon Tower,0,minimal,Maturity: Minimal,search
10708046509,Catalog Fashion Show,0,minimal,Maturity: Minimal,search
10424286063,🌊 Avatar Runway,0,minimal,Maturity: Minimal,search
7614432142,VS Fashion Show 2005,0,minimal,Maturity: Minimal,search
7093449991,[✨] MISS WONDER (MISS UNIVERSE PAGEANT),0,minimal,Maturity: Minimal,search
9159000213,My Little Pony: Fashion Show,0,minimal,Maturity: Minimal,search
8047051397,VS Fashion Show 2006,0,minimal,Maturity: Minimal,search
9807783902,Steal The Show! 🎤⭐️,0,minimal,Maturity: Minimal,search
10276797417,[🛍️] My Fashion Show!,0,minimal,Maturity: Minimal,search
10766046987,Realistic Fashion✨,0,minimal,Maturity: Minimal,search
6553540197,Catalog Fashion Show ✨💗,0,minimal,Maturity: Minimal,search
6948913134,[NEW!👗] Celebrity Look Alike,0,mild,Maturity: Mild,search
10127591030,Would You Rather: Fashion Contest Tower 👗,0,minimal,Maturity: Minimal,search
10343507633,Pack & Pin: Show Your Style,0,minimal,Maturity: Minimal,search
1943395337,Fashion Ugly,0,mild,Maturity: Mild,search
5506024382,Fashion Outlets,0,minimal,Maturity: Minimal,search
10768207394,Would You Rather: Fashion Tower,0,minimal,Maturity: Minimal,search
10116394455,Would You Rather: Chibi Style Tower 🎀,0,minimal,Maturity: Minimal,search
9579879157,[230] Find the Shows 📺,0,minimal,Maturity: Minimal,search
8666263709,My Fashion Store,0,minimal,Maturity: Minimal,search
7226525928,Fashion Boutique Tycoon [ZUCCA Life!] [Alpha],0,minimal,Maturity: Minimal,search
5279216497,Princess Tycoon 👸,0,mild,Maturity: Mild,search
10548659123,Indian Village Shop [HORROR GAME],0,mild,Maturity: Mild,search
7058980030,Survive Overnight in a Mega Store,0,minimal,Maturity: Minimal,search
8998693937,Crazy Ex [HORROR],0,minimal,Maturity: Minimal,search
10514488908,Verity [HORROR],0,mild,Maturity: Mild,search
9745942827,Escape Locust [HORROR],0,mild,Maturity: Mild,search
10123059921,[UPDATE] Home Alone: Anomalies,0,minimal,Maturity: Minimal,search
9628554039,FREDDY [HORROR],0,minimal,Maturity: Minimal,search
7540715466,Three Little Pigs [HORROR],0,minimal,Maturity: Minimal,search
9219116196,Scary Grocery: The Night Shift [HORROR],0,minimal,Maturity: Minimal,search
7322437204,Peppa Pig [HORROR],0,mild,Maturity: Mild,search
6071712615,Midnight Station [HORROR],0,mild,Maturity: Mild,search
9340648268,Twixxel's Stalker [HORROR][DEMO],0,mild,Maturity: Mild,search
10494876164,Matilda [HORROR],0,minimal,Maturity: Minimal,search
7549259159,IShowSpeed [HORROR],0,mild,Maturity: Mild,search
9860357119,Monster House [HORROR],0,minimal,Maturity: Minimal,search
9792551117,The Morgue Shift,0,mild,Maturity: Mild,search
1489026993,🔪Survive the Killer!,0,mild,Maturity: Mild,search
7803832029,Kitty [HORROR],0,minimal,Maturity: Minimal,search
6281662204,Monster [HORROR],0,minimal,Maturity: Minimal,search
6247557414,Short Horror Games,0,moderate,Maturity: Moderate,search
4887744468,Faithless (Horror),0,mild,Maturity: Mild,search
5956634861,Insomnia [Horror],0,mild,Maturity: Mild,search
5777634170,Escape The Mouse [HORROR],0,mild,Maturity: Mild,search
10146192041,Pine Fall [HORROR],0,minimal,Maturity: Minimal,search
6078452778,Bou's Revenge [HORROR],0,mild,Maturity: Mild,search
1811388660,Horror Tycoon,0,mild,Maturity: Mild,search
4587522298,Grandma [HORROR],0,minimal,Maturity: Minimal,search
9892207761,SEWER SCREAMS,0,mild,Maturity: Mild,search
2921237723,ELMIRA [Horror],0,moderate,Maturity: Moderate,search
10631245039,KIDAA : Indian Horror  ,0,mild,Maturity: Mild,search
9029463012,Terminal 13: Not Human [HORROR],0,minimal,Maturity: Minimal,search
5927446137,Subconscious [Horror],0,mild,Maturity: Mild,search
7206978365,Obsession [HORROR],0,minimal,Maturity: Minimal,search
9315739469,Night 67 [HORROR],0,minimal,Maturity: Minimal,search
9145282410,Movie Massacre 📼 [HORROR],0,moderate,Maturity: Moderate,search
10648985835,KKN: THE HAUNTED VILLAGE [HORROR],0,mild,Maturity: Mild,search
5924878,Dead Silence [Horror],0,minimal,Maturity: Minimal,search
10040737436,Anderdingus [HORROR],0,mild,Maturity: Mild,search
9077534770,Ice Cream Shop [HORROR],0,minimal,Maturity: Minimal,search
10642022844,HOUSE 13 [HORROR],0,minimal,Maturity: Minimal,search
10168752868,KAI CENAT [HORROR],0,minimal,Maturity: Minimal,search
9409870130,Shawarma Truck: ANOMALIES [HORROR],0,minimal,Maturity: Minimal,search
9315472782,Late Night Ramen [HORROR],0,minimal,Maturity: Minimal,search
8887977161,[CH2] BLEACHED HOUSE [HORROR],0,mild,Maturity: Mild,search
7997540903,The Lakehouse [HORROR],0,minimal,Maturity: Minimal,search
8487377019,The Cat In The Hat [HORROR],0,minimal,Maturity: Minimal,search
7206948522,Stalker [HORROR] ,0,mild,Maturity: Mild,search
2783074114,Nanny [HORROR],0,mild,Maturity: Mild,search
7719778054,Cultist [HORROR],0,moderate,Maturity: Moderate,search
7082244450,[UPD] Parents [HORROR],0,minimal,Maturity: Minimal,search
9177208241,Burrowed Fears [HORROR],0,mild,Maturity: Mild,search
10004617486,Somtum Anomaly [Horror],0,minimal,Maturity: Minimal,search
10766009412,ANMU 🪔 [HORROR],0,mild,Maturity: Mild,search
4053293514,FNAF: Eternal Nights 🍕,0,mild,Maturity: Mild,search
10631970261,Old School Night Watchman [HORROR],0,mild,Maturity: Mild,search
2294168059,The Mimic,0,moderate,Maturity: Moderate,search
6913458370,Sinister Bus [HORROR],0,minimal,Maturity: Minimal,search
7719766419,Kidnapper [HORROR],0,minimal,Maturity: Minimal,search
10114124694,[CH2] The Black Bell [HORROR],0,mild,Maturity: Mild,search
3843517771,Toby's HOSPITAL (SCARY OBBY),0,minimal,Maturity: Minimal,search
8821167919,RUN FROM PENNYWISE! (SCARY OBBY),0,mild,Maturity: Mild,search
3246935839,MR CRAZY'S MANSION ESCAPE! (SCARY OBBY),0,minimal,Maturity: Minimal,search
9460677469,Escape Rake [HORROR],0,mild,Maturity: Mild,search
10205430196,💀Scariest Rollercoaster,0,mild,Maturity: Mild,search
6324638921,Escape The Carnival of Horror Obby!,0,minimal,Maturity: Minimal,search
10766587505,Duck Escape[Horror],0,mild,Maturity: Mild,search
10183846882,Escape the Beaver 🔪 [HORROR],0,mild,Maturity: Mild,search
5700859347,RUN FROM GRANDPA! (SCARY OBBY),0,mild,Maturity: Mild,search
4991821731,PETAPETA: 【10/6 3rd Anniversary】,0,mild,Maturity: Mild,search
7109243095,Trevino [HORROR],0,mild,Maturity: Mild,search
7584759903,Escape Tung Tung[HORROR],0,mild,Maturity: Mild,search
7120911607,After 3 AM,0,minimal,Maturity: Minimal,search
3625253018,The Dead [HORROR],0,minimal,Maturity: Minimal,search
7128163167,Lori's Nightmare,0,mild,Maturity: Mild,search
10766879856,Verity: Escape [HORROR],0,moderate,Maturity: Moderate,search
3906232573,Wilson's PRISON (SCARY OBBY),0,mild,Maturity: Mild,search
3852996443,DR. DAVID'S HOSPITAL RUN! (SCARY OBBY),0,moderate,Maturity: Moderate,search
10760100593,2 Player Minigames! 🎮,0,mild,Maturity: Mild,search
7463012923,🍦Ice Cream [2 Player Obby],0,minimal,Maturity: Minimal,search
6933621657,Egg Toss [2 Players],0,minimal,Maturity: Minimal,search
7845990286,Squid Jump Rope Tower [2 Player obby],0,mild,Maturity: Mild,search
10343479973,Chickens 🐔 [2 Player Obby],0,minimal,Maturity: Minimal,search
5080118977,[BFDIE] Battle For Dream Island Roblox,0,minimal,Maturity: Minimal,search
8315618127,Murder Minigames,0,mild,Maturity: Mild,search
8191858693,Tower Minigames,0,mild,Maturity: Mild,search
1617185934,Custom Minigames,0,mild,Maturity: Mild,search
9011180012,NPC Combat Playground 🤖,0,mild,Maturity: Mild,search
8396003586,⚔️ Tiny Troops,0,mild,Maturity: Mild,search
10542745581,NPC Battle Arena 🤖,0,mild,Maturity: Mild,search
2735830277,NERF ISLAND,0,minimal,Maturity: Minimal,search
10765860052,[🎃] Mimic Party the voice!,0,mild,Maturity: Mild,search
411275487,Cursed Islands,0,minimal,Maturity: Minimal,search
10294808569,[INFINITY CASTLE] Mini Anime War,0,minimal,Maturity: Minimal,search
4712126054,Combat Initiation,0,mild,Maturity: Mild,search
7528417535,Divaz 💄,0,minimal,Maturity: Minimal,search
9169166771,Tiny Universe RP [GRIMPSYCHO💀!],0,mild,Maturity: Mild,search
10586688017,Mini Space War,0,mild,Maturity: Mild,search
6155282395,Elevator of Fun [🎃],0,minimal,Maturity: Minimal,search
6305181353,Obby Bods (Minigames),0,minimal,Maturity: Minimal,search
9482790279,🌶️ Wasabi Challenge,0,minimal,Maturity: Minimal,search
3183742847,Last to Leave the Circle,0,minimal,Maturity: Minimal,search
1802622907,☄️Don't Press The Button 4,0,minimal,Maturity: Minimal,search
1568965904,The Chamber,0,mild,Maturity: Mild,search
6942875911,🦑 SQUID PROJECT 🦑,0,mild,Maturity: Mild,search
10024638315,Minigames Blitz,0,minimal,Maturity: Minimal,search
8130603977,Minigame Madness,0,minimal,Maturity: Minimal,search
6735094211,Beast Games 💰,0,minimal,Maturity: Minimal,search
3290559458,Sonic 😎🔥 Minigames,0,moderate,Maturity: Moderate,search
4297026251,Socks Minigames ,0,minimal,Maturity: Minimal,search
10030874688,🎒 TOTTO Super Camp ⚡ Minigames [BETA],0,minimal,Maturity: Minimal,search
7947682340,Beat the Minigames! 🏆,0,mild,Maturity: Mild,search
4362587875,Silly Simon Says,0,mild,Maturity: Mild,search
4883864516,projectTEMI [OSC Minigames],0,mild,Maturity: Mild,search
236942121,RBLXWare,0,mild,Maturity: Mild,search
498792494,[UPDATE] Big Blox,0,minimal,Maturity: Minimal,search
2995462508,Squid Minigames [30 Games],0,moderate,Maturity: Moderate,search
10289889986,[UPDATE🔔] Tower Minigames🎲,0,minimal,Maturity: Minimal,search
2138463428,[🔊] Roblox Party!,0,minimal,Maturity: Minimal,search
8098240419,FREE UGC Minigames!,0,mild,Maturity: Mild,search
10764846898,Brain Minigames! 🧠,0,minimal,Maturity: Minimal,search
3413222866,Don't Press The Button Furious Jumper,0,mild,Maturity: Mild,search
9825292339,Sweepout!,0,minimal,Maturity: Minimal,search
1871908106,[🎃UPD!] 🌴 Outlaster,0,minimal,Maturity: Minimal,search
2954818192,SQUID GAME,0,mild,Maturity: Mild,search
1083350597,Don't Press The Button,0,minimal,Maturity: Minimal,search
6531526721,LOL School Minigames,0,mild,Maturity: Mild,search
1269441040,Elimination Tower,0,minimal,Maturity: Minimal,search
2955322961,Shrimp Game,0,mild,Maturity: Mild,search
22430683,Scary Elevator😱 (Survive the Killers!),0,mild,Maturity: Mild,search
5104252642,Minute Mayhem,0,moderate,Maturity: Moderate,search
1903250814,Sacrifice Sanctuary,0,moderate,Maturity: Moderate,search
3311164447,[🛍️CATALOG] Jenna's Elevator! ,0,minimal,Maturity: Minimal,search
10725549097,🌶️ +1 Speed Spicy Escape,0,minimal,Maturity: Minimal,search
1609765104,Plates of Fate: Remastered,0,mild,Maturity: Mild,search
1822898895,Don't Wake Up the Button 💤,0,mild,Maturity: Mild,search
10766427577,عراق هوب ( minigames ),0,minimal,Maturity: Minimal,search
99361251,The Normal Elevator,0,mild,Maturity: Mild,search
8793350692,🦔 SONIC THE HEDGEHOG ELEVATOR 🔵,0,mild,Maturity: Mild,search
8941058969,Deceit Retreat,0,minimal,Maturity: Minimal,search
7346697338,Last To Leave Box Wins,0,mild,Maturity: Mild,search
33877715,Scary Button! [Survive the Killers],0,mild,Maturity: Mild,search
9202545650,Smack Minigames,0,mild,Maturity: Mild,search
350678807,The Door 🚪,0,minimal,Maturity: Minimal,search
7786096915,Don't Let It Overflow!💦,0,minimal,Maturity: Minimal,search
9986882555,💀 Elimination,0,mild,Maturity: Mild,search
9490993257,Bros MiniGames [BETA] 😍,0,minimal,Maturity: Minimal,search
10247206125,The Backrooms Minigame,0,mild,Maturity: Mild,search
1766962120,The Fun Elevator 😄🥳,0,minimal,Maturity: Minimal,search
10517428659,[😈] Make a Party,0,minimal,Maturity: Minimal,search
8993151589,Party Chaos,0,minimal,Maturity: Minimal,search
2943850166,(Testing) Squid Game X,0,mild,Maturity: Mild,search
10686974700,Peas Party,0,mild,Maturity: Mild,search
9239435963,Throw a Party,0,minimal,Maturity: Minimal,search
4668819936,House Party Tycoon,0,minimal,Maturity: Minimal,search
10514978482,Dance Party [+30 Songs🎵],0,minimal,Maturity: Minimal,search
7446673512,🍂 Tamagotchi Party（β 1.0）,0,minimal,Maturity: Minimal,search
10258128048,[VS TABI] Friday Night Partying,0,minimal,Maturity: Minimal,search
8557793832,Dex's Party,0,minimal,Maturity: Minimal,search
933504487,Let's Party∞ Anarchy,0,mild,Maturity: Mild,search
10764858250,[UPD🎤] MIMIC-Party!  200+ Sounds!,0,minimal,Maturity: Minimal,search
10382623663,Friend Squad Skip 💖 [Party Game],0,minimal,Maturity: Minimal,search
10336858959,👉🏻 JOIN THIS IF YOURE BORED ,0,mild,Maturity: Mild,search
147136117,[🔥] Let's Party∞ +Gear Testing Edition,0,mild,Maturity: Mild,search
5396208334,❤️HUGE UPDATE📱DAYCARE PARTY🎈,0,minimal,Maturity: Minimal,search
6825814450,KPOP Random Play Dance V3,0,minimal,Maturity: Minimal,search
2254457321,Slumber Party Story,0,minimal,Maturity: Minimal,search
1964570867,Murder Party,0,moderate,Maturity: Moderate,search
9306827644,Biggest Roblox Indoor Playground Fun Rainbow Play,0,minimal,Maturity: Minimal,search
2988214,PARTY.exe,0,moderate,Maturity: Moderate,search
8304017433,[👑] The Ultimate Robloxian,0,minimal,Maturity: Minimal,search
2802559498,{MECHANICS} Monday Morning Misery [Beta],0,moderate,Maturity: Moderate,search
2623596063,(BACK) Untitled FNF Animations,0,minimal,Maturity: Minimal,search
6110431525,Phurzday Funkin',0,mild,Maturity: Mild,search
2953945619,Friday Night Bloxxin',0,minimal,Maturity: Minimal,search
6243673728,Silly Night Vibin’ Animations [ Corrosion ],0,minimal,Maturity: Minimal,search
3613094755,FNF Multiverse v0.9.2 [Beta],0,mild,Maturity: Mild,search
2586634231,FNF Mod Animations [UPD] ,0,minimal,Maturity: Minimal,search
2422985977,Literally FNF!,0,minimal,Maturity: Minimal,search
6264321148,sunday morning rappin',0,moderate,Maturity: Moderate,search
4551275054,Project Funk Night,0,minimal,Maturity: Minimal,search
3564089422,[WKLY UPD!]🐀🎵 Rap Ability Test 0.22,0,minimal,Maturity: Minimal,search
7355110181,Sprunki Corruptbox,0,minimal,Maturity: Minimal,search
8096046470,DeltaRhythm V1.3.3,0,minimal,Maturity: Minimal,search
3405992067,rosu!mania 7.50.1 🎧 Music + Rhythm,0,minimal,Maturity: Minimal,search
2047972424,Rap Battles!🎤 ,0,minimal,Maturity: Minimal,search
8272112664,TRACE ,0,minimal,Maturity: Minimal,search
8670295339,Play My Song 💿,0,minimal,Maturity: Minimal,search
2470492456,(Check Desc) Friday Night Funkin Roleplay 🎤,0,minimal,Maturity: Minimal,search
4173882191,🎹Tac's Piano Stuff,0,minimal,Maturity: Minimal,search
6569399468,[🎙️] RAP ZONE,0,minimal,Maturity: Minimal,search
8767964779,Virtual Band 🎸,0,minimal,Maturity: Minimal,search
8831002418,Guess the Phonk🔊,0,minimal,Maturity: Minimal,search
7174384534,🎵 Choose A Song 🎵,0,mild,Maturity: Mild,search
8116855731,KB Productions: The Eras Tour,0,minimal,Maturity: Minimal,search
7688050768,FUNKNITE 🎵,0,mild,Maturity: Mild,search
7708697816,[🔥FREESTYLE MODE] Your Voice [KARAOKE VC🎤],0,minimal,Maturity: Minimal,search
10088640815,RoMusic [Phonk & Funk] (V2),0,minimal,Maturity: Minimal,search
9250508067,Music Festival Tycoon,0,minimal,Maturity: Minimal,search
9744105703,Rate My Music: Remake,0,mild,Maturity: Mild,search
9845995128,[🎤] Korean Karaoke,0,minimal,Maturity: Minimal,search
100169684,Piano Keyboard v1.1,0,minimal,Maturity: Minimal,search
6783189007,sprunked (music game),0,minimal,Maturity: Minimal,search
8019620353,[🌊] EPIC: The Musical [OPEN TECH],0,minimal,Maturity: Minimal,search
8266226994,Funk Tower 🎵,0,mild,Maturity: Mild,search
10454816993,Funk Aura Admin Tower 🎵 [8 ROBUX],0,mild,Maturity: Mild,search
7363057857,[🔥AURA] Phonk Edit Tower X 🎵,0,minimal,Maturity: Minimal,search
1904471716,Moved,0,mild,Maturity: Mild,search
8623365001,Funk Tower X 💥,0,mild,Maturity: Mild,search
10327032366,[UPD 2] Sherbert Phonk Game,0,minimal,Maturity: Minimal,search
7249197897,[UPDATE] Become Tiky and Everything Else Again,0,minimal,Maturity: Minimal,search
7692151067,The Friday Experience 😊,0,minimal,Maturity: Minimal,search
8745108291,Project Diva: Blox Jam [BETA],0,minimal,Maturity: Minimal,search
2808491991,osu!RoVer,0,minimal,Maturity: Minimal,search
7869161932,Deltarune Rock on Them,0,minimal,Maturity: Minimal,search
4775676162,NOLTN's Hellbeats Archive,0,minimal,Maturity: Minimal,search
3534104655,[DJPON3 🎧] glow's meme animations,0,minimal,Maturity: Minimal,search
8255782522,"[BETA💖] Better Vocaloid Song? (Utau, SynthV)",0,mild,Maturity: Mild,search
10277924782,[YARA YARA] Phonk Clicker 🎶,0,minimal,Maturity: Minimal,search
7841571269,🩷 Gacha Idols! ☆ Collect J-Pop/Vkei/K-Pop Cards ♪,0,minimal,Maturity: Minimal,search
10159979284,1 Piano Key = $1/s,0,minimal,Maturity: Minimal,search
8883593129,Piano Tiles Tower 🎹,0,minimal,Maturity: Minimal,search
6625910847,Starving Pianists,0,minimal,Maturity: Minimal,search
2128827934,🎹 Piano's Got Talent,0,minimal,Maturity: Minimal,search
10056168110,Cascade Piano 🎹,0,minimal,Maturity: Minimal,search
10768046433,+1 Speed Piano Escape,0,minimal,Maturity: Minimal,search
7821713338,⚡Your Actual Keyboard! ,0,minimal,Maturity: Minimal,search
5941899606,Piano Haven 🎹 🔊,0,minimal,Maturity: Minimal,search
6914359556,Piano Simulator🎹,0,minimal,Maturity: Minimal,search
7118627662,Better Song? (World),0,mild,Maturity: Mild,search
10369830894,Musical Buttons🎵,0,minimal,Maturity: Minimal,search
9749375360,[FREE AVA] MOUNT PIANO,0,minimal,Maturity: Minimal,search
10766519106,Tile Rivals [Season 0],0,minimal,Maturity: Minimal,search
8292068736,The Block,0,minimal,Maturity: Minimal,search
10517384691,Sequence Tile,0,minimal,Maturity: Minimal,search
10461688493,Trust No Tile,0,minimal,Maturity: Minimal,search
10766971567,Clean The Tiles 🧱,0,minimal,Maturity: Minimal,search
10465860549,Linkworks: Tile Connect,0,minimal,Maturity: Minimal,search
9903482381,🕺 Catalog Emote Tester,0,minimal,Maturity: Minimal,search
2945519001,Tile Game Ultimate [MARBLES],0,moderate,Maturity: Moderate,search
10478109760,[ALPHA] The Last Floor,0,mild,Maturity: Mild,search
9193169923,Meme Animations,0,minimal,Maturity: Minimal,search
10671594698,+1 Flappy Keyboard Escape,0,minimal,Maturity: Minimal,search
10034168729,Flap For Brainrots,0,minimal,Maturity: Minimal,search
9261918211,[VULTURE] Bird Game,0,mild,Maturity: Mild,search
10025595955,A Bird's Paradise,0,minimal,Maturity: Minimal,search
5720909244,Escape The Frog Obby🐸,0,minimal,Maturity: Minimal,search
7141674700,Flying Gorilla Obby,0,mild,Maturity: Mild,search
9823104371,Jump Into Poppy Playtime Chapter 5,0,minimal,Maturity: Minimal,search
7669564993,[🐧] Raise a Bird,0,minimal,Maturity: Minimal,search
7624064739,Hatch a Bird,0,minimal,Maturity: Minimal,search
9233270657,Jump Into Zootopia 2,0,minimal,Maturity: Minimal,search
6669183321,🐷 Piggy Obby,0,mild,Maturity: Mild,search
9437398370,crispy chicken,0,mild,Maturity: Mild,search
1108144927,Be a cool giraff,0,minimal,Maturity: Minimal,search
8054242886,Creampuff Fox Study Roleplay,0,minimal,Maturity: Minimal,search
9825427569,Jump Into Poppy Playtime 5,0,minimal,Maturity: Minimal,search
10342274741,[FREE AVA] Mount Fluffy,0,minimal,Maturity: Minimal,search
10764627949,Jump Into Longest Rainbow Spiral,0,minimal,Maturity: Minimal,search
10764885026,+1 Ronaldo Jump Escape,0,minimal,Maturity: Minimal,search
10090173235,🪁 Highest Bungee Jump,0,minimal,Maturity: Minimal,search
10010163878,+1 Double Jump Escape,0,minimal,Maturity: Minimal,search
8853147256,Jump Tower ✨ K-POP Edition,0,minimal,Maturity: Minimal,search
6809105766,Simple Ramp Jumping!,0,minimal,Maturity: Minimal,search
7387939229,💀 The Longest Stud Jump Obby,0,minimal,Maturity: Minimal,search
10683945170,💀Jump To Steal SCP Monsters!💀,0,minimal,Maturity: Minimal,search
8362507239,Jump Map Power Level Test (Wraparound Update!),0,minimal,Maturity: Minimal,search
7799077460,Double Jump Tower Obby,0,minimal,Maturity: Minimal,search
10767013635,+1 Jump Pogo ASMR Escape,0,minimal,Maturity: Minimal,search
7290067958,Double Jump Tower,0,minimal,Maturity: Minimal,search
9676832720,Wall Jumps Into Brainrot,0,minimal,Maturity: Minimal,search
9875711417,+1 double jump for Brainrots!,0,mild,Maturity: Mild,search
7981272670,Double Jump Troll Tower,0,minimal,Maturity: Minimal,search
3992278194,🏆Easy Stud Jumps Obby🏆,0,minimal,Maturity: Minimal,search
8466765713,Infinite Giga Jump Troll Tower,0,minimal,Maturity: Minimal,search
10267737857,+1 Double Jump Keyboard Escape | Candy 🍭,0,minimal,Maturity: Minimal,search
5626911372,Limited Jumps Obby Towers,0,minimal,Maturity: Minimal,search
9879607014,🔄Gravity-free jump map🔄,0,minimal,Maturity: Minimal,search
9306827689,Build a Tower to Jump,0,minimal,Maturity: Minimal,search
10605746344,[🔥AURA] Auto Wallhop PHONK Tower 🔁,0,minimal,Maturity: Minimal,search
9314801860,Stair Tower,0,minimal,Maturity: Minimal,search
9573195851,Spiral Fall Tower,0,minimal,Maturity: Minimal,search
3175099704,Space Tower,0,minimal,Maturity: Minimal,search
9716109739,[😡] NEARLY IMPOSSIBLE TOWER,0,minimal,Maturity: Minimal,search
9468765165,Math Tower 🧠,0,minimal,Maturity: Minimal,search
9527481683,[NEW] JUJUTSU SLAP TOWER,0,mild,Maturity: Mild,search
10345630182,Spiral Conveyor Tower Alter-Ego Trend!,0,minimal,Maturity: Minimal,search
9872977974,Spiral Stair Tower,0,minimal,Maturity: Minimal,search
7299167551,Go Down The Tower,0,minimal,Maturity: Minimal,search
10011980062,⌨Keyboard ASMR Stairs Tower🎧,0,mild,Maturity: Mild,search
9826473097,Sajonara Tower X,0,minimal,Maturity: Minimal,search
9609716136,Elevator Stairs Tower to VIP,0,minimal,Maturity: Minimal,search
8668872857,⚒️ Build a TOWER,0,minimal,Maturity: Minimal,search
2035583477,Tower Simulator 🍂,0,minimal,Maturity: Minimal,search
7896007849,FD6 Skyview Natural Disaster Tower,0,minimal,Maturity: Minimal,search
10110316965,Would You Rather: Anime Abilities Tower,0,mild,Maturity: Mild,search
7704576936,[🤚] Impossible Slap Tower,0,minimal,Maturity: Minimal,search
10766334899,Stack a Burger,0,mild,Maturity: Mild,search
10099404775,[🏗️] Build A Skyscraper,0,minimal,Maturity: Minimal,search
6860207008,Leaning Tower Obby,0,minimal,Maturity: Minimal,search
7744877355,Clone Tower,0,minimal,Maturity: Minimal,search
6765050894,Cross Road Simulator,0,minimal,Maturity: Minimal,search
7507403826,Cross the Road on CRUTCHES! 🩼,0,minimal,Maturity: Minimal,search
10695120182,[🚧] Fix The Road,0,minimal,Maturity: Minimal,search
10765586056,Cross the Road for Dumplings🚗,0,minimal,Maturity: Minimal,search
10271501496,Doodle Road 🚗,0,minimal,Maturity: Minimal,search
9633409501,[🌎] Cross the Road for Brainrot🚗,0,minimal,Maturity: Minimal,search
10764994180,+1 Cross the Road for Ingredients,0,minimal,Maturity: Minimal,search
5557525534,Qualified Road [BRAZIL],0,minimal,Maturity: Minimal,search
10766964457,Cross the Road for Eggs ,0,minimal,Maturity: Minimal,search
10764044142,Freeride (UPDATE),0,minimal,Maturity: Minimal,search
6784909110,Risky Roads🌋,0,minimal,Maturity: Minimal,search
8641228889,[EVENT 2X XP] RODOVIA 244 🏍️,0,minimal,Maturity: Minimal,search
3258025591,Freeways (Draw The Road),0,minimal,Maturity: Minimal,search
7580034719,(UPD!-Bugfixes) Simply Off-Road,0,minimal,Maturity: Minimal,search
5006484299,Railroad Crossing Creator! (RCC),0,minimal,Maturity: Minimal,search
10767998440,Road Doodle!,0,minimal,Maturity: Minimal,search
9718889806,Build Your Road!,0,minimal,Maturity: Minimal,search
6543531482,Road Rage Simulator,0,minimal,Maturity: Minimal,search
9043355820,67 Road,0,moderate,Maturity: Moderate,search
6812999418,get hit by a car simulator,0,minimal,Maturity: Minimal,search
9541979470,Indian Roads ,0,minimal,Maturity: Minimal,search
7433366703,[TOP 50]🎩 Mafia Roads [Alpha],0,moderate,Maturity: Moderate,search
9256318174,southern routes mx v1 (broken roads),0,minimal,Maturity: Minimal,search
10104522851,[🌊] Cross Rivers for Brainrots!,0,minimal,Maturity: Minimal,search
9980499394,[ 🔥NEW MAP]  ISUZU Universe: Road to Reality,0,minimal,Maturity: Minimal,search
5130318678,Röad,0,mild,Maturity: Mild,search
10655188247,Roads Beyond: Junkyard Rivals,0,mild,Maturity: Mild,search
7936551013,🔷[NEW BIKES!!] The Last Road ,0,minimal,Maturity: Minimal,search
9587877329,+1 Baddie Jumping ✨,0,minimal,Maturity: Minimal,search
10243736285,Doodle Drop[New Levels],0,minimal,Maturity: Minimal,search
8144594465,Doodle Pets: Reborn,0,mild,Maturity: Mild,search
5820807297,LIMITED JUMPS OBBY,0,minimal,Maturity: Minimal,search
10389036436,⚡+1 Jump Keyboard Tower Escape,0,minimal,Maturity: Minimal,search
7309108192,Secret Staycation Doodle World,0,minimal,Maturity: Minimal,search
