platform,listing,rank,title,url,plays,votes,likes,rating,rating_scale,released,tags,fetched
crazygames,hot,1,All Out,https://www.crazygames.com/game/all-out-nju,899206,,18153,,,2026,Adventure,2026-10-08
crazygames,hot,2,Claw Master,https://www.crazygames.com/game/claw-master,330911,,4757,,,2026,Arcade,2026-10-08
crazygames,hot,3,Bubble Shooter,https://www.crazygames.com/game/bubble-shooter-classic,7255687,,602,,,2018,Arcade,2026-10-08
crazygames,hot,4,Cornerlet,https://www.crazygames.com/game/cornerlet,174814,,3728,,,2026,Simulation,2026-10-08
crazygames,hot,5,Ant Miners,https://www.crazygames.com/game/ant-miners,8722,,235,,,2026,Arcade,2026-10-08
crazygames,hot,6,Ricochet Room,https://www.crazygames.com/game/ricochet-room-cjg,13905,,308,,,2026,Clicker,2026-10-08
crazygames,hot,7,Find Me: Lost Objects,https://www.crazygames.com/game/find-me-lost-objects,841297,,1410,,,2024,Puzzle,2026-10-08
crazygames,hot,8,Fill The Fridge,https://www.crazygames.com/game/fill-the-fridge,4772419,,7677,,,2024,Puzzle,2026-10-08
crazygames,hot,9,Catapult King,https://www.crazygames.com/game/catapult-king-2-0-71,100618,,3464,,,2026,Arcade,2026-10-08
crazygames,hot,10,Evolve,https://www.crazygames.com/game/evolve,488251,,578,,,2020,Clicker,2026-10-08
crazygames,hot,11,Final Drop,https://www.crazygames.com/game/final-drop,693796,,15571,,,2026,Action,2026-10-08
crazygames,hot,12,Pool Bubbles,https://www.crazygames.com/game/pool-bubbles,714879,,174,,,2022,Arcade,2026-10-08
crazygames,hot,13,Lumen,https://www.crazygames.com/game/lumen-vne,91617,,1665,,,2026,Action,2026-10-08
crazygames,hot,14,Twisted Tangle,https://www.crazygames.com/game/twisted-tangle-nmt,1463614,,1727,,,2025,Puzzle,2026-10-08
crazygames,hot,15,Bouncemasters,https://www.crazygames.com/game/bouncemasters,1888002,,34038,,,2026,Arcade,2026-10-08
crazygames,hot,16,Yukon: Family Adventure,https://www.crazygames.com/game/yukon-family-adventure,479067,,1088,,,2025,Adventure,2026-10-08
crazygames,hot,17,Human Dominoes,https://www.crazygames.com/game/human-dominoes,21833,,477,,,2026,Arcade,2026-10-08
crazygames,hot,18,Table Rush,https://www.crazygames.com/game/table-rush,61266,,972,,,2026,Arcade,2026-10-08
crazygames,hot,19,Dress Up 3D,https://www.crazygames.com/game/dress-up-3d,383079,,5304,,,2026,Beauty,2026-10-08
crazygames,hot,20,Obby: Phonk Escape | +1 Speed,https://www.crazygames.com/game/obby-phonk-escape-1-speed,46275,,1707,,,2026,Action,2026-10-08
crazygames,hot,21,Cozy Kitchen,https://www.crazygames.com/game/cozy-kitchen,144024,,2857,,,2026,Simulation,2026-10-08
crazygames,hot,22,Unpacking Room - Dream Decor,https://www.crazygames.com/game/unpacking-room---dream-decor,42467,,1210,,,2026,Simulation,2026-10-08
crazygames,hot,23,Titan Soul: Action RPG,https://www.crazygames.com/game/titan-soul-action-rpg-offline,175718,,1145,,,2025,Adventure,2026-10-08
crazygames,hot,24,Splotch!,https://www.crazygames.com/game/splotch,1885297,,6155,,,2025,Action,2026-10-08
crazygames,hot,25,Russian Car Driver ZIL 130,https://www.crazygames.com/game/russian-car-driver-zil-130,11055616,,11192,,,2018,Simulation,2026-10-08
crazygames,hot,26,Italian Brainrot Clicker Game,https://www.crazygames.com/game/italian-brainrot-clicker-usp,23453631,,16055,,,2025,Clicker,2026-10-08
crazygames,hot,27,Coral Isle 2: Tropical Stories,https://www.crazygames.com/game/coral-isle-2-tropical-stories,3186,,89,,,2026,Simulation,2026-10-08
crazygames,hot,28,Dear Travellers,https://www.crazygames.com/game/dear-travellers---airline-chaos,37378,,1474,,,2026,Action,2026-10-08
crazygames,hot,29,Fashion x Fashion,https://www.crazygames.com/game/fashion-x-fashion-cwu,13467,,268,,,2026,Beauty,2026-10-08
crazygames,hot,30,Moto Racing Club,https://www.crazygames.com/game/moto-racing-club,3266629,,12515,,,2024,Driving,2026-10-08
crazygames,c/action,1,Real War: Not Fake,https://www.crazygames.com/game/real-war-not-fake-sno,1364572,,20273,,,2026,Action,2026-10-08
crazygames,c/action,2,War the Knights,https://www.crazygames.com/game/war-the-knights,14826008,,134570,,,2025,Action,2026-10-08
crazygames,c/action,3,Stickman Clash,https://www.crazygames.com/game/stickman-clash,37333160,,155960,,,2024,Action,2026-10-08
crazygames,c/action,4,Iron Legion,https://www.crazygames.com/game/iron-legion,6547903,,35652,,,2025,Action,2026-10-08
crazygames,c/action,5,Immortal: Dark Slayer,https://www.crazygames.com/game/immortal-dark-slayer,2055951,,4521,,,2025,Action,2026-10-08
crazygames,c/action,6,Warfare 1942,https://www.crazygames.com/game/warfare-1942-riz,1566793,,39548,,,2026,Action,2026-10-08
crazygames,c/action,7,Fortzone Battle Royale,https://www.crazygames.com/game/fortzone-battle-royale-xkd,30789073,,147142,,,2025,Action,2026-10-08
crazygames,c/action,8,Evolution Animals +1,https://www.crazygames.com/game/evolution-animals-1,581010,,12267,,,2026,Action,2026-10-08
crazygames,c/action,9,Real War: Survival Games,https://www.crazygames.com/game/real-war-survival-games,103343,,1534,,,2026,Action,2026-10-08
crazygames,c/action,10,Bloons Tower Defense 3,https://www.crazygames.com/game/bloons-tower-defense-3,1220765,,2529,,,2021,Action,2026-10-08
crazygames,c/action,11,99 Nights: Forest Escape (bloxd.io),https://www.crazygames.com/game/99-nights-bloxd-io,16721579,,127920,,,2025,Action,2026-10-08
crazygames,c/action,12,+1 Speed Keyboard Obby,https://www.crazygames.com/game/1-speed-keyboard-obby,240127,,5426,,,2026,Action,2026-10-08
crazygames,c/action,13,Crazy Chameleon,https://www.crazygames.com/game/crazy-chameleon,2019274,,22716,,,2026,Action,2026-10-08
crazygames,c/action,14,Paint&Seek Online,https://www.crazygames.com/game/paint-seek-online-ewo,1429573,,21775,,,2026,Action,2026-10-08
crazygames,c/action,15,Who Dies Last?,https://www.crazygames.com/game/who-dies-last,991769,,21543,,,2026,Action,2026-10-08
crazygames,c/action,16,Getaway Shootout,https://www.crazygames.com/game/getaway-shootout,15359806,,14180,,,2018,Action,2026-10-08
crazygames,c/action,17,Obby Steal an Egg,https://www.crazygames.com/game/obby-steal-an-egg,203298,,3197,,,2026,Action,2026-10-08
crazygames,c/action,18,Stickman Kombat 2D,https://www.crazygames.com/game/stickman-kombat-2d,12797927,,91166,,,2025,Action,2026-10-08
crazygames,c/action,19,Lucky Brainrot Blocks Online,https://www.crazygames.com/game/lucky-brainrot-blocks-online-ehx,2783345,,74572,,,2026,Action,2026-10-08
crazygames,c/action,20,Ships 3D,https://www.crazygames.com/game/ships-3d,16448951,,16832,,,2022,Action,2026-10-08
crazygames,c/action,21,Obby: Supercar Race on Keyboard,https://www.crazygames.com/game/obby-supercar-race-on-keyboard,2346772,,43763,,,2026,Action,2026-10-08
crazygames,c/action,22,House of Hazards,https://www.crazygames.com/game/house-of-hazards,15541859,,14601,,,2020,Action,2026-10-08
crazygames,c/action,23,Puppet Fighter 2 Player,https://www.crazygames.com/game/puppet-fighter-2-player,13285103,,41062,,,2022,Action,2026-10-08
crazygames,c/action,24,Build and Crush,https://www.crazygames.com/game/build-and-crush,9551798,,27698,,,2019,Action,2026-10-08
crazygames,c/action,25,Brainrot Arena Online,https://www.crazygames.com/game/brainrot-arena-online,5756594,,63296,,,,Action,2026-10-08
crazygames,c/action,26,Happy Wheels,https://www.crazygames.com/game/happy-wheels,3835445,,9631,,,2022,Action,2026-10-08
crazygames,c/action,27,World Z Defense - Zombie Defense,https://www.crazygames.com/game/world-z-defense---zombie-defense,3896753,,6366,,,2024,Action,2026-10-08
crazygames,c/action,28,Amazing Strange Rope Police,https://www.crazygames.com/game/amazing-strange-rope-police-vice-spider,32611571,,28329,,,2018,Action,2026-10-08
crazygames,c/action,29,Escape Tsunami for Brainrots!,https://www.crazygames.com/game/escape-tsunami-for-brainrots-wfe,13209972,,128727,,,2026,Action,2026-10-08
crazygames,c/action,30,Battle Fleet World,https://www.crazygames.com/game/battle-fleet-world-qzp,196930,,3176,,,2026,Action,2026-10-08
crazygames,c/action,31,Mr. Dude: Online Multiverse Challenge,https://www.crazygames.com/game/mr-dude-online-multiverse-challenge,12621459,,44078,,,2025,Action,2026-10-08
crazygames,c/action,32,Madness Project Nexus,https://www.crazygames.com/game/madness-project-nexus,4531927,,12831,,,2020,Action,2026-10-08
crazygames,c/action,33,Sniper For Brainrot,https://www.crazygames.com/game/sniper-for-brainrot,289988,,6621,,,2026,Action,2026-10-08
crazygames,c/action,34,Bank Heist,https://www.crazygames.com/game/bank-heist,8786183,,21318,,,2024,Action,2026-10-08
crazygames,c/action,35,Bubble Gum Simulator,https://www.crazygames.com/game/bubble-gum-simulator,831965,,16895,,,2026,Action,2026-10-08
crazygames,c/action,36,Throw a Lucky Block,https://www.crazygames.com/game/throw-a-lucky-block,5317658,,82283,,,2026,Action,2026-10-08
crazygames,c/action,37,Playground,https://www.crazygames.com/game/playground,6561842,,27396,,,2025,Action,2026-10-08
crazygames,c/action,38,Obby: Dig Brainrots,https://www.crazygames.com/game/obby-dig-brainrots,2257997,,44566,,,2026,Action,2026-10-08
crazygames,c/action,39,Ninja Hands,https://www.crazygames.com/game/ninja-hands,7390508,,14254,,,2022,Action,2026-10-08
crazygames,c/action,40,Space Wars Battleground,https://www.crazygames.com/game/space-wars-battleground,4513986,,10268,,,2024,Action,2026-10-08
crazygames,c/action,41,Autogun Heroes,https://www.crazygames.com/game/autogun-heroes-izk,2707226,,1170,,,2024,Action,2026-10-08
crazygames,c/action,42,Shadow Survivors,https://www.crazygames.com/game/shadow-survivors,60838,,1096,,,2026,Action,2026-10-08
crazygames,c/action,43,Strike Force Heroes,https://www.crazygames.com/game/strike-force-heroes,1164155,,3428,,,2022,Action,2026-10-08
crazygames,c/action,44,Demolition Inc.,https://www.crazygames.com/game/demolition-inc,245173,,3598,,,2026,Action,2026-10-08
crazygames,c/action,45,Fury Foot,https://www.crazygames.com/game/anger-foot-3d,4629044,,11507,,,2024,Action,2026-10-08
crazygames,c/action,46,Obby World: Squid Escape,https://www.crazygames.com/game/obby-world-squid-escape,16562086,,80288,,,2025,Action,2026-10-08
crazygames,c/action,47,Tank Stars,https://www.crazygames.com/game/tank-stars-online,4104792,,38284,,,2026,Action,2026-10-08
crazygames,c/action,48,Final Drop,https://www.crazygames.com/game/final-drop,693796,,15455,,,2026,Action,2026-10-08
crazygames,c/action,49,Keyboard Obby,https://www.crazygames.com/game/keyboard-obby,1030278,,14928,,,2026,Action,2026-10-08
crazygames,c/action,50,Boom Slingers ReBoom,https://www.crazygames.com/game/boom-slingers-reboom,2996307,,21197,,,2025,Action,2026-10-08
crazygames,c/action,51,Prison Escape 2,https://www.crazygames.com/game/prison-escape-2,1350015,,39581,,,2026,Action,2026-10-08
crazygames,c/action,52,Stickman Rebirth,https://www.crazygames.com/game/stickman-rebirth,7973041,,66675,,,2025,Action,2026-10-08
crazygames,c/action,53,Lumen,https://www.crazygames.com/game/lumen-vne,91617,,1653,,,2026,Action,2026-10-08
crazygames,c/action,54,Defender Idle 2,https://www.crazygames.com/game/defender-idle-2,2132109,,739,,,2023,Action,2026-10-08
crazygames,c/action,55,Swords & Souls,https://www.crazygames.com/game/swords-souls,1874653,,2078,,,2015,Action,2026-10-08
crazygames,c/action,56,Boss Stickman - Fighting Stick It,https://www.crazygames.com/game/boss-stickman---fighting-stick-it,31223,,920,,,2026,Action,2026-10-08
crazygames,c/action,57,No Pain No Gain - Ragdoll Sandbox,https://www.crazygames.com/game/no-pain-no-gain---ragdoll-sandbox,6754053,,10169,,,2024,Action,2026-10-08
crazygames,c/action,58,Stickman Bullet Warriors,https://www.crazygames.com/game/stickman-bullet-warriors,2177518,,6298,,,2022,Action,2026-10-08
crazygames,c/action,59,SpiderDoll,https://www.crazygames.com/game/spiderdoll,9444742,,8184,,,2021,Action,2026-10-08
crazygames,c/action,60,Endless Siege,https://www.crazygames.com/game/endless-siege,2622499,,1040,,,2021,Action,2026-10-08
crazygames,c/action,41,Obby: Phonk Escape | +1 Speed,https://www.crazygames.com/game/obby-phonk-escape-1-speed,46275,,1707,,,2026,Action,2026-10-08
crazygames,c/action,42,Artillery Vs Tanks,https://www.crazygames.com/game/artillery-vs-tanks,1039544,,15442,,,2026,Action,2026-10-08
crazygames,c/action,43,Escape From Prison Multiplayer,https://www.crazygames.com/game/escape-from-prison-multiplayer,11953070,,19415,,,2024,Action,2026-10-08
crazygames,c/action,44,Lucky Block Rush: Fight & Brainrots,https://www.crazygames.com/game/lucky-block-rush-fight-brainrots,335674,,8679,,,2026,Action,2026-10-08
crazygames,c/action,45,Super Crime Steel War Hero,https://www.crazygames.com/game/super-crime-steel-war-hero,9914172,,14156,,,2018,Action,2026-10-08
crazygames,c/action,46,Grand Action Simulator: New York,https://www.crazygames.com/game/grand-action-simulator-new-york-car-gang,6220482,,20296,,,2018,Action,2026-10-08
crazygames,c/action,47,Mechangelion - Robot Fighting,https://www.crazygames.com/game/mechangelion---robot-fighting,338787,,9735,,,2026,Action,2026-10-08
crazygames,c/action,48,Stickman Project,https://www.crazygames.com/game/stickman-project-bnw,6917197,,24260,,,2025,Action,2026-10-08
crazygames,c/action,49,Automata Protocol,https://www.crazygames.com/game/automata-protocol-uri,37545,,958,,,2026,Action,2026-10-08
crazygames,c/action,50,Noob Fuse,https://www.crazygames.com/game/noob-fuse-xmr,1855224,,28702,,,2026,Action,2026-10-08
crazygames,c/action,51,Strike Force Heroes 2,https://www.crazygames.com/game/strike-force-heroes-2,1070115,,2212,,,2022,Action,2026-10-08
crazygames,c/action,52,Armored Robot,https://www.crazygames.com/game/armored-robot,263435,,7402,,,2026,Action,2026-10-08
crazygames,c/action,53,I Am Quadrober!,https://www.crazygames.com/game/i-am-quadrober,991143,,14119,,,2026,Action,2026-10-08
crazygames,c/action,54,Swords and Sandals 2,https://www.crazygames.com/game/swords-and-sandals-2,5139550,,2962,,,,Action,2026-10-08
crazygames,c/action,55,Flying Robot Transform Car Games,https://www.crazygames.com/game/flying-robot-transform-car-games,1110072,,18337,,,2026,Action,2026-10-08
crazygames,c/action,56,Build & Drive,https://www.crazygames.com/game/build-drive-jnh,381030,,7130,,,2026,Action,2026-10-08
crazygames,c/action,57,Stick Epic Fighter,https://www.crazygames.com/game/stick-epic-fighter,11954983,,19901,,,2024,Action,2026-10-08
crazygames,c/action,58,Smash the Car to Pieces!,https://www.crazygames.com/game/smash-the-car-to-pieces-lug,3213849,,24120,,,2025,Action,2026-10-08
crazygames,c/action,59,Aces of the Sky: Epic Dogfights,https://www.crazygames.com/game/aces-of-the-sky-epic-dogfights,2643932,,12828,,,2025,Action,2026-10-08
crazygames,c/action,60,Haunted School,https://www.crazygames.com/game/haunted-school---horror-game,10903945,,17741,,,2022,Action,2026-10-08
crazygames,c/action,61,Godzilla Daikaiju Battle Royale,https://www.crazygames.com/game/godzilla-daikaiju-battle-royale,1643826,,7631,,,2022,Action,2026-10-08
crazygames,c/action,62,Goober Dash,https://www.crazygames.com/game/goober-dash,6088442,,2367,,,2023,Action,2026-10-08
crazygames,c/action,63,456 Challenge: Survival master,https://www.crazygames.com/game/456-challenge-surval-master,260978,,4829,,,2026,Action,2026-10-08
crazygames,c/action,64,Escape Evil Granny!,https://www.crazygames.com/game/escape-evil-granny-viz,3782779,,20386,,,2025,Action,2026-10-08
crazygames,c/action,65,+1 Brick Escape,https://www.crazygames.com/game/1-brick-escape,469497,,9341,,,2026,Action,2026-10-08
crazygames,c/action,66,Voxmaxa,https://www.crazygames.com/game/voxmaxa-com,711819,,5594,,,2025,Action,2026-10-08
crazygames,c/action,67,Ragdoll Throw Challenge,https://www.crazygames.com/game/ragdoll-throw-challenge,10062015,,11902,,,2024,Action,2026-10-08
crazygames,c/action,68,Zombie Lab Escape,https://www.crazygames.com/game/zombie-lab-escape,99628,,2073,,,2026,Action,2026-10-08
crazygames,c/action,69,Funny City: Gopniks,https://www.crazygames.com/game/funny-city-gopniks,962875,,7784,,,2025,Action,2026-10-08
crazygames,c/action,70,Archers Random,https://www.crazygames.com/game/archers-random,2120384,,6909,,,2025,Action,2026-10-08
crazygames,c/action,71,Mad Stick,https://www.crazygames.com/game/mad-stick,3002045,,6149,,,2024,Action,2026-10-08
crazygames,c/action,72,Stickman Destruction 3 Heroes,https://www.crazygames.com/game/stickman-destruction-3-heroes,18441632,,4442,,,2021,Action,2026-10-08
crazygames,c/action,73,Jacksmith,https://www.crazygames.com/game/jacksmith,1349094,,4100,,,2021,Action,2026-10-08
crazygames,c/action,74,Adventure Jumper,https://www.crazygames.com/game/adventure-jumper,916737,,5041,,,2025,Action,2026-10-08
crazygames,c/action,75,Gun Strike Runner,https://www.crazygames.com/game/gun-strike-runner,7127268,,4521,,,2024,Action,2026-10-08
crazygames,c/action,76,Shape Shooter 3,https://www.crazygames.com/game/shape-shooter-3,1212285,,3332,,,2023,Action,2026-10-08
crazygames,c/action,77,Smile Slime,https://www.crazygames.com/game/smile-slime,2844308,,8596,,,2023,Action,2026-10-08
crazygames,c/action,78,Xeno Tactic,https://www.crazygames.com/game/xeno-tactic,364778,,312,,,2021,Action,2026-10-08
crazygames,c/action,79,Ultimate Evolution,https://www.crazygames.com/game/ultimate-evolution,419547,,8220,,,2026,Action,2026-10-08
crazygames,c/action,80,Pixel Survivor,https://www.crazygames.com/game/pixel-survivor-ppr,55319,,875,,,2026,Action,2026-10-08
crazygames,c/action,81,Jetpack Jump,https://www.crazygames.com/game/jetpack-jump,2790873,,2875,,,2024,Action,2026-10-08
crazygames,c/action,82,Gun Mayhem 2,https://www.crazygames.com/game/gun-mayhem-2,3104849,,2855,,,,Action,2026-10-08
crazygames,c/action,83,Zombie Road,https://www.crazygames.com/game/zombie-road-qgl,215352,,5008,,,2026,Action,2026-10-08
crazygames,c/action,84,Ninja Hands 2,https://www.crazygames.com/game/ninja-hands-2,2589082,,6771,,,2023,Action,2026-10-08
crazygames,c/action,85,Splotch!,https://www.crazygames.com/game/splotch,1885297,,6155,,,2025,Action,2026-10-08
crazygames,c/action,86,Crazy Miners,https://www.crazygames.com/game/crazy-miners-multiplayer,2645819,,5448,,,2025,Action,2026-10-08
crazygames,c/action,87,Merge & Fight,https://www.crazygames.com/game/merge-fight,785425,,15123,,,2026,Action,2026-10-08
crazygames,c/action,88,Rooftop Snipers,https://www.crazygames.com/game/rooftop-snipers,6803331,,5941,,,2017,Action,2026-10-08
crazygames,c/action,89,Obby: Mini-Games,https://www.crazygames.com/game/obby-mini-games,3483718,,16771,,,2025,Action,2026-10-08
crazygames,c/action,90,Tanks Arena io: Craft & Combat,https://www.crazygames.com/game/tanks-arena-io-craft-combat,2654254,,5210,,,2023,Action,2026-10-08
crazygames,c/action,91,GYROBLADE,https://www.crazygames.com/game/gyroblade,106245,,1848,,,2026,Action,2026-10-08
crazygames,c/action,92,Paint or Seek,https://www.crazygames.com/game/paint-or-seek,190775,,4575,,,2026,Action,2026-10-08
crazygames,c/action,93,Simple Sandbox 3,https://www.crazygames.com/game/simple-sandbox-3,166455,,4678,,,2026,Action,2026-10-08
crazygames,c/action,94,Dogs vs Aliens,https://www.crazygames.com/game/dogs-vs-aliens,2069652,,5379,,,2025,Action,2026-10-08
crazygames,c/action,95,Dye Hard,https://www.crazygames.com/game/dye-hard,1068904,,25166,,,2026,Action,2026-10-08
crazygames,c/action,96,1941 Frozen Front,https://www.crazygames.com/game/1941-frozen-front,1492645,,1136,,,2016,Action,2026-10-08
crazygames,c/action,97,Age Of War,https://www.crazygames.com/game/age-of-war,5044772,,2563,,,2018,Action,2026-10-08
crazygames,c/action,98,Obby: Parkour with Ragdoll,https://www.crazygames.com/game/obby-parkour-with-ragdoll,712509,,7659,,,2026,Action,2026-10-08
crazygames,c/action,99,Mad Town Andreas: Mafia Storie,https://www.crazygames.com/game/mad-town-andreas-mafia-storie,5273585,,14722,,,2019,Action,2026-10-08
crazygames,c/action,100,Silly Walkers,https://www.crazygames.com/game/silly-walker,1386734,,6010,,,2023,Action,2026-10-08
crazygames,c/adventure,1,All Out,https://www.crazygames.com/game/all-out-nju,899206,,18159,,,2026,Adventure,2026-10-08
crazygames,c/adventure,2,Firestone – Idle Clicker Online RPG,https://www.crazygames.com/game/firestone-idle-rpg,2536742,,3009,,,2020,Adventure,2026-10-08
crazygames,c/adventure,3,Fantasy Online 2,https://www.crazygames.com/game/fantasy-online-2,653698,,2803,,,2025,Adventure,2026-10-08
crazygames,c/adventure,4,Dead Land: Survival,https://www.crazygames.com/game/dead-land-survival,5269987,,3400,,,2023,Adventure,2026-10-08
crazygames,c/adventure,5,Horror Clown - Scary Ghost,https://www.crazygames.com/game/horror-clown--scary-ghost,284241,,4227,,,2026,Adventure,2026-10-08
crazygames,c/adventure,6,Dig out of Prison,https://www.crazygames.com/game/dig-out-of-prison,15504817,,121143,,,2025,Adventure,2026-10-08
crazygames,c/adventure,7,Dino Realms,https://www.crazygames.com/game/dino-realms-ets,123087,,2658,,,2026,Adventure,2026-10-08
crazygames,c/adventure,8,Immortals Revenge,https://www.crazygames.com/game/immortals-revenge,652593,,4245,,,2025,Adventure,2026-10-08
crazygames,c/adventure,9,Pirates of the Caribbean: ToW,https://www.crazygames.com/game/pirates-of-the-caribbean-tow,558975,,1717,,,2025,Adventure,2026-10-08
crazygames,c/adventure,10,The Cat in Yellow,https://www.crazygames.com/game/the-ragdoll-cat-bgr,1796601,,27050,,,2026,Adventure,2026-10-08
crazygames,c/adventure,11,Magic World,https://www.crazygames.com/game/magic-world,1022824,,1083,,,2024,Adventure,2026-10-08
crazygames,c/adventure,12,Shadow Knights,https://www.crazygames.com/game/shadow-knights-kbg,9999,,349,,,2026,Adventure,2026-10-08
crazygames,c/adventure,13,Cup Heroes,https://www.crazygames.com/game/cup-heroes,804791,,1393,,,2025,Adventure,2026-10-08
crazygames,c/adventure,14,AFK Dungeon: Idle Action RPG,https://www.crazygames.com/game/afk-dungeon-zaq,683747,,2554,,,2025,Adventure,2026-10-08
crazygames,c/adventure,15,Project Gatherwood,https://www.crazygames.com/game/project-gatherwood-gou,58698,,1096,,,2026,Adventure,2026-10-08
crazygames,c/adventure,16,Yukon: Family Adventure,https://www.crazygames.com/game/yukon-family-adventure,479067,,1088,,,2025,Adventure,2026-10-08
crazygames,c/adventure,17,Daily Room Escape,https://www.crazygames.com/game/daily-room-escape,5841404,,1609,,,2024,Adventure,2026-10-08
crazygames,c/adventure,18,Warlord: Fantasy RPG,https://www.crazygames.com/game/warlord-fantasy-rpg,210158,,76,,,2024,Adventure,2026-10-08
crazygames,c/adventure,19,Escape from Vlogger: Runaway,https://www.crazygames.com/game/escape-from-vlogger-runaway,516605,,11562,,,2026,Adventure,2026-10-08
crazygames,c/adventure,20,Rumble Heroes,https://www.crazygames.com/game/rumble-heroes,160759,,3823,,,2026,Adventure,2026-10-08
crazygames,c/adventure,21,911: Prey,https://www.crazygames.com/game/911-prey,5714771,,20657,,,2023,Adventure,2026-10-08
crazygames,c/adventure,22,Paper Minecraft,https://www.crazygames.com/game/paper-minecraft,33898296,,18345,,,2017,Adventure,2026-10-08
crazygames,c/adventure,23,Poker Quest,https://www.crazygames.com/game/poker-quest,325892,,170,,,2020,Adventure,2026-10-08
crazygames,c/adventure,24,Daily Kitchen Escape,https://www.crazygames.com/game/daily-kitchen-escape,677936,,702,,,2025,Adventure,2026-10-08
crazygames,c/adventure,25,Escape From School: Angry Teacher!,https://www.crazygames.com/game/escape-from-school-angry-teacher,1861890,,14891,,,2025,Adventure,2026-10-08
crazygames,c/adventure,26,Prison Escape,https://www.crazygames.com/game/prison-escape-lnj,5819167,,18545,,,2025,Adventure,2026-10-08
crazygames,c/adventure,27,Infiltrating the Airship,https://www.crazygames.com/game/infiltrating-the-airship,9330577,,12516,,,2013,Adventure,2026-10-08
crazygames,c/adventure,28,Cube Stories: Escape,https://www.crazygames.com/game/cube-stories-escape,1201425,,1900,,,2024,Adventure,2026-10-08
crazygames,c/adventure,29,Fleeing the Complex,https://www.crazygames.com/game/fleeing-the-complex,9300953,,11554,,,2015,Adventure,2026-10-08
crazygames,c/adventure,30,Titan Soul: Action RPG,https://www.crazygames.com/game/titan-soul-action-rpg-offline,175718,,1145,,,2025,Adventure,2026-10-08
crazygames,c/adventure,31,Eternal Fury,https://www.crazygames.com/game/eternal-fury-eu,23843,,565,,,2026,Adventure,2026-10-08
crazygames,c/adventure,32,Horror Tale,https://www.crazygames.com/game/horror-tale-kidnapper,5956375,,22989,,,2023,Adventure,2026-10-08
crazygames,c/adventure,33,Barry's Prison Escape!,https://www.crazygames.com/game/barry-s-prison-escape-obby,968674,,12635,,,2026,Adventure,2026-10-08
crazygames,c/adventure,34,Heroes Assemble,https://www.crazygames.com/game/heroes-assemble,3049534,,5077,,,2025,Adventure,2026-10-08
crazygames,c/adventure,35,Idle Saga,https://www.crazygames.com/game/idle-saga,691535,,1224,,,2025,Adventure,2026-10-08
crazygames,c/adventure,36,Lucy’s Ville,https://www.crazygames.com/game/lucy-s-ville-gsi,383554,,2818,,,2026,Adventure,2026-10-08
crazygames,c/adventure,37,Vampire Master,https://www.crazygames.com/game/vampire-master-nkk,301772,,1008,,,2025,Adventure,2026-10-08
crazygames,c/adventure,38,Escape from School: Runaway,https://www.crazygames.com/game/escape-from-school-runaway,285875,,7230,,,2026,Adventure,2026-10-08
crazygames,c/adventure,39,Escape Room: Strange Case 2,https://www.crazygames.com/game/escape-room-strange-case-2,1409827,,4683,,,2024,Adventure,2026-10-08
crazygames,c/adventure,40,Endacopia,https://www.crazygames.com/game/endacopia,521219,,3512,,,2022,Adventure,2026-10-08
crazygames,c/adventure,41,Imagine Island,https://www.crazygames.com/game/imagine-island,1540608,,11789,,,2025,Adventure,2026-10-08
crazygames,c/adventure,42,Monster Island,https://www.crazygames.com/game/monster-island-fyy,57905,,1853,,,2026,Adventure,2026-10-08
crazygames,c/adventure,43,Mini Mine,https://www.crazygames.com/game/minimine,2071813,,13716,,,2024,Adventure,2026-10-08
crazygames,c/adventure,44,Escaping the Prison,https://www.crazygames.com/game/escaping-the-prison,10525982,,12436,,,,Adventure,2026-10-08
crazygames,c/adventure,45,The Final Earth 2,https://www.crazygames.com/game/the-final-earth-2,1107597,,1353,,,2019,Adventure,2026-10-08
crazygames,c/adventure,46,Gothic Story RPG,https://www.crazygames.com/game/gothic-story-rpg,223265,,2883,,,2025,Adventure,2026-10-08
crazygames,c/adventure,47,Aground,https://www.crazygames.com/game/aground,1094483,,1042,,,2017,Adventure,2026-10-08
crazygames,c/adventure,48,Obby Challenge: Prison Run,https://www.crazygames.com/game/obby-challenge-prison-run,1750097,,9149,,,2025,Adventure,2026-10-08
crazygames,c/adventure,49,Stealing the Diamond,https://www.crazygames.com/game/stealing-the-diamond,4750420,,6935,,,,Adventure,2026-10-08
crazygames,c/adventure,50,Elevator Room Escape,https://www.crazygames.com/game/elevator-room-escape,2972423,,15882,,,2023,Adventure,2026-10-08
crazygames,c/adventure,51,Schoolboy Escape: Runaway,https://www.crazygames.com/game/schoolboy-escape-runaway,6431254,,16445,,,2025,Adventure,2026-10-08
crazygames,c/adventure,52,Doors Castle,https://www.crazygames.com/game/doors-castle,2628163,,8897,,,2025,Adventure,2026-10-08
crazygames,c/adventure,53,Find Joe: Secret of The Stones,https://www.crazygames.com/game/find-joe-secret-of-the-stones,424107,,826,,,2025,Adventure,2026-10-08
crazygames,c/adventure,54,911: Cannibal,https://www.crazygames.com/game/911-cannibal,2876643,,8852,,,2023,Adventure,2026-10-08
crazygames,c/adventure,55,Crystal Saga: Nova,https://www.crazygames.com/game/crystal-saga-nova,50871,,1433,,,2026,Adventure,2026-10-08
crazygames,c/adventure,56,Metro Escape,https://www.crazygames.com/game/metro-escape,1609577,,5843,,,2023,Adventure,2026-10-08
crazygames,c/adventure,57,Game Cafe Escape,https://www.crazygames.com/game/game-cafe-escape,2579314,,8387,,,2021,Adventure,2026-10-08
crazygames,c/adventure,58,WinterCraft: Survival in the Forest,https://www.crazygames.com/game/wintercraft-survival-in-the-forest,782067,,3640,,,2025,Adventure,2026-10-08
crazygames,c/adventure,59,Schoolboy Escape 2,https://www.crazygames.com/game/schoolboy-escape-2,1665451,,11058,,,2025,Adventure,2026-10-08
crazygames,c/adventure,60,Realm Traveler,https://www.crazygames.com/game/realm-traveler,202489,,3118,,,2026,Adventure,2026-10-08
crazygames,c/adventure,41,Machine Room Escape,https://www.crazygames.com/game/machine-room-escape,2329232,,5243,,,2021,Adventure,2026-10-08
crazygames,c/adventure,42,Sky Raft Survival,https://www.crazygames.com/game/sky-raft-survival,24962,,533,,,2026,Adventure,2026-10-08
crazygames,c/adventure,43,Horror Tale 3: The Witch,https://www.crazygames.com/game/horror-tale-3-the-witch,1613142,,10949,,,2025,Adventure,2026-10-08
crazygames,c/adventure,44,Rumblets GO,https://www.crazygames.com/game/rumblets-go-exm,284268,,368,,,2025,Adventure,2026-10-08
crazygames,c/adventure,45,Escape From Mr.Meawing's Prison!,https://www.crazygames.com/game/escape-from-mr-meawing-s-prison,733890,,8888,,,2026,Adventure,2026-10-08
crazygames,c/adventure,46,Python Snake Simulator,https://www.crazygames.com/game/python-snake-simulator,838539,,2190,,,2024,Adventure,2026-10-08
crazygames,c/adventure,47,Scary Horror Escape Room,https://www.crazygames.com/game/scary-horror-escape-room-games,1034587,,2526,,,2022,Adventure,2026-10-08
crazygames,c/adventure,48,Skinwalker,https://www.crazygames.com/game/skinwalker,3427577,,6580,,,2024,Adventure,2026-10-08
crazygames,c/adventure,49,Horror Tale 2: Samantha,https://www.crazygames.com/game/horror-tale-2-samantha,1976555,,7465,,,2023,Adventure,2026-10-08
crazygames,c/adventure,50,Captains Idle,https://www.crazygames.com/game/captains-idle,379934,,1861,,,2023,Adventure,2026-10-08
crazygames,c/adventure,51,Duck Life: Adventure (Demo),https://www.crazygames.com/game/duck-life-adventure-demo,654352,,2841,,,2020,Adventure,2026-10-08
crazygames,c/adventure,52,Goddess Connect,https://www.crazygames.com/game/goddess-connect,1174396,,1860,,,2024,Adventure,2026-10-08
crazygames,c/adventure,53,TRACE,https://www.crazygames.com/game/trace,359550,,2562,,,2022,Adventure,2026-10-08
crazygames,c/adventure,54,Escape From Baby Robby!,https://www.crazygames.com/game/escape-from-baby-bobby-cxs,398527,,4918,,,2026,Adventure,2026-10-08
crazygames,c/adventure,55,House Escape: Office,https://www.crazygames.com/game/house-escape-office,1291662,,1523,,,2022,Adventure,2026-10-08
crazygames,c/adventure,56,Forest Spirit: Farm & Fight,https://www.crazygames.com/game/forest-spirit-farm-fight,81148,,482,,,2025,Adventure,2026-10-08
crazygames,c/adventure,57,Space Museum Escape,https://www.crazygames.com/game/space-museum-escape,2394786,,5054,,,2020,Adventure,2026-10-08
crazygames,c/adventure,58,CraftSlayer: Apocalypse,https://www.crazygames.com/game/craftslayer-apocalypse,186358,,3541,,,2026,Adventure,2026-10-08
crazygames,c/adventure,59,Nuclear Day,https://www.crazygames.com/game/nuclear-day,651780,,1573,,,2025,Adventure,2026-10-08
crazygames,c/adventure,60,Ann,https://www.crazygames.com/game/ann,1487261,,2709,,,2021,Adventure,2026-10-08
crazygames,c/adventure,61,Dark Odyssey,https://www.crazygames.com/game/dark-odyssey-lzc,149788,,244,,,2025,Adventure,2026-10-08
crazygames,c/adventure,62,Heroes of the Arena,https://www.crazygames.com/game/heroes-of-the-arena,222916,,134,,,2025,Adventure,2026-10-08
crazygames,c/adventure,63,Stronghold Dude,https://www.crazygames.com/game/stronghold-dude,641926,,1690,,,2025,Adventure,2026-10-08
crazygames,c/adventure,64,Overtitans: Destroyers of Worlds,https://www.crazygames.com/game/overtitans-destroyers-of-worlds,360220,,1182,,,2025,Adventure,2026-10-08
crazygames,c/adventure,65,Find The Pets,https://www.crazygames.com/game/find-the-pets-cph,1253249,,3035,,,2025,Adventure,2026-10-08
crazygames,c/adventure,66,Knight Hero 2 Revenge Idle RPG,https://www.crazygames.com/game/knight-hero-2-revenge-idle-rpg,541896,,1132,,,2024,Adventure,2026-10-08
crazygames,c/adventure,67,Lunar Knight,https://www.crazygames.com/game/lunar-knight,407777,,1218,,,2024,Adventure,2026-10-08
crazygames,c/adventure,68,Video Studio Escape,https://www.crazygames.com/game/video-studio-escape,1412581,,3468,,,2022,Adventure,2026-10-08
crazygames,c/adventure,69,Heroes of the Wasteland,https://www.crazygames.com/game/heroes-of-the-wasteland,255506,,241,,,2024,Adventure,2026-10-08
crazygames,c/adventure,70,Duo,https://www.crazygames.com/game/duo-kjn,1757666,,11218,,,2025,Adventure,2026-10-08
crazygames,c/adventure,71,Dig or Die: Prison Escape Simulator,https://www.crazygames.com/game/dig-or-die-prison-escape-simulator,1984967,,6025,,,2025,Adventure,2026-10-08
crazygames,c/adventure,72,Computer Office Escape,https://www.crazygames.com/game/computer-office-escape,1748473,,3247,,,2020,Adventure,2026-10-08
crazygames,c/adventure,73,Noob Miner: Escape From Prison,https://www.crazygames.com/game/noob-miner-escape-from-prison,2170064,,4477,,,2022,Adventure,2026-10-08
crazygames,c/adventure,74,Design House Escape,https://www.crazygames.com/game/design-house-escape,979107,,3076,,,2024,Adventure,2026-10-08
crazygames,c/adventure,75,Bathroom Escape,https://www.crazygames.com/game/bathroom-escape,352326,,811,,,2022,Adventure,2026-10-08
crazygames,c/adventure,76,Noob Digger: Pro Drill Miner,https://www.crazygames.com/game/noob-digger-pro-drill-miner-cal,1142371,,4866,,,2025,Adventure,2026-10-08
crazygames,c/adventure,77,Antarctica 88,https://www.crazygames.com/game/antarctica-88,1301476,,4974,,,2023,Adventure,2026-10-08
crazygames,c/adventure,78,Divine Clash,https://www.crazygames.com/game/divine-clash,131568,,1967,,,2026,Adventure,2026-10-08
crazygames,c/adventure,79,Riddle School,https://www.crazygames.com/game/riddle-school,1791394,,791,,,2016,Adventure,2026-10-08
crazygames,c/adventure,80,Cornfield,https://www.crazygames.com/game/cornfield,1253692,,4545,,,2024,Adventure,2026-10-08
crazygames,c/adventure,81,Obby Memes Grow Fruits,https://www.crazygames.com/game/obby-memes-grow-fruits,36282,,1921,,,2026,Adventure,2026-10-08
crazygames,c/adventure,82,Evil Neighbor 3,https://www.crazygames.com/game/evil-neighbor-3,923934,,1216,,,2023,Adventure,2026-10-08
crazygames,c/adventure,83,Frost Land - Snow Survival,https://www.crazygames.com/game/frost-land,1157964,,1431,,,2025,Adventure,2026-10-08
crazygames,c/adventure,84,School Escape: Mr. MeanieHead!,https://www.crazygames.com/game/school-escape-mr-meaniehead,440026,,4413,,,2026,Adventure,2026-10-08
crazygames,c/adventure,85,Puzzle Room Escape,https://www.crazygames.com/game/puzzle-room-escape,1041247,,3058,,,2023,Adventure,2026-10-08
crazygames,c/adventure,86,Kitchen Escape,https://www.crazygames.com/game/kitchen-escape,471862,,980,,,2023,Adventure,2026-10-08
crazygames,c/adventure,87,Rooms Home Escape,https://www.crazygames.com/game/rooms-home-escape,1322325,,713,,,2022,Adventure,2026-10-08
crazygames,c/adventure,88,The White Room 2,https://www.crazygames.com/game/the-white-room-2,1475038,,754,,,2022,Adventure,2026-10-08
crazygames,c/adventure,89,Evil Neighbor,https://www.crazygames.com/game/evil-father,1165588,,1976,,,2023,Adventure,2026-10-08
crazygames,c/adventure,90,Escape School Duel,https://www.crazygames.com/game/escape-school-duel,175954,,2679,,,2026,Adventure,2026-10-08
crazygames,c/adventure,91,Evil Neighbor 2,https://www.crazygames.com/game/evil-neighbor-2,1254453,,1627,,,2023,Adventure,2026-10-08
crazygames,c/adventure,92,Vintage Escape,https://www.crazygames.com/game/vintage-escape,488422,,717,,,2022,Adventure,2026-10-08
crazygames,c/adventure,93,Monster Sanctuary,https://www.crazygames.com/game/monster-sanctuary,977412,,932,,,2018,Adventure,2026-10-08
crazygames,c/adventure,94,Iron Friend,https://www.crazygames.com/game/iron-friend,928562,,2787,,,2024,Adventure,2026-10-08
crazygames,c/adventure,95,Noob Miner 2: Escape From Prison,https://www.crazygames.com/game/noob-miner-2-escape-form-prison,5054456,,6819,,,2023,Adventure,2026-10-08
crazygames,c/adventure,96,Skyland Survive With Noob!,https://www.crazygames.com/game/skyblock-survive-with-noob,3069692,,7589,,,2024,Adventure,2026-10-08
crazygames,c/adventure,97,The White Room,https://www.crazygames.com/game/the-white-room,2317190,,904,,,2022,Adventure,2026-10-08
crazygames,c/adventure,98,Spirit Wars,https://www.crazygames.com/game/spirit-wars-2d,453276,,2267,,,2025,Adventure,2026-10-08
crazygames,c/adventure,99,Death Attraction: Horror Game,https://www.crazygames.com/game/death-attraction-horror-game,1233334,,2256,,,2023,Adventure,2026-10-08
crazygames,c/adventure,100,Stick Fighter vs Zombies,https://www.crazygames.com/game/stick-fighter-vs-zombies,2888543,,6926,,,2024,Adventure,2026-10-08
crazygames,c/casual,1,Piece of Cake: Merge and Bake,https://www.crazygames.com/game/piece-of-cake-merge-and-bake,44926592,,91957,,,2024,Puzzle,2026-10-08
crazygames,c/casual,2,Ragdoll Archers,https://www.crazygames.com/game/ragdoll-archers,168664648,,334898,,,2023,Arcade,2026-10-08
crazygames,c/casual,3,Piles of Mahjong,https://www.crazygames.com/game/piles-of-mahjong-jhb,15459780,,9451,,,2024,Puzzle,2026-10-08
crazygames,c/casual,4,Words of Wonders,https://www.crazygames.com/game/words-of-wonders,36841119,,49524,,,2023,Word,2026-10-08
crazygames,c/casual,5,Four Colors,https://www.crazygames.com/game/uno-online,78392668,,44179,,,2019,Card,2026-10-08
crazygames,c/casual,6,Farm Merge Valley,https://www.crazygames.com/game/farm-merge-valley,27297019,,7633,,,2023,Puzzle,2026-10-08
crazygames,c/casual,7,Designville: Merge & Design,https://www.crazygames.com/game/designville-merge-design,19603545,,83454,,,2024,Puzzle,2026-10-08
crazygames,c/casual,8,Color Tap: Coloring by Numbers,https://www.crazygames.com/game/color-tap-coloring-by-numbers,4212956,,7735,,,2023,Puzzle,2026-10-08
crazygames,c/casual,9,Space Waves,https://www.crazygames.com/game/space-waves,239039594,,725074,,,2024,Arcade,2026-10-08
crazygames,c/casual,10,Mansion Tale: Merge Secrets,https://www.crazygames.com/game/mansion-tale-merge-secrets,4833047,,28373,,,2026,Puzzle,2026-10-08
crazygames,c/casual,11,Stone Grass: Mowing Simulator,https://www.crazygames.com/game/stone-grass-mowing-simulator,16504932,,42582,,,2025,Arcade,2026-10-08
crazygames,c/casual,12,Country Life Meadows,https://www.crazygames.com/game/country-life-meadows,2727484,,2247,,,2024,Simulation,2026-10-08
crazygames,c/casual,13,Steal Eggs,https://www.crazygames.com/game/steal-a-eggs,1427571,,28315,,,2026,Arcade,2026-10-08
crazygames,c/casual,14,Mahjong Online,https://www.crazygames.com/game/mahjong-classic-webgl,3607590,,1720,,,2018,Puzzle,2026-10-08
crazygames,c/casual,15,Goods Triple Match 3D,https://www.crazygames.com/game/goods-triple-match-3d,1705943,,6858,,,2026,Puzzle,2026-10-08
crazygames,c/casual,16,Gin Rummy Mania,https://www.crazygames.com/game/gin-rummy-zal,1265432,,7461,,,2026,Card,2026-10-08
crazygames,c/casual,17,Hexa Sort,https://www.crazygames.com/game/hexa-sort,7210818,,3295,,,2024,Puzzle,2026-10-08
crazygames,c/casual,18,Blombo.io,https://www.crazygames.com/game/blombo-io,948026,,11704,,,2026,.io,2026-10-08
crazygames,c/casual,19,Arkadium's Bubble Shooter,https://www.crazygames.com/game/arkadium-s-bubble-shooter,10105970,,1421,,,2022,Arcade,2026-10-08
crazygames,c/casual,20,Backgammon Online,https://www.crazygames.com/game/classic-backgammon,5260045,,3242,,,2019,Board,2026-10-08
crazygames,c/casual,21,Solitaire Home Story,https://www.crazygames.com/game/solitaire-home-story,1115522,,8139,,,2026,Card,2026-10-08
crazygames,c/casual,22,Count Masters: Stickman Games,https://www.crazygames.com/game/count-masters-stickman-games,65102542,,180061,,,2025,Arcade,2026-10-08
crazygames,c/casual,23,Pickaxe 3D Idle Miner,https://www.crazygames.com/game/pickaxe-3d-idle-miner,21088,,478,,,2026,Clicker,2026-10-08
crazygames,c/casual,24,The MachinEGG,https://www.crazygames.com/game/the-machinegg,1116141,,21564,,,2026,Clicker,2026-10-08
crazygames,c/casual,25,Bubble Shooter,https://www.crazygames.com/game/bubble-shooter-classic,7255687,,602,,,2018,Arcade,2026-10-08
crazygames,c/casual,26,Growden.io,https://www.crazygames.com/game/grow-a-garden---growden-io,20900289,,68048,,,2025,Simulation,2026-10-08
crazygames,c/casual,27,Hearts: Classic,https://www.crazygames.com/game/hearts-classic,2577056,,1214,,,2018,Card,2026-10-08
crazygames,c/casual,28,Match Arena,https://www.crazygames.com/game/match-arena,4355613,,1773,,,2019,Puzzle,2026-10-08
crazygames,c/casual,29,Lumber Harvest: Tree Cutting Game,https://www.crazygames.com/game/lumber-harvest-tree-cutting-game,5572341,,24572,,,2025,Arcade,2026-10-08
crazygames,c/casual,30,Slice Master,https://www.crazygames.com/game/slice-master,75701700,,80307,,,2024,Arcade,2026-10-08
crazygames,c/casual,31,Car OUT! Jam Parking Puzzle,https://www.crazygames.com/game/car-out-jam-parking-puzzle,1442103,,6572,,,2025,Puzzle,2026-10-08
crazygames,c/casual,32,Empire City,https://www.crazygames.com/game/empire-city,3828315,,9318,,,2024,Simulation,2026-10-08
crazygames,c/casual,33,Papa's Cheeseria,https://www.crazygames.com/game/papas-cheeseria,3815565,,19713,,,2015,Simulation,2026-10-08
crazygames,c/casual,34,Arrow Slide Puzzle,https://www.crazygames.com/game/arrow-slide-puzzle,63987,,590,,,2026,Puzzle,2026-10-08
crazygames,c/casual,35,Bubble Blast,https://www.crazygames.com/game/bubble-blast-pwd,11596884,,6784,,,2023,Arcade,2026-10-08
crazygames,c/casual,36,Mahjong Titans,https://www.crazygames.com/game/mahjong-titans,2907766,,1361,,,2020,Puzzle,2026-10-08
crazygames,c/casual,37,BlockBuster Puzzle,https://www.crazygames.com/game/blockbuster-puzzle,9934676,,6142,,,2024,Puzzle,2026-10-08
crazygames,c/casual,38,Ludo King,https://www.crazygames.com/game/ludo-king,27169513,,24978,,,2017,Board,2026-10-08
crazygames,c/casual,39,Mr. Mine,https://www.crazygames.com/game/mister-mine,5377447,,3522,,,2015,Clicker,2026-10-08
crazygames,c/casual,40,Rocket Fling,https://www.crazygames.com/game/rocket-fling,238404,,3798,,,2026,Arcade,2026-10-08
crazygames,c/casual,41,Bricks Breaker,https://www.crazygames.com/game/bricks-breaker,1636876,,848,,,2022,Arcade,2026-10-08
crazygames,c/casual,42,Battle Brigade,https://www.crazygames.com/game/battle-brigade,3979637,,49145,,,2026,Arcade,2026-10-08
crazygames,c/casual,43,Car Seller: Life Simulator,https://www.crazygames.com/game/car-seller-life-simulator,72997,,1587,,,2026,Simulation,2026-10-08
crazygames,c/casual,44,Bubble Story,https://www.crazygames.com/game/bubble-story,874070,,2749,,,2025,Arcade,2026-10-08
crazygames,c/casual,45,Classic Card Games Collection,https://www.crazygames.com/game/classic-card-games-collection,494673,,587,,,2024,Card,2026-10-08
crazygames,c/casual,46,Toonle,https://www.crazygames.com/game/toonle,2741042,,18081,,,2025,Simulation,2026-10-08
crazygames,c/casual,47,Crazy Office: Slap and Smash!,https://www.crazygames.com/game/crazy-office-slap-and-smash,18782252,,104010,,,2025,Arcade,2026-10-08
crazygames,c/casual,48,Card Solitaire: Word Game,https://www.crazygames.com/game/card-solitaire-word-game,519037,,1010,,,2025,Word,2026-10-08
crazygames,c/casual,49,Crab Cove : Pixel Puzzle,https://www.crazygames.com/game/crab-cove-pixel-puzzle,72778,,530,,,2026,Puzzle,2026-10-08
crazygames,c/casual,50,Dig out of Prison,https://www.crazygames.com/game/dig-out-of-prison,15504817,,121127,,,2025,Adventure,2026-10-08
crazygames,c/casual,51,Clean The Supermarket,https://www.crazygames.com/game/clean-the-supermarket,195994,,2617,,,2026,Puzzle,2026-10-08
crazygames,c/casual,52,Project Restoration,https://www.crazygames.com/game/project-restoration-axt,1483194,,1680,,,2025,Simulation,2026-10-08
crazygames,c/casual,53,The Farmers,https://www.crazygames.com/game/the-farmers,608565,,1305,,,2025,Simulation,2026-10-08
crazygames,c/casual,54,Obby: +1 Laser to Break Walls,https://www.crazygames.com/game/obby-1-laser-to-break-walls-pks,440383,,12137,,,2026,Arcade,2026-10-08
crazygames,c/casual,55,Tap 3D Wood Block Away,https://www.crazygames.com/game/tap-3d-wood-block-away,2735096,,2723,,,2025,Puzzle,2026-10-08
crazygames,c/casual,56,Papa's Bakeria,https://www.crazygames.com/game/papas-bakeria,2879268,,10764,,,2016,Simulation,2026-10-08
crazygames,c/casual,57,Duck Playground 3D,https://www.crazygames.com/game/duck-playground-3d-jeb,148259,,2650,,,2026,Simulation,2026-10-08
crazygames,c/casual,58,Papa's Freezeria,https://www.crazygames.com/game/papas-freezeria,5255353,,14934,,,,Simulation,2026-10-08
crazygames,c/casual,59,Zombie War Survival,https://www.crazygames.com/game/zombie-war-survival,115462,,1828,,,2026,Arcade,2026-10-08
crazygames,c/casual,60,Ant Miners,https://www.crazygames.com/game/ant-miners,8722,,233,,,2026,Arcade,2026-10-08
crazygames,c/clicker,1,Leek Factory Tycoon,https://www.crazygames.com/game/leek-factory-tycoon,8873220,,27758,,,2023,Clicker,2026-10-08
crazygames,c/clicker,2,Pickaxe 3D Idle Miner,https://www.crazygames.com/game/pickaxe-3d-idle-miner,21088,,480,,,2026,Clicker,2026-10-08
crazygames,c/clicker,3,The MachinEGG,https://www.crazygames.com/game/the-machinegg,1116141,,21583,,,2026,Clicker,2026-10-08
crazygames,c/clicker,4,Lawn Mower Idle,https://www.crazygames.com/game/lawn-mower-idle,32949,,345,,,2026,Clicker,2026-10-08
crazygames,c/clicker,5,Train Miner,https://www.crazygames.com/game/train-miner,592879,,7579,,,2026,Clicker,2026-10-08
crazygames,c/clicker,6,Hyper Fliplation,https://www.crazygames.com/game/hyper-fliplation,33036,,680,,,2026,Clicker,2026-10-08
crazygames,c/clicker,7,Mr. Mine,https://www.crazygames.com/game/mister-mine,5377447,,3522,,,2015,Clicker,2026-10-08
crazygames,c/clicker,8,Revolution Farm Idle,https://www.crazygames.com/game/revolution-farm-idle,36051,,548,,,2026,Clicker,2026-10-08
crazygames,c/clicker,9,Crusher Clicker,https://www.crazygames.com/game/crusher-clicker,8491727,,15771,,,2024,Clicker,2026-10-08
crazygames,c/clicker,10,Clicker Heroes,https://www.crazygames.com/game/clicker-heroes,2992878,,2446,,,2014,Clicker,2026-10-08
crazygames,c/clicker,11,Farm Ring Idle,https://www.crazygames.com/game/farm-ring-idle,4992584,,23436,,,2025,Clicker,2026-10-08
crazygames,c/clicker,12,The MOO Factory,https://www.crazygames.com/game/the-moo-factory-dzw,57191,,803,,,2026,Clicker,2026-10-08
crazygames,c/clicker,13,Your Chronicle,https://www.crazygames.com/game/your-chronicle,872127,,824,,,2021,Clicker,2026-10-08
crazygames,c/clicker,14,Idle Inventor,https://www.crazygames.com/game/idle-inventor,2447946,,3637,,,2023,Clicker,2026-10-08
crazygames,c/clicker,15,Planet Clicker 2,https://www.crazygames.com/game/planet-clicker-2,10116793,,14778,,,2022,Clicker,2026-10-08
crazygames,c/clicker,16,Babel Tower,https://www.crazygames.com/game/babel-tower,5179037,,3665,,,2020,Clicker,2026-10-08
crazygames,c/clicker,17,Capybara Clicker,https://www.crazygames.com/game/capybara-clicker,18299192,,38817,,,2022,Clicker,2026-10-08
crazygames,c/clicker,18,Aura Clicker,https://www.crazygames.com/game/aura-clicker-pld,47736,,1453,,,2026,Clicker,2026-10-08
crazygames,c/clicker,19,Incremental Epic Hero 2,https://www.crazygames.com/game/incremental-epic-hero-2,495045,,936,,,2022,Clicker,2026-10-08
crazygames,c/clicker,20,Ricochet Room,https://www.crazygames.com/game/ricochet-room-cjg,13905,,317,,,2026,Clicker,2026-10-08
crazygames,c/clicker,21,Trash Vacuum Idle Clicker,https://www.crazygames.com/game/trash-vacuum-idle-clicker,80691,,1068,,,2026,Clicker,2026-10-08
crazygames,c/clicker,22,Mine Idle Clicker,https://www.crazygames.com/game/mine-idle-clicker,167250,,2773,,,2026,Clicker,2026-10-08
crazygames,c/clicker,23,Human Clicker: Grow Organs,https://www.crazygames.com/game/human-clicker-grow-organs,1543041,,18680,,,2026,Clicker,2026-10-08
crazygames,c/clicker,24,Space Company,https://www.crazygames.com/game/space-company,1807026,,1010,,,2017,Clicker,2026-10-08
crazygames,c/clicker,25,Rustlight,https://www.crazygames.com/game/rustlight-zqy,34460,,532,,,2026,Clicker,2026-10-08
crazygames,c/clicker,26,Starsmith Idle,https://www.crazygames.com/game/starsmith-idle,81773,,745,,,2026,Clicker,2026-10-08
crazygames,c/clicker,27,Planet Evolution: Idle Clicker,https://www.crazygames.com/game/planet-evolution-idle-clicker,3873659,,3739,,,2023,Clicker,2026-10-08
crazygames,c/clicker,28,Idle Mining Empire,https://www.crazygames.com/game/idle-mining-empire,7286017,,8696,,,2021,Clicker,2026-10-08
crazygames,c/clicker,29,Harbor Tycoon,https://www.crazygames.com/game/harbor-tycoon-fcb,169983,,2236,,,2026,Clicker,2026-10-08
crazygames,c/clicker,30,Patchwork Farm,https://www.crazygames.com/game/patchwork-farm,66743,,1124,,,2026,Clicker,2026-10-08
crazygames,c/clicker,31,Conveyor Idle,https://www.crazygames.com/game/conveyor-idle,306405,,4213,,,2026,Clicker,2026-10-08
crazygames,c/clicker,32,Evolve,https://www.crazygames.com/game/evolve,488251,,578,,,2020,Clicker,2026-10-08
crazygames,c/clicker,33,Revolution Idle X,https://www.crazygames.com/game/revolution-idle-x-demo,2545533,,2376,,,2023,Clicker,2026-10-08
crazygames,c/clicker,34,Mob Farm Tycoon,https://www.crazygames.com/game/mob-farm-tycoon-zqe,33651,,1177,,,2026,Clicker,2026-10-08
crazygames,c/clicker,35,Ragdoll Factory Idle,https://www.crazygames.com/game/ragdoll-factory-idle,329713,,4132,,,2026,Clicker,2026-10-08
crazygames,c/clicker,36,OreCrusher,https://www.crazygames.com/game/orecrusher,30215,,553,,,2026,Clicker,2026-10-08
crazygames,c/clicker,37,Click Click Clicker,https://www.crazygames.com/game/click-click-clicker,2888927,,7736,,,2024,Clicker,2026-10-08
crazygames,c/clicker,38,Godslayer Idle,https://www.crazygames.com/game/godslayer-idle-jln,27269,,416,,,2026,Clicker,2026-10-08
crazygames,c/clicker,39,Idle Breakout,https://www.crazygames.com/game/idle-breakout,1470062,,861,,,2019,Clicker,2026-10-08
crazygames,c/clicker,40,Capybara Clicker 2,https://www.crazygames.com/game/capybara-clicker-2,6633768,,11576,,,2023,Clicker,2026-10-08
crazygames,c/clicker,41,Candy Clicker 2,https://www.crazygames.com/game/candy-clicker-2,7790066,,4628,,,2021,Clicker,2026-10-08
crazygames,c/clicker,42,Drift Tycoon,https://www.crazygames.com/game/drift-tycoon,595875,,6990,,,2026,Clicker,2026-10-08
crazygames,c/clicker,43,Gear Factory,https://www.crazygames.com/game/gear-factory,357058,,3726,,,2026,Clicker,2026-10-08
crazygames,c/clicker,44,Idle Dice,https://www.crazygames.com/game/idle-dice,3079435,,1435,,,2018,Clicker,2026-10-08
crazygames,c/clicker,45,Grow Defense,https://www.crazygames.com/game/grow-defense,1310192,,175,,,2019,Clicker,2026-10-08
crazygames,c/clicker,46,Block Wall Destroyer,https://www.crazygames.com/game/block-wall-destroyer,6153335,,11096,,,2025,Clicker,2026-10-08
crazygames,c/clicker,47,Idle Mine: Remix,https://www.crazygames.com/game/idle-mine-remix,968711,,421,,,2020,Clicker,2026-10-08
crazygames,c/clicker,48,Idle Farming Business,https://www.crazygames.com/game/idle-farming-business,1542757,,578,,,2022,Clicker,2026-10-08
crazygames,c/clicker,49,Italian Brainrot Clicker Game,https://www.crazygames.com/game/italian-brainrot-clicker-usp,23453631,,16059,,,2025,Clicker,2026-10-08
crazygames,c/clicker,50,Corn Tycoon,https://www.crazygames.com/game/corn-tycoon,2686159,,2286,,,2025,Clicker,2026-10-08
crazygames,c/clicker,51,Mine Clicker,https://www.crazygames.com/game/mine-clicker-gyi,246840,,4593,,,2026,Clicker,2026-10-08
crazygames,c/clicker,52,Forge Heat-Glow,https://www.crazygames.com/game/forge-heat-glow,34359,,743,,,2026,Clicker,2026-10-08
crazygames,c/clicker,53,Smashing Bottles DEMO,https://www.crazygames.com/game/smashing-bottles,47721,,1328,,,2026,Clicker,2026-10-08
crazygames,c/clicker,54,Merge Miner,https://www.crazygames.com/game/merge-miner,354350,,7247,,,2026,Clicker,2026-10-08
crazygames,c/clicker,55,Planet Clicker,https://www.crazygames.com/game/planet-clicker,3582382,,3801,,,2021,Clicker,2026-10-08
crazygames,c/clicker,56,President Simulator,https://www.crazygames.com/game/president-simulator,300309,,981,,,2022,Clicker,2026-10-08
crazygames,c/clicker,57,Pong Clicker,https://www.crazygames.com/game/pong-clicker-nrt,284888,,6742,,,2026,Clicker,2026-10-08
crazygames,c/clicker,58,PLINKO!,https://www.crazygames.com/game/plinko-rpu,150487,,1541,,,2026,Clicker,2026-10-08
crazygames,c/clicker,59,More Ore,https://www.crazygames.com/game/more-ore,1120997,,319,,,2022,Clicker,2026-10-08
crazygames,c/clicker,60,Black Hole Idle,https://www.crazygames.com/game/black-hole-idle,1179452,,10646,,,2026,Clicker,2026-10-08
crazygames,c/clicker,41,Pickaxe Crusher Idle,https://www.crazygames.com/game/pickaxe-crusher-idle,228302,,4590,,,2026,Clicker,2026-10-08
crazygames,c/clicker,42,Home Builder 3D,https://www.crazygames.com/game/home-builder-3d,935874,,1878,,,2024,Clicker,2026-10-08
crazygames,c/clicker,43,Mine Clicker RNG,https://www.crazygames.com/game/mine-clicker-rng,4353,,231,,,2026,Clicker,2026-10-08
crazygames,c/clicker,44,Llama Legends,https://www.crazygames.com/game/llama-legends,121483,,735,,,2026,Clicker,2026-10-08
crazygames,c/clicker,45,Smash and Break,https://www.crazygames.com/game/smash-and-break,51963,,810,,,2026,Clicker,2026-10-08
crazygames,c/clicker,46,Idle Ants,https://www.crazygames.com/game/idle-ants,428127,,350,,,2019,Clicker,2026-10-08
crazygames,c/clicker,47,Idle Dairy Tycoon,https://www.crazygames.com/game/idle-dairy-tycoon,45448,,703,,,2026,Clicker,2026-10-08
crazygames,c/clicker,48,Idle Retro Arcade,https://www.crazygames.com/game/idle-retro-arcade-jwq,20840,,280,,,2026,Clicker,2026-10-08
crazygames,c/clicker,49,Heroes vs Monsters: Idle RPG,https://www.crazygames.com/game/heroes-vs-monsters-idle-rpg,54906,,807,,,2026,Clicker,2026-10-08
crazygames,c/clicker,50,Slime Horde TD,https://www.crazygames.com/game/slime-horde-td,21241,,363,,,2026,Clicker,2026-10-08
crazygames,c/clicker,51,Pets Roll: Idle Clicker,https://www.crazygames.com/game/pets-roll-idle-clicker,117663,,3091,,,2026,Clicker,2026-10-08
crazygames,c/clicker,52,DualForce Idle,https://www.crazygames.com/game/dualforce-idle,1785894,,601,,,2020,Clicker,2026-10-08
crazygames,c/clicker,53,Street Life,https://www.crazygames.com/game/street-life,2691213,,6205,,,2024,Clicker,2026-10-08
crazygames,c/clicker,54,Orb of Creation,https://www.crazygames.com/game/orb-of-creation,455357,,192,,,2021,Clicker,2026-10-08
crazygames,c/clicker,55,Mystery Digger,https://www.crazygames.com/game/mystery-digger,2269882,,3047,,,2025,Clicker,2026-10-08
crazygames,c/clicker,56,GrindCraft,https://www.crazygames.com/game/grindcraft,6340905,,1581,,,2016,Clicker,2026-10-08
crazygames,c/clicker,57,Classroom.io,https://www.crazygames.com/game/classroom-io,35673,,534,,,2026,Clicker,2026-10-08
crazygames,c/clicker,58,Race Clicker: Tap Tap Game,https://www.crazygames.com/game/race-clicker-tap-tap-game,5819674,,6991,,,2024,Clicker,2026-10-08
crazygames,c/clicker,59,Omega Layers,https://www.crazygames.com/game/omega-layers,541373,,442,,,2020,Clicker,2026-10-08
crazygames,c/clicker,60,Need for Sheep: Idle Clicker,https://www.crazygames.com/game/need-for-sheep-idle-clicker,38178,,674,,,2026,Clicker,2026-10-08
crazygames,c/clicker,61,OreCrusher 2,https://www.crazygames.com/game/orecrusher-2,66052,,1057,,,2026,Clicker,2026-10-08
crazygames,c/clicker,62,Aim Trainer Idle,https://www.crazygames.com/game/aim-trainer-idle,528851,,2122,,,2022,Clicker,2026-10-08
crazygames,c/clicker,63,Idle Soccer Manager,https://www.crazygames.com/game/idle-football-manager,1502614,,1761,,,2021,Clicker,2026-10-08
crazygames,c/clicker,64,Cell to Singularity: Mesozoic Valley,https://www.crazygames.com/game/cell-to-singularity-mesozoic-valley,1547613,,2221,,,2024,Clicker,2026-10-08
crazygames,c/clicker,65,Strange Cats,https://www.crazygames.com/game/strange-cats,156066,,3008,,,2026,Clicker,2026-10-08
crazygames,c/clicker,66,Chicken Clicker,https://www.crazygames.com/game/chicken-clicker,2029851,,4424,,,2024,Clicker,2026-10-08
crazygames,c/clicker,67,My Sugar Factory 3,https://www.crazygames.com/game/my-sugar-factory-3,285295,,337,,,2024,Clicker,2026-10-08
crazygames,c/clicker,68,Dungeon Desk Job,https://www.crazygames.com/game/dungeon-desk-job,12129,,182,,,2026,Clicker,2026-10-08
crazygames,c/clicker,69,Dig Tycoon,https://www.crazygames.com/game/dig-tycoon---idle-game-3d,1098697,,3182,,,2025,Clicker,2026-10-08
crazygames,c/clicker,70,Clock Clicker,https://www.crazygames.com/game/clock-clicker,1802660,,1592,,,2022,Clicker,2026-10-08
crazygames,c/clicker,71,My Chicken Farm,https://www.crazygames.com/game/my-chicken-farm,684586,,962,,,2022,Clicker,2026-10-08
crazygames,c/clicker,72,Plinko Idle,https://www.crazygames.com/game/plinko-idle-aku,97543,,1378,,,2026,Clicker,2026-10-08
crazygames,c/clicker,73,The Garbaggio Hotel,https://www.crazygames.com/game/the-garbaggio-hotel,88585,,1071,,,2026,Clicker,2026-10-08
crazygames,c/clicker,74,Fish Catch Idle,https://www.crazygames.com/game/fish-catch-idle,107586,,1713,,,2026,Clicker,2026-10-08
crazygames,c/clicker,75,Incremental Epic Hero,https://www.crazygames.com/game/incremental-epic-hero,320894,,136,,,2020,Clicker,2026-10-08
crazygames,c/clicker,76,Money Maker,https://www.crazygames.com/game/money-maker-bex,842467,,4179,,,2025,Clicker,2026-10-08
crazygames,c/clicker,77,MineTap Merge Clicker,https://www.crazygames.com/game/minetap,870993,,4321,,,2024,Clicker,2026-10-08
crazygames,c/clicker,78,Card Billionaire: Idle Tycoon,https://www.crazygames.com/game/card-billionaire-idle-tycoon,26664,,348,,,2026,Clicker,2026-10-08
crazygames,c/clicker,79,Money Maker Idle,https://www.crazygames.com/game/money-maker-idle,1453396,,2127,,,2025,Clicker,2026-10-08
crazygames,c/clicker,80,Idle Clicker Runner,https://www.crazygames.com/game/idle-clicker-runner,146340,,2977,,,2026,Clicker,2026-10-08
crazygames,c/clicker,81,Simple Loot Idle,https://www.crazygames.com/game/simple-loot-idle,316275,,453,,,2022,Clicker,2026-10-08
crazygames,c/clicker,82,Just One More Roll,https://www.crazygames.com/game/just-one-more-roll,469949,,3474,,,2026,Clicker,2026-10-08
crazygames,c/clicker,83,Road Master 3D,https://www.crazygames.com/game/road-master,418765,,724,,,2024,Clicker,2026-10-08
crazygames,c/clicker,84,Lowpoly Digger,https://www.crazygames.com/game/lowpoly-digger,11340,,175,,,2026,Clicker,2026-10-08
crazygames,c/clicker,85,RPG Idle Clicker,https://www.crazygames.com/game/rpg-idle-clicker-uzz,373022,,189,,,2025,Clicker,2026-10-08
crazygames,c/clicker,86,Money Factory: Tycoon Idle Game,https://www.crazygames.com/game/money-factory-tycoon-idle-game,696731,,2352,,,2025,Clicker,2026-10-08
crazygames,c/clicker,87,Legend Of Fireball,https://www.crazygames.com/game/legend-of-fireball-mpp,678116,,1707,,,2025,Clicker,2026-10-08
crazygames,c/clicker,88,Satisfying Ball Clicker,https://www.crazygames.com/game/satisfying-ball-clicker,3128204,,4587,,,2024,Clicker,2026-10-08
crazygames,c/clicker,89,Traffic Loop,https://www.crazygames.com/game/traffic-loop,1194735,,2550,,,2023,Clicker,2026-10-08
crazygames,c/clicker,90,Idle House Build,https://www.crazygames.com/game/idle-house-build,2722735,,1495,,,2022,Clicker,2026-10-08
crazygames,c/clicker,91,Merge Idle War,https://www.crazygames.com/game/merge-idle-war,12362,,288,,,2026,Clicker,2026-10-08
crazygames,c/clicker,92,MineClicker,https://www.crazygames.com/game/mineclicker,3864965,,1563,,,2020,Clicker,2026-10-08
crazygames,c/clicker,93,Duck Duck Clicker,https://www.crazygames.com/game/duck-duck-clicker-ixu,362685,,947,,,2025,Clicker,2026-10-08
crazygames,c/clicker,94,Infinite Blade: Rebirth,https://www.crazygames.com/game/infinite-blade-rebirth,73507,,1054,,,2026,Clicker,2026-10-08
crazygames,c/clicker,95,My Sugar Factory,https://www.crazygames.com/game/my-sugar-factory,796192,,256,,,2020,Clicker,2026-10-08
crazygames,c/clicker,96,Idle Idle Gamedev,https://www.crazygames.com/game/idle-idle-gamedev,794987,,237,,,2019,Clicker,2026-10-08
crazygames,c/clicker,97,Metro Connect,https://www.crazygames.com/game/metro-connect,954429,,2216,,,2023,Clicker,2026-10-08
crazygames,c/clicker,98,Money Gun Clicker,https://www.crazygames.com/game/money-gun-clicker,985328,,4216,,,2025,Clicker,2026-10-08
crazygames,c/clicker,99,Maxwell Clicker,https://www.crazygames.com/game/maxwell-clicker,556470,,1778,,,2023,Clicker,2026-10-08
crazygames,c/clicker,100,MergeMine Idle,https://www.crazygames.com/game/mergemine-idle,967519,,138,,,2023,Clicker,2026-10-08
crazygames,c/driving,1,PolyTrack,https://www.crazygames.com/game/polytrack,44194795,,75063,,,2024,Driving,2026-10-08
crazygames,c/driving,2,Traffic Rider,https://www.crazygames.com/game/traffic-rider-vvq,67051918,,500624,,,2025,Driving,2026-10-08
crazygames,c/driving,3,Racing Limits,https://www.crazygames.com/game/racing-limits,115025659,,475184,,,2023,Driving,2026-10-08
crazygames,c/driving,4,Sky Riders,https://www.crazygames.com/game/sky-riders-buk,46123001,,124445,,,2023,Driving,2026-10-08
crazygames,c/driving,5,Ramp Car VS Police: CHASE,https://www.crazygames.com/game/ramp-car-vs-police-chase-psm,8006104,,112968,,,2026,Driving,2026-10-08
crazygames,c/driving,6,Escape Road 3,https://www.crazygames.com/game/escape-road-3,1411796,,30071,,,2026,Driving,2026-10-08
crazygames,c/driving,7,Deadly Descent,https://www.crazygames.com/game/deadly-descent-bzs,29762852,,161640,,,2025,Driving,2026-10-08
crazygames,c/driving,8,Demolition Derby 3,https://www.crazygames.com/game/demolition-derby-3,7757186,,19527,,,2024,Driving,2026-10-08
crazygames,c/driving,9,Drift Hunters,https://www.crazygames.com/game/drift-hunters,34080913,,31975,,,2017,Driving,2026-10-08
crazygames,c/driving,10,Rally Racer Dirt,https://www.crazygames.com/game/rally-racer-dirt,50719758,,132765,,,2023,Driving,2026-10-08
crazygames,c/driving,11,Moto X3M,https://www.crazygames.com/game/moto-x3m,54469116,,28966,,,2018,Driving,2026-10-08
crazygames,c/driving,12,MX Offroad Master,https://www.crazygames.com/game/mx-offroad-master,34718684,,131985,,,2023,Driving,2026-10-08
crazygames,c/driving,13,Case Simulator: Cars,https://www.crazygames.com/game/case-simulator-cars,944381,,14825,,,2026,Driving,2026-10-08
crazygames,c/driving,14,Real Car Driving,https://www.crazygames.com/game/real-car-driving,5157253,,89475,,,2026,Driving,2026-10-08
crazygames,c/driving,15,Night City Racing,https://www.crazygames.com/game/night-city-racing,28676350,,98544,,,2023,Driving,2026-10-08
crazygames,c/driving,16,Hustle & Drift in ZIL,https://www.crazygames.com/game/hustle-drift-in-zil,1904731,,25335,,,2026,Driving,2026-10-08
crazygames,c/driving,17,Circuit Racing,https://www.crazygames.com/game/circuit-racing,3557500,,30270,,,2025,Driving,2026-10-08
crazygames,c/driving,18,Drive Quest,https://www.crazygames.com/game/drive-quest---car-game,13560989,,90812,,,2025,Driving,2026-10-08
crazygames,c/driving,19,Gearshift One,https://www.crazygames.com/game/gearshift-one,4668176,,26251,,,2024,Driving,2026-10-08
crazygames,c/driving,20,Offroad Island,https://www.crazygames.com/game/offroad-island,4692914,,21897,,,2024,Driving,2026-10-08
crazygames,c/driving,21,Mad Pursuit,https://www.crazygames.com/game/mad-pursuit-zhp,2076500,,33903,,,2026,Driving,2026-10-08
crazygames,c/driving,22,Crazy Grand Prix,https://www.crazygames.com/game/crazy-grand-prix,8169836,,26153,,,2022,Driving,2026-10-08
crazygames,c/driving,23,Evolution Factor,https://www.crazygames.com/game/evolution-factor-1,2327332,,16196,,,2025,Driving,2026-10-08
crazygames,c/driving,24,Jump Master: Car Racing,https://www.crazygames.com/game/jump-master-car-racing-peo,1490064,,20354,,,2025,Driving,2026-10-08
crazygames,c/driving,25,Super Star Car,https://www.crazygames.com/game/super-star-car,30548483,,86646,,,2021,Driving,2026-10-08
crazygames,c/driving,26,Xtreme City Drifting,https://www.crazygames.com/game/xtreme-city-drifting,4022376,,12543,,,2024,Driving,2026-10-08
crazygames,c/driving,27,Demolition Derby 2,https://www.crazygames.com/game/demolition-derby-2,2072596,,8575,,,2024,Driving,2026-10-08
crazygames,c/driving,28,Moto X3M 6: Spooky Land,https://www.crazygames.com/game/moto-x3m-spooky-land,14542720,,4991,,,2019,Driving,2026-10-08
crazygames,c/driving,29,Obby: Car Crash Sandbox,https://www.crazygames.com/game/obby-car-crash-sandbox,908736,,12264,,,2026,Driving,2026-10-08
crazygames,c/driving,30,Derby Crash 4,https://www.crazygames.com/game/derby-crash-4,12894940,,13484,,,2020,Driving,2026-10-08
crazygames,c/driving,31,Trial Mania,https://www.crazygames.com/game/trial-mania,2836125,,14760,,,2024,Driving,2026-10-08
crazygames,c/driving,32,Extreme Bike Driving,https://www.crazygames.com/game/crazy-bike-simulator,573234,,7979,,,2026,Driving,2026-10-08
crazygames,c/driving,33,Ultimate Flying Car,https://www.crazygames.com/game/ultimate-flying-car,3775466,,17960,,,2023,Driving,2026-10-08
crazygames,c/driving,34,Paperly: Paper Plane Adventure,https://www.crazygames.com/game/paperly-paper-plane-adventure,1647537,,6246,,,2023,Driving,2026-10-08
crazygames,c/driving,35,Speedboy: History with Grandfather,https://www.crazygames.com/game/speedboy-history-with-grandfather-sri,2004307,,29128,,,2026,Driving,2026-10-08
crazygames,c/driving,36,Flux GP: Anti-Gravity Racing,https://www.crazygames.com/game/flux-gp-anti-gravity-racing-udh,48938,,1225,,,2026,Driving,2026-10-08
crazygames,c/driving,37,Mr. Racer - Car Racing,https://www.crazygames.com/game/mr-racer---car-racing,24157301,,21499,,,2023,Driving,2026-10-08
crazygames,c/driving,38,Moto X3M 5: Pool Party,https://www.crazygames.com/game/moto-x3m-pool-party,15727144,,8440,,,2019,Driving,2026-10-08
crazygames,c/driving,39,Racing in City,https://www.crazygames.com/game/racing-in-city,10007221,,31813,,,2023,Driving,2026-10-08
crazygames,c/driving,40,Super MX - Last Season,https://www.crazygames.com/game/super-mx-last-season,5638073,,5127,,,2020,Driving,2026-10-08
crazygames,c/driving,41,Escape Road,https://www.crazygames.com/game/escape-road-asm,8833964,,10295,,,2025,Driving,2026-10-08
crazygames,c/driving,42,Police vs Thief: 1&2 Players,https://www.crazygames.com/game/police-vs-thief-1-2-players,296842,,5438,,,2026,Driving,2026-10-08
crazygames,c/driving,43,Moto X3M 4 Winter,https://www.crazygames.com/game/moto-x3m-4,13832000,,6238,,,2018,Driving,2026-10-08
crazygames,c/driving,44,Boomng Car Crash,https://www.crazygames.com/game/boomng-car-crash,394269,,6905,,,2026,Driving,2026-10-08
crazygames,c/driving,45,Stunt Paradise,https://www.crazygames.com/game/stunt-paradise,6168824,,7574,,,2024,Driving,2026-10-08
crazygames,c/driving,46,BMG: Ragdoll Playground,https://www.crazygames.com/game/bmg-ragdoll-playground,643253,,10401,,,2026,Driving,2026-10-08
crazygames,c/driving,47,ATV Ultimate Offroad,https://www.crazygames.com/game/atv-ultimate-offroad,2354380,,9099,,,2023,Driving,2026-10-08
crazygames,c/driving,48,Deadly Rally,https://www.crazygames.com/game/deadly-rally,2113573,,27032,,,2026,Driving,2026-10-08
crazygames,c/driving,49,Jet Boat Racing,https://www.crazygames.com/game/jet-boat-racing,2753447,,11895,,,2023,Driving,2026-10-08
crazygames,c/driving,50,Monster Cars: Ultimate Simulator,https://www.crazygames.com/game/monster-cars-ultimate-simulator,1846543,,11820,,,2022,Driving,2026-10-08
crazygames,c/driving,51,4x4 Offroader,https://www.crazygames.com/game/4x4-offroader,6758460,,9262,,,2019,Driving,2026-10-08
crazygames,c/driving,52,Crash Skill Racing,https://www.crazygames.com/game/midnight-kanjo-racing,851641,,13460,,,2026,Driving,2026-10-08
crazygames,c/driving,53,Drift Escape,https://www.crazygames.com/game/drift-escape,9041113,,5384,,,2023,Driving,2026-10-08
crazygames,c/driving,54,Wrong Way,https://www.crazygames.com/game/wrongway,6887756,,12699,,,2019,Driving,2026-10-08
crazygames,c/driving,55,Xtreme DRIFT Racing,https://www.crazygames.com/game/xtreme-drift-racing,6275477,,25512,,,2024,Driving,2026-10-08
crazygames,c/driving,56,Crazy Plane Landing,https://www.crazygames.com/game/crazy-plane-landing,4179223,,7936,,,2024,Driving,2026-10-08
crazygames,c/driving,57,GT Cars Mega Ramps,https://www.crazygames.com/game/gt-cars-mega-ramps,4897003,,8471,,,2024,Driving,2026-10-08
crazygames,c/driving,58,Traffic Racer,https://www.crazygames.com/game/traffic-racer-sxc,579144,,11697,,,2026,Driving,2026-10-08
crazygames,c/driving,59,Highway Racer,https://www.crazygames.com/game/highway-racer,14788430,,3057,,,2018,Driving,2026-10-08
crazygames,c/driving,60,Stickman Annihilation 2,https://www.crazygames.com/game/stickman-annihilation-2,3912912,,5858,,,2021,Driving,2026-10-08
crazygames,c/driving,41,Crazy Stunt Cars Multiplayer,https://www.crazygames.com/game/crazy-stunt-cars-multiplayer,5461615,,7855,,,2018,Driving,2026-10-08
crazygames,c/driving,42,Derby Crash 5,https://www.crazygames.com/game/derby-crash-5,2590131,,6302,,,2022,Driving,2026-10-08
crazygames,c/driving,43,Xtreme Moto Mayhem,https://www.crazygames.com/game/xtreme-moto-mayhem,5987136,,11326,,,2024,Driving,2026-10-08
crazygames,c/driving,44,Escape Road 2,https://www.crazygames.com/game/escape-road-2,3536490,,13698,,,2025,Driving,2026-10-08
crazygames,c/driving,45,Madness Cars Destroy,https://www.crazygames.com/game/madness-car-destroy,6024682,,13570,,,2025,Driving,2026-10-08
crazygames,c/driving,46,Super Bike The Champion,https://www.crazygames.com/game/super-bike-the-champion,22422588,,18236,,,2020,Driving,2026-10-08
crazygames,c/driving,47,Xtreme Demolition Arena Derby,https://www.crazygames.com/game/xtreme-demolition-arena-derby,143773,,197,,,2019,Driving,2026-10-08
crazygames,c/driving,48,Police Car Town Chase,https://www.crazygames.com/game/police-town-car-chase,53129,,145,,,2018,Driving,2026-10-08
crazygames,c/driving,49,Offroad Life 3D,https://www.crazygames.com/game/offroad-life-3d,1449359,,11847,,,2023,Driving,2026-10-08
crazygames,c/driving,50,Ultimate Flying Car 2,https://www.crazygames.com/game/ultimate-flying-car-2,1591607,,8679,,,2023,Driving,2026-10-08
crazygames,c/driving,51,Toy Rider,https://www.crazygames.com/game/toy-rider,2156400,,4412,,,2023,Driving,2026-10-08
crazygames,c/driving,52,Turbo Cars: Pipe Stunts,https://www.crazygames.com/game/turbo-cars---pipe-stunts,4455900,,7362,,,2024,Driving,2026-10-08
crazygames,c/driving,53,Hill Travel 3D,https://www.crazygames.com/game/hill-travel-3d,1661838,,11832,,,2025,Driving,2026-10-08
crazygames,c/driving,54,City Car Driving Simulator: Online,https://www.crazygames.com/game/city-car-driving-simulator-online,1248897,,1921,,,2024,Driving,2026-10-08
crazygames,c/driving,55,Motor Sport Challenge Type R,https://www.crazygames.com/game/motor-sport-challenge-type-r,816074,,11213,,,2026,Driving,2026-10-08
crazygames,c/driving,56,Madalin Stunt Cars 2,https://www.crazygames.com/game/madalin-stunt-cars-2,39342540,,2814,,,2017,Driving,2026-10-08
crazygames,c/driving,57,Racing: Online!,https://www.crazygames.com/game/racing-online-fph,872945,,15831,,,2026,Driving,2026-10-08
crazygames,c/driving,58,Tiny Cars,https://www.crazygames.com/game/tiny-cars,361343,,7197,,,2026,Driving,2026-10-08
crazygames,c/driving,59,Parking Fury 3D: Side Hustle,https://www.crazygames.com/game/parking-fury-3d-side-hustle,5992354,,19706,,,2024,Driving,2026-10-08
crazygames,c/driving,60,MotoCross Riders,https://www.crazygames.com/game/motocross-riders,4233544,,13882,,,2019,Driving,2026-10-08
crazygames,c/driving,61,Grand Cyber City,https://www.crazygames.com/game/grand-cyber-city,2180462,,7825,,,2023,Driving,2026-10-08
crazygames,c/driving,62,Car Simulator: Crash City,https://www.crazygames.com/game/car-simulator-crash-city,3551590,,1640,,,2020,Driving,2026-10-08
crazygames,c/driving,63,Derby Crash 2,https://www.crazygames.com/game/derby-crash-2,9335830,,5110,,,2019,Driving,2026-10-08
crazygames,c/driving,64,Sunset Bike Racing,https://www.crazygames.com/game/sunset-bike-racing,3850748,,4540,,,2024,Driving,2026-10-08
crazygames,c/driving,65,Test Drive Car Parking,https://www.crazygames.com/game/test-drive-car-parking,351689,,4852,,,2026,Driving,2026-10-08
crazygames,c/driving,66,OK Parking,https://www.crazygames.com/game/ok-parking,2133528,,2434,,,2019,Driving,2026-10-08
crazygames,c/driving,67,Real Cars Extreme Racing,https://www.crazygames.com/game/real-cars-extreme-racing,2374570,,4966,,,2021,Driving,2026-10-08
crazygames,c/driving,68,Dirt Rally Driver HD,https://www.crazygames.com/game/dirt-rally-driver,1544867,,2517,,,2019,Driving,2026-10-08
crazygames,c/driving,69,Hyperspace Racers 3,https://www.crazygames.com/game/hyperspace-racers-3,380377,,1088,,,2022,Driving,2026-10-08
crazygames,c/driving,70,Burnin' Rubber 5 XS,https://www.crazygames.com/game/burnin-rubber-5-xs,3277948,,1947,,,2020,Driving,2026-10-08
crazygames,c/driving,71,Burnout Drift 2: Hilltop,https://www.crazygames.com/game/burnout-drift-hilltop,1037118,,5930,,,2017,Driving,2026-10-08
crazygames,c/driving,72,Wheelie Up,https://www.crazygames.com/game/wheelie-up,1528908,,4967,,,2024,Driving,2026-10-08
crazygames,c/driving,73,Parking Space,https://www.crazygames.com/game/parking-space,3068650,,4239,,,2020,Driving,2026-10-08
crazygames,c/driving,74,Moto Racing Club,https://www.crazygames.com/game/moto-racing-club,3266629,,12505,,,2024,Driving,2026-10-08
crazygames,c/driving,75,City Classic Car Driving: 131,https://www.crazygames.com/game/city-classic-car-driving-131,3114403,,3504,,,2022,Driving,2026-10-08
crazygames,c/driving,76,Offroad Masters Challenge,https://www.crazygames.com/game/offroad-masters-challenge,2688886,,10549,,,2023,Driving,2026-10-08
crazygames,c/driving,77,Death Chase,https://www.crazygames.com/game/death-chase,3952130,,981,,,2018,Driving,2026-10-08
crazygames,c/driving,78,Drag Racer V2,https://www.crazygames.com/game/drag-racer-v2,652773,,2526,,,2021,Driving,2026-10-08
crazygames,c/driving,79,Driver Club: Highway Racing,https://www.crazygames.com/game/driver-club-highway-racing,1929893,,6132,,,2025,Driving,2026-10-08
crazygames,c/driving,80,Monster Truck Demolition Derby,https://www.crazygames.com/game/monster-truck-demolition-derby,445648,,1492,,,2024,Driving,2026-10-08
crazygames,c/driving,81,Dirt Bike Mad Skills,https://www.crazygames.com/game/dirt-bike-mad-skills,676155,,1478,,,2023,Driving,2026-10-08
crazygames,c/driving,82,Offroader V6,https://www.crazygames.com/game/offroader-v6,1864416,,1668,,,2018,Driving,2026-10-08
crazygames,c/driving,83,RCC City Racing,https://www.crazygames.com/game/rcc-city-racing,3246905,,7191,,,2018,Driving,2026-10-08
crazygames,c/driving,84,Speed Racing Pro 2,https://www.crazygames.com/game/speed-racing-pro-2,2797896,,2842,,,2016,Driving,2026-10-08
crazygames,c/driving,85,Boom Karts,https://www.crazygames.com/game/boom-karts,1497386,,2506,,,2025,Driving,2026-10-08
crazygames,c/driving,86,Car Crash Simulator Royale,https://www.crazygames.com/game/car-crash-simulator-royale,6064208,,2920,,,2020,Driving,2026-10-08
crazygames,c/driving,87,Gas Monsters,https://www.crazygames.com/game/gas-monsters,814411,,664,,,2021,Driving,2026-10-08
crazygames,c/driving,88,Derby Crash 3,https://www.crazygames.com/game/derby-crash-3,8178308,,3526,,,2020,Driving,2026-10-08
crazygames,c/driving,89,Turbo Crash,https://www.crazygames.com/game/turbo-crash,1468019,,1033,,,2023,Driving,2026-10-08
crazygames,c/driving,90,Madalin Cars Multiplayer,https://www.crazygames.com/game/madalin-cars-multiplayer,20051233,,2150,,,2018,Driving,2026-10-08
crazygames,c/driving,91,Trials Ice Ride,https://www.crazygames.com/game/trail-ice-ride,1671735,,1680,,,2021,Driving,2026-10-08
crazygames,c/driving,92,Burnout Racers,https://www.crazygames.com/game/burnout-racers,495689,,1513,,,2024,Driving,2026-10-08
crazygames,c/driving,93,Free Rally: Vice,https://www.crazygames.com/game/free-rally-vice,3060921,,1691,,,2020,Driving,2026-10-08
crazygames,c/driving,94,Highway Racer 2,https://www.crazygames.com/game/highway-racer-2,1676510,,1763,,,2023,Driving,2026-10-08
crazygames,c/driving,95,City Car Driving Simulator: Ultimate 2,https://www.crazygames.com/game/city-car-driving-simulator-ultimate-2,2170754,,3193,,,2023,Driving,2026-10-08
crazygames,c/driving,96,Fury Bike Rider,https://www.crazygames.com/game/fury-bike-rider,1801579,,928,,,2020,Driving,2026-10-08
crazygames,c/driving,97,City Car Driving Simulator 3,https://www.crazygames.com/game/city-car-driving-simulator-3,2175425,,1016,,,2018,Driving,2026-10-08
crazygames,c/driving,98,3D Moto Simulator 2,https://www.crazygames.com/game/3d-moto-simulator-2,3491893,,3779,,,2018,Driving,2026-10-08
crazygames,c/driving,99,Derby Crash,https://www.crazygames.com/game/derbycrash,5938832,,2105,,,2019,Driving,2026-10-08
crazygames,c/driving,100,Sportcars Crash,https://www.crazygames.com/game/sportcars-crash,4497817,,6102,,,2023,Driving,2026-10-08
crazygames,c/puzzle,1,Mahjongg Solitaire,https://www.crazygames.com/game/mahjongg-solitaire,43139984,,17641,,,2019,Puzzle,2026-10-08
crazygames,c/puzzle,2,Piece of Cake: Merge and Bake,https://www.crazygames.com/game/piece-of-cake-merge-and-bake,44926592,,91957,,,2024,Puzzle,2026-10-08
crazygames,c/puzzle,3,Piles of Mahjong,https://www.crazygames.com/game/piles-of-mahjong-jhb,15459780,,9451,,,2024,Puzzle,2026-10-08
crazygames,c/puzzle,4,Mergest Kingdom,https://www.crazygames.com/game/mergest-kingdom,23112890,,14360,,,2021,Puzzle,2026-10-08
crazygames,c/puzzle,5,Screw Out: Bolts and Nuts,https://www.crazygames.com/game/screw-out-bolts-and-nuts,13065392,,27438,,,2025,Puzzle,2026-10-08
crazygames,c/puzzle,6,Farm Merge Valley,https://www.crazygames.com/game/farm-merge-valley,27297019,,7633,,,2023,Puzzle,2026-10-08
crazygames,c/puzzle,7,Designville: Merge & Design,https://www.crazygames.com/game/designville-merge-design,19603545,,83454,,,2024,Puzzle,2026-10-08
crazygames,c/puzzle,8,Numicolor,https://www.crazygames.com/game/numicolor,2222718,,22015,,,2026,Puzzle,2026-10-08
crazygames,c/puzzle,9,Hidden Objects,https://www.crazygames.com/game/hidden-objects,3460307,,5323,,,2024,Puzzle,2026-10-08
crazygames,c/puzzle,10,Hexa Stack,https://www.crazygames.com/game/hexa-stack,726491,,5700,,,2026,Puzzle,2026-10-08
crazygames,c/puzzle,11,Color Tap: Coloring by Numbers,https://www.crazygames.com/game/color-tap-coloring-by-numbers,4212956,,7735,,,2023,Puzzle,2026-10-08
crazygames,c/puzzle,12,Mansion Tale: Merge Secrets,https://www.crazygames.com/game/mansion-tale-merge-secrets,4833047,,28373,,,2026,Puzzle,2026-10-08
crazygames,c/puzzle,13,Mahjong Connect (Legacy),https://www.crazygames.com/game/mahjong-connect-1,3838094,,1298,,,2022,Puzzle,2026-10-08
crazygames,c/puzzle,14,Arrows,https://www.crazygames.com/game/arrows-bmj,250825,,1828,,,2026,Puzzle,2026-10-08
crazygames,c/puzzle,15,Open House,https://www.crazygames.com/game/open-house,9676479,,42696,,,2025,Puzzle,2026-10-08
crazygames,c/puzzle,16,Tropical Merge,https://www.crazygames.com/game/tropical-merge,10799052,,4442,,,2021,Puzzle,2026-10-08
crazygames,c/puzzle,17,Mahjong Online,https://www.crazygames.com/game/mahjong-classic-webgl,3607590,,1720,,,2018,Puzzle,2026-10-08
crazygames,c/puzzle,18,Goods Triple Match 3D,https://www.crazygames.com/game/goods-triple-match-3d,1705943,,6858,,,2026,Puzzle,2026-10-08
crazygames,c/puzzle,19,Castle Craft,https://www.crazygames.com/game/castle-craft,5368818,,4561,,,2024,Puzzle,2026-10-08
crazygames,c/puzzle,20,Hexa Sort,https://www.crazygames.com/game/hexa-sort,7210818,,3295,,,2024,Puzzle,2026-10-08
crazygames,c/puzzle,21,Fairyland Merge & Magic,https://www.crazygames.com/game/fairyland-merge-and-magic,8995903,,4953,,,2022,Puzzle,2026-10-08
crazygames,c/puzzle,22,Nuts Puzzle: Sort By Color,https://www.crazygames.com/game/nuts-puzzle-sort-by-color,6767418,,6503,,,2024,Puzzle,2026-10-08
crazygames,c/puzzle,23,What's The Difference?,https://www.crazygames.com/game/what-s-the-difference-online,6759431,,18605,,,2024,Puzzle,2026-10-08
crazygames,c/puzzle,24,Block Blaster,https://www.crazygames.com/game/block-puzzle-master,18742197,,47838,,,2024,Puzzle,2026-10-08
crazygames,c/puzzle,25,Find The Cow,https://www.crazygames.com/game/find-the-cow-lqn,637112,,3536,,,2026,Puzzle,2026-10-08
crazygames,c/puzzle,26,Wood Screw: Bolts Puzzle,https://www.crazygames.com/game/wood-screw-bolts-puzzle,3049179,,9613,,,2025,Puzzle,2026-10-08
crazygames,c/puzzle,27,Nonogram Square,https://www.crazygames.com/game/nonogram-square,295165,,1045,,,2026,Puzzle,2026-10-08
crazygames,c/puzzle,28,Jigpic Solitaire,https://www.crazygames.com/game/jigpic-solitaire,953876,,6087,,,2025,Puzzle,2026-10-08
crazygames,c/puzzle,29,Skydom,https://www.crazygames.com/game/skydom,13667242,,5816,,,2020,Puzzle,2026-10-08
crazygames,c/puzzle,30,Match Arena,https://www.crazygames.com/game/match-arena,4355613,,1773,,,2019,Puzzle,2026-10-08
crazygames,c/puzzle,31,MatchVentures,https://www.crazygames.com/game/matchventures,1444063,,1118,,,2024,Puzzle,2026-10-08
crazygames,c/puzzle,32,Screw Sorting,https://www.crazygames.com/game/screw-sort---fix-match-puzzle,118079,,1043,,,2026,Puzzle,2026-10-08
crazygames,c/puzzle,33,Car OUT! Jam Parking Puzzle,https://www.crazygames.com/game/car-out-jam-parking-puzzle,1442103,,6572,,,2025,Puzzle,2026-10-08
crazygames,c/puzzle,34,Arrow Slide Puzzle,https://www.crazygames.com/game/arrow-slide-puzzle,63987,,590,,,2026,Puzzle,2026-10-08
crazygames,c/puzzle,35,Skydom: Reforged,https://www.crazygames.com/game/skydom-reforged,4557792,,1930,,,2022,Puzzle,2026-10-08
crazygames,c/puzzle,36,Mahjong Titans,https://www.crazygames.com/game/mahjong-titans,2907766,,1361,,,2020,Puzzle,2026-10-08
crazygames,c/puzzle,37,BlockBuster Puzzle,https://www.crazygames.com/game/blockbuster-puzzle,9934676,,6142,,,2024,Puzzle,2026-10-08
crazygames,c/puzzle,38,Forgotten Treasure 2,https://www.crazygames.com/game/forgotten-treasure-2---match-3,2422221,,980,,,2023,Puzzle,2026-10-08
crazygames,c/puzzle,39,Wood Block Journey,https://www.crazygames.com/game/wood-block-journey,8339132,,3265,,,2023,Puzzle,2026-10-08
crazygames,c/puzzle,40,Pixel Blast,https://www.crazygames.com/game/pixel-blast,979953,,3820,,,2026,Puzzle,2026-10-08
crazygames,c/puzzle,41,Yarn Fever! Unravel Puzzle,https://www.crazygames.com/game/yarn-fever-unravel-puzzle,1459888,,2555,,,2025,Puzzle,2026-10-08
crazygames,c/puzzle,42,Bus Escape: Clear Jam,https://www.crazygames.com/game/bus-escape-clear-jam,477513,,2182,,,2026,Puzzle,2026-10-08
crazygames,c/puzzle,43,Daily Puzzle,https://www.crazygames.com/game/daily-puzzle,698050,,354,,,2022,Puzzle,2026-10-08
crazygames,c/puzzle,44,Mahjong Tower,https://www.crazygames.com/game/mahjong-tower-2,2286850,,1089,,,2021,Puzzle,2026-10-08
crazygames,c/puzzle,45,Merge Haven,https://www.crazygames.com/game/merge-haven-fzh,993298,,6656,,,2026,Puzzle,2026-10-08
crazygames,c/puzzle,46,Park Town,https://www.crazygames.com/game/park-town,2945854,,3998,,,2025,Puzzle,2026-10-08
crazygames,c/puzzle,47,Block Champ,https://www.crazygames.com/game/block-champ,7419442,,1139,,,2020,Puzzle,2026-10-08
crazygames,c/puzzle,48,Hidden Objects: Island Secrets,https://www.crazygames.com/game/hidden-objects-island-secrets,484329,,2437,,,2026,Puzzle,2026-10-08
crazygames,c/puzzle,49,Magic School,https://www.crazygames.com/game/magic-school,594838,,3573,,,2026,Puzzle,2026-10-08
crazygames,c/puzzle,50,Butterfly Shimai,https://www.crazygames.com/game/butterfly-shimai,3326730,,834,,,2022,Puzzle,2026-10-08
crazygames,c/puzzle,51,Favorite Puzzles,https://www.crazygames.com/game/favorite-puzzles,3074709,,3087,,,2023,Puzzle,2026-10-08
crazygames,c/puzzle,52,Hidden Object: Street Of Secrets,https://www.crazygames.com/game/hidden-object-street-of-secrets,314401,,2142,,,2026,Puzzle,2026-10-08
crazygames,c/puzzle,53,Crab Cove : Pixel Puzzle,https://www.crazygames.com/game/crab-cove-pixel-puzzle,72778,,530,,,2026,Puzzle,2026-10-08
crazygames,c/puzzle,54,Clean The Supermarket,https://www.crazygames.com/game/clean-the-supermarket,195994,,2617,,,2026,Puzzle,2026-10-08
crazygames,c/puzzle,55,Tiles of the Simpsons,https://www.crazygames.com/game/tiles-of-the-simpsons,2837273,,699,,,2020,Puzzle,2026-10-08
crazygames,c/puzzle,56,Jewel Coloring: Crystal Sorting,https://www.crazygames.com/game/jewel-coloring-crystal-sorting,62887,,588,,,2026,Puzzle,2026-10-08
crazygames,c/puzzle,57,War Mahjong,https://www.crazygames.com/game/war-mahjong,2472270,,825,,,2021,Puzzle,2026-10-08
crazygames,c/puzzle,58,Tap 3D Wood Block Away,https://www.crazygames.com/game/tap-3d-wood-block-away,2735096,,2723,,,2025,Puzzle,2026-10-08
crazygames,c/puzzle,59,Mahjong Unlimited,https://www.crazygames.com/game/mahjong-unlimited,2134853,,2806,,,2024,Puzzle,2026-10-08
crazygames,c/puzzle,60,Cups - Water Sort Puzzle,https://www.crazygames.com/game/cups---water-sort-puzzle,5088237,,2427,,,2022,Puzzle,2026-10-08
crazygames,c/puzzle,41,Hidden Object: Clues and Mysteries,https://www.crazygames.com/game/hidden-object-clues-and-mysteries,729101,,1222,,,2025,Puzzle,2026-10-08
crazygames,c/puzzle,42,Zoo Boom,https://www.crazygames.com/game/zoo-boom,2312114,,307,,,2019,Puzzle,2026-10-08
crazygames,c/puzzle,43,Mahjong Connect 2 (Legacy),https://www.crazygames.com/game/mahjong-connect-2-2,488771,,274,,,2022,Puzzle,2026-10-08
crazygames,c/puzzle,44,Tap Away Story,https://www.crazygames.com/game/tile-away-story,252970,,1931,,,2026,Puzzle,2026-10-08
crazygames,c/puzzle,45,Spot the Diff: Drama Style,https://www.crazygames.com/game/spot-the-diff-drama-style-vrn,62138,,606,,,2026,Puzzle,2026-10-08
crazygames,c/puzzle,46,Find The Difference,https://www.crazygames.com/game/find-the-difference,2981053,,4750,,,2023,Puzzle,2026-10-08
crazygames,c/puzzle,47,My Castle: Merge & Story,https://www.crazygames.com/game/my-castle-merge-story,158679,,1118,,,2026,Puzzle,2026-10-08
crazygames,c/puzzle,48,Find Me: Lost Objects,https://www.crazygames.com/game/find-me-lost-objects,841297,,1412,,,2024,Puzzle,2026-10-08
crazygames,c/puzzle,49,Mahjong Gardens,https://www.crazygames.com/game/mahjong-gardens,438784,,254,,,2021,Puzzle,2026-10-08
crazygames,c/puzzle,50,Candy Riddles,https://www.crazygames.com/game/candy-riddles,3905748,,858,,,2020,Puzzle,2026-10-08
crazygames,c/puzzle,51,Color Match,https://www.crazygames.com/game/color-match-amg,20178460,,46118,,,2024,Puzzle,2026-10-08
crazygames,c/puzzle,52,Thief Puzzle,https://www.crazygames.com/game/thief-puzzle,62372309,,161125,,,2024,Puzzle,2026-10-08
crazygames,c/puzzle,53,Coffee Color Blocks,https://www.crazygames.com/game/coffee-color-blocks,444908,,1887,,,2026,Puzzle,2026-10-08
crazygames,c/puzzle,54,Merge Beach,https://www.crazygames.com/game/merge-beach,16385,,224,,,2026,Puzzle,2026-10-08
crazygames,c/puzzle,55,Mahjong Puzzle: Tile Match,https://www.crazygames.com/game/mahjong-puzzle-tile-match,581019,,1023,,,2025,Puzzle,2026-10-08
crazygames,c/puzzle,56,Jewel Academy,https://www.crazygames.com/game/jewel-academy,1104207,,405,,,2019,Puzzle,2026-10-08
crazygames,c/puzzle,57,Wizard Puppy: Magic Sort,https://www.crazygames.com/game/wizard-puppy-magic-sort,158633,,976,,,2026,Puzzle,2026-10-08
crazygames,c/puzzle,58,Celtic Mahjong Solitaire,https://www.crazygames.com/game/celtic-mahjong-solitaire,678690,,267,,,2021,Puzzle,2026-10-08
crazygames,c/puzzle,59,Merge Academy,https://www.crazygames.com/game/merge-academy,1047993,,357,,,2024,Puzzle,2026-10-08
crazygames,c/puzzle,60,2048 Merge Blocks,https://www.crazygames.com/game/2048-merge-blocks-vno,313599,,1200,,,2026,Puzzle,2026-10-08
crazygames,c/puzzle,61,Slime Works,https://www.crazygames.com/game/slime-works-cjj,127984,,487,,,2026,Puzzle,2026-10-08
crazygames,c/puzzle,62,Captain Blast,https://www.crazygames.com/game/captain-blast,211752,,1676,,,2026,Puzzle,2026-10-08
crazygames,c/puzzle,63,Portal Escape,https://www.crazygames.com/game/portal-escape,2610654,,11852,,,2025,Puzzle,2026-10-08
crazygames,c/puzzle,64,Parking Jam,https://www.crazygames.com/game/parking-jam-dqq,3441034,,3849,,,2025,Puzzle,2026-10-08
crazygames,c/puzzle,65,Mahjong Shanghai,https://www.crazygames.com/game/mahjong-shanghai-dynasty,981598,,646,,,2021,Puzzle,2026-10-08
crazygames,c/puzzle,66,Cake Sort Puzzle 3D,https://www.crazygames.com/game/cake-sort-puzzle-3d,1505775,,783,,,2024,Puzzle,2026-10-08
crazygames,c/puzzle,67,Fill The Fridge,https://www.crazygames.com/game/fill-the-fridge,4772419,,7678,,,2024,Puzzle,2026-10-08
crazygames,c/puzzle,68,Find It: Hidden Object Puzzle,https://www.crazygames.com/game/find-it-hidden-object-puzzle,249025,,659,,,2025,Puzzle,2026-10-08
crazygames,c/puzzle,69,Sudoku Online,https://www.crazygames.com/game/sudoku-szc,814989,,1053,,,2023,Puzzle,2026-10-08
crazygames,c/puzzle,70,Merge World,https://www.crazygames.com/game/merge-world,1015469,,927,,,2024,Puzzle,2026-10-08
crazygames,c/puzzle,71,Merge Home Mania,https://www.crazygames.com/game/merge-home-mania,37518,,398,,,2026,Puzzle,2026-10-08
crazygames,c/puzzle,72,Bridge Builder,https://www.crazygames.com/game/bridge-builder-eoi,3017703,,8458,,,2025,Puzzle,2026-10-08
crazygames,c/puzzle,73,Wood Blocks Jam,https://www.crazygames.com/game/wood-blocks-jam,565311,,625,,,2025,Puzzle,2026-10-08
crazygames,c/puzzle,74,Doodle Road,https://www.crazygames.com/game/doodle-road,25673597,,57508,,,2024,Puzzle,2026-10-08
crazygames,c/puzzle,75,Snake Out: Maze Escape,https://www.crazygames.com/game/snake-out-maze-escape,227896,,884,,,2026,Puzzle,2026-10-08
crazygames,c/puzzle,76,Runefall,https://www.crazygames.com/game/runefall,176338,,328,,,2025,Puzzle,2026-10-08
crazygames,c/puzzle,77,Puzzle Block Master,https://www.crazygames.com/game/puzzle-block-master,782918,,6683,,,2026,Puzzle,2026-10-08
crazygames,c/puzzle,78,Twisted Tangle,https://www.crazygames.com/game/twisted-tangle-nmt,1463614,,1727,,,2025,Puzzle,2026-10-08
crazygames,c/puzzle,79,Hidden Object: Detective Story,https://www.crazygames.com/game/hidden-object-detective-story,76134,,953,,,2026,Puzzle,2026-10-08
crazygames,c/puzzle,80,Merge Fantasy,https://www.crazygames.com/game/merge-fantasy,198601,,1318,,,2025,Puzzle,2026-10-08
crazygames,c/puzzle,81,Railway Bridge,https://www.crazygames.com/game/railway-bridge,408687,,3432,,,2026,Puzzle,2026-10-08
crazygames,c/puzzle,82,TenTrix,https://www.crazygames.com/game/tentrix,11239208,,1561,,,2018,Puzzle,2026-10-08
crazygames,c/puzzle,83,Blocks and that’s it,https://www.crazygames.com/game/block-tour-kfz,1136028,,3580,,,2025,Puzzle,2026-10-08
crazygames,c/puzzle,84,Northern Merge,https://www.crazygames.com/game/northern-lights,1088820,,820,,,2024,Puzzle,2026-10-08
crazygames,c/puzzle,85,Mahjong 3D Classic,https://www.crazygames.com/game/mahjong-3d-classic,621595,,418,,,2022,Puzzle,2026-10-08
crazygames,c/puzzle,86,City Blocks,https://www.crazygames.com/game/city-blocks,1775315,,1206,,,2021,Puzzle,2026-10-08
crazygames,c/puzzle,87,Scavenger Hunt - Multiplayer,https://www.crazygames.com/game/scavenger-hunt---multiplayer,342726,,302,,,2025,Puzzle,2026-10-08
crazygames,c/puzzle,88,Tap Fighter,https://www.crazygames.com/game/tap-fighter,110430,,2008,,,2026,Puzzle,2026-10-08
crazygames,c/puzzle,89,Color Screw Rescue Puzzle,https://www.crazygames.com/game/color-screw-rescue-puzzle-nfb,29355,,159,,,2026,Puzzle,2026-10-08
crazygames,c/puzzle,90,Color Cube Puzzle,https://www.crazygames.com/game/color-cube-puzzle,99301,,615,,,2026,Puzzle,2026-10-08
crazygames,c/puzzle,91,Snake Wiggle Master!,https://www.crazygames.com/game/snake-wiggle-master,99617,,474,,,2026,Puzzle,2026-10-08
crazygames,c/puzzle,92,Unscrew Drop: Satisfying Puzzle,https://www.crazygames.com/game/unscrew-drop-satisfying-puzzle,95315,,707,,,2026,Puzzle,2026-10-08
crazygames,c/puzzle,93,Sugar Heroes,https://www.crazygames.com/game/sugar-heroes,2131183,,397,,,2020,Puzzle,2026-10-08
crazygames,c/puzzle,94,Neko Sliding: Cat Puzzle,https://www.crazygames.com/game/neko-sliding-cat-puzzle,759269,,1240,,,2025,Puzzle,2026-10-08
crazygames,c/puzzle,95,Tap Out: Block Escape,https://www.crazygames.com/game/tap-out-block-escape,58219,,762,,,2026,Puzzle,2026-10-08
crazygames,c/puzzle,96,The Visitor,https://www.crazygames.com/game/the-visitor,5221029,,41384,,,2018,Puzzle,2026-10-08
crazygames,c/puzzle,97,Room Escape: Strange Case,https://www.crazygames.com/game/room-escape-strange-case,2231868,,4266,,,2023,Puzzle,2026-10-08
crazygames,c/puzzle,98,Block Puzzle,https://www.crazygames.com/game/block-puzzle,880544,,507,,,2021,Puzzle,2026-10-08
crazygames,c/puzzle,99,Knock Your Mind,https://www.crazygames.com/game/knock-your-mind,3298165,,21042,,,2026,Puzzle,2026-10-08
crazygames,c/puzzle,100,Mojo Match 3D,https://www.crazygames.com/game/mojo-match-3d,138996,,79,,,2025,Puzzle,2026-10-08
crazygames,c/shooting,1,BuildNow GG,https://www.crazygames.com/game/buildnow-gg,86982075,,167746,,,2021,Shooting,2026-10-08
crazygames,c/shooting,2,Hazmob FPS: Online Shooter,https://www.crazygames.com/game/hazmob-fps-online-shooter,50340086,,323972,,,2024,Shooting,2026-10-08
crazygames,c/shooting,3,Bullet Force,https://www.crazygames.com/game/bullet-force-multiplayer,62810895,,41075,,,2016,Shooting,2026-10-08
crazygames,c/shooting,4,SkillWarz,https://www.crazygames.com/game/skillwarz,35707432,,162587,,,2024,Shooting,2026-10-08
crazygames,c/shooting,5,BodyCamera Shooter,https://www.crazygames.com/game/bodycamera-shooter,14661576,,51195,,,2024,Shooting,2026-10-08
crazygames,c/shooting,6,Redcoats.io,https://www.crazygames.com/game/redcoats-io-rcr,3308200,,36327,,,2026,Shooting,2026-10-08
crazygames,c/shooting,7,Gridpunk - 3v3 Battle Royale,https://www.crazygames.com/game/gridpunk---3v3-battle-royale,6004506,,16707,,,2022,Shooting,2026-10-08
crazygames,c/shooting,8,Ships Battlefield 3D,https://www.crazygames.com/game/ships-battlefield-3d,1553725,,17227,,,2026,Shooting,2026-10-08
crazygames,c/shooting,9,Path of Survivor,https://www.crazygames.com/game/path-of-survivor,3791290,,47109,,,2025,Shooting,2026-10-08
crazygames,c/shooting,10,Fragen,https://www.crazygames.com/game/fragen,25512310,,160968,,,2025,Shooting,2026-10-08
crazygames,c/shooting,11,Time Shooter 2,https://www.crazygames.com/game/time-shooter-2,22350620,,14111,,,2022,Shooting,2026-10-08
crazygames,c/shooting,12,Kirka.io,https://www.crazygames.com/game/kirka-io,24448554,,26129,,,2021,Shooting,2026-10-08
crazygames,c/shooting,13,Combat Online 2,https://www.crazygames.com/game/combat-online-2,117964,,1747,,,2026,Shooting,2026-10-08
crazygames,c/shooting,14,Forward Assault Remix,https://www.crazygames.com/game/forward-assault,27809556,,21477,,,2019,Shooting,2026-10-08
crazygames,c/shooting,15,Soldiers - Capture and Control!,https://www.crazygames.com/game/soldiers---capture-and-control,1372088,,20276,,,2026,Shooting,2026-10-08
crazygames,c/shooting,16,Tanks 3D,https://www.crazygames.com/game/tanks-3d,3753868,,6379,,,2025,Shooting,2026-10-08
crazygames,c/shooting,17,Downtown 1930s Mafia,https://www.crazygames.com/game/downtown-1930s-mafia,15891707,,12919,,,2019,Shooting,2026-10-08
crazygames,c/shooting,18,Mazean,https://www.crazygames.com/game/mazean-com,2259815,,5832,,,2024,Shooting,2026-10-08
crazygames,c/shooting,19,Camo Sniper,https://www.crazygames.com/game/camo-sniper,1217330,,21728,,,2026,Shooting,2026-10-08
crazygames,c/shooting,20,Take Actions,https://www.crazygames.com/game/take-actions,4360352,,31404,,,2025,Shooting,2026-10-08
crazygames,c/shooting,21,Gunblood,https://www.crazygames.com/game/gunblood,4170971,,5350,,,2020,Shooting,2026-10-08
crazygames,c/shooting,22,Spectre Command- AC130 Simulator,https://www.crazygames.com/game/spectre-command--ac130-simulator,122953,,1667,,,2026,Shooting,2026-10-08
crazygames,c/shooting,23,Time Shooter 3: SWAT,https://www.crazygames.com/game/time-shooter-3-swat,13069151,,10705,,,2022,Shooting,2026-10-08
crazygames,c/shooting,24,Bulletstorm,https://www.crazygames.com/game/bulletstorm-zer,1319478,,4589,,,2025,Shooting,2026-10-08
crazygames,c/shooting,25,Horde Killer: You vs 100,https://www.crazygames.com/game/horde-killer-you-vs-100,8196654,,19114,,,2022,Shooting,2026-10-08
crazygames,c/shooting,26,Sniper Shot: Bullet Time,https://www.crazygames.com/game/sniper-shot-bullet-time,15390024,,28484,,,2022,Shooting,2026-10-08
crazygames,c/shooting,27,Bank Robbery 3,https://www.crazygames.com/game/bank-robbery-3,4102810,,10488,,,2023,Shooting,2026-10-08
crazygames,c/shooting,28,Assault Bots,https://www.crazygames.com/game/bot-machines,11011651,,8398,,,2020,Shooting,2026-10-08
crazygames,c/shooting,29,KS Z,https://www.crazygames.com/game/ks-z,1016783,,19620,,,2026,Shooting,2026-10-08
crazygames,c/shooting,30,Western Sniper,https://www.crazygames.com/game/western-sniper-ygk,1310826,,20980,,,2026,Shooting,2026-10-08
crazygames,c/shooting,31,Dead Zed,https://www.crazygames.com/game/dead-zed,6124828,,10766,,,2020,Shooting,2026-10-08
crazygames,c/shooting,32,Ghost Sniper,https://www.crazygames.com/game/ghost-sniper,4964549,,9836,,,2017,Shooting,2026-10-08
crazygames,c/shooting,33,Funny Shooter 2,https://www.crazygames.com/game/funny-shooter-2,7051582,,6350,,,2022,Shooting,2026-10-08
crazygames,c/shooting,34,Destructors Online,https://www.crazygames.com/game/destructors-online,439974,,10698,,,2026,Shooting,2026-10-08
crazygames,c/shooting,35,Imposter Battle Royale,https://www.crazygames.com/game/imposter-battle-royale,2776160,,11827,,,2021,Shooting,2026-10-08
crazygames,c/shooting,36,Masked Forces,https://www.crazygames.com/game/masked-forces,1327861,,1817,,,2017,Shooting,2026-10-08
crazygames,c/shooting,37,Sniper Assassin - Government Agent,https://www.crazygames.com/game/sniper-assassin-government-agent,4919145,,28371,,,2020,Shooting,2026-10-08
crazygames,c/shooting,38,Sniper Team 3,https://www.crazygames.com/game/sniper-team-3,638389,,2566,,,2025,Shooting,2026-10-08
crazygames,c/shooting,39,Bit Gun.io,https://www.crazygames.com/game/bit-gun-io,2263665,,4605,,,2025,Shooting,2026-10-08
crazygames,c/shooting,40,Mine Shooter 3D,https://www.crazygames.com/game/mine-shooter-3d,1373494,,10164,,,2025,Shooting,2026-10-08
crazygames,c/shooting,41,One Shot Duel: Snipe & Hide,https://www.crazygames.com/game/one-shot-duel-snipe-hide,125179,,2135,,,2026,Shooting,2026-10-08
crazygames,c/shooting,42,Battle of the Soldiers: Red vs Blue,https://www.crazygames.com/game/battle-of-the-soldiers-red-vs-blue,1100265,,5859,,,2025,Shooting,2026-10-08
crazygames,c/shooting,43,Wild Hunter 3D,https://www.crazygames.com/game/wild-hunter-3d,5279632,,11061,,,2024,Shooting,2026-10-08
crazygames,c/shooting,44,Javelin Fighting,https://www.crazygames.com/game/javelin-fighting,1238988,,6476,,,2018,Shooting,2026-10-08
crazygames,c/shooting,45,Grand Escape: Prison,https://www.crazygames.com/game/grand-escape-prison,1198968,,3911,,,2025,Shooting,2026-10-08
crazygames,c/shooting,46,FNaF Shooter,https://www.crazygames.com/game/fnaf-shooter,3726774,,9163,,,2022,Shooting,2026-10-08
crazygames,c/shooting,47,Paintball King,https://www.crazygames.com/game/paintball-king,1154640,,3219,,,2023,Shooting,2026-10-08
crazygames,c/shooting,48,Mine Shooter: Save Your World,https://www.crazygames.com/game/mine-shooter---save-your-world,4776076,,8849,,,2022,Shooting,2026-10-08
crazygames,c/shooting,49,Stickman Strike Force: Online FPS,https://www.crazygames.com/game/stickman-strike-force-online-fps,51673,,1362,,,2026,Shooting,2026-10-08
crazygames,c/shooting,50,Alien Attack,https://www.crazygames.com/game/alien-attack-zad,44099,,1183,,,2026,Shooting,2026-10-08
crazygames,c/shooting,51,Elite Sniper,https://www.crazygames.com/game/elite-sniper,1970679,,2456,,,2019,Shooting,2026-10-08
crazygames,c/shooting,52,The Battleground,https://www.crazygames.com/game/the-battleground,2946756,,32704,,,2025,Shooting,2026-10-08
crazygames,c/shooting,53,Sniper Mission,https://www.crazygames.com/game/sniper-mission-blj,13868244,,24845,,,2023,Shooting,2026-10-08
crazygames,c/shooting,54,Flakmeister,https://www.crazygames.com/game/flakmeister,2148714,,3585,,,2019,Shooting,2026-10-08
crazygames,c/shooting,55,Night Signal,https://www.crazygames.com/game/night-signal,5889,,243,,,2026,Shooting,2026-10-08
crazygames,c/shooting,56,Pixel Apocalypse: Infection Begin,https://www.crazygames.com/game/pixel-apocalypse-infection-begin,471464,,210,,,2019,Shooting,2026-10-08
crazygames,c/shooting,57,Crazy Pixel Apocalypse 3,https://www.crazygames.com/game/crazy-pixel-apocalypse-3,211701,,104,,,2019,Shooting,2026-10-08
crazygames,c/shooting,58,Crazy Pixel Apocalypse 2,https://www.crazygames.com/game/crazy-pixel-apocalypse-2,119098,,123,,,2018,Shooting,2026-10-08
crazygames,c/shooting,59,Pixel Hero Warfare,https://www.crazygames.com/game/pixel-hero-warfare,657110,,155,,,2018,Shooting,2026-10-08
crazygames,c/shooting,60,Jungle Deer Hunting,https://www.crazygames.com/game/jungle-deer-hunting,1131105,,2991,,,2024,Shooting,2026-10-08
crazygames,c/shooting,41,Death City Zombie Invasion,https://www.crazygames.com/game/death-city-zombie-invasion-liq,2014757,,5589,,,2024,Shooting,2026-10-08
crazygames,c/shooting,42,SWAT Cats,https://www.crazygames.com/game/swat-cats,104044,,2750,,,2025,Shooting,2026-10-08
crazygames,c/shooting,43,Command Strike FPS,https://www.crazygames.com/game/command-strike-fps-iqh,7080905,,20772,,,2025,Shooting,2026-10-08
crazygames,c/shooting,44,SNIPER,https://www.crazygames.com/game/sniper,1914374,,4352,,,2020,Shooting,2026-10-08
crazygames,c/shooting,45,Zombies Shooter: Part 2,https://www.crazygames.com/game/zombies-shooter-part-2,2096515,,1887,,,2022,Shooting,2026-10-08
crazygames,c/shooting,46,Night Of The Living Dread,https://www.crazygames.com/game/night-of-the-living-dread-nhc,42077,,936,,,2026,Shooting,2026-10-08
crazygames,c/shooting,47,Dogfight,https://www.crazygames.com/game/dogfight-ijs,2215284,,3051,,,2024,Shooting,2026-10-08
crazygames,c/shooting,48,CS: Chaos Squad,https://www.crazygames.com/game/cs-chaos-squad,3631154,,17133,,,2025,Shooting,2026-10-08
crazygames,c/shooting,49,Muscle Gun.IO,https://www.crazygames.com/game/muscle-gun-io,1997211,,7410,,,2024,Shooting,2026-10-08
crazygames,c/shooting,50,Max vs Gangsters,https://www.crazygames.com/game/max-vs-gangsters,1625594,,3396,,,2023,Shooting,2026-10-08
crazygames,c/shooting,51,Mine Shooter 2: Noob vs Mobs,https://www.crazygames.com/game/mine-shooter-2-noob-vs-mobs,1426901,,9639,,,2025,Shooting,2026-10-08
crazygames,c/shooting,52,Winter Clash 3D,https://www.crazygames.com/game/winter-clash-3d,15276376,,6113,,,2019,Shooting,2026-10-08
crazygames,c/shooting,53,Special Ops: GO,https://www.crazygames.com/game/special-ops-go,282343,,6189,,,2026,Shooting,2026-10-08
crazygames,c/shooting,54,Pixel Combat: Zombies Strike,https://www.crazygames.com/game/pixel-combat-zombies-strike,1682945,,5554,,,2025,Shooting,2026-10-08
crazygames,c/shooting,55,Drunken Duel 2,https://www.crazygames.com/game/drunken-duel-2,6672253,,7297,,,2020,Shooting,2026-10-08
crazygames,c/shooting,56,Chicken Strike,https://www.crazygames.com/game/chicken-strike-hfm,249689,,4416,,,2025,Shooting,2026-10-08
crazygames,c/shooting,57,Apple Shooter,https://www.crazygames.com/game/apple-shooter,2187552,,2124,,,2024,Shooting,2026-10-08
crazygames,c/shooting,58,SuperHot,https://www.crazygames.com/game/super-hot,1725440,,3064,,,2019,Shooting,2026-10-08
crazygames,c/shooting,59,Stickman Prison: Counter Assault,https://www.crazygames.com/game/stickman-prison-counter-assault,6444409,,2616,,,2019,Shooting,2026-10-08
crazygames,c/shooting,60,Attack of Duty,https://www.crazygames.com/game/attack-of-duty,2420661,,5792,,,2024,Shooting,2026-10-08
crazygames,c/shooting,61,Zom Strike,https://www.crazygames.com/game/zom-strike-vvq,291863,,975,,,2025,Shooting,2026-10-08
crazygames,c/shooting,62,Crazy Combat,https://www.crazygames.com/game/crazy-combat,522822,,1058,,,2023,Shooting,2026-10-08
crazygames,c/shooting,63,Bank Robbery,https://www.crazygames.com/game/bank-robbery,3694778,,3378,,,2022,Shooting,2026-10-08
crazygames,c/shooting,64,Zombies Shooter,https://www.crazygames.com/game/zombies-shooter-part-1,1537350,,2101,,,2022,Shooting,2026-10-08
crazygames,c/shooting,65,Monster Shooter Apocalypse,https://www.crazygames.com/game/monster-shooter-apocalypse,2592481,,2583,,,2022,Shooting,2026-10-08
crazygames,c/shooting,66,Zomblox,https://www.crazygames.com/game/zomblox-mzc,2168219,,5767,,,2025,Shooting,2026-10-08
crazygames,c/shooting,67,Subway Clash Remastered,https://www.crazygames.com/game/subway-clash-remastered,8946879,,1443,,,2019,Shooting,2026-10-08
crazygames,c/shooting,68,Pixel World,https://www.crazygames.com/game/pixel-world-uyv,312934,,6333,,,2026,Shooting,2026-10-08
crazygames,c/shooting,69,Time Shooter,https://www.crazygames.com/game/time-shooter,1955069,,2335,,,2022,Shooting,2026-10-08
crazygames,c/shooting,70,Lethal Sniper 3D: Army Soldier,https://www.crazygames.com/game/lethal-sniper-3d-army-soldier,1072075,,1120,,,2019,Shooting,2026-10-08
crazygames,c/shooting,71,Grandfather Road Chase: Shooter,https://www.crazygames.com/game/grandfather-road-chase-realistic-shooter,3641630,,1794,,,2024,Shooting,2026-10-08
crazygames,c/shooting,72,Funny Shooter - Destroy All,https://www.crazygames.com/game/funny-shooter---destroy-all,4678436,,4758,,,2022,Shooting,2026-10-08
crazygames,c/shooting,73,Ninja Clash Heroes,https://www.crazygames.com/game/ninja-clash-heroes,5125827,,2983,,,2020,Shooting,2026-10-08
crazygames,c/shooting,74,Dino Hunting Jurassic World,https://www.crazygames.com/game/dino-hunting-jurassic-world,761206,,3478,,,2024,Shooting,2026-10-08
crazygames,c/shooting,75,Chicken CS,https://www.crazygames.com/game/chicken-cs,864611,,2749,,,2024,Shooting,2026-10-08
crazygames,c/shooting,76,Metal Guns Fury,https://www.crazygames.com/game/metal-guns-fury,1426855,,4207,,,2019,Shooting,2026-10-08
crazygames,c/shooting,77,Arsenal Online,https://www.crazygames.com/game/arsenal-online,840557,,1741,,,2023,Shooting,2026-10-08
crazygames,c/shooting,78,Airport Clash 3D,https://www.crazygames.com/game/airport-clash-3d,4289817,,1500,,,2019,Shooting,2026-10-08
crazygames,c/shooting,79,Sniper Attack 3D: Shooting War,https://www.crazygames.com/game/sniper-attack-3d-shooting-war,519266,,687,,,2023,Shooting,2026-10-08
crazygames,c/shooting,80,Cry Islands,https://www.crazygames.com/game/cry-islands,716158,,1066,,,2020,Shooting,2026-10-08
crazygames,c/shooting,81,Toilets Worms Shooter,https://www.crazygames.com/game/toilets-worms-shooter,1343985,,1410,,,2023,Shooting,2026-10-08
crazygames,c/shooting,82,Stickman and Guns,https://www.crazygames.com/game/stickman-and-guns,1142262,,3330,,,2025,Shooting,2026-10-08
crazygames,c/shooting,83,WorldZ,https://www.crazygames.com/game/worldz,3466396,,1582,,,2017,Shooting,2026-10-08
crazygames,c/shooting,84,The Range 3D,https://www.crazygames.com/game/the-range-3d,268385,,739,,,2023,Shooting,2026-10-08
crazygames,c/shooting,85,Starbase Gunship,https://www.crazygames.com/game/starbase-gunship,248388,,598,,,2021,Shooting,2026-10-08
crazygames,c/shooting,86,Tanks Battlefield: Desert,https://www.crazygames.com/game/tanks-battlefield-desert,751948,,678,,,2018,Shooting,2026-10-08
crazygames,c/shooting,87,Hammer 2,https://www.crazygames.com/game/hammer-2,321304,,1342,,,2016,Shooting,2026-10-08
crazygames,c/shooting,88,Bank Robbery 2,https://www.crazygames.com/game/bank-robbery-2,1378493,,2145,,,2022,Shooting,2026-10-08
crazygames,c/shooting,89,City of Psychos,https://www.crazygames.com/game/city-of-psychos,755715,,1577,,,2022,Shooting,2026-10-08
crazygames,c/shooting,90,Battle Royale Survival,https://www.crazygames.com/game/battle-royale-survival,849272,,1112,,,2018,Shooting,2026-10-08
crazygames,c/shooting,91,Sniper Clash 3D,https://www.crazygames.com/game/sniper-clash-3d,2579347,,497,,,2019,Shooting,2026-10-08
crazygames,c/shooting,92,Crazy Pixel Apocalypse,https://www.crazygames.com/game/crazy-pixel-apocalypse,5829308,,719,,,2018,Shooting,2026-10-08
crazygames,c/shooting,93,Secret Agent James,https://www.crazygames.com/game/gangster-contract-mafia-wars,1780550,,828,,,2018,Shooting,2026-10-08
crazygames,c/shooting,94,Online Robot Royale,https://www.crazygames.com/game/online-robot-royale,322493,,1116,,,2025,Shooting,2026-10-08
crazygames,c/shooting,95,Seek and Destroy,https://www.crazygames.com/game/seek-and-destroy,1237454,,685,,,2019,Shooting,2026-10-08
crazygames,c/shooting,96,Casino Robbery,https://www.crazygames.com/game/casino-robbery,648469,,1435,,,2023,Shooting,2026-10-08
crazygames,c/shooting,97,Tower Archer,https://www.crazygames.com/game/tower-archer,175884,,296,,,2018,Shooting,2026-10-08
crazygames,c/shooting,98,War V: Survivor,https://www.crazygames.com/game/war-v-survivor,734991,,1718,,,2025,Shooting,2026-10-08
crazygames,c/shooting,99,Shoot First Fast: Gun Duel,https://www.crazygames.com/game/western-shooter-battle-gun-duel,865026,,748,,,2024,Shooting,2026-10-08
crazygames,c/shooting,100,Slenderman Must Die: Underground Bunker,https://www.crazygames.com/game/slenderman-must-die-underground-bunker,582520,,973,,,2021,Shooting,2026-10-08
crazygames,c/sports,1,8 Ball Billiards Classic,https://www.crazygames.com/game/8-ball-billiards-classic,63887351,,32548,,,2018,Sports,2026-10-08
crazygames,c/sports,2,8 Ball Pool Billiards Multiplayer,https://www.crazygames.com/game/8-ball-pool-billiards-multiplayer,23273239,,79158,,,2024,Sports,2026-10-08
crazygames,c/sports,3,8 Ball Pool,https://www.crazygames.com/game/8-ball-pool-wyr,19257158,,130325,,,,Sports,2026-10-08
crazygames,c/sports,4,Mini Golf Club,https://www.crazygames.com/game/mini-golf-club,19297470,,23259,,,2021,Sports,2026-10-08
crazygames,c/sports,5,2 Minute Football QB Legend,https://www.crazygames.com/game/qb-legend,3014765,,6309,,,2025,Sports,2026-10-08
crazygames,c/sports,6,Unmatched Ego 2,https://www.crazygames.com/game/unmatched-ego-2,2007190,,30977,,,2026,Sports,2026-10-08
crazygames,c/sports,7,Crazy Flips 3D,https://www.crazygames.com/game/crazy-flips-3d,28328954,,24789,,,2021,Sports,2026-10-08
crazygames,c/sports,8,Basket Random,https://www.crazygames.com/game/basket-random,40548179,,51639,,,2020,Sports,2026-10-08
crazygames,c/sports,9,Basketball Stars,https://www.crazygames.com/game/basketball-stars-2019,50271136,,54796,,,2019,Sports,2026-10-08
crazygames,c/sports,10,Golf Orbit,https://www.crazygames.com/game/golf-orbit,20583998,,21712,,,2024,Sports,2026-10-08
crazygames,c/sports,11,Football is Life,https://www.crazygames.com/game/football-is-life,176511,,4105,,,2026,Sports,2026-10-08
crazygames,c/sports,12,Table Tennis World Tour,https://www.crazygames.com/game/table-tennis-world-tour,31234129,,40677,,,2017,Sports,2026-10-08
crazygames,c/sports,13,Baseball,https://www.crazygames.com/game/baseball,3599375,,10368,,,2021,Sports,2026-10-08
crazygames,c/sports,14,BasketBros,https://www.crazygames.com/game/basketbros,13938142,,10113,,,2020,Sports,2026-10-08
crazygames,c/sports,15,The Speedy Golf,https://www.crazygames.com/game/speedy-golf,3485068,,2345,,,2020,Sports,2026-10-08
crazygames,c/sports,16,Soccer Lat: 3D Football Online,https://www.crazygames.com/game/soccer-lat-3d-football-online,198700,,3159,,,2026,Sports,2026-10-08
crazygames,c/sports,17,Tap-Tap Shots,https://www.crazygames.com/game/tap-tap-shots,40085741,,11857,,,2019,Sports,2026-10-08
crazygames,c/sports,18,Unmatched Basketball,https://www.crazygames.com/game/unmatched-basketball,2893792,,15805,,,2025,Sports,2026-10-08
crazygames,c/sports,19,Goal Gang,https://www.crazygames.com/game/goal-gang,2224790,,41925,,,2026,Sports,2026-10-08
crazygames,c/sports,20,Cozy Golf,https://www.crazygames.com/game/cozy-golf,1547835,,4381,,,2025,Sports,2026-10-08
crazygames,c/sports,21,Punchers,https://www.crazygames.com/game/punchers,9320567,,11091,,,2020,Sports,2026-10-08
crazygames,c/sports,22,Base Jump Wing Suit Flying,https://www.crazygames.com/game/base-jump-wing-suit-flying,785528,,4258,,,2023,Sports,2026-10-08
crazygames,c/sports,23,3D Bowling,https://www.crazygames.com/game/3d-bowling,4063547,,1231,,,2018,Sports,2026-10-08
crazygames,c/sports,24,9 Ball Pool Online Multiplayer,https://www.crazygames.com/game/9-ball-pool-online-multiplayer,510517,,3737,,,2026,Sports,2026-10-08
crazygames,c/sports,25,Snooker,https://www.crazygames.com/game/snooker,870138,,3594,,,2026,Sports,2026-10-08
crazygames,c/sports,26,Ragdoll Soccer 2 Players,https://www.crazygames.com/game/ragdoll-soccer-2-players,6437719,,20161,,,2024,Sports,2026-10-08
crazygames,c/sports,27,ESPN Arcade Baseball,https://www.crazygames.com/game/espn-arcade-baseball,3334636,,3428,,,2016,Sports,2026-10-08
crazygames,c/sports,28,Wrestle Bros,https://www.crazygames.com/game/wrestle-bros,10777478,,20919,,,2023,Sports,2026-10-08
crazygames,c/sports,29,Basketball Legends 2020,https://www.crazygames.com/game/basketball-legends-2020,12178832,,7070,,,2020,Sports,2026-10-08
crazygames,c/sports,30,Big Hit Football,https://www.crazygames.com/game/big-hit-football,718461,,2351,,,2025,Sports,2026-10-08
crazygames,c/sports,31,Soccer Legends 2026,https://www.crazygames.com/game/soccer-legends-2021,34072268,,27994,,,2021,Sports,2026-10-08
crazygames,c/sports,32,Axis Football League,https://www.crazygames.com/game/axis-football-league,1157841,,663,,,,Sports,2026-10-08
crazygames,c/sports,33,Hotfoot Baseball,https://www.crazygames.com/game/hotfoot-baseball,2655026,,8041,,,2025,Sports,2026-10-08
crazygames,c/sports,34,Classic Bowling,https://www.crazygames.com/game/classic-bowling,2940841,,4612,,,2016,Sports,2026-10-08
crazygames,c/sports,35,Unmatched Ego,https://www.crazygames.com/game/unmatched-ego---soccer-action,7604976,,38701,,,2025,Sports,2026-10-08
crazygames,c/sports,36,Archery World Tour,https://www.crazygames.com/game/archery-world-tour,6854376,,10266,,,2018,Sports,2026-10-08
crazygames,c/sports,37,Return Man 2,https://www.crazygames.com/game/return-man-2,2393777,,2518,,,2017,Sports,2026-10-08
crazygames,c/sports,38,Pool Club,https://www.crazygames.com/game/pool-club,2776956,,761,,,2019,Sports,2026-10-08
crazygames,c/sports,39,Hoop World 3D,https://www.crazygames.com/game/hoop-world-3d,3263191,,13520,,,2024,Sports,2026-10-08
crazygames,c/sports,40,Billiards,https://www.crazygames.com/game/billiards,2791291,,2399,,,2021,Sports,2026-10-08
crazygames,c/sports,41,Darts Club,https://www.crazygames.com/game/darts-club,1413513,,4353,,,2024,Sports,2026-10-08
crazygames,c/sports,42,Drunken Boxing,https://www.crazygames.com/game/drunken-boxers,6537963,,13331,,,2016,Sports,2026-10-08
crazygames,c/sports,43,Soccer Random,https://www.crazygames.com/game/soccer-random,16887903,,20086,,,2020,Sports,2026-10-08
crazygames,c/sports,44,Basketball Superstars,https://www.crazygames.com/game/basketball-superstars,7337429,,12937,,,2025,Sports,2026-10-08
crazygames,c/sports,45,Free Kick Classic (3D Free Kick),https://www.crazygames.com/game/free-kick-classic,25540481,,36953,,,2018,Sports,2026-10-08
crazygames,c/sports,46,Tennis Masters,https://www.crazygames.com/game/tennis-masters,9075547,,7140,,,2020,Sports,2026-10-08
crazygames,c/sports,47,Sprinter,https://www.crazygames.com/game/sprinter,2127288,,2873,,,2017,Sports,2026-10-08
crazygames,c/sports,48,Cornhole League,https://www.crazygames.com/game/cornhole-league---board-games,920521,,2308,,,2025,Sports,2026-10-08
crazygames,c/sports,49,7a0 - World Cup Simulator,https://www.crazygames.com/game/7-0-cup-run,688317,,6871,,,,Sports,2026-10-08
crazygames,c/sports,50,CG FC 26,https://www.crazygames.com/game/cg-fc-24,11775763,,59105,,,2024,Sports,2026-10-08
crazygames,c/sports,51,Riders Downhill Racing,https://www.crazygames.com/game/riders-downhill-racing,2698498,,15506,,,2024,Sports,2026-10-08
crazygames,c/sports,52,Mini Putt,https://www.crazygames.com/game/mini-putt,1075952,,1097,,,2019,Sports,2026-10-08
crazygames,c/sports,53,Goalkeeper Wiz,https://www.crazygames.com/game/goalkeeper-wiz,3719476,,17391,,,2022,Sports,2026-10-08
crazygames,c/sports,54,International Cup Football 2026,https://www.crazygames.com/game/international-cup-football-2026,578858,,5985,,,2026,Sports,2026-10-08
crazygames,c/sports,55,Kick It – Fun Soccer Game,https://www.crazygames.com/game/kick-it---fun-soccer-game,1872911,,23162,,,2026,Sports,2026-10-08
crazygames,c/sports,56,Golf Mania,https://www.crazygames.com/game/golf-mania,696264,,882,,,2025,Sports,2026-10-08
crazygames,c/sports,57,Air Hockey Cup,https://www.crazygames.com/game/air-hockey-cup,812542,,807,,,2024,Sports,2026-10-08
crazygames,c/sports,58,Soccer Bros,https://www.crazygames.com/game/soccer-bros,4344851,,6957,,,2024,Sports,2026-10-08
crazygames,c/sports,59,Penalty Shooters 2,https://www.crazygames.com/game/penalty-shooters-2,10336452,,21608,,,2018,Sports,2026-10-08
crazygames,c/sports,60,100 Meters Race,https://www.crazygames.com/game/100-meters-race,1854628,,2950,,,2019,Sports,2026-10-08
crazygames,c/sports,41,Basketball Skills,https://www.crazygames.com/game/basketball-skills,5617965,,3584,,,2019,Sports,2026-10-08
crazygames,c/sports,42,Boxing Random,https://www.crazygames.com/game/boxing-random,7475213,,7994,,,2021,Sports,2026-10-08
crazygames,c/sports,43,Smash Badminton,https://www.crazygames.com/game/smash-badminton,1732579,,19426,,,2026,Sports,2026-10-08
crazygames,c/sports,44,Volley Random,https://www.crazygames.com/game/volley-random,7841192,,8400,,,2021,Sports,2026-10-08
crazygames,c/sports,45,Playing Soccer,https://www.crazygames.com/game/playing-soccer-vaa,1821586,,20456,,,2026,Sports,2026-10-08
crazygames,c/sports,46,Pro Bowling 3D,https://www.crazygames.com/game/pro-bowling,957653,,235,,,2019,Sports,2026-10-08
crazygames,c/sports,47,Sports Hero,https://www.crazygames.com/game/sports-hero,1505514,,2805,,,2016,Sports,2026-10-08
crazygames,c/sports,48,Cue Billiard Club,https://www.crazygames.com/game/cue-billiard-club,3543278,,1892,,,2022,Sports,2026-10-08
crazygames,c/sports,49,Baseball Pro,https://www.crazygames.com/game/baseball-pro,1251864,,1222,,,2019,Sports,2026-10-08
crazygames,c/sports,50,Blast Billiards 4,https://www.crazygames.com/game/blast-billiards-4,1106827,,479,,,2022,Sports,2026-10-08
crazygames,c/sports,51,Mafia Billiard Tricks,https://www.crazygames.com/game/mafia-billiard-tricks,1629329,,1191,,,2019,Sports,2026-10-08
crazygames,c/sports,52,CarBall.io,https://www.crazygames.com/game/carball-io,3672312,,4155,,,2024,Sports,2026-10-08
crazygames,c/sports,53,Pill Soccer,https://www.crazygames.com/game/pill-soccer,3404280,,2813,,,2020,Sports,2026-10-08
crazygames,c/sports,54,Pool Hustlers,https://www.crazygames.com/game/pool-hustlers,652905,,685,,,2024,Sports,2026-10-08
crazygames,c/sports,55,Basket Battle,https://www.crazygames.com/game/basket-battle-zmg,4411036,,12491,,,2025,Sports,2026-10-08
crazygames,c/sports,56,4th and Goal 2019,https://www.crazygames.com/game/4th-and-goal-2019,839513,,351,,,2020,Sports,2026-10-08
crazygames,c/sports,57,Basketball Clash,https://www.crazygames.com/game/basketball-clash,697572,,2052,,,2023,Sports,2026-10-08
crazygames,c/sports,58,Power Badminton,https://www.crazygames.com/game/power-badminton,3440237,,7212,,,2018,Sports,2026-10-08
crazygames,c/sports,59,Super Bowling Mania,https://www.crazygames.com/game/super-bowling-mania,464094,,3007,,,2026,Sports,2026-10-08
crazygames,c/sports,60,putt.day,https://www.crazygames.com/game/putt-day,60947,,619,,,2026,Sports,2026-10-08
crazygames,c/sports,61,Billiards Pool 8,https://www.crazygames.com/game/billiards-pool-8,2610075,,2772,,,2019,Sports,2026-10-08
crazygames,c/sports,62,Bowling Champion,https://www.crazygames.com/game/bowling-champion,167047,,179,,,2023,Sports,2026-10-08
crazygames,c/sports,63,Puppet Soccer 2026 Football,https://www.crazygames.com/game/puppet-soccer-2026-football,103813,,1915,,,2026,Sports,2026-10-08
crazygames,c/sports,64,9 Ball Pool,https://www.crazygames.com/game/9-ball-pool-lvb,60333,,490,,,2026,Sports,2026-10-08
crazygames,c/sports,65,Tanuki Sunset,https://www.crazygames.com/game/tanuki-sunset,484379,,1092,,,2019,Sports,2026-10-08
crazygames,c/sports,66,Penalty Shooters 3,https://www.crazygames.com/game/penalty-shooters-3,6052539,,10948,,,2023,Sports,2026-10-08
crazygames,c/sports,67,Parkour First-Person,https://www.crazygames.com/game/parkour-first-person,1318168,,3312,,,2022,Sports,2026-10-08
crazygames,c/sports,68,Soccer Heads,https://www.crazygames.com/game/sports-heads-soccer,1929151,,924,,,2022,Sports,2026-10-08
crazygames,c/sports,69,Real Football,https://www.crazygames.com/game/real-football-bac,811735,,10632,,,2026,Sports,2026-10-08
crazygames,c/sports,70,A Small World Cup,https://www.crazygames.com/game/a-small-world-cup-snk,1165757,,3693,,,2024,Sports,2026-10-08
crazygames,c/sports,71,Cricket Smash 3D,https://www.crazygames.com/game/cricket-smash-3d,92463,,1317,,,2026,Sports,2026-10-08
crazygames,c/sports,72,Fabby Golf!,https://www.crazygames.com/game/fabby-golf,344217,,323,,,2022,Sports,2026-10-08
crazygames,c/sports,73,Foot Battle Ball,https://www.crazygames.com/game/foot-battle-ball,2830572,,7677,,,2025,Sports,2026-10-08
crazygames,c/sports,74,Grow in the Hole,https://www.crazygames.com/game/grow-in-the-hole,132370,,178,,,2019,Sports,2026-10-08
crazygames,c/sports,75,Boxing Stars,https://www.crazygames.com/game/boxing-stars,808207,,1142,,,2021,Sports,2026-10-08
crazygames,c/sports,76,Hill Climb on Moto Bike,https://www.crazygames.com/game/hill-climb-on-moto-bike,1035748,,1524,,,2023,Sports,2026-10-08
crazygames,c/sports,77,The Best Russian Billiards,https://www.crazygames.com/game/the-best-russian-billiards,556436,,1464,,,2023,Sports,2026-10-08
crazygames,c/sports,78,Mini Car Ball,https://www.crazygames.com/game/mini-car-ball,1614960,,2200,,,2024,Sports,2026-10-08
crazygames,c/sports,79,Basket Champs,https://www.crazygames.com/game/basket-champs,1063096,,976,,,2016,Sports,2026-10-08
crazygames,c/sports,80,Soccer Masters: Euro 2020,https://www.crazygames.com/game/soccer-masters-euro-2020,5764921,,2242,,,2019,Sports,2026-10-08
crazygames,c/sports,81,Basket Slam Dunk 2,https://www.crazygames.com/game/basket-slam-dunk-2,1391831,,686,,,2020,Sports,2026-10-08
crazygames,c/sports,82,World Cup Penalty,https://www.crazygames.com/game/world-cup-penalty,1082632,,2162,,,2020,Sports,2026-10-08
crazygames,c/sports,83,Cricket World Cup,https://www.crazygames.com/game/cricket-world-cup,4179435,,10877,,,2019,Sports,2026-10-08
crazygames,c/sports,84,Mini-Caps: Soccer,https://www.crazygames.com/game/mini-caps-soccer,1316794,,2123,,,2023,Sports,2026-10-08
crazygames,c/sports,85,Sportia Football Cup,https://www.crazygames.com/game/sportia-football-cup,138336,,4389,,,2026,Sports,2026-10-08
crazygames,c/sports,86,Pixel Cup 26,https://www.crazygames.com/game/pixel-cup-26,24943,,657,,,2026,Sports,2026-10-08
crazygames,c/sports,87,Basketball League,https://www.crazygames.com/game/basketball-league,688008,,1157,,,2023,Sports,2026-10-08
crazygames,c/sports,88,Kick Soccer Hero,https://www.crazygames.com/game/kick-football-herosoccer-game,1763482,,5840,,,2025,Sports,2026-10-08
crazygames,c/sports,89,Jump Up 3D,https://www.crazygames.com/game/jump-up-3d-basketball-game,1413778,,438,,,2023,Sports,2026-10-08
crazygames,c/sports,90,Archery Master,https://www.crazygames.com/game/archery-master,791436,,716,,,2022,Sports,2026-10-08
crazygames,c/sports,91,Basket Swooshes Plus,https://www.crazygames.com/game/basket-swooshes-plus,873732,,626,,,2020,Sports,2026-10-08
crazygames,c/sports,92,BilliardX,https://www.crazygames.com/game/billiardx,118141,,1575,,,2026,Sports,2026-10-08
crazygames,c/sports,93,Beach Ball,https://www.crazygames.com/game/beach-ball,216719,,865,,,2023,Sports,2026-10-08
crazygames,c/sports,94,Stickman Tennis 3D,https://www.crazygames.com/game/stickman-tennis-3d,1372037,,1595,,,2019,Sports,2026-10-08
crazygames,c/sports,95,Cricket Superstar League,https://www.crazygames.com/game/cricket-superstar-league,3138582,,4967,,,2019,Sports,2026-10-08
crazygames,c/sports,96,Basketball Shot,https://www.crazygames.com/game/basketball-shot,147492,,590,,,2025,Sports,2026-10-08
crazygames,c/sports,97,Penalty Rivals,https://www.crazygames.com/game/penalty-rivals,2014698,,3564,,,2023,Sports,2026-10-08
crazygames,c/sports,98,Jump Up 3D: Mini Basketball,https://www.crazygames.com/game/jump-up-3d-mini-basketball,416398,,524,,,2024,Sports,2026-10-08
crazygames,c/sports,99,Foosball 3D,https://www.crazygames.com/game/foosball-3d,1156602,,1002,,,2022,Sports,2026-10-08
crazygames,c/sports,100,Bicycle Kick Champ,https://www.crazygames.com/game/bicycle-kick-champ,2373444,,6279,,,2021,Sports,2026-10-08
crazygames,c/io,1,Bloxd.io,https://www.crazygames.com/game/bloxdhop-io,477625212,,1241846,,,2021,.io,2026-10-08
crazygames,c/io,2,Openfront,https://www.crazygames.com/game/openfront-gsw,12761055,,132525,,,2026,.io,2026-10-08
crazygames,c/io,3,Veck.io,https://www.crazygames.com/game/veck-io,65782281,,644296,,,2025,.io,2026-10-08
crazygames,c/io,4,FrontWars.io,https://www.crazygames.com/game/frontwars-io,10070455,,218085,,,2025,.io,2026-10-08
crazygames,c/io,5,Smash Karts,https://www.crazygames.com/game/smash-karts,102624729,,141290,,,2020,.io,2026-10-08
crazygames,c/io,6,Miniblox,https://www.crazygames.com/game/miniblox,42554018,,77120,,,2024,.io,2026-10-08
crazygames,c/io,7,Hexanaut.io,https://www.crazygames.com/game/hexanaut-io,5232568,,18000,,,2022,.io,2026-10-08
crazygames,c/io,8,Blombo.io,https://www.crazygames.com/game/blombo-io,948026,,11677,,,2026,.io,2026-10-08
crazygames,c/io,9,Paint to Hide!,https://www.crazygames.com/game/paint-to-hide,6204354,,59205,,,2026,.io,2026-10-08
crazygames,c/io,10,Shell Shockers,https://www.crazygames.com/game/shellshockersio,111160074,,43910,,,2017,.io,2026-10-08
crazygames,c/io,11,Cubes 2048.io,https://www.crazygames.com/game/cubes-2048-io,53804351,,127061,,,2022,.io,2026-10-08
crazygames,c/io,12,RocketGoal.io,https://www.crazygames.com/game/rocketgoal-io,20817994,,124497,,,2026,.io,2026-10-08
crazygames,c/io,13,2v2.io,https://www.crazygames.com/game/2v2-io,4887528,,52271,,,2025,.io,2026-10-08
crazygames,c/io,14,Meeland.io,https://www.crazygames.com/game/meeland-io,15759703,,89378,,,2025,.io,2026-10-08
crazygames,c/io,15,EvoWars.io,https://www.crazygames.com/game/evowarsio,107067820,,316916,,,2018,.io,2026-10-08
crazygames,c/io,16,Kour.io,https://www.crazygames.com/game/kour-io,27372483,,40642,,,2024,.io,2026-10-08
crazygames,c/io,17,Snake.io,https://www.crazygames.com/game/snake-io,15147339,,37191,,,2022,.io,2026-10-08
crazygames,c/io,18,Holey.io Battle Royale,https://www.crazygames.com/game/holey-io-battle-royale,33000046,,81402,,,2023,.io,2026-10-08
crazygames,c/io,19,Gulper.io,https://www.crazygames.com/game/gulper-io,38807394,,19085,,,2019,.io,2026-10-08
crazygames,c/io,20,Poxel.io,https://www.crazygames.com/game/poxel-io,21309599,,48336,,,2025,.io,2026-10-08
crazygames,c/io,21,Vacuum.io,https://www.crazygames.com/game/vacuum-io-ple,237486,,3892,,,2026,.io,2026-10-08
crazygames,c/io,22,Mk48.io,https://www.crazygames.com/game/mk48-io,5037473,,5369,,,2021,.io,2026-10-08
crazygames,c/io,23,Mechacraft.io,https://www.crazygames.com/game/evergate-ivu,282415,,4662,,,2026,.io,2026-10-08
crazygames,c/io,24,Diep.io,https://www.crazygames.com/game/diepio,8093649,,9951,,,2016,.io,2026-10-08
crazygames,c/io,25,StarBlast,https://www.crazygames.com/game/starblastio,21073719,,13631,,,2017,.io,2026-10-08
crazygames,c/io,26,Worms.Zone,https://www.crazygames.com/game/worms-zone,34237303,,27611,,,2018,.io,2026-10-08
crazygames,c/io,27,Stabfish 2,https://www.crazygames.com/game/stabfish2-io-multiplayer,9375805,,9899,,,2021,.io,2026-10-08
crazygames,c/io,28,TileMan.io,https://www.crazygames.com/game/tileman-io,11053180,,5902,,,2018,.io,2026-10-08
crazygames,c/io,29,Pixel Warfare,https://www.crazygames.com/game/pixel-warfare,20042126,,30201,,,2014,.io,2026-10-08
crazygames,c/io,30,Paper.io 2,https://www.crazygames.com/game/paper-io-2,74451792,,111058,,,2019,.io,2026-10-08
crazygames,c/io,31,Turnfight,https://www.crazygames.com/game/turnfight-com-uap,2502830,,7157,,,2025,.io,2026-10-08
crazygames,c/io,32,CubeRealm.io,https://www.crazygames.com/game/cuberealm-io,20476932,,46538,,,2024,.io,2026-10-08
crazygames,c/io,33,Aquapark.io,https://www.crazygames.com/game/aquapark-io-yky,6108707,,26260,,,2025,.io,2026-10-08
crazygames,c/io,34,Cubes 2048 Royale,https://www.crazygames.com/game/cubes-2048-royale,691875,,9446,,,2025,.io,2026-10-08
crazygames,c/io,35,EvoWorld.io (FlyOrDie.io),https://www.crazygames.com/game/flyordieio,19871061,,21318,,,2018,.io,2026-10-08
crazygames,c/io,36,Voxiom.io,https://www.crazygames.com/game/voxiom-io,20983787,,8394,,,2020,.io,2026-10-08
crazygames,c/io,37,Skribbl.io,https://www.crazygames.com/game/skribblio,2570179,,5188,,,2017,.io,2026-10-08
crazygames,c/io,38,Stickman Chameleon,https://www.crazygames.com/game/stickman-chameleon,428695,,6046,,,2026,.io,2026-10-08
crazygames,c/io,39,Survev.io,https://www.crazygames.com/game/survev,7243465,,9330,,,2024,.io,2026-10-08
crazygames,c/io,40,Sketchi,https://www.crazygames.com/game/sketchi,25609,,539,,,2026,.io,2026-10-08
crazygames,c/io,41,cowz.io,https://www.crazygames.com/game/cowz-io,355617,,1981,,,2025,.io,2026-10-08
crazygames,c/io,42,Overtide.io,https://www.crazygames.com/game/overtide-io,4979731,,11568,,,2025,.io,2026-10-08
crazygames,c/io,43,Netquel,https://www.crazygames.com/game/netquel-com,1061064,,2158,,,2023,.io,2026-10-08
crazygames,c/io,44,Worm Hunt,https://www.crazygames.com/game/worm-hunt,3754489,,6554,,,2022,.io,2026-10-08
crazygames,c/io,45,Agar.io,https://www.crazygames.com/game/agario,9927479,,6169,,,2015,.io,2026-10-08
crazygames,c/io,46,Harvest.io – 3D Farming Arcade,https://www.crazygames.com/game/harvest-io---3d-farming-arcade,481120,,6432,,,2026,.io,2026-10-08
crazygames,c/io,47,War Brokers,https://www.crazygames.com/game/war-brokers-io,9697892,,2422,,,2019,.io,2026-10-08
crazygames,c/io,48,Stabfish.io,https://www.crazygames.com/game/stabfish-io,18488441,,10039,,,2020,.io,2026-10-08
crazygames,c/io,49,Krew.io,https://www.crazygames.com/game/krewio,1902327,,5257,,,2016,.io,2026-10-08
crazygames,c/io,50,Plunder - Online Pirate Battle,https://www.crazygames.com/game/plunder-2d---online-pirate-battle-brp,57486,,1078,,,2026,.io,2026-10-08
crazygames,c/io,51,Mope.io,https://www.crazygames.com/game/mopeio,4750396,,5899,,,2016,.io,2026-10-08
crazygames,c/io,52,Lurkers.io,https://www.crazygames.com/game/lurkers-io,898743,,3173,,,2025,.io,2026-10-08
crazygames,c/io,53,EmberQuest.io,https://www.crazygames.com/game/emberquest-io,211669,,1999,,,2026,.io,2026-10-08
crazygames,c/io,54,EpicBallz.io,https://www.crazygames.com/game/epicballz-io,1711040,,8326,,,2024,.io,2026-10-08
crazygames,c/io,55,Snake Clash.io,https://www.crazygames.com/game/snake-clash-io,2524369,,10986,,,2025,.io,2026-10-08
crazygames,c/io,56,DuckPark.io,https://www.crazygames.com/game/duckpark-io,16060935,,6191,,,2020,.io,2026-10-08
crazygames,c/io,57,BrutalMania.io (Brutal Mania),https://www.crazygames.com/game/brutalmania-io,8119555,,9757,,,2018,.io,2026-10-08
crazygames,c/io,58,ClashBall.io,https://www.crazygames.com/game/clashball-io,1320304,,7212,,,2025,.io,2026-10-08
crazygames,c/io,59,HEX BOIS,https://www.crazygames.com/game/hex-bois,72578,,846,,,2026,.io,2026-10-08
crazygames,c/io,60,Pikto.fun,https://www.crazygames.com/game/pikto-fun,178169,,2363,,,2026,.io,2026-10-08
crazygames,c/io,41,Voxorp,https://www.crazygames.com/game/voxorp-bcz,449527,,2498,,,2025,.io,2026-10-08
crazygames,c/io,42,MiniGiants.io,https://www.crazygames.com/game/minigiants-io,19617829,,17632,,,2018,.io,2026-10-08
crazygames,c/io,43,Ducklings,https://www.crazygames.com/game/ducklings,4145267,,2452,,,2019,.io,2026-10-08
crazygames,c/io,44,SimplyUp.io,https://www.crazygames.com/game/simplyup-io,3136377,,6457,,,2025,.io,2026-10-08
crazygames,c/io,45,BladeBlast.io,https://www.crazygames.com/game/bladeblast-io,305717,,6861,,,2026,.io,2026-10-08
crazygames,c/io,46,Escape From Pizzeria,https://www.crazygames.com/game/escape-from-pizzeria,7351848,,11364,,,2025,.io,2026-10-08
crazygames,c/io,47,SeaDragons.io,https://www.crazygames.com/game/seadragons-io,3668809,,2785,,,2019,.io,2026-10-08
crazygames,c/io,48,King.io World War,https://www.crazygames.com/game/king-io-world-war,784679,,4238,,,2023,.io,2026-10-08
crazygames,c/io,49,Copter.io,https://www.crazygames.com/game/copter-io,3003121,,1491,,,2019,.io,2026-10-08
crazygames,c/io,50,BattleDudes.io,https://www.crazygames.com/game/battledudes-io,13392412,,3433,,,2020,.io,2026-10-08
crazygames,c/io,51,Snowball.io,https://www.crazygames.com/game/snowball-io,4930611,,1651,,,2019,.io,2026-10-08
crazygames,c/io,52,WarCall.io,https://www.crazygames.com/game/warcall-io,7360386,,9148,,,2020,.io,2026-10-08
crazygames,c/io,53,Tzared,https://www.crazygames.com/game/tzared-kqa,31118,,641,,,2025,.io,2026-10-08
crazygames,c/io,54,OvO.io,https://www.crazygames.com/game/ovo-online,1597192,,1068,,,2022,.io,2026-10-08
crazygames,c/io,55,Worms.io,https://www.crazygames.com/game/worms-io,1537565,,2080,,,2019,.io,2026-10-08
crazygames,c/io,56,Gold Rush Arena,https://www.crazygames.com/game/gold-rush-arena,1399325,,3525,,,2024,.io,2026-10-08
crazygames,c/io,57,GoKarts.io,https://www.crazygames.com/game/gokarts-io,1073437,,2755,,,2025,.io,2026-10-08
crazygames,c/io,58,DashCraft.io,https://www.crazygames.com/game/dashcraft-io,2581288,,1253,,,2022,.io,2026-10-08
crazygames,c/io,59,BLOCOPS,https://www.crazygames.com/game/blocops,4105415,,3129,,,2024,.io,2026-10-08
crazygames,c/io,60,CleanUp.IO,https://www.crazygames.com/game/cleanup-io,1052989,,2879,,,2019,.io,2026-10-08
crazygames,c/io,61,Knife.io,https://www.crazygames.com/game/knife-io,1293270,,3913,,,2025,.io,2026-10-08
crazygames,c/io,62,GoBattle.io,https://www.crazygames.com/game/gobattleio,3517048,,680,,,2017,.io,2026-10-08
crazygames,c/io,63,EmberWars.io,https://www.crazygames.com/game/emberwars-io,175235,,2569,,,2026,.io,2026-10-08
crazygames,c/io,64,Simply Prop Hunt,https://www.crazygames.com/game/simply-prop-hunt,1998876,,2573,,,2025,.io,2026-10-08
crazygames,c/io,65,BladeOrbit.io,https://www.crazygames.com/game/bladeorbit-io,277502,,3385,,,2026,.io,2026-10-08
crazygames,c/io,66,SlitherCraft.io,https://www.crazygames.com/game/slithercraft-io,5831552,,1985,,,2019,.io,2026-10-08
crazygames,c/io,67,CrazySteve.io,https://www.crazygames.com/game/crazysteveio,4704372,,2473,,,2018,.io,2026-10-08
crazygames,c/io,68,Push.io,https://www.crazygames.com/game/push-io,458085,,1156,,,2025,.io,2026-10-08
crazygames,c/io,69,Chompers.io,https://www.crazygames.com/game/chompers-io,6322145,,2533,,,2019,.io,2026-10-08
crazygames,c/io,70,Mageclash.io,https://www.crazygames.com/game/mageclash-io,317435,,295,,,2021,.io,2026-10-08
crazygames,c/io,71,Digworm.io,https://www.crazygames.com/game/digworm-io,330927,,1007,,,2025,.io,2026-10-08
crazygames,c/io,72,MergeDuel.io,https://www.crazygames.com/game/merge-duel,131291,,665,,,2025,.io,2026-10-08
crazygames,c/io,73,Goober Royale,https://www.crazygames.com/game/goober-royale,598716,,1017,,,2024,.io,2026-10-08
crazygames,c/io,74,Dragon.io,https://www.crazygames.com/game/dragon-io,456031,,962,,,2023,.io,2026-10-08
crazygames,c/io,75,Space.io,https://www.crazygames.com/game/space-io-vft,569393,,1096,,,2025,.io,2026-10-08
crazygames,c/io,76,Nugget Royale,https://www.crazygames.com/game/nugget-royale,130862,,808,,,2026,.io,2026-10-08
crazygames,c/io,77,Prison Escape.io,https://www.crazygames.com/game/prisoners-io,728619,,1585,,,2025,.io,2026-10-08
crazygames,c/io,78,Boom Cell,https://www.crazygames.com/game/boom-cell,310722,,1362,,,2024,.io,2026-10-08
crazygames,c/io,79,Eternal Siege,https://www.crazygames.com/game/eternal-siege,281755,,1170,,,2025,.io,2026-10-08
crazygames,c/io,80,Shootup.io,https://www.crazygames.com/game/shootup-io,1116624,,495,,,2020,.io,2026-10-08
crazygames,c/io,81,Tanko.io,https://www.crazygames.com/game/tanko-io,1130548,,843,,,2018,.io,2026-10-08
crazygames,c/io,82,MineEnergy2,https://www.crazygames.com/game/mineenergy2,296911,,454,,,2024,.io,2026-10-08
crazygames,c/io,83,Fish IO,https://www.crazygames.com/game/fish-io-be-the-king,148799,,558,,,2025,.io,2026-10-08
crazygames,c/io,84,Car Clash 2,https://www.crazygames.com/game/car-clash-2,233444,,425,,,2024,.io,2026-10-08
crazygames,c/io,85,Agents.io,https://www.crazygames.com/game/agents-io,92785,,223,,,2023,.io,2026-10-08
crazygames,c/io,86,Sugar Rush,https://www.crazygames.com/game/sugar-rush,97222,,377,,,2023,.io,2026-10-08
crazygames,c/io,87,Cubox.io,https://www.crazygames.com/game/cubox-io-fgt,240484,,714,,,2024,.io,2026-10-08
crazygames,c/io,88,Hand Spinner IO 3D,https://www.crazygames.com/game/hand-spinner-io-3d,1192839,,239,,,2019,.io,2026-10-08
crazygames,c/io,89,Egg Folks Multiplayer,https://www.crazygames.com/game/egg-folks-multiplayer,526374,,1257,,,2025,.io,2026-10-08
crazygames,c/io,90,Tanky.io,https://www.crazygames.com/game/tanky-io,65289,,940,,,2026,.io,2026-10-08
crazygames,c/io,91,Balloons.io,https://www.crazygames.com/game/balloonsio,210708,,430,,,2017,.io,2026-10-08
crazygames,c/io,92,Archers Battle,https://www.crazygames.com/game/archers-battle,117698,,321,,,2025,.io,2026-10-08
crazygames,c/io,93,Vortex.io,https://www.crazygames.com/game/vortex-io,97347,,232,,,2023,.io,2026-10-08
crazygames,c/io,94,Adversator,https://www.crazygames.com/game/adversator,373337,,379,,,2019,.io,2026-10-08
crazygames,c/io,95,Dragon Joust (.io),https://www.crazygames.com/game/dragon-joust,107441,,388,,,2022,.io,2026-10-08
crazygames,c/io,96,Blitz Tanks,https://www.crazygames.com/game/blitz-tanks,126146,,251,,,2023,.io,2026-10-08
crazygames,c/io,97,Krakax,https://www.crazygames.com/game/krakax-com,147119,,280,,,2024,.io,2026-10-08
crazygames,c/io,98,Tankgank,https://www.crazygames.com/game/tankgank-com,58950,,136,,,2025,.io,2026-10-08
crazygames,c/io,99,Dashers.io,https://www.crazygames.com/game/dashers-io-jwo,23187,,336,,,2026,.io,2026-10-08
crazygames,c/io,100,MegamodGames,https://www.crazygames.com/game/megamodgames,1423316,,588,,,2024,.io,2026-10-08
crazygames,t/2-player,1,Ragdoll Archers,https://www.crazygames.com/game/ragdoll-archers,168664648,,334714,,,2023,Arcade,2026-10-08
crazygames,t/2-player,2,8 Ball Billiards Classic,https://www.crazygames.com/game/8-ball-billiards-classic,63887351,,32522,,,2018,Sports,2026-10-08
crazygames,t/2-player,3,8 Ball Pool Billiards Multiplayer,https://www.crazygames.com/game/8-ball-pool-billiards-multiplayer,23273239,,78987,,,2024,Sports,2026-10-08
crazygames,t/2-player,4,Backgammon Online,https://www.crazygames.com/game/classic-backgammon,5260045,,3240,,,2019,Board,2026-10-08
crazygames,t/2-player,5,Stickman Clash,https://www.crazygames.com/game/stickman-clash,37333160,,155952,,,2024,Action,2026-10-08
crazygames,t/2-player,6,Match Arena,https://www.crazygames.com/game/match-arena,4355613,,1771,,,2019,Puzzle,2026-10-08
crazygames,t/2-player,7,Basket Random,https://www.crazygames.com/game/basket-random,40548179,,51580,,,2020,Sports,2026-10-08
crazygames,t/2-player,8,Basketball Stars,https://www.crazygames.com/game/basketball-stars-2019,50271136,,54759,,,2019,Sports,2026-10-08
crazygames,t/2-player,9,Chess Free,https://www.crazygames.com/game/chess-free,17486061,,52204,,,2024,Board,2026-10-08
crazygames,t/2-player,10,MX Offroad Master,https://www.crazygames.com/game/mx-offroad-master,34718684,,131950,,,2023,Driving,2026-10-08
crazygames,t/2-player,11,BasketBros,https://www.crazygames.com/game/basketbros,13938142,,10102,,,2020,Sports,2026-10-08
crazygames,t/2-player,12,Getaway Shootout,https://www.crazygames.com/game/getaway-shootout,15359806,,14177,,,2018,Action,2026-10-08
crazygames,t/2-player,13,Stickman Kombat 2D,https://www.crazygames.com/game/stickman-kombat-2d,12797927,,91156,,,2025,Action,2026-10-08
crazygames,t/2-player,14,Lucky Brainrot Blocks Online,https://www.crazygames.com/game/lucky-brainrot-blocks-online-ehx,2783345,,74561,,,2026,Action,2026-10-08
crazygames,t/2-player,15,Night City Racing,https://www.crazygames.com/game/night-city-racing,28676350,,98499,,,2023,Driving,2026-10-08
crazygames,t/2-player,16,House of Hazards,https://www.crazygames.com/game/house-of-hazards,15541859,,14601,,,2020,Action,2026-10-08
crazygames,t/2-player,17,Puppet Fighter 2 Player,https://www.crazygames.com/game/puppet-fighter-2-player,13285103,,41057,,,2022,Action,2026-10-08
crazygames,t/2-player,18,Master Chess,https://www.crazygames.com/game/master-chess,8323191,,6486,,,2018,Board,2026-10-08
crazygames,t/2-player,19,Mancala Classic,https://www.crazygames.com/game/mancala-classic,2281671,,2070,,,2024,Board,2026-10-08
crazygames,t/2-player,20,Blocky Tower Defense 2D,https://www.crazygames.com/game/blocky-tower-defense-2d,14188,,248,,,2026,Strategy,2026-10-08
crazygames,t/2-player,21,Sniper For Brainrot,https://www.crazygames.com/game/sniper-for-brainrot,289988,,6621,,,2026,Action,2026-10-08
crazygames,t/2-player,22,Punchers,https://www.crazygames.com/game/punchers,9320567,,11077,,,2020,Sports,2026-10-08
crazygames,t/2-player,23,3D Bowling,https://www.crazygames.com/game/3d-bowling,4063547,,1231,,,2018,Sports,2026-10-08
crazygames,t/2-player,24,Kick Brainrot Balls Online,https://www.crazygames.com/game/kick-brainrot-balls-online,160991,,4699,,,2026,Arcade,2026-10-08
crazygames,t/2-player,25,Snooker,https://www.crazygames.com/game/snooker,870138,,3588,,,2026,Sports,2026-10-08
crazygames,t/2-player,26,Ragdoll Soccer 2 Players,https://www.crazygames.com/game/ragdoll-soccer-2-players,6437719,,20151,,,2024,Sports,2026-10-08
crazygames,t/2-player,27,Tank Stars,https://www.crazygames.com/game/tank-stars-online,4104792,,38279,,,2026,Action,2026-10-08
crazygames,t/2-player,28,Wrestle Bros,https://www.crazygames.com/game/wrestle-bros,10777478,,20906,,,2023,Sports,2026-10-08
crazygames,t/2-player,29,English Checkers Free,https://www.crazygames.com/game/checkers-free,4135698,,5092,,,2024,Board,2026-10-08
crazygames,t/2-player,30,Chess Online Multiplayer,https://www.crazygames.com/game/chess-online-multiplayer-game,6315336,,14664,,,2022,Board,2026-10-08
crazygames,t/2-player,31,Basketball Legends 2020,https://www.crazygames.com/game/basketball-legends-2020,12178832,,7064,,,2020,Sports,2026-10-08
crazygames,t/2-player,32,Connect 4 Online Multiplayer,https://www.crazygames.com/game/4-in-a-row-connected-multiplayer-online,4987593,,4108,,,2022,Board,2026-10-08
crazygames,t/2-player,33,Droll World Cup,https://www.crazygames.com/game/droll-world-cup-zze,803353,,10590,,,2026,Arcade,2026-10-08
crazygames,t/2-player,34,Rolling Balls Sea Race,https://www.crazygames.com/game/roling-balls-sea-race,9470149,,31087,,,2024,Arcade,2026-10-08
crazygames,t/2-player,35,Human Dominoes,https://www.crazygames.com/game/human-dominoes,21833,,453,,,2026,Arcade,2026-10-08
crazygames,t/2-player,36,Soccer Legends 2026,https://www.crazygames.com/game/soccer-legends-2021,34072268,,27971,,,2021,Sports,2026-10-08
crazygames,t/2-player,37,Snow Rider 3D,https://www.crazygames.com/game/snow-rider-3d,4197655,,13546,,,2025,Arcade,2026-10-08
crazygames,t/2-player,38,Ultimate Flying Car,https://www.crazygames.com/game/ultimate-flying-car,3775466,,17955,,,2023,Driving,2026-10-08
crazygames,t/2-player,39,+1 Speed Keyboard Lucky Escape,https://www.crazygames.com/game/1-speed-keyboard-lucky-escape,114753,,2870,,,2026,Arcade,2026-10-08
crazygames,t/2-player,40,Bubble Trouble,https://www.crazygames.com/game/bubble-trouble-cpy,587373,,2214,,,2025,Arcade,2026-10-08
crazygames,t/2-player,41,Billiards,https://www.crazygames.com/game/billiards,2791291,,2398,,,2021,Sports,2026-10-08
crazygames,t/2-player,42,Godzilla Daikaiju Battle Royale,https://www.crazygames.com/game/godzilla-daikaiju-battle-royale,1643826,,7624,,,2022,Action,2026-10-08
crazygames,t/2-player,43,Drunken Boxing,https://www.crazygames.com/game/drunken-boxers,6537963,,13310,,,2016,Sports,2026-10-08
crazygames,t/2-player,44,Soccer Random,https://www.crazygames.com/game/soccer-random,16887903,,20060,,,2020,Sports,2026-10-08
crazygames,t/2-player,45,Police vs Thief: 1&2 Players,https://www.crazygames.com/game/police-vs-thief-1-2-players,296842,,5437,,,2026,Driving,2026-10-08
crazygames,t/2-player,46,Tennis Masters,https://www.crazygames.com/game/tennis-masters,9075547,,7140,,,2020,Sports,2026-10-08
crazygames,t/2-player,47,ATV Ultimate Offroad,https://www.crazygames.com/game/atv-ultimate-offroad,2354380,,9099,,,2023,Driving,2026-10-08
crazygames,t/2-player,48,Jet Boat Racing,https://www.crazygames.com/game/jet-boat-racing,2753447,,11891,,,2023,Driving,2026-10-08
crazygames,t/2-player,49,Archers Random,https://www.crazygames.com/game/archers-random,2120384,,6900,,,2025,Action,2026-10-08
crazygames,t/2-player,50,Domino Duel,https://www.crazygames.com/game/domino-duel-uit,1032230,,2318,,,2025,Card,2026-10-08
crazygames,t/2-player,51,Riders Downhill Racing,https://www.crazygames.com/game/riders-downhill-racing,2698498,,15494,,,2024,Sports,2026-10-08
crazygames,t/2-player,52,GT Cars Mega Ramps,https://www.crazygames.com/game/gt-cars-mega-ramps,4897003,,8469,,,2024,Driving,2026-10-08
crazygames,t/2-player,53,Gun Mayhem 2,https://www.crazygames.com/game/gun-mayhem-2,3104849,,2855,,,,Action,2026-10-08
crazygames,t/2-player,54,Crazy Roll 3D,https://www.crazygames.com/game/crazy-roll-3d,40382614,,8077,,,2019,Arcade,2026-10-08
crazygames,t/2-player,55,Air Hockey Cup,https://www.crazygames.com/game/air-hockey-cup,812542,,807,,,2024,Sports,2026-10-08
crazygames,t/2-player,56,Tic Tac Toe Online,https://www.crazygames.com/game/tic-tac-toe,12151909,,16547,,,,Board,2026-10-08
crazygames,t/2-player,57,Rooftop Snipers,https://www.crazygames.com/game/rooftop-snipers,6803331,,5941,,,2017,Action,2026-10-08
crazygames,t/2-player,58,Soccer Bros,https://www.crazygames.com/game/soccer-bros,4344851,,6953,,,2024,Sports,2026-10-08
crazygames,t/2-player,59,Snakes and Ladders,https://www.crazygames.com/game/snakes-and-ladders,5297544,,5703,,,2019,Board,2026-10-08
crazygames,t/2-player,60,1941 Frozen Front,https://www.crazygames.com/game/1941-frozen-front,1492645,,1134,,,2016,Action,2026-10-08
crazygames,t/multiplayer,1,Bloxd.io,https://www.crazygames.com/game/bloxdhop-io,477625212,,1241678,,,2021,.io,2026-10-08
crazygames,t/multiplayer,2,Openfront,https://www.crazygames.com/game/openfront-gsw,12761055,,132477,,,2026,.io,2026-10-08
crazygames,t/multiplayer,3,BuildNow GG,https://www.crazygames.com/game/buildnow-gg,86982075,,167551,,,2021,Shooting,2026-10-08
crazygames,t/multiplayer,4,Hazmob FPS: Online Shooter,https://www.crazygames.com/game/hazmob-fps-online-shooter,50340086,,323587,,,2024,Shooting,2026-10-08
crazygames,t/multiplayer,5,PolyTrack,https://www.crazygames.com/game/polytrack,44194795,,75047,,,2024,Driving,2026-10-08
crazygames,t/multiplayer,6,8 Ball Pool Billiards Multiplayer,https://www.crazygames.com/game/8-ball-pool-billiards-multiplayer,23273239,,79036,,,2024,Sports,2026-10-08
crazygames,t/multiplayer,7,All Out,https://www.crazygames.com/game/all-out-nju,899206,,18145,,,2026,Adventure,2026-10-08
crazygames,t/multiplayer,8,FrontWars.io,https://www.crazygames.com/game/frontwars-io,10070455,,218081,,,2025,.io,2026-10-08
crazygames,t/multiplayer,9,SkillWarz,https://www.crazygames.com/game/skillwarz,35707432,,162464,,,2024,Shooting,2026-10-08
crazygames,t/multiplayer,10,Smash Karts,https://www.crazygames.com/game/smash-karts,102624729,,141261,,,2020,.io,2026-10-08
crazygames,t/multiplayer,11,8 Ball Pool,https://www.crazygames.com/game/8-ball-pool-wyr,19257158,,130258,,,,Sports,2026-10-08
crazygames,t/multiplayer,12,Racing Limits,https://www.crazygames.com/game/racing-limits,115025659,,475111,,,2023,Driving,2026-10-08
crazygames,t/multiplayer,13,Mini Golf Club,https://www.crazygames.com/game/mini-golf-club,19297470,,23197,,,2021,Sports,2026-10-08
crazygames,t/multiplayer,14,Miniblox,https://www.crazygames.com/game/miniblox,42554018,,77110,,,2024,.io,2026-10-08
crazygames,t/multiplayer,15,Hexanaut.io,https://www.crazygames.com/game/hexanaut-io,5232568,,17995,,,2022,.io,2026-10-08
crazygames,t/multiplayer,16,Blombo.io,https://www.crazygames.com/game/blombo-io,948026,,11662,,,2026,.io,2026-10-08
crazygames,t/multiplayer,17,Paint to Hide!,https://www.crazygames.com/game/paint-to-hide,6204354,,59177,,,2026,.io,2026-10-08
crazygames,t/multiplayer,18,Shell Shockers,https://www.crazygames.com/game/shellshockersio,111160074,,43907,,,2017,.io,2026-10-08
crazygames,t/multiplayer,19,RocketGoal.io,https://www.crazygames.com/game/rocketgoal-io,20817994,,124481,,,2026,.io,2026-10-08
crazygames,t/multiplayer,20,BodyCamera Shooter,https://www.crazygames.com/game/bodycamera-shooter,14661576,,51127,,,2024,Shooting,2026-10-08
crazygames,t/multiplayer,21,Fantasy Online 2,https://www.crazygames.com/game/fantasy-online-2,653698,,2802,,,2025,Adventure,2026-10-08
crazygames,t/multiplayer,22,Iron Legion,https://www.crazygames.com/game/iron-legion,6547903,,35654,,,2025,Action,2026-10-08
crazygames,t/multiplayer,23,Unmatched Ego 2,https://www.crazygames.com/game/unmatched-ego-2,2007190,,30900,,,2026,Sports,2026-10-08
crazygames,t/multiplayer,24,Growden.io,https://www.crazygames.com/game/grow-a-garden---growden-io,20900289,,68030,,,2025,Simulation,2026-10-08
crazygames,t/multiplayer,25,WorldGuessr Free GeoGuessr,https://www.crazygames.com/game/worldguessr,37496950,,97293,,,2024,Trivia,2026-10-08
crazygames,t/multiplayer,26,Warfare 1942,https://www.crazygames.com/game/warfare-1942-riz,1566793,,39563,,,2026,Action,2026-10-08
crazygames,t/multiplayer,27,Redcoats.io,https://www.crazygames.com/game/redcoats-io-rcr,3308200,,36303,,,2026,Shooting,2026-10-08
crazygames,t/multiplayer,28,2v2.io,https://www.crazygames.com/game/2v2-io,4887528,,52265,,,2025,.io,2026-10-08
crazygames,t/multiplayer,29,Fortzone Battle Royale,https://www.crazygames.com/game/fortzone-battle-royale-xkd,30789073,,147160,,,2025,Action,2026-10-08
crazygames,t/multiplayer,30,Meeland.io,https://www.crazygames.com/game/meeland-io,15759703,,89376,,,2025,.io,2026-10-08
crazygames,t/multiplayer,31,99 Nights: Forest Escape (bloxd.io),https://www.crazygames.com/game/99-nights-bloxd-io,16721579,,127926,,,2025,Action,2026-10-08
crazygames,t/multiplayer,32,Chess Free,https://www.crazygames.com/game/chess-free,17486061,,52218,,,2024,Board,2026-10-08
crazygames,t/multiplayer,33,Rally Racer Dirt,https://www.crazygames.com/game/rally-racer-dirt,50719758,,132753,,,2023,Driving,2026-10-08
crazygames,t/multiplayer,34,Gulper.io,https://www.crazygames.com/game/gulper-io,38807394,,19085,,,2019,.io,2026-10-08
crazygames,t/multiplayer,35,Crazy Chameleon,https://www.crazygames.com/game/crazy-chameleon,2019274,,22716,,,2026,Action,2026-10-08
crazygames,t/multiplayer,36,Poxel.io,https://www.crazygames.com/game/poxel-io,21309599,,48331,,,2025,.io,2026-10-08
crazygames,t/multiplayer,37,Case Simulator: Cars,https://www.crazygames.com/game/case-simulator-cars,944381,,14812,,,2026,Driving,2026-10-08
crazygames,t/multiplayer,38,Paint&Seek Online,https://www.crazygames.com/game/paint-seek-online-ewo,1429573,,21775,,,2026,Action,2026-10-08
crazygames,t/multiplayer,39,Obby Steal an Egg,https://www.crazygames.com/game/obby-steal-an-egg,203298,,3197,,,2026,Action,2026-10-08
crazygames,t/multiplayer,40,Soccer Lat: 3D Football Online,https://www.crazygames.com/game/soccer-lat-3d-football-online,198700,,3124,,,2026,Sports,2026-10-08
crazygames,t/multiplayer,41,Ships 3D,https://www.crazygames.com/game/ships-3d,16448951,,16833,,,2022,Action,2026-10-08
crazygames,t/multiplayer,42,Mk48.io,https://www.crazygames.com/game/mk48-io,5037473,,5369,,,2021,.io,2026-10-08
crazygames,t/multiplayer,43,Mechacraft.io,https://www.crazygames.com/game/evergate-ivu,282415,,4661,,,2026,.io,2026-10-08
crazygames,t/multiplayer,44,TileMan.io,https://www.crazygames.com/game/tileman-io,11053180,,5901,,,2018,.io,2026-10-08
crazygames,t/multiplayer,45,Kirka.io,https://www.crazygames.com/game/kirka-io,24448554,,26116,,,2021,Shooting,2026-10-08
crazygames,t/multiplayer,46,Brainrot Arena Online,https://www.crazygames.com/game/brainrot-arena-online,5756594,,63298,,,,Action,2026-10-08
crazygames,t/multiplayer,47,Combat Online 2,https://www.crazygames.com/game/combat-online-2,117964,,1721,,,2026,Shooting,2026-10-08
crazygames,t/multiplayer,48,Pixel Warfare,https://www.crazygames.com/game/pixel-warfare,20042126,,30196,,,2014,.io,2026-10-08
crazygames,t/multiplayer,49,Mancala Classic,https://www.crazygames.com/game/mancala-classic,2281671,,2070,,,2024,Board,2026-10-08
crazygames,t/multiplayer,50,Unmatched Basketball,https://www.crazygames.com/game/unmatched-basketball,2893792,,15802,,,2025,Sports,2026-10-08
crazygames,t/multiplayer,51,Turnfight,https://www.crazygames.com/game/turnfight-com-uap,2502830,,7157,,,2025,.io,2026-10-08
crazygames,t/multiplayer,52,Escape Tsunami for Brainrots!,https://www.crazygames.com/game/escape-tsunami-for-brainrots-wfe,13209972,,128732,,,2026,Action,2026-10-08
crazygames,t/multiplayer,53,Sweety Ludo,https://www.crazygames.com/game/sweety-ludo,1983631,,3413,,,2024,Board,2026-10-08
crazygames,t/multiplayer,54,Mr. Dude: Online Multiverse Challenge,https://www.crazygames.com/game/mr-dude-online-multiverse-challenge,12621459,,44080,,,2025,Action,2026-10-08
crazygames,t/multiplayer,55,Blocky Tower Defense 2D,https://www.crazygames.com/game/blocky-tower-defense-2d,14188,,248,,,2026,Strategy,2026-10-08
crazygames,t/multiplayer,56,Goal Gang,https://www.crazygames.com/game/goal-gang,2224790,,41916,,,2026,Sports,2026-10-08
crazygames,t/multiplayer,57,CubeRealm.io,https://www.crazygames.com/game/cuberealm-io,20476932,,46532,,,2024,.io,2026-10-08
crazygames,t/multiplayer,58,Tanks 3D,https://www.crazygames.com/game/tanks-3d,3753868,,6372,,,2025,Shooting,2026-10-08
crazygames,t/multiplayer,59,Cubes 2048 Royale,https://www.crazygames.com/game/cubes-2048-royale,691875,,9446,,,2025,.io,2026-10-08
crazygames,t/multiplayer,60,Mazean,https://www.crazygames.com/game/mazean-com,2259815,,5821,,,2024,Shooting,2026-10-08
crazygames,t/parkour,1,Bloxd.io,https://www.crazygames.com/game/bloxdhop-io,477625212,,1242034,,,2021,.io,2026-10-08
crazygames,t/parkour,2,Miniblox,https://www.crazygames.com/game/miniblox,42554018,,77136,,,2024,.io,2026-10-08
crazygames,t/parkour,3,Blombo.io,https://www.crazygames.com/game/blombo-io,948026,,11694,,,2026,.io,2026-10-08
crazygames,t/parkour,4,Meeland.io,https://www.crazygames.com/game/meeland-io,15759703,,89381,,,2025,.io,2026-10-08
crazygames,t/parkour,5,Evolution Animals +1,https://www.crazygames.com/game/evolution-animals-1,581010,,12303,,,2026,Action,2026-10-08
crazygames,t/parkour,6,+1 Speed Keyboard Obby,https://www.crazygames.com/game/1-speed-keyboard-obby,240127,,5469,,,2026,Action,2026-10-08
crazygames,t/parkour,7,Bubble Gum Simulator,https://www.crazygames.com/game/bubble-gum-simulator,831965,,16900,,,2026,Action,2026-10-08
crazygames,t/parkour,8,Keyboard Obby,https://www.crazygames.com/game/keyboard-obby,1030278,,14936,,,2026,Action,2026-10-08
crazygames,t/parkour,9,Sniper Shot: Bullet Time,https://www.crazygames.com/game/sniper-shot-bullet-time,15390024,,28476,,,2022,Shooting,2026-10-08
crazygames,t/parkour,10,Obby: Phonk Escape | +1 Speed,https://www.crazygames.com/game/obby-phonk-escape-1-speed,46275,,1688,,,2026,Action,2026-10-08
crazygames,t/parkour,11,Escape From School: Angry Teacher!,https://www.crazygames.com/game/escape-from-school-angry-teacher,1861890,,14885,,,2025,Adventure,2026-10-08
crazygames,t/parkour,12,+1 Brick Escape,https://www.crazygames.com/game/1-brick-escape,469497,,9331,,,2026,Action,2026-10-08
crazygames,t/parkour,13,Rooftop Run,https://www.crazygames.com/game/rooftop-run,6460972,,14845,,,2024,Arcade,2026-10-08
crazygames,t/parkour,14,Barry's Prison Escape!,https://www.crazygames.com/game/barry-s-prison-escape-obby,968674,,12633,,,2026,Adventure,2026-10-08
crazygames,t/parkour,15,Imagine Island,https://www.crazygames.com/game/imagine-island,1540608,,11789,,,2025,Adventure,2026-10-08
crazygames,t/parkour,16,Obby: Parkour with Ragdoll,https://www.crazygames.com/game/obby-parkour-with-ragdoll,712509,,7655,,,2026,Action,2026-10-08
crazygames,t/parkour,17,Break a Lucky Egg Brainrots,https://www.crazygames.com/game/break-a-lucky-egg-brainrots,447591,,10764,,,2026,Action,2026-10-08
crazygames,t/parkour,18,SimplyUp.io,https://www.crazygames.com/game/simplyup-io,3136377,,6463,,,2025,.io,2026-10-08
crazygames,t/parkour,19,Surf GO Parkour,https://www.crazygames.com/game/surf-go-parkour,742781,,11538,,,2026,Action,2026-10-08
crazygames,t/parkour,20,Escape From Pizzeria,https://www.crazygames.com/game/escape-from-pizzeria,7351848,,11367,,,2025,.io,2026-10-08
crazygames,t/parkour,21,Escape From Mr.Meawing's Prison!,https://www.crazygames.com/game/escape-from-mr-meawing-s-prison,733890,,8887,,,2026,Adventure,2026-10-08
crazygames,t/parkour,22,Obby: Crazy Cart,https://www.crazygames.com/game/obby-crazy-cart-ride-qlw,1336433,,8645,,,2025,Action,2026-10-08
crazygames,t/parkour,23,Ninja Parkour Multiplayer,https://www.crazygames.com/game/ninja-parkour-multiplayer,6154690,,7098,,,2024,Action,2026-10-08
crazygames,t/parkour,24,Escape From Baby Robby!,https://www.crazygames.com/game/escape-from-baby-bobby-cxs,398527,,4918,,,2026,Adventure,2026-10-08
crazygames,t/parkour,25,Parkour First-Person,https://www.crazygames.com/game/parkour-first-person,1318168,,3314,,,2022,Sports,2026-10-08
crazygames,t/parkour,26,OvO.io,https://www.crazygames.com/game/ovo-online,1597192,,1068,,,2022,.io,2026-10-08
crazygames,t/parkour,27,Find The Pets,https://www.crazygames.com/game/find-the-pets-cph,1253249,,3035,,,2025,Adventure,2026-10-08
crazygames,t/parkour,28,Office Chair Parkour,https://www.crazygames.com/game/office-chair-parkour,336473,,4632,,,2026,Arcade,2026-10-08
crazygames,t/parkour,29,Collect Brainrot Egg,https://www.crazygames.com/game/collect-brainrot-egg,709941,,17078,,,2026,Action,2026-10-08
crazygames,t/parkour,30,Robby: Many Games,https://www.crazygames.com/game/robby-many-games,194827,,4058,,,2026,Arcade,2026-10-08
crazygames,t/parkour,31,Obby Memes Grow Fruits,https://www.crazygames.com/game/obby-memes-grow-fruits,36282,,1921,,,2026,Adventure,2026-10-08
crazygames,t/parkour,32,Parkour GO,https://www.crazygames.com/game/parkour-go-gly,1564781,,1082,,,2021,Action,2026-10-08
crazygames,t/parkour,33,School Escape: Mr. MeanieHead!,https://www.crazygames.com/game/school-escape-mr-meaniehead,440026,,4413,,,2026,Adventure,2026-10-08
crazygames,t/parkour,34,Only Up: Parkour,https://www.crazygames.com/game/only-up-parkour-adl,557045,,6534,,,2026,Action,2026-10-08
crazygames,t/parkour,35,Only Up 3D Parkour: Go Ascend,https://www.crazygames.com/game/only-up-3d-parkour-go-ascend,1851114,,5287,,,2023,Action,2026-10-08
crazygames,t/parkour,36,Obby with Friends Online,https://www.crazygames.com/game/obby-with-friends-online,621856,,3879,,,2025,Simulation,2026-10-08
crazygames,t/parkour,37,Tung Tung Sahur: Obby Challenge,https://www.crazygames.com/game/tung-tung-sahur-obby-challenge,1573343,,2140,,,2025,Action,2026-10-08
crazygames,t/parkour,38,Parkour Master,https://www.crazygames.com/game/parkour-master,922283,,1182,,,2021,Action,2026-10-08
crazygames,t/parkour,39,Digital Circus: Obby,https://www.crazygames.com/game/digital-circus-obby,1193966,,4180,,,2024,Action,2026-10-08
crazygames,t/parkour,40,Stickman Parkour Master,https://www.crazygames.com/game/stickman-parkour-master,1453785,,2726,,,2023,Action,2026-10-08
crazygames,t/parkour,41,Cat Warrior Parkour,https://www.crazygames.com/game/cat-warrior-parkour,306939,,581,,,2024,Action,2026-10-08
crazygames,t/parkour,42,Noob Gigachad: Parkour Tricks Challenge,https://www.crazygames.com/game/noob-gigachad-parkour-tricks-challenge,1407187,,3479,,,2024,Action,2026-10-08
crazygames,t/parkour,43,Digital Circus: Parkour Game,https://www.crazygames.com/game/digital-circus-parkour-game,653506,,2195,,,2024,Action,2026-10-08
crazygames,t/parkour,44,Jump to Sky: 3D Parkour,https://www.crazygames.com/game/jump-to-sky-3d-parcour,533248,,1381,,,2022,Action,2026-10-08
crazygames,t/parkour,45,Brainrot Mega Parkour,https://www.crazygames.com/game/brainrot-mega-parkour,180189,,1722,,,2026,Action,2026-10-08
crazygames,t/parkour,46,Robby Superhero,https://www.crazygames.com/game/robby-superhero,70670,,2547,,,2026,Action,2026-10-08
crazygames,t/parkour,47,Blocky Parkour: Only Up Adventure,https://www.crazygames.com/game/blocky-parkour-only-up-adventure,211578,,380,,,2023,Action,2026-10-08
crazygames,t/parkour,48,Noob Parkour 3D,https://www.crazygames.com/game/noob-parkour-3d,116941,,378,,,2023,Action,2026-10-08
crazygames,t/parkour,49,He is Here,https://www.crazygames.com/game/he-is-here,153887,,400,,,2026,Action,2026-10-08
crazygames,t/parkour,50,Obstacle Course Ragdoll,https://www.crazygames.com/game/obstacle-course-ragdoll,142114,,315,,,2023,Action,2026-10-08
crazygames,t/parkour,51,Hot Lava Floor,https://www.crazygames.com/game/hot-lava-floor,839738,,609,,,2022,Action,2026-10-08
crazygames,t/parkour,52,Noob: Zombie Prison Escape,https://www.crazygames.com/game/noob-zombie-prison-escape,1139640,,1026,,,2023,Action,2026-10-08
crazygames,t/parkour,53,Only Up Craft,https://www.crazygames.com/game/only-up-craft,148836,,406,,,2023,Action,2026-10-08
crazygames,t/parkour,54,Obby: The Royal Race,https://www.crazygames.com/game/obby-the-royal-race,432367,,661,,,2024,Arcade,2026-10-08
crazygames,t/parkour,55,Parkour Master 2,https://www.crazygames.com/game/parkour-master-2,112039,,512,,,2023,Action,2026-10-08
crazygames,t/parkour,56,Pixel Mine Challenge,https://www.crazygames.com/game/pixel-mine-challenge,123927,,546,,,2022,Action,2026-10-08
crazygames,t/parkour,57,Spider Boy Run,https://www.crazygames.com/game/spider-boy-run,202951,,129,,,2023,Arcade,2026-10-08
crazygames,t/parkour,58,Devil's Road,https://www.crazygames.com/game/devil-s-road,58515,,393,,,2024,Arcade,2026-10-08
crazygames,t/parkour,59,Crazy Parkour,https://www.crazygames.com/game/crazy-parkour,298787,,145,,,2022,Sports,2026-10-08
crazygames,t/racing,1,Racing Limits,https://www.crazygames.com/game/racing-limits,115025659,,475258,,,2023,Driving,2026-10-08
crazygames,t/racing,2,Deadly Descent,https://www.crazygames.com/game/deadly-descent-bzs,29762852,,161651,,,2025,Driving,2026-10-08
crazygames,t/racing,3,Demolition Derby 3,https://www.crazygames.com/game/demolition-derby-3,7757186,,19530,,,2024,Driving,2026-10-08
crazygames,t/racing,4,Rally Racer Dirt,https://www.crazygames.com/game/rally-racer-dirt,50719758,,132787,,,2023,Driving,2026-10-08
crazygames,t/racing,5,MX Offroad Master,https://www.crazygames.com/game/mx-offroad-master,34718684,,132003,,,2023,Driving,2026-10-08
crazygames,t/racing,6,Case Simulator: Cars,https://www.crazygames.com/game/case-simulator-cars,944381,,14838,,,2026,Driving,2026-10-08
crazygames,t/racing,7,Night City Racing,https://www.crazygames.com/game/night-city-racing,28676350,,98553,,,2023,Driving,2026-10-08
crazygames,t/racing,8,Circuit Racing,https://www.crazygames.com/game/circuit-racing,3557500,,30273,,,2025,Driving,2026-10-08
crazygames,t/racing,9,Driving School Simulator,https://www.crazygames.com/game/driving-school-simulator,6788688,,106429,,,2026,Simulation,2026-10-08
crazygames,t/racing,10,Crazy Grand Prix,https://www.crazygames.com/game/crazy-grand-prix,8169836,,26159,,,2022,Driving,2026-10-08
crazygames,t/racing,11,Super Star Car,https://www.crazygames.com/game/super-star-car,30548483,,86657,,,2021,Driving,2026-10-08
crazygames,t/racing,12,Rolling Balls Sea Race,https://www.crazygames.com/game/roling-balls-sea-race,9470149,,31089,,,2024,Arcade,2026-10-08
crazygames,t/racing,13,Escape From Prison Multiplayer,https://www.crazygames.com/game/escape-from-prison-multiplayer,11953070,,19409,,,2024,Action,2026-10-08
crazygames,t/racing,14,Paperly: Paper Plane Adventure,https://www.crazygames.com/game/paperly-paper-plane-adventure,1647537,,6248,,,2023,Driving,2026-10-08
crazygames,t/racing,15,Flux GP: Anti-Gravity Racing,https://www.crazygames.com/game/flux-gp-anti-gravity-racing-udh,48938,,1228,,,2026,Driving,2026-10-08
crazygames,t/racing,16,Mr. Racer - Car Racing,https://www.crazygames.com/game/mr-racer---car-racing,24157301,,21499,,,2023,Driving,2026-10-08
crazygames,t/racing,17,Racing in City,https://www.crazygames.com/game/racing-in-city,10007221,,31815,,,2023,Driving,2026-10-08
crazygames,t/racing,18,Super MX - Last Season,https://www.crazygames.com/game/super-mx-last-season,5638073,,5127,,,2020,Driving,2026-10-08
crazygames,t/racing,19,ATV Ultimate Offroad,https://www.crazygames.com/game/atv-ultimate-offroad,2354380,,9099,,,2023,Driving,2026-10-08
crazygames,t/racing,20,Jet Boat Racing,https://www.crazygames.com/game/jet-boat-racing,2753447,,11897,,,2023,Driving,2026-10-08
crazygames,t/racing,21,Monster Cars: Ultimate Simulator,https://www.crazygames.com/game/monster-cars-ultimate-simulator,1846543,,11826,,,2022,Driving,2026-10-08
crazygames,t/racing,22,Riders Downhill Racing,https://www.crazygames.com/game/riders-downhill-racing,2698498,,15501,,,2024,Sports,2026-10-08
crazygames,t/racing,23,GT Cars Mega Ramps,https://www.crazygames.com/game/gt-cars-mega-ramps,4897003,,8472,,,2024,Driving,2026-10-08
crazygames,t/racing,24,Russian Car Driver ZIL 130,https://www.crazygames.com/game/russian-car-driver-zil-130,11055616,,11192,,,2018,Simulation,2026-10-08
crazygames,t/racing,25,Derby Crash 5,https://www.crazygames.com/game/derby-crash-5,2590131,,6304,,,2022,Driving,2026-10-08
crazygames,t/racing,26,100 Meters Race,https://www.crazygames.com/game/100-meters-race,1854628,,2949,,,2019,Sports,2026-10-08
crazygames,t/racing,27,DuckPark.io,https://www.crazygames.com/game/duckpark-io,16060935,,6191,,,2020,.io,2026-10-08
crazygames,t/racing,28,Obby: Parkour with Ragdoll,https://www.crazygames.com/game/obby-parkour-with-ragdoll,712509,,7655,,,2026,Action,2026-10-08
crazygames,t/racing,29,Super Bike The Champion,https://www.crazygames.com/game/super-bike-the-champion,22422588,,18243,,,2020,Driving,2026-10-08
crazygames,t/racing,30,Ultimate Flying Car 2,https://www.crazygames.com/game/ultimate-flying-car-2,1591607,,8680,,,2023,Driving,2026-10-08
crazygames,t/racing,31,Marble Race Creator,https://www.crazygames.com/game/marble-race-creator,426012,,863,,,2022,Simulation,2026-10-08
crazygames,t/racing,32,Motor Sport Challenge Type R,https://www.crazygames.com/game/motor-sport-challenge-type-r,816074,,11214,,,2026,Driving,2026-10-08
crazygames,t/racing,33,Racing: Online!,https://www.crazygames.com/game/racing-online-fph,872945,,15835,,,2026,Driving,2026-10-08
crazygames,t/racing,34,Tiny Cars,https://www.crazygames.com/game/tiny-cars,361343,,7197,,,2026,Driving,2026-10-08
crazygames,t/racing,35,MotoCross Riders,https://www.crazygames.com/game/motocross-riders,4233544,,13883,,,2019,Driving,2026-10-08
crazygames,t/racing,36,Grand Cyber City,https://www.crazygames.com/game/grand-cyber-city,2180462,,7825,,,2023,Driving,2026-10-08
crazygames,t/racing,37,Race Clicker: Tap Tap Game,https://www.crazygames.com/game/race-clicker-tap-tap-game,5819674,,6991,,,2024,Clicker,2026-10-08
crazygames,t/racing,38,Real Cars Extreme Racing,https://www.crazygames.com/game/real-cars-extreme-racing,2374570,,4966,,,2021,Driving,2026-10-08
crazygames,t/racing,39,Dirt Rally Driver HD,https://www.crazygames.com/game/dirt-rally-driver,1544867,,2518,,,2019,Driving,2026-10-08
crazygames,t/racing,40,Hyperspace Racers 3,https://www.crazygames.com/game/hyperspace-racers-3,380377,,1088,,,2022,Driving,2026-10-08
crazygames,t/racing,41,Street Racer 2,https://www.crazygames.com/game/street-racer-2,1625887,,8176,,,2025,Arcade,2026-10-08
crazygames,t/racing,42,Wheelie Up,https://www.crazygames.com/game/wheelie-up,1528908,,4967,,,2024,Driving,2026-10-08
crazygames,t/racing,43,City Classic Car Driving: 131,https://www.crazygames.com/game/city-classic-car-driving-131,3114403,,3504,,,2022,Driving,2026-10-08
crazygames,t/racing,44,Death Chase,https://www.crazygames.com/game/death-chase,3952130,,981,,,2018,Driving,2026-10-08
crazygames,t/racing,45,Drag Racer V2,https://www.crazygames.com/game/drag-racer-v2,652773,,2526,,,2021,Driving,2026-10-08
crazygames,t/racing,46,Driver Club: Highway Racing,https://www.crazygames.com/game/driver-club-highway-racing,1929893,,6132,,,2025,Driving,2026-10-08
crazygames,t/racing,47,RCC City Racing,https://www.crazygames.com/game/rcc-city-racing,3246905,,7191,,,2018,Driving,2026-10-08
crazygames,t/racing,48,Speed Racing Pro 2,https://www.crazygames.com/game/speed-racing-pro-2,2797896,,2843,,,2016,Driving,2026-10-08
crazygames,t/racing,49,Boom Karts,https://www.crazygames.com/game/boom-karts,1497386,,2506,,,2025,Driving,2026-10-08
crazygames,t/racing,50,Turbo Crash,https://www.crazygames.com/game/turbo-crash,1468019,,1033,,,2023,Driving,2026-10-08
crazygames,t/racing,51,Burnout Racers,https://www.crazygames.com/game/burnout-racers,495689,,1513,,,2024,Driving,2026-10-08
crazygames,t/racing,52,Highway Racer 2,https://www.crazygames.com/game/highway-racer-2,1676510,,1763,,,2023,Driving,2026-10-08
crazygames,t/racing,53,Fury Bike Rider,https://www.crazygames.com/game/fury-bike-rider,1801579,,928,,,2020,Driving,2026-10-08
crazygames,t/racing,54,Super MX - The Champion,https://www.crazygames.com/game/super-mx-motocross-simulator,3727821,,3381,,,2020,Driving,2026-10-08
crazygames,t/racing,55,Fall Beans,https://www.crazygames.com/game/fall-beans,5250776,,2969,,,2020,Action,2026-10-08
crazygames,t/racing,56,DashCraft.io,https://www.crazygames.com/game/dashcraft-io,2581288,,1253,,,2022,.io,2026-10-08
crazygames,t/racing,57,What a Leg,https://www.crazygames.com/game/what-a-leg,791653,,1739,,,2023,Puzzle,2026-10-08
crazygames,t/racing,58,Rolling Balls Space Race,https://www.crazygames.com/game/rolling-balls-space-race,1035586,,2762,,,2025,Arcade,2026-10-08
crazygames,t/racing,59,Monsters' Wheels Special,https://www.crazygames.com/game/monsters-wheels-special,366964,,105,,,2019,Driving,2026-10-08
crazygames,t/racing,60,Drift.io,https://www.crazygames.com/game/drift-io,1450524,,1442,,,2024,Driving,2026-10-08
crazygames,t/racing,41,Crazy for Speed,https://www.crazygames.com/game/crazy-for-speed,1473495,,689,,,2023,Driving,2026-10-08
crazygames,t/racing,42,MR RACER Stunt Mania,https://www.crazygames.com/game/mr-racer-stunt-mania,1377429,,2011,,,2025,Driving,2026-10-08
crazygames,t/racing,43,Road Rage,https://www.crazygames.com/game/road-rage-hva,171313,,2750,,,2026,Action,2026-10-08
crazygames,t/racing,44,Hyper Cars Ramp Crash,https://www.crazygames.com/game/hyper-cars-ramp-crash,1238269,,2714,,,2024,Driving,2026-10-08
crazygames,t/racing,45,Telekinesis Race 3D,https://www.crazygames.com/game/telekinesis-race-3d,1570250,,4323,,,2023,Arcade,2026-10-08
crazygames,t/racing,46,Hill Racing,https://www.crazygames.com/game/hill-racing,763925,,1590,,,2024,Driving,2026-10-08
crazygames,t/racing,47,Realistic Racing,https://www.crazygames.com/game/realistic-racing,228708,,3745,,,2026,Driving,2026-10-08
crazygames,t/racing,48,Cyber Cars Punk Racing,https://www.crazygames.com/game/cyber-cars-punk-racing,5158640,,2473,,,2020,Driving,2026-10-08
crazygames,t/racing,49,Epic Racing - Descent on Cars,https://www.crazygames.com/game/epic-racing---descent-on-cars,676702,,1249,,,2025,Driving,2026-10-08
crazygames,t/racing,50,Crazy Drift,https://www.crazygames.com/game/crazy-drift,3310462,,1244,,,2022,Driving,2026-10-08
crazygames,t/racing,51,Go Kart Racing 3D,https://www.crazygames.com/game/go-kart-racing-3d,177790,,450,,,2023,Driving,2026-10-08
crazygames,t/racing,52,Stickman Zombie Annihilation,https://www.crazygames.com/game/stickman-zombie-annihilation,2608724,,1539,,,2021,Driving,2026-10-08
crazygames,t/racing,53,Jetski Race,https://www.crazygames.com/game/jetski-boat-racing-boat-games,775945,,2481,,,2024,Driving,2026-10-08
crazygames,t/racing,54,Duck Life: Space,https://www.crazygames.com/game/duck-life-space,495743,,983,,,2017,Action,2026-10-08
crazygames,t/racing,55,Car Race: 3D,https://www.crazygames.com/game/car-race-3d-racing-cars-games,95335,,483,,,2024,Driving,2026-10-08
crazygames,t/racing,56,MotoGP: Motocross Race,https://www.crazygames.com/game/motogp-motocross-race,601001,,2545,,,2024,Driving,2026-10-08
crazygames,t/racing,57,Street Racing: Open World,https://www.crazygames.com/game/street-racing-open-world,1919400,,10552,,,2025,Driving,2026-10-08
crazygames,t/racing,58,Cyber Cars Punk Racing 2,https://www.crazygames.com/game/cyber-cars-punk-racing-2,1662515,,3200,,,2021,Driving,2026-10-08
crazygames,t/racing,59,Street Racers Nitro Extreme,https://www.crazygames.com/game/street-racers-nitro-extreme,262826,,985,,,2024,Driving,2026-10-08
crazygames,t/racing,60,Real Simulator: Monster Truck,https://www.crazygames.com/game/real-simulator-monster-truck,889554,,434,,,2021,Driving,2026-10-08
crazygames,t/racing,61,Xtreme Traffic Racing,https://www.crazygames.com/game/racing-unlimited,641241,,1759,,,2024,Driving,2026-10-08
crazygames,t/racing,62,Tuning Car Racing,https://www.crazygames.com/game/tuning-car-racing-2-nfi,1540287,,2939,,,2025,Driving,2026-10-08
crazygames,t/racing,63,No Limits: Drag Racing,https://www.crazygames.com/game/no-limits-drag-racing,602559,,1374,,,2025,Driving,2026-10-08
crazygames,t/racing,64,Super Thief Auto,https://www.crazygames.com/game/super-thief-auto,475016,,696,,,2023,Arcade,2026-10-08
crazygames,t/racing,65,Xtreme Rivals: Car Racing,https://www.crazygames.com/game/xtreme-rivals-car-racing,1027592,,1481,,,2024,Driving,2026-10-08
crazygames,t/racing,66,Flying Wings HoverCraft,https://www.crazygames.com/game/flying-wings-hovercraft,685152,,504,,,2021,Driving,2026-10-08
crazygames,t/racing,67,Gun Racing,https://www.crazygames.com/game/gun-racing,1291741,,1613,,,2024,Driving,2026-10-08
crazygames,t/racing,68,Real Cars in City,https://www.crazygames.com/game/real-cars-in-city,5658956,,3934,,,2020,Driving,2026-10-08
crazygames,t/racing,69,Crazy MX,https://www.crazygames.com/game/crazy-mx,1057802,,580,,,2023,Driving,2026-10-08
crazygames,t/racing,70,Muscle Shift,https://www.crazygames.com/game/muscle-shift,1953275,,1342,,,2023,Arcade,2026-10-08
crazygames,t/racing,71,Rally Point 4,https://www.crazygames.com/game/rally-point-4,372243,,720,,,2014,Driving,2026-10-08
crazygames,t/racing,72,Mad Truck Challenge Special,https://www.crazygames.com/game/mad-truck-challenge-special,1196930,,200,,,2019,Driving,2026-10-08
crazygames,t/racing,73,Car Games: Car Racing Game,https://www.crazygames.com/game/car-games-car-racing-game,802845,,4178,,,2024,Driving,2026-10-08
crazygames,t/racing,74,Sugar Rush,https://www.crazygames.com/game/sugar-rush,97222,,377,,,2023,.io,2026-10-08
crazygames,t/racing,75,Motocross Dirt Bike Race Games,https://www.crazygames.com/game/motocross-dirt-bike-race-games,222439,,684,,,2024,Driving,2026-10-08
crazygames,t/racing,76,Boat Attack,https://www.crazygames.com/game/boat-attack,296635,,641,,,2020,Driving,2026-10-08
crazygames,t/racing,77,Obby: The Royal Race,https://www.crazygames.com/game/obby-the-royal-race,432367,,661,,,2024,Arcade,2026-10-08
crazygames,t/racing,78,Mad Cars: Racing & Crash,https://www.crazygames.com/game/mad-cars-racing-and-crash,903378,,660,,,2020,Driving,2026-10-08
crazygames,t/racing,79,Real Cars Epic Stunts,https://www.crazygames.com/game/real-cars-epic-stunts,141122,,544,,,2024,Driving,2026-10-08
crazygames,t/racing,80,Impossible Mega Ramp Car Stunt,https://www.crazygames.com/game/impossible-mega-ramp-car-stunt,276510,,467,,,2024,Driving,2026-10-08
crazygames,t/racing,81,Nitro Burnout,https://www.crazygames.com/game/nitro-burnout,1508293,,2478,,,2025,Driving,2026-10-08
crazygames,t/racing,82,Rally Point 3,https://www.crazygames.com/game/rally-point-3,464058,,340,,,2021,Driving,2026-10-08
crazygames,t/racing,83,Drone Racing Championship,https://www.crazygames.com/game/drone-racing-championship,146161,,639,,,2021,Driving,2026-10-08
crazygames,t/racing,84,Horse Racing Derby Quest,https://www.crazygames.com/game/horse-racing-derby-quest,531578,,282,,,2019,Sports,2026-10-08
crazygames,t/racing,85,Nightfall Drifters,https://www.crazygames.com/game/nightfall-drifters,153222,,500,,,2023,Driving,2026-10-08
crazygames,t/racing,86,Mega Ramp Car Game: Car Stunts,https://www.crazygames.com/game/mega-ramp-car-game-car-stunts,737518,,1139,,,2024,Driving,2026-10-08
crazygames,t/racing,87,Speed Brazil,https://www.crazygames.com/game/speed-brazil,414728,,521,,,2019,Driving,2026-10-08
crazygames,t/racing,88,Island Racer,https://www.crazygames.com/game/island-racer,76856,,206,,,2023,Driving,2026-10-08
crazygames,t/racing,89,Ashline Racing: Born To Burn,https://www.crazygames.com/game/ashline-racing-born-to-burn-tmr,240859,,616,,,2025,Driving,2026-10-08
crazygames,t/racing,90,Ultimate Night Racing,https://www.crazygames.com/game/ultimate-night-racing,588362,,291,,,2022,Driving,2026-10-08
crazygames,t/racing,91,Rally Point 2,https://www.crazygames.com/game/rally-point-2,315594,,432,,,2021,Driving,2026-10-08
crazygames,t/racing,92,Drift Zero,https://www.crazygames.com/game/drift-zero,210791,,404,,,2024,Driving,2026-10-08
crazygames,t/racing,93,Racing Empire,https://www.crazygames.com/game/racing-empire,586729,,1003,,,2024,Driving,2026-10-08
crazygames,t/racing,94,RCC Stunt Cars,https://www.crazygames.com/game/rcc-stunt-cars,113135,,370,,,2018,Driving,2026-10-08
crazygames,t/racing,95,Race Clicker: Drift Max,https://www.crazygames.com/game/race-clicker-drift-max,300139,,475,,,2024,Clicker,2026-10-08
crazygames,t/racing,96,Auto Drive,https://www.crazygames.com/game/auto-drive,900253,,677,,,2020,Driving,2026-10-08
crazygames,t/racing,97,Aero Mania,https://www.crazygames.com/game/hyper-drone-racer,102591,,86,,,2025,Driving,2026-10-08
crazygames,t/racing,98,Space Racing 3D: Void,https://www.crazygames.com/game/space-racing-3d-void,760779,,373,,,2020,Driving,2026-10-08
crazygames,t/racing,99,Blocky Cars in Real World,https://www.crazygames.com/game/blocky-cars-in-real-world,102376,,269,,,2018,Driving,2026-10-08
crazygames,t/racing,100,Blocky Traffic Racing,https://www.crazygames.com/game/blocky-highway-racer,842875,,303,,,2020,Driving,2026-10-08
crazygames,t/fighting,1,War the Knights,https://www.crazygames.com/game/war-the-knights,14826008,,134681,,,2025,Action,2026-10-08
crazygames,t/fighting,2,Immortal: Dark Slayer,https://www.crazygames.com/game/immortal-dark-slayer,2055951,,4547,,,2025,Action,2026-10-08
crazygames,t/fighting,3,Crazy Office: Slap and Smash!,https://www.crazygames.com/game/crazy-office-slap-and-smash,18782252,,104036,,,2025,Arcade,2026-10-08
crazygames,t/fighting,4,Stickman Kombat 2D,https://www.crazygames.com/game/stickman-kombat-2d,12797927,,91247,,,2025,Action,2026-10-08
crazygames,t/fighting,5,Puppet Fighter 2 Player,https://www.crazygames.com/game/puppet-fighter-2-player,13285103,,41105,,,2022,Action,2026-10-08
crazygames,t/fighting,6,Punchers,https://www.crazygames.com/game/punchers,9320567,,11093,,,2020,Sports,2026-10-08
crazygames,t/fighting,7,Wrestle Bros,https://www.crazygames.com/game/wrestle-bros,10777478,,20922,,,2023,Sports,2026-10-08
crazygames,t/fighting,8,Stickman Rebirth,https://www.crazygames.com/game/stickman-rebirth,7973041,,66715,,,2025,Action,2026-10-08
crazygames,t/fighting,9,Swords & Souls,https://www.crazygames.com/game/swords-souls,1874653,,2080,,,2015,Action,2026-10-08
crazygames,t/fighting,10,Boss Stickman - Fighting Stick It,https://www.crazygames.com/game/boss-stickman---fighting-stick-it,31223,,937,,,2026,Action,2026-10-08
crazygames,t/fighting,11,Warlord: Fantasy RPG,https://www.crazygames.com/game/warlord-fantasy-rpg,210158,,76,,,2024,Adventure,2026-10-08
crazygames,t/fighting,12,Lucky Block Rush: Fight & Brainrots,https://www.crazygames.com/game/lucky-block-rush-fight-brainrots,335674,,8685,,,2026,Action,2026-10-08
crazygames,t/fighting,13,Grand Action Simulator: New York,https://www.crazygames.com/game/grand-action-simulator-new-york-car-gang,6220482,,20302,,,2018,Action,2026-10-08
crazygames,t/fighting,14,Mechangelion - Robot Fighting,https://www.crazygames.com/game/mechangelion---robot-fighting,338787,,9737,,,2026,Action,2026-10-08
crazygames,t/fighting,15,cowz.io,https://www.crazygames.com/game/cowz-io,355617,,1982,,,2025,.io,2026-10-08
crazygames,t/fighting,16,MMA Manager 2,https://www.crazygames.com/game/mma-manager-2,2654677,,3577,,,2024,Simulation,2026-10-08
crazygames,t/fighting,17,Swords and Sandals 2,https://www.crazygames.com/game/swords-and-sandals-2,5139550,,2962,,,,Action,2026-10-08
crazygames,t/fighting,18,Flying Robot Transform Car Games,https://www.crazygames.com/game/flying-robot-transform-car-games,1110072,,18346,,,2026,Action,2026-10-08
crazygames,t/fighting,19,Godzilla Daikaiju Battle Royale,https://www.crazygames.com/game/godzilla-daikaiju-battle-royale,1643826,,7639,,,2022,Action,2026-10-08
crazygames,t/fighting,20,Drunken Boxing,https://www.crazygames.com/game/drunken-boxers,6537963,,13335,,,2016,Sports,2026-10-08
crazygames,t/fighting,21,Funny City: Gopniks,https://www.crazygames.com/game/funny-city-gopniks,962875,,7786,,,2025,Action,2026-10-08
crazygames,t/fighting,22,Javelin Fighting,https://www.crazygames.com/game/javelin-fighting,1238988,,6476,,,2018,Shooting,2026-10-08
crazygames,t/fighting,23,Pixel Survivor,https://www.crazygames.com/game/pixel-survivor-ppr,55319,,877,,,2026,Action,2026-10-08
crazygames,t/fighting,24,EmberQuest.io,https://www.crazygames.com/game/emberquest-io,211669,,2000,,,2026,.io,2026-10-08
crazygames,t/fighting,25,Merge & Fight,https://www.crazygames.com/game/merge-fight,785425,,15126,,,2026,Action,2026-10-08
crazygames,t/fighting,26,GYROBLADE,https://www.crazygames.com/game/gyroblade,106245,,1854,,,2026,Action,2026-10-08
crazygames,t/fighting,27,BrutalMania.io (Brutal Mania),https://www.crazygames.com/game/brutalmania-io,8119555,,9764,,,2018,.io,2026-10-08
crazygames,t/fighting,28,Annoying Uncle Punch Game,https://www.crazygames.com/game/annoying-uncle-punch-game,506424,,4926,,,2026,Action,2026-10-08
crazygames,t/fighting,29,Striker Dummies,https://www.crazygames.com/game/striker-dummies,5669015,,3637,,,2019,Action,2026-10-08
crazygames,t/fighting,30,"Kill A Brainrot: Bosses, Eggs, Pets!",https://www.crazygames.com/game/kill-a-brainrot-bosses-eggs-pets-oqo,17925,,564,,,2026,Action,2026-10-08
crazygames,t/fighting,31,Ragdoll Ninja: Imposter Hero,https://www.crazygames.com/game/ragdoll-ninja-imposter-hero,1445230,,4992,,,2025,Action,2026-10-08
crazygames,t/fighting,32,Gangster Crimes Online 6: Mafia City,https://www.crazygames.com/game/gangster-crimes-online-6-mafia-city,3568896,,15867,,,2024,Action,2026-10-08
crazygames,t/fighting,33,Knockout!,https://www.crazygames.com/game/knockout-ctv,814692,,16585,,,2026,Arcade,2026-10-08
crazygames,t/fighting,34,BladeBlast.io,https://www.crazygames.com/game/bladeblast-io,305717,,6865,,,2026,.io,2026-10-08
crazygames,t/fighting,35,Street Fighter Simulator,https://www.crazygames.com/game/street-fighter-simulator,1723191,,5415,,,2024,Action,2026-10-08
crazygames,t/fighting,36,Funny Blade & Magic,https://www.crazygames.com/game/funny-blade-magic,914697,,2392,,,2023,Action,2026-10-08
crazygames,t/fighting,37,Super Smash Flash,https://www.crazygames.com/game/super-smash-flash,1336490,,1945,,,2014,Action,2026-10-08
crazygames,t/fighting,38,Hobo,https://www.crazygames.com/game/hobo,2620727,,2509,,,,Action,2026-10-08
crazygames,t/fighting,39,Duck Life: Adventure (Demo),https://www.crazygames.com/game/duck-life-adventure-demo,654352,,2841,,,2020,Adventure,2026-10-08
crazygames,t/fighting,40,Rogue Soul 2,https://www.crazygames.com/game/rogue-soul-2,884188,,980,,,2014,Action,2026-10-08
crazygames,t/fighting,41,Balloon Clash,https://www.crazygames.com/game/balloon-clash,727043,,1478,,,2023,Action,2026-10-08
crazygames,t/fighting,42,Gladiator Fights,https://www.crazygames.com/game/gladiator-fights,2110230,,8045,,,2024,Action,2026-10-08
crazygames,t/fighting,43,Fight Arena Online,https://www.crazygames.com/game/fight-arena-online,2532488,,2476,,,2021,Action,2026-10-08
crazygames,t/fighting,44,Forest Spirit: Farm & Fight,https://www.crazygames.com/game/forest-spirit-farm-fight,81148,,482,,,2025,Adventure,2026-10-08
crazygames,t/fighting,45,Samurai's Shadow,https://www.crazygames.com/game/samurai-s-shadow-qtn,2490914,,5404,,,2025,Action,2026-10-08
crazygames,t/fighting,46,Ultimate Robo Duel 3D,https://www.crazygames.com/game/ultimate-robo-duel-3d,977862,,1656,,,2022,Action,2026-10-08
crazygames,t/fighting,47,Dragons Merge: Battle Games,https://www.crazygames.com/game/dragons-merge-battle-games,442056,,2815,,,2025,Action,2026-10-08
crazygames,t/fighting,48,Stronghold Dude,https://www.crazygames.com/game/stronghold-dude,641926,,1690,,,2025,Adventure,2026-10-08
crazygames,t/fighting,49,Swing Sword for Brainrots,https://www.crazygames.com/game/swing-sword-for-brainrots,112072,,2191,,,2026,Arcade,2026-10-08
crazygames,t/fighting,50,Mr. Dude: King of the Hill,https://www.crazygames.com/game/mr-dude-king-of-the-hill,3099605,,9573,,,2024,Action,2026-10-08
crazygames,t/fighting,51,Stickman Weapon Master,https://www.crazygames.com/game/stickman-weapon-master,690584,,6669,,,2025,Action,2026-10-08
crazygames,t/fighting,52,Stick Ragdoll Battle Simulator,https://www.crazygames.com/game/stick-ragdoll-battle-simulator,451208,,1854,,,2025,Strategy,2026-10-08
crazygames,t/fighting,53,Electric Man,https://www.crazygames.com/game/electric-man,3451127,,1922,,,,Action,2026-10-08
crazygames,t/fighting,54,Gladiator: True Story,https://www.crazygames.com/game/gladiator---true-story,354233,,1804,,,2021,Action,2026-10-08
crazygames,t/fighting,55,Boxing Stars,https://www.crazygames.com/game/boxing-stars,808207,,1144,,,2021,Sports,2026-10-08
crazygames,t/fighting,56,Ragdoll Fight,https://www.crazygames.com/game/ragdoll-fight,536359,,1162,,,2023,Action,2026-10-08
crazygames,t/fighting,57,Mortal Kombat Karnage,https://www.crazygames.com/game/mortal-kombat-karnage,751079,,3190,,,2021,Action,2026-10-08
crazygames,t/fighting,58,Advent NEON,https://www.crazygames.com/game/adventneon,870556,,1225,,,2021,Action,2026-10-08
crazygames,t/fighting,59,Battle of Knights: Robby and Dragons,https://www.crazygames.com/game/battle-of-knights-robby-and-dragons,1512724,,2543,,,2024,Arcade,2026-10-08
crazygames,t/fighting,60,Human Leap: Evolution,https://www.crazygames.com/game/human-leap-evolution,208181,,1289,,,2026,Strategy,2026-10-08
crazygames,t/fighting,41,Injustice Gods Among Us,https://www.crazygames.com/game/injustice-gods-among-us,1626244,,2265,,,2015,Action,2026-10-08
crazygames,t/fighting,42,The Superman - Theme is Aliens,https://www.crazygames.com/game/the-superman-theme-is-aliens,892686,,4709,,,2018,Action,2026-10-08
crazygames,t/fighting,43,Dominators: Fighting Dinosaurs,https://www.crazygames.com/game/dominators-fighting-dinosaurs-fyf,126260,,1777,,,2026,Action,2026-10-08
crazygames,t/fighting,44,Monster Life,https://www.crazygames.com/game/monster-life,886632,,1279,,,2022,Action,2026-10-08
crazygames,t/fighting,45,Runic Rampage,https://www.crazygames.com/game/runic-rampage,75334,,1952,,,2026,Action,2026-10-08
crazygames,t/fighting,46,Caveman Life,https://www.crazygames.com/game/caveman-life,592797,,1127,,,2025,Simulation,2026-10-08
crazygames,t/fighting,47,EmberWars.io,https://www.crazygames.com/game/emberwars-io,175235,,2570,,,2026,.io,2026-10-08
crazygames,t/fighting,48,Spider Hero Street Fight,https://www.crazygames.com/game/spider-hero-street-fight,1128799,,2628,,,2018,Action,2026-10-08
crazygames,t/fighting,49,Dark Stones: Card Battle RPG,https://www.crazygames.com/game/dark-stones-card-battle-rpg,412550,,1616,,,2025,Strategy,2026-10-08
crazygames,t/fighting,50,Flying Bat Robot Car Transform Game,https://www.crazygames.com/game/flying-bat-robot-car-transform-game,508517,,3190,,,2024,Action,2026-10-08
crazygames,t/fighting,51,Slasher,https://www.crazygames.com/game/slasher,1175064,,1560,,,2023,Action,2026-10-08
crazygames,t/fighting,52,Clash of Skulls,https://www.crazygames.com/game/clash-of-skulls,460394,,421,,,2022,Strategy,2026-10-08
crazygames,t/fighting,53,Stickman Fighting: Super War,https://www.crazygames.com/game/stickman-duelist-supreme-war,1495197,,3176,,,2022,Action,2026-10-08
crazygames,t/fighting,54,Push.io,https://www.crazygames.com/game/push-io,458085,,1159,,,2025,.io,2026-10-08
crazygames,t/fighting,55,Robot Police Iron Panther,https://www.crazygames.com/game/robot-police-iron-panther,1512562,,2334,,,2019,Action,2026-10-08
crazygames,t/fighting,56,Elvenrage,https://www.crazygames.com/game/elvenrage,187741,,453,,,2025,Adventure,2026-10-08
crazygames,t/fighting,57,Samurai Legacy,https://www.crazygames.com/game/samurai-legacy,439223,,1349,,,2021,Action,2026-10-08
crazygames,t/fighting,58,Duck Life: Battle (Demo),https://www.crazygames.com/game/duck-life-battle,469847,,335,,,2018,Action,2026-10-08
crazygames,t/fighting,59,Office Fight,https://www.crazygames.com/game/office-fight,1722984,,3447,,,2023,Action,2026-10-08
crazygames,t/fighting,60,Mecha Allstars Battle Royale,https://www.crazygames.com/game/mecha-allstars-battle-royale,349084,,3176,,,2026,Action,2026-10-08
crazygames,t/fighting,61,Crime City Robbery Thief Games,https://www.crazygames.com/game/crime-city-robbery-thief-games,781485,,1537,,,2024,Action,2026-10-08
crazygames,t/fighting,62,Lost Dungeon,https://www.crazygames.com/game/lost-dungeon,116149,,2897,,,2026,Action,2026-10-08
crazygames,t/fighting,63,Stickman Fighting 3D,https://www.crazygames.com/game/stickman-fighting-3d,2497928,,677,,,2019,Action,2026-10-08
crazygames,t/fighting,64,Dino World: Merge & Fight,https://www.crazygames.com/game/dino-world-merge-fight,498650,,936,,,2023,Action,2026-10-08
crazygames,t/fighting,65,Waddle's Quest,https://www.crazygames.com/game/waddle-s-quest,15559,,320,,,2026,Adventure,2026-10-08
crazygames,t/fighting,66,Kuja,https://www.crazygames.com/game/kuja,483060,,907,,,2014,Action,2026-10-08
crazygames,t/fighting,67,3D Block Gladiator: Sword Draw,https://www.crazygames.com/game/3d-block-gladiator-sword-draw,1668914,,4851,,,2025,Action,2026-10-08
crazygames,t/fighting,68,Dragon Hunter,https://www.crazygames.com/game/let-s-journey,122507,,120,,,2024,Clicker,2026-10-08
crazygames,t/fighting,69,Tanks 2D: Tank Wars,https://www.crazygames.com/game/tanks-2d-tank-wars,1018667,,1625,,,2022,Action,2026-10-08
crazygames,t/fighting,70,Fighter Legends Duo,https://www.crazygames.com/game/fighter-legends-duo,280556,,1129,,,2023,Action,2026-10-08
crazygames,t/fighting,71,Super Thrower,https://www.crazygames.com/game/super-thrower,1198377,,831,,,2024,Action,2026-10-08
crazygames,t/fighting,72,Red Stickman vs Monster School,https://www.crazygames.com/game/red-stickman-vs-monster-school,654957,,1149,,,2022,Action,2026-10-08
crazygames,t/fighting,73,Men Vs Gorillas,https://www.crazygames.com/game/men-vs-gorillas-nbu,1240398,,2977,,,2025,Action,2026-10-08
crazygames,t/fighting,74,Brainrot Tower Defence,https://www.crazygames.com/game/brainrot-tower-defence,174653,,3643,,,2026,Strategy,2026-10-08
crazygames,t/fighting,75,Clash of Memes,https://www.crazygames.com/game/clash-of-memes,170215,,907,,,2025,Action,2026-10-08
crazygames,t/fighting,76,Sword Master: Shadow Hunter,https://www.crazygames.com/game/sword-master-shadow-hunter,40287,,1835,,,2026,Action,2026-10-08
crazygames,t/fighting,77,Crazy Mechs,https://www.crazygames.com/game/crazy-mechs,350558,,1056,,,2023,Action,2026-10-08
crazygames,t/fighting,78,Office Brawl - Room Smash,https://www.crazygames.com/game/office-brawl---room-smash,362974,,395,,,2025,Action,2026-10-08
crazygames,t/fighting,79,Merge Age Warriors,https://www.crazygames.com/game/merge-age-warriors,321711,,461,,,2025,Strategy,2026-10-08
crazygames,t/fighting,80,Alcatraz Prison Escape Plan,https://www.crazygames.com/game/alcatraz-prison-escape-plan,438023,,1128,,,2024,Action,2026-10-08
crazygames,t/fighting,81,Knockout Legends: Battle Streets,https://www.crazygames.com/game/knockout-legends-battle-streets,30996,,757,,,2026,Action,2026-10-08
crazygames,t/fighting,82,Power Players: Defenders,https://www.crazygames.com/game/power-players-defenders,24465,,48,,,2023,Puzzle,2026-10-08
crazygames,t/fighting,83,Samurai Madness,https://www.crazygames.com/game/samurai-madness,935311,,700,,,2021,Action,2026-10-08
crazygames,t/fighting,84,Bat Hero: Immortal Legend Crime Fighter,https://www.crazygames.com/game/bat-hero-immortal-legend-crime-fighter,221983,,336,,,2018,Action,2026-10-08
crazygames,t/fighting,85,Drunk-Fu: Wasted Masters,https://www.crazygames.com/game/drunk-fu-wasted-masters,509484,,385,,,2017,Action,2026-10-08
crazygames,t/fighting,86,Cyber Rage: Retribution,https://www.crazygames.com/game/cyber-rage-retribution,1014212,,386,,,2019,Action,2026-10-08
crazygames,t/fighting,87,Warrior Clash,https://www.crazygames.com/game/warrior-clash-pzu,150043,,331,,,2025,Strategy,2026-10-08
crazygames,t/fighting,88,Ninja: Bamboo Assassin,https://www.crazygames.com/game/ninja-bamboo-assassin,1064007,,915,,,2024,Action,2026-10-08
crazygames,t/fighting,89,Funny Ragdoll Wrestlers,https://www.crazygames.com/game/funny-ragdoll-wrestlers,152306,,375,,,2023,Sports,2026-10-08
crazygames,t/fighting,90,Crazy Flasher 3,https://www.crazygames.com/game/crazy-flasher-3,273119,,285,,,,Action,2026-10-08
crazygames,t/fighting,91,Rumble High,https://www.crazygames.com/game/rumble-high,58328,,212,,,2025,Action,2026-10-08
crazygames,t/fighting,92,Punchy Race,https://www.crazygames.com/game/punchy-race,578223,,1527,,,2025,Action,2026-10-08
crazygames,t/fighting,93,WKSP Rumble,https://www.crazygames.com/game/wksp-rumble,151385,,121,,,2022,Action,2026-10-08
crazygames,t/fighting,94,Clash of Cakes,https://www.crazygames.com/game/clash-of-cakes,427217,,262,,,2019,Arcade,2026-10-08
crazygames,t/fighting,95,Gang Brawlers,https://www.crazygames.com/game/gang-brawlers,242402,,324,,,2023,Action,2026-10-08
crazygames,t/fighting,96,Smash Block Arena,https://www.crazygames.com/game/smash-block-arena,63202,,180,,,2025,Action,2026-10-08
crazygames,t/fighting,97,Mahjong Monster Arena,https://www.crazygames.com/game/mahjong-monster-arena,90504,,89,,,2022,Puzzle,2026-10-08
crazygames,t/fighting,98,Fly Me Hard,https://www.crazygames.com/game/fly-me-hard,59511,,42,,,2025,Action,2026-10-08
crazygames,t/fighting,99,Raccoon Legend,https://www.crazygames.com/game/raccoon-legend,104201,,286,,,2025,Arcade,2026-10-08
crazygames,t/fighting,100,Bum Ben,https://www.crazygames.com/game/bum-ben,212721,,119,,,2024,Action,2026-10-08
crazygames,t/tower-defense,1,Mage Castle Idle Defense,https://www.crazygames.com/game/mage-tower-idle-defense,4331833,,27368,,,2025,Strategy,2026-10-08
crazygames,t/tower-defense,2,Tower Swap,https://www.crazygames.com/game/tower-swap,21850755,,8448,,,2021,Strategy,2026-10-08
crazygames,t/tower-defense,3,Bloons Tower Defense 4,https://www.crazygames.com/game/bloons-tower-defense-4,5924861,,11590,,,2021,Strategy,2026-10-08
crazygames,t/tower-defense,4,Evil Tower,https://www.crazygames.com/game/evil-tower-lli,969233,,10468,,,2026,Strategy,2026-10-08
crazygames,t/tower-defense,5,AOD - Art Of Defense,https://www.crazygames.com/game/aod---art-of-defense,5699993,,8390,,,2024,Strategy,2026-10-08
crazygames,t/tower-defense,6,Infinity Kingdom,https://www.crazygames.com/game/infinity-kingdom,1954990,,10421,,,2025,Strategy,2026-10-08
crazygames,t/tower-defense,7,Bloons Tower Defense 3,https://www.crazygames.com/game/bloons-tower-defense-3,1220765,,2530,,,2021,Action,2026-10-08
crazygames,t/tower-defense,8,Cursed Treasure 2,https://www.crazygames.com/game/cursed-treasure-2,4575950,,1894,,,2019,Strategy,2026-10-08
crazygames,t/tower-defense,9,Kingdom Rush,https://www.crazygames.com/game/kingdom-rush,2633018,,4088,,,2022,Strategy,2026-10-08
crazygames,t/tower-defense,10,Vector TD,https://www.crazygames.com/game/vector-td,1000382,,895,,,2019,Strategy,2026-10-08
crazygames,t/tower-defense,11,TimeWarriors,https://www.crazygames.com/game/timewarriors,4221012,,8140,,,2024,Strategy,2026-10-08
crazygames,t/tower-defense,12,World Z Defense - Zombie Defense,https://www.crazygames.com/game/world-z-defense---zombie-defense,3896753,,6368,,,2024,Action,2026-10-08
crazygames,t/tower-defense,13,Bloons Tower Defense,https://www.crazygames.com/game/bloons-tower-defense,2354639,,1352,,,,Strategy,2026-10-08
crazygames,t/tower-defense,14,Blocky Tower Defense 2D,https://www.crazygames.com/game/blocky-tower-defense-2d,14188,,248,,,2026,Strategy,2026-10-08
crazygames,t/tower-defense,15,UnderDark: Defense,https://www.crazygames.com/game/underdark-defense,106242,,1523,,,2026,Strategy,2026-10-08
crazygames,t/tower-defense,16,Bloons Tower Defense 4 Expansion,https://www.crazygames.com/game/bloons-tower-defense-4-expansion,687317,,1901,,,2014,Strategy,2026-10-08
crazygames,t/tower-defense,17,Desktop Tower Defense,https://www.crazygames.com/game/desktop-tower-defense,1256506,,370,,,2014,Strategy,2026-10-08
crazygames,t/tower-defense,18,Day D Tower Rush,https://www.crazygames.com/game/day-d-tower-rush,2069525,,1129,,,2022,Strategy,2026-10-08
crazygames,t/tower-defense,19,Kiomet,https://www.crazygames.com/game/kiomet-com,4270672,,6083,,,2022,Strategy,2026-10-08
crazygames,t/tower-defense,20,Bloons Tower Defense 2,https://www.crazygames.com/game/bloons-tower-defense-2,823464,,795,,,2020,Strategy,2026-10-08
crazygames,t/tower-defense,21,Defender Idle 2,https://www.crazygames.com/game/defender-idle-2,2132109,,739,,,2023,Action,2026-10-08
crazygames,t/tower-defense,22,Reckon Days,https://www.crazygames.com/game/reckon-days-tou,120909,,1819,,,2026,Strategy,2026-10-08
crazygames,t/tower-defense,23,Age of Tanks Warriors: TD War,https://www.crazygames.com/game/age-of-tanks-warriors-td-war,5089382,,7286,,,2024,Strategy,2026-10-08
crazygames,t/tower-defense,24,Raid Heroes: Total War,https://www.crazygames.com/game/raid-heroes-total-war-cgb,1427855,,1424,,,2025,Strategy,2026-10-08
crazygames,t/tower-defense,25,Endless Siege,https://www.crazygames.com/game/endless-siege,2622499,,1042,,,2021,Action,2026-10-08
crazygames,t/tower-defense,26,Pulseboard,https://www.crazygames.com/game/pulseboard-qed,25323,,538,,,2026,Strategy,2026-10-08
crazygames,t/tower-defense,27,Frontline Defense,https://www.crazygames.com/game/frontline-defense,340624,,394,,,2022,Strategy,2026-10-08
crazygames,t/tower-defense,28,Pumpkin Defense: Merge Cannon,https://www.crazygames.com/game/pumpkin-defense-merge-cannon,741325,,10389,,,2026,Arcade,2026-10-08
crazygames,t/tower-defense,29,Cursed Treasure,https://www.crazygames.com/game/cursed-treasure,1060129,,435,,,2019,Strategy,2026-10-08
crazygames,t/tower-defense,30,Tower Defense Clash,https://www.crazygames.com/game/tower-defense-clash,2091632,,1072,,,2023,Strategy,2026-10-08
crazygames,t/tower-defense,31,Xeno Tactic,https://www.crazygames.com/game/xeno-tactic,364778,,312,,,2021,Action,2026-10-08
crazygames,t/tower-defense,32,Snake Shooter: Tower Battle,https://www.crazygames.com/game/snake-shooter-cbu,1869254,,889,,,2025,Arcade,2026-10-08
crazygames,t/tower-defense,33,Zombie Protocol,https://www.crazygames.com/game/zombie-protocol,122762,,2456,,,2026,Strategy,2026-10-08
crazygames,t/tower-defense,34,Merge Elementals: Castle Defense,https://www.crazygames.com/game/merge-elementals-castle-defense,52590,,903,,,2026,Strategy,2026-10-08
crazygames,t/tower-defense,35,Evo Gears,https://www.crazygames.com/game/evo-gears,559496,,3449,,,2025,Strategy,2026-10-08
crazygames,t/tower-defense,36,Wild Castle TD: Grow Empire,https://www.crazygames.com/game/wild-castle-td-grow-empire,1045280,,194,,,2020,Strategy,2026-10-08
crazygames,t/tower-defense,37,Cursed Treasure Level Pack,https://www.crazygames.com/game/cursed-treasure-level-pack,605930,,167,,,2019,Strategy,2026-10-08
crazygames,t/tower-defense,38,Slime Horde TD,https://www.crazygames.com/game/slime-horde-td,21241,,363,,,2026,Clicker,2026-10-08
crazygames,t/tower-defense,39,Epic Empire: Tower Defense,https://www.crazygames.com/game/epic-empire-tower-defense,1490072,,976,,,2024,Action,2026-10-08
crazygames,t/tower-defense,40,Cursed Treasure 1.5,https://www.crazygames.com/game/cursed-treasure-11-2,549054,,200,,,2022,Strategy,2026-10-08
crazygames,t/tower-defense,41,Merge Defense: Army Behind the Wall,https://www.crazygames.com/game/merge-defense-army-behind-the-wall,19106,,332,,,2026,Strategy,2026-10-08
crazygames,t/tower-defense,42,DualForce Idle,https://www.crazygames.com/game/dualforce-idle,1785894,,601,,,2020,Clicker,2026-10-08
crazygames,t/tower-defense,43,Trap Craft,https://www.crazygames.com/game/trap-craft,3451261,,9068,,,2022,Action,2026-10-08
crazygames,t/tower-defense,44,Age of Steam Tower Defence,https://www.crazygames.com/game/age-of-steam-tower-defence,111161,,187,,,2025,Strategy,2026-10-08
crazygames,t/tower-defense,45,Last Bastion,https://www.crazygames.com/game/last-bastion,247950,,3747,,,2026,Strategy,2026-10-08
crazygames,t/tower-defense,46,Keeper of the Grove 2,https://www.crazygames.com/game/keeper-of-the-grove-2,651683,,246,,,2014,Strategy,2026-10-08
crazygames,t/tower-defense,47,Endless Siege 2,https://www.crazygames.com/game/endless-siege-2,209699,,213,,,2024,Strategy,2026-10-08
crazygames,t/tower-defense,48,Gods of Defense,https://www.crazygames.com/game/gods-of-defense,162234,,130,,,2022,Strategy,2026-10-08
crazygames,t/tower-defense,49,Asteroid Breaker,https://www.crazygames.com/game/asteroid-breaker-ezu,706906,,345,,,2025,Arcade,2026-10-08
crazygames,t/tower-defense,50,Tower Defense,https://www.crazygames.com/game/tower-defense,530443,,758,,,2024,Strategy,2026-10-08
crazygames,t/tower-defense,51,Tower vs Goblins,https://www.crazygames.com/game/tower-vs-goblins,900918,,1354,,,2025,Action,2026-10-08
crazygames,t/tower-defense,52,Aquadome Defense,https://www.crazygames.com/game/aquadome-defense,12431,,278,,,2026,Arcade,2026-10-08
crazygames,t/tower-defense,53,Army Warfare,https://www.crazygames.com/game/army-warfare,287257,,422,,,2022,Strategy,2026-10-08
crazygames,t/tower-defense,54,North Kingdom: Siege Castle,https://www.crazygames.com/game/north-kingdom---siege-castle,230803,,892,,,2023,Strategy,2026-10-08
crazygames,t/tower-defense,55,Human Leap: Evolution,https://www.crazygames.com/game/human-leap-evolution,208181,,1289,,,2026,Strategy,2026-10-08
crazygames,t/tower-defense,56,Stickman Tower Defense Idle 3D,https://www.crazygames.com/game/stickman-tower-defense-idle-3d,611825,,1310,,,2025,Strategy,2026-10-08
crazygames,t/tower-defense,57,Wall Wars,https://www.crazygames.com/game/wall-wars,223293,,1447,,,2026,Strategy,2026-10-08
crazygames,t/tower-defense,58,Battle for Resources,https://www.crazygames.com/game/battle-for-resources,114870,,512,,,2026,Strategy,2026-10-08
crazygames,t/tower-defense,59,Clash of Ages,https://www.crazygames.com/game/clash-of-ages,135419,,200,,,2024,Strategy,2026-10-08
crazygames,t/tower-defense,60,Raid & Rush,https://www.crazygames.com/game/raid-rush,84490,,1269,,,2026,Action,2026-10-08
crazygames,t/tower-defense,41,Goblin Punk Tower Defense,https://www.crazygames.com/game/goblin-punk-tower-defense,146670,,237,,,2025,Strategy,2026-10-08
crazygames,t/tower-defense,42,Merge Archers,https://www.crazygames.com/game/merge-archers,84755,,1254,,,2026,Action,2026-10-08
crazygames,t/tower-defense,43,Clash of Skulls,https://www.crazygames.com/game/clash-of-skulls,460394,,420,,,2022,Strategy,2026-10-08
crazygames,t/tower-defense,44,Age Of Arms,https://www.crazygames.com/game/age-of-arms,879825,,2489,,,2024,Strategy,2026-10-08
crazygames,t/tower-defense,45,Knightmare Tower,https://www.crazygames.com/game/knightmare-tower,78048,,432,,,2023,Action,2026-10-08
crazygames,t/tower-defense,46,Craft and Battle,https://www.crazygames.com/game/craft-and-battle,714825,,1753,,,2025,Strategy,2026-10-08
crazygames,t/tower-defense,47,Human Resistance,https://www.crazygames.com/game/human-resistance,294489,,973,,,2023,Action,2026-10-08
crazygames,t/tower-defense,48,Four Mini Kingdoms War,https://www.crazygames.com/game/four-mini-kingdoms-war,139560,,430,,,2024,Strategy,2026-10-08
crazygames,t/tower-defense,49,Ghost Dorm,https://www.crazygames.com/game/ghost-dorm,154232,,1736,,,2026,Strategy,2026-10-08
crazygames,t/tower-defense,50,We Not Survive,https://www.crazygames.com/game/we-not-survive,169040,,141,,,2023,Action,2026-10-08
crazygames,t/tower-defense,51,Guardians of the Kingdom,https://www.crazygames.com/game/guardians-of-the-kingdom,157152,,89,,,2023,Strategy,2026-10-08
crazygames,t/tower-defense,52,Stellar Bastion,https://www.crazygames.com/game/stellar-bastion,46428,,888,,,2026,Strategy,2026-10-08
crazygames,t/tower-defense,53,Merge Cannon: Chicken Defense,https://www.crazygames.com/game/merge-cannon-chicken-defense,2830881,,1069,,,2021,Action,2026-10-08
crazygames,t/tower-defense,54,Trap Craft 2,https://www.crazygames.com/game/mine-trap-craft-3,186136,,1035,,,2025,Action,2026-10-08
crazygames,t/tower-defense,55,Falling Fruits,https://www.crazygames.com/game/falling-fruits,394644,,87,,,2021,Clicker,2026-10-08
crazygames,t/tower-defense,56,Dreamspace,https://www.crazygames.com/game/dreamspace,139983,,710,,,2025,Action,2026-10-08
crazygames,t/tower-defense,57,Noob Tower Defense,https://www.crazygames.com/game/noob-tower-defense,1191386,,2489,,,2022,Action,2026-10-08
crazygames,t/tower-defense,58,Tower Defense.io,https://www.crazygames.com/game/tower-defense-io,90732,,87,,,2024,Strategy,2026-10-08
crazygames,t/tower-defense,59,Idle Medieval Tower Defense,https://www.crazygames.com/game/idle-medieval-tower-defense,152643,,171,,,2025,Strategy,2026-10-08
crazygames,t/tower-defense,60,The Last Lighthouse,https://www.crazygames.com/game/the-last-lighthouse,74874,,934,,,2026,Arcade,2026-10-08
crazygames,t/tower-defense,61,Brainrot Tower Defence,https://www.crazygames.com/game/brainrot-tower-defence,174653,,3642,,,2026,Strategy,2026-10-08
crazygames,t/tower-defense,62,Iron Towers Alliance,https://www.crazygames.com/game/iron-towers-alliance,1085801,,836,,,2025,Strategy,2026-10-08
crazygames,t/tower-defense,63,Fortress of the Wizard,https://www.crazygames.com/game/fortress-of-the-wizard-mfx,161011,,144,,,2025,Strategy,2026-10-08
crazygames,t/tower-defense,64,Tower Defense - Alien Invasion,https://www.crazygames.com/game/tower-defense---alien-invasion-cpb,63901,,135,,,2025,Strategy,2026-10-08
crazygames,t/tower-defense,65,Cannon Clash,https://www.crazygames.com/game/cannon-clash-yoo,307117,,213,,,2025,Action,2026-10-08
crazygames,t/tower-defense,66,Magic Mahjong,https://www.crazygames.com/game/magic-mahjong-gyr,19043,,159,,,2026,Puzzle,2026-10-08
crazygames,t/tower-defense,67,Crabby Fishes,https://www.crazygames.com/game/crabby-fishes,19911,,89,,,2026,Strategy,2026-10-08
crazygames,t/tower-defense,68,REDLINE: Idle Front,https://www.crazygames.com/game/redline-idle-front,194836,,78,,,2025,Clicker,2026-10-08
crazygames,t/tower-defense,69,Clash of Warriors,https://www.crazygames.com/game/clash-of-warriors-ofd,318887,,371,,,2024,Strategy,2026-10-08
crazygames,t/tower-defense,70,Void Siege,https://www.crazygames.com/game/void-siege-jze,78866,,43,,,2025,Strategy,2026-10-08
crazygames,t/tower-defense,71,Warrior Clash,https://www.crazygames.com/game/warrior-clash-pzu,150043,,331,,,2025,Strategy,2026-10-08
crazygames,t/tower-defense,72,Clone2048,https://www.crazygames.com/game/clone2048,300693,,122,,,2022,Strategy,2026-10-08
crazygames,t/tower-defense,73,Slime Attack: Puzzle!,https://www.crazygames.com/game/slime-attack-puzzle,57753,,37,,,2025,Puzzle,2026-10-08
crazygames,t/tower-defense,74,Space Hex: War Merge Shooter,https://www.crazygames.com/game/space-hex-war-merge-shooter,120153,,88,,,2025,Action,2026-10-08
crazygames,t/tower-defense,75,Magic Merge: Tower Defense 3D,https://www.crazygames.com/game/magic-merge-tower-defense-3d,226652,,65,,,2024,Strategy,2026-10-08
crazygames,t/tower-defense,76,Iron Bastion: Tower Defense,https://www.crazygames.com/game/iron-bastion-tower-defense,51897,,33,,,2024,Strategy,2026-10-08
crazygames,t/tower-defense,77,Armor Path,https://www.crazygames.com/game/armor-path-ctb,112355,,148,,,2025,Strategy,2026-10-08
crazygames,t/tower-defense,78,Cubic Frontier: Zombie Robby,https://www.crazygames.com/game/cubic-frontier-zombie-robby,361907,,131,,,2024,Strategy,2026-10-08
crazygames,t/tower-defense,79,Core Defender,https://www.crazygames.com/game/core-defender-iam,18808,,243,,,2026,Strategy,2026-10-08
crazygames,t/tower-defense,80,Super Number Defense,https://www.crazygames.com/game/super-number-defense,116507,,83,,,2023,Strategy,2026-10-08
crazygames,t/tower-defense,81,Trump Tower Defense,https://www.crazygames.com/game/trump-tower-defense,120461,,35,,,2018,Action,2026-10-08
crazygames,t/tower-defense,82,Defenders of the Realm: An Epic War,https://www.crazygames.com/game/defenders-of-the-realm-an-epic-war,186297,,68,,,2022,Strategy,2026-10-08
crazygames,t/tower-defense,83,Grass Defense,https://www.crazygames.com/game/grass-defense-ugy,389866,,603,,,2025,Strategy,2026-10-08
crazygames,t/tower-defense,84,Alchemist's Shop: Rune Defense,https://www.crazygames.com/game/alchemist-s-shop-rune-defense,10258,,183,,,2026,Action,2026-10-08
crazygames,t/tower-defense,85,Monster Defense,https://www.crazygames.com/game/monster-defense-kaf,164005,,61,,,2022,Action,2026-10-08
crazygames,t/tower-defense,86,Jungle TD,https://www.crazygames.com/game/jungle-td,139370,,98,,,2019,Strategy,2026-10-08
crazygames,t/tower-defense,87,Brainrot Tower Defense,https://www.crazygames.com/game/brainrot-tower-defense,89833,,468,,,2026,Strategy,2026-10-08
crazygames,t/tower-defense,88,Animal Royal,https://www.crazygames.com/game/animal-royal-vse,326307,,350,,,2025,Strategy,2026-10-08
crazygames,t/tower-defense,89,Crown & Cannon,https://www.crazygames.com/game/crown-cannon,248389,,181,,,2025,Strategy,2026-10-08
crazygames,t/tower-defense,90,Space Swarm,https://www.crazygames.com/game/space-swarm,74979,,116,,,2023,Arcade,2026-10-08
crazygames,t/tower-defense,91,Rage Fruits Tower Defense,https://www.crazygames.com/game/fruit-tower-defense,91061,,49,,,2025,Action,2026-10-08
crazygames,t/tower-defense,92,Limited Defense,https://www.crazygames.com/game/limited-defense,282271,,103,,,2025,Strategy,2026-10-08
crazygames,t/tower-defense,93,Cavern: From the Fog,https://www.crazygames.com/game/cavern-from-the-fog,141316,,35,,,2024,Simulation,2026-10-08
crazygames,t/tower-defense,94,Guns and Magic,https://www.crazygames.com/game/guns-and-magic,285918,,150,,,2022,Action,2026-10-08
crazygames,t/tower-defense,95,Forge of Gods,https://www.crazygames.com/game/forge-of-gods,59263,,335,,,2026,Action,2026-10-08
crazygames,t/tower-defense,96,A Slime Hut,https://www.crazygames.com/game/a-slime-hut,251555,,66,,,2019,Action,2026-10-08
crazygames,t/tower-defense,97,Smash Defense,https://www.crazygames.com/game/smash-defense,126628,,98,,,2025,Arcade,2026-10-08
crazygames,t/tower-defense,98,Village of Heroes: Roguelike TD,https://www.crazygames.com/game/village-of-heroes-roguelike-td,52729,,43,,,2024,Strategy,2026-10-08
crazygames,t/tower-defense,99,Random Cards: Tower Defense,https://www.crazygames.com/game/random-cards-tower-defense,121976,,57,,,2023,Strategy,2026-10-08
crazygames,t/tower-defense,100,Blob Battalion,https://www.crazygames.com/game/blob-battalion,18762,,81,,,2026,Strategy,2026-10-08
crazygames,t/idle,1,Mage Castle Idle Defense,https://www.crazygames.com/game/mage-tower-idle-defense,4331833,,27368,,,2025,Strategy,2026-10-08
crazygames,t/idle,2,Steal Eggs,https://www.crazygames.com/game/steal-a-eggs,1427571,,28182,,,2026,Arcade,2026-10-08
crazygames,t/idle,3,Leek Factory Tycoon,https://www.crazygames.com/game/leek-factory-tycoon,8873220,,27730,,,2023,Clicker,2026-10-08
crazygames,t/idle,4,Evil Tower,https://www.crazygames.com/game/evil-tower-lli,969233,,10464,,,2026,Strategy,2026-10-08
crazygames,t/idle,5,Firestone – Idle Clicker Online RPG,https://www.crazygames.com/game/firestone-idle-rpg,2536742,,3008,,,2020,Adventure,2026-10-08
crazygames,t/idle,6,Forest Nothing,https://www.crazygames.com/game/forest-nothing,344041,,3869,,,2026,Simulation,2026-10-08
crazygames,t/idle,7,Claw Master,https://www.crazygames.com/game/claw-master,330911,,4746,,,2026,Arcade,2026-10-08
crazygames,t/idle,8,Pickaxe 3D Idle Miner,https://www.crazygames.com/game/pickaxe-3d-idle-miner,21088,,475,,,2026,Clicker,2026-10-08
crazygames,t/idle,9,The MachinEGG,https://www.crazygames.com/game/the-machinegg,1116141,,21556,,,2026,Clicker,2026-10-08
crazygames,t/idle,10,Gun Hero: Cat Survival,https://www.crazygames.com/game/gun-hero-cat-survival,540500,,10389,,,2026,Arcade,2026-10-08
crazygames,t/idle,11,Lawn Mower Idle,https://www.crazygames.com/game/lawn-mower-idle,32949,,344,,,2026,Clicker,2026-10-08
crazygames,t/idle,12,Catch Lucky Block,https://www.crazygames.com/game/catch-lucky-block,16106,,648,,,2026,Arcade,2026-10-08
crazygames,t/idle,13,Hyper Fliplation,https://www.crazygames.com/game/hyper-fliplation,33036,,676,,,2026,Clicker,2026-10-08
crazygames,t/idle,14,Meeland.io,https://www.crazygames.com/game/meeland-io,15759703,,89381,,,2025,.io,2026-10-08
crazygames,t/idle,15,Mr. Mine,https://www.crazygames.com/game/mister-mine,5377447,,3522,,,2015,Clicker,2026-10-08
crazygames,t/idle,16,Revolution Farm Idle,https://www.crazygames.com/game/revolution-farm-idle,36051,,546,,,2026,Clicker,2026-10-08
crazygames,t/idle,17,Idle Billionaire Tycoon,https://www.crazygames.com/game/idle-billionaire-tycoon,710729,,9811,,,2026,Simulation,2026-10-08
crazygames,t/idle,18,Crusher Clicker,https://www.crazygames.com/game/crusher-clicker,8491727,,15766,,,2024,Clicker,2026-10-08
crazygames,t/idle,19,Obby: Climb & Slide Minecarts,https://www.crazygames.com/game/obby-climb-slide-minecarts,490981,,8777,,,2026,Arcade,2026-10-08
crazygames,t/idle,20,Clicker Heroes,https://www.crazygames.com/game/clicker-heroes,2992878,,2444,,,2014,Clicker,2026-10-08
crazygames,t/idle,21,Farm Ring Idle,https://www.crazygames.com/game/farm-ring-idle,4992584,,23424,,,2025,Clicker,2026-10-08
crazygames,t/idle,22,+1 Speed Keyboard Obby,https://www.crazygames.com/game/1-speed-keyboard-obby,240127,,5460,,,2026,Action,2026-10-08
crazygames,t/idle,23,The MOO Factory,https://www.crazygames.com/game/the-moo-factory-dzw,57191,,789,,,2026,Clicker,2026-10-08
crazygames,t/idle,24,Your Chronicle,https://www.crazygames.com/game/your-chronicle,872127,,823,,,2021,Clicker,2026-10-08
crazygames,t/idle,25,Idle Inventor,https://www.crazygames.com/game/idle-inventor,2447946,,3635,,,2023,Clicker,2026-10-08
crazygames,t/idle,26,Progress Knight,https://www.crazygames.com/game/progress-knight,1587348,,1013,,,2021,Simulation,2026-10-08
crazygames,t/idle,27,Obby Steal an Egg,https://www.crazygames.com/game/obby-steal-an-egg,203298,,3216,,,2026,Action,2026-10-08
crazygames,t/idle,28,Battle Arena,https://www.crazygames.com/game/battle-arena,6430412,,7886,,,2022,Strategy,2026-10-08
crazygames,t/idle,29,Planet Clicker 2,https://www.crazygames.com/game/planet-clicker-2,10116793,,14766,,,2022,Clicker,2026-10-08
crazygames,t/idle,30,Ant Miners,https://www.crazygames.com/game/ant-miners,8722,,230,,,2026,Arcade,2026-10-08
crazygames,t/idle,31,Babel Tower,https://www.crazygames.com/game/babel-tower,5179037,,3664,,,2020,Clicker,2026-10-08
crazygames,t/idle,32,Capybara Clicker,https://www.crazygames.com/game/capybara-clicker,18299192,,38783,,,2022,Clicker,2026-10-08
crazygames,t/idle,33,Aura Clicker,https://www.crazygames.com/game/aura-clicker-pld,47736,,1440,,,2026,Clicker,2026-10-08
crazygames,t/idle,34,Incremental Epic Hero 2,https://www.crazygames.com/game/incremental-epic-hero-2,495045,,934,,,2022,Clicker,2026-10-08
crazygames,t/idle,35,Ricochet Room,https://www.crazygames.com/game/ricochet-room-cjg,13905,,307,,,2026,Clicker,2026-10-08
crazygames,t/idle,36,Life Simulator: Road to Riches,https://www.crazygames.com/game/life-simulator-road-to-riches,831918,,13125,,,2026,Simulation,2026-10-08
crazygames,t/idle,37,Trash Vacuum Idle Clicker,https://www.crazygames.com/game/trash-vacuum-idle-clicker,80691,,1064,,,2026,Clicker,2026-10-08
crazygames,t/idle,38,Mine Idle Clicker,https://www.crazygames.com/game/mine-idle-clicker,167250,,2769,,,2026,Clicker,2026-10-08
crazygames,t/idle,39,Human Clicker: Grow Organs,https://www.crazygames.com/game/human-clicker-grow-organs,1543041,,18673,,,2026,Clicker,2026-10-08
crazygames,t/idle,40,TimeWarriors,https://www.crazygames.com/game/timewarriors,4221012,,8140,,,2024,Strategy,2026-10-08
crazygames,t/idle,41,Ludus Aeternus,https://www.crazygames.com/game/ludus-aeternus-uzh,18380,,360,,,2026,Arcade,2026-10-08
crazygames,t/idle,42,Space Company,https://www.crazygames.com/game/space-company,1807026,,1010,,,2017,Clicker,2026-10-08
crazygames,t/idle,43,Airline Tycoon Idle,https://www.crazygames.com/game/airline-tycoon-idle,2502142,,1629,,,2024,Simulation,2026-10-08
crazygames,t/idle,44,Rustlight,https://www.crazygames.com/game/rustlight-zqy,34460,,531,,,2026,Clicker,2026-10-08
crazygames,t/idle,45,Obby: +1 Digging Power per Click,https://www.crazygames.com/game/obby-1-digging-power-per-click,73290,,2369,,,2026,Arcade,2026-10-08
crazygames,t/idle,46,Starsmith Idle,https://www.crazygames.com/game/starsmith-idle,81773,,745,,,2026,Clicker,2026-10-08
crazygames,t/idle,47,Planet Evolution: Idle Clicker,https://www.crazygames.com/game/planet-evolution-idle-clicker,3873659,,3735,,,2023,Clicker,2026-10-08
crazygames,t/idle,48,Cat Snack Bar,https://www.crazygames.com/game/cat-snack-bar,1041735,,18739,,,2026,Arcade,2026-10-08
crazygames,t/idle,49,Idle Mining Empire,https://www.crazygames.com/game/idle-mining-empire,7286017,,8694,,,2021,Clicker,2026-10-08
crazygames,t/idle,50,Harbor Tycoon,https://www.crazygames.com/game/harbor-tycoon-fcb,169983,,2235,,,2026,Clicker,2026-10-08
crazygames,t/idle,51,Patchwork Farm,https://www.crazygames.com/game/patchwork-farm,66743,,1121,,,2026,Clicker,2026-10-08
crazygames,t/idle,52,Conveyor Idle,https://www.crazygames.com/game/conveyor-idle,306405,,4212,,,2026,Clicker,2026-10-08
crazygames,t/idle,53,Evolve,https://www.crazygames.com/game/evolve,488251,,578,,,2020,Clicker,2026-10-08
crazygames,t/idle,54,Shadow Knights,https://www.crazygames.com/game/shadow-knights-kbg,9999,,347,,,2026,Adventure,2026-10-08
crazygames,t/idle,55,Tiny Fishing,https://www.crazygames.com/game/tiny-fishing,7023315,,5904,,,2020,Arcade,2026-10-08
crazygames,t/idle,56,Revolution Idle X,https://www.crazygames.com/game/revolution-idle-x-demo,2545533,,2374,,,2023,Clicker,2026-10-08
crazygames,t/idle,57,Defender Idle 2,https://www.crazygames.com/game/defender-idle-2,2132109,,739,,,2023,Action,2026-10-08
crazygames,t/idle,58,AFK Dungeon: Idle Action RPG,https://www.crazygames.com/game/afk-dungeon-zaq,683747,,2553,,,2025,Adventure,2026-10-08
crazygames,t/idle,59,Reckon Days,https://www.crazygames.com/game/reckon-days-tou,120909,,1817,,,2026,Strategy,2026-10-08
crazygames,t/idle,60,Mob Farm Tycoon,https://www.crazygames.com/game/mob-farm-tycoon-zqe,33651,,1166,,,2026,Clicker,2026-10-08
crazygames,t/idle,41,Ragdoll Factory Idle,https://www.crazygames.com/game/ragdoll-factory-idle,329713,,4131,,,2026,Clicker,2026-10-08
crazygames,t/idle,42,OreCrusher,https://www.crazygames.com/game/orecrusher,30215,,553,,,2026,Clicker,2026-10-08
crazygames,t/idle,43,Obby Car Challenge: Drive,https://www.crazygames.com/game/obby-car-challenge-drive,4845304,,27428,,,2025,Arcade,2026-10-08
crazygames,t/idle,44,Click Click Clicker,https://www.crazygames.com/game/click-click-clicker,2888927,,7734,,,2024,Clicker,2026-10-08
crazygames,t/idle,45,Voltspire: Idle Tower Defense,https://www.crazygames.com/game/voltspire-idle-tower-defense,35061,,534,,,2026,Arcade,2026-10-08
crazygames,t/idle,46,Obby: +1 Click Wall Breaker,https://www.crazygames.com/game/obby-1-click-wall-breaker,562058,,13280,,,2026,Arcade,2026-10-08
crazygames,t/idle,47,SuperCity 3D,https://www.crazygames.com/game/supercity-3d,150303,,2113,,,2026,Simulation,2026-10-08
crazygames,t/idle,48,"Obby: Stronger Drill, Deeper Mine",https://www.crazygames.com/game/obby-stronger-drill-deeper-mine,188764,,3834,,,2026,Arcade,2026-10-08
crazygames,t/idle,49,Godslayer Idle,https://www.crazygames.com/game/godslayer-idle-jln,27269,,416,,,2026,Clicker,2026-10-08
crazygames,t/idle,50,Idle Breakout,https://www.crazygames.com/game/idle-breakout,1470062,,861,,,2019,Clicker,2026-10-08
crazygames,t/idle,51,Dungeon Descent,https://www.crazygames.com/game/dungeon-descent-jrx,58958,,947,,,2026,Arcade,2026-10-08
crazygames,t/idle,52,Capybara Clicker 2,https://www.crazygames.com/game/capybara-clicker-2,6633768,,11568,,,2023,Clicker,2026-10-08
crazygames,t/idle,53,Candy Clicker 2,https://www.crazygames.com/game/candy-clicker-2,7790066,,4628,,,2021,Clicker,2026-10-08
crazygames,t/idle,54,Idle Game Dev Simulator,https://www.crazygames.com/game/idle-game-dev-simulator,917746,,2093,,,2025,Simulation,2026-10-08
crazygames,t/idle,55,Global Transport Tycoon Idle,https://www.crazygames.com/game/global-transport-tycoon-idle,182762,,2673,,,2025,Simulation,2026-10-08
crazygames,t/idle,56,Drift Tycoon,https://www.crazygames.com/game/drift-tycoon,595875,,6988,,,2026,Clicker,2026-10-08
crazygames,t/idle,57,My Perfect Theme Park,https://www.crazygames.com/game/my-theme-park-hka,345538,,7344,,,2026,Simulation,2026-10-08
crazygames,t/idle,58,Gear Factory,https://www.crazygames.com/game/gear-factory,357058,,3724,,,2026,Clicker,2026-10-08
crazygames,t/idle,59,Idle Dice,https://www.crazygames.com/game/idle-dice,3079435,,1435,,,2018,Clicker,2026-10-08
crazygames,t/idle,60,7a0 - World Cup Simulator,https://www.crazygames.com/game/7-0-cup-run,688317,,6867,,,,Sports,2026-10-08
crazygames,t/idle,61,Idle Saga,https://www.crazygames.com/game/idle-saga,691535,,1224,,,2025,Adventure,2026-10-08
crazygames,t/idle,62,Grow Defense,https://www.crazygames.com/game/grow-defense,1310192,,175,,,2019,Clicker,2026-10-08
crazygames,t/idle,63,Block Wall Destroyer,https://www.crazygames.com/game/block-wall-destroyer,6153335,,11092,,,2025,Clicker,2026-10-08
crazygames,t/idle,64,Obby Plane Power Challenge: Fly,https://www.crazygames.com/game/obby-plane-power-challenge-fly,1740843,,17191,,,2026,Arcade,2026-10-08
crazygames,t/idle,65,Idle Mine: Remix,https://www.crazygames.com/game/idle-mine-remix,968711,,421,,,2020,Clicker,2026-10-08
crazygames,t/idle,66,Idle Farming Business,https://www.crazygames.com/game/idle-farming-business,1542757,,578,,,2022,Clicker,2026-10-08
crazygames,t/idle,67,Candy Packing Store,https://www.crazygames.com/game/candy-packing-store-yat,442054,,7523,,,2026,Simulation,2026-10-08
crazygames,t/idle,68,Italian Brainrot Clicker Game,https://www.crazygames.com/game/italian-brainrot-clicker-usp,23453631,,16052,,,2025,Clicker,2026-10-08
crazygames,t/idle,69,Corn Tycoon,https://www.crazygames.com/game/corn-tycoon,2686159,,2286,,,2025,Clicker,2026-10-08
crazygames,t/idle,70,Mine Clicker,https://www.crazygames.com/game/mine-clicker-gyi,246840,,4591,,,2026,Clicker,2026-10-08
crazygames,t/idle,71,Forge Heat-Glow,https://www.crazygames.com/game/forge-heat-glow,34359,,739,,,2026,Clicker,2026-10-08
crazygames,t/idle,72,Merge Miner,https://www.crazygames.com/game/merge-miner,354350,,7247,,,2026,Clicker,2026-10-08
crazygames,t/idle,73,Planet Clicker,https://www.crazygames.com/game/planet-clicker,3582382,,3801,,,2021,Clicker,2026-10-08
crazygames,t/idle,74,Loop Farm,https://www.crazygames.com/game/loop-farm,40901,,670,,,2026,Simulation,2026-10-08
crazygames,t/idle,75,Pong Clicker,https://www.crazygames.com/game/pong-clicker-nrt,284888,,6740,,,2026,Clicker,2026-10-08
crazygames,t/idle,76,PLINKO!,https://www.crazygames.com/game/plinko-rpu,150487,,1538,,,2026,Clicker,2026-10-08
crazygames,t/idle,77,Idle Supermarket Tycoon,https://www.crazygames.com/game/idle-supermarket-tycoon,1968727,,1593,,,2024,Simulation,2026-10-08
crazygames,t/idle,78,More Ore,https://www.crazygames.com/game/more-ore,1120997,,319,,,2022,Clicker,2026-10-08
crazygames,t/idle,79,Black Hole Idle,https://www.crazygames.com/game/black-hole-idle,1179452,,10643,,,2026,Clicker,2026-10-08
crazygames,t/idle,80,Pickaxe Crusher Idle,https://www.crazygames.com/game/pickaxe-crusher-idle,228302,,4591,,,2026,Clicker,2026-10-08
crazygames,t/idle,81,Mine Clicker RNG,https://www.crazygames.com/game/mine-clicker-rng,4353,,237,,,2026,Clicker,2026-10-08
crazygames,t/idle,82,Llama Legends,https://www.crazygames.com/game/llama-legends,121483,,735,,,2026,Clicker,2026-10-08
crazygames,t/idle,83,Idle Train Empire Tycoon,https://www.crazygames.com/game/idle-train-empire-tycoon,2422381,,6782,,,2024,Simulation,2026-10-08
crazygames,t/idle,84,Idle Ants,https://www.crazygames.com/game/idle-ants,428127,,350,,,2019,Clicker,2026-10-08
crazygames,t/idle,85,Idle Dairy Tycoon,https://www.crazygames.com/game/idle-dairy-tycoon,45448,,703,,,2026,Clicker,2026-10-08
crazygames,t/idle,86,Idle Retro Arcade,https://www.crazygames.com/game/idle-retro-arcade-jwq,20840,,280,,,2026,Clicker,2026-10-08
crazygames,t/idle,87,Heroes vs Monsters: Idle RPG,https://www.crazygames.com/game/heroes-vs-monsters-idle-rpg,54906,,807,,,2026,Clicker,2026-10-08
crazygames,t/idle,88,Slime Horde TD,https://www.crazygames.com/game/slime-horde-td,21241,,363,,,2026,Clicker,2026-10-08
crazygames,t/idle,89,Idle Vlogger Simulator,https://www.crazygames.com/game/idle-blogger-simulator,4081241,,3637,,,2024,Simulation,2026-10-08
crazygames,t/idle,90,Pets Roll: Idle Clicker,https://www.crazygames.com/game/pets-roll-idle-clicker,117663,,3091,,,2026,Clicker,2026-10-08
crazygames,t/idle,91,DualForce Idle,https://www.crazygames.com/game/dualforce-idle,1785894,,601,,,2020,Clicker,2026-10-08
crazygames,t/idle,92,Furry Road,https://www.crazygames.com/game/furry-road-veb,1117211,,3810,,,2025,Arcade,2026-10-08
crazygames,t/idle,93,Realm Traveler,https://www.crazygames.com/game/realm-traveler,202489,,3118,,,2026,Adventure,2026-10-08
crazygames,t/idle,94,Mystery Digger,https://www.crazygames.com/game/mystery-digger,2269882,,3047,,,2025,Clicker,2026-10-08
crazygames,t/idle,95,Idle Cinema Tycoon,https://www.crazygames.com/game/idle-cinema-tycoon,788283,,859,,,2024,Simulation,2026-10-08
crazygames,t/idle,96,Rumblets GO,https://www.crazygames.com/game/rumblets-go-exm,284268,,368,,,2025,Adventure,2026-10-08
crazygames,t/idle,97,GrindCraft,https://www.crazygames.com/game/grindcraft,6340905,,1581,,,2016,Clicker,2026-10-08
crazygames,t/idle,98,Furniture Master: Idle Tycoon,https://www.crazygames.com/game/furniture-master-idle-tycoon,278285,,2403,,,2026,Simulation,2026-10-08
crazygames,t/idle,99,Classroom.io,https://www.crazygames.com/game/classroom-io,35673,,534,,,2026,Clicker,2026-10-08
crazygames,t/idle,100,Panda Food Business,https://www.crazygames.com/game/panda-food-business,18817,,304,,,2026,Arcade,2026-10-08
crazygames,t/physics,1,Ragdoll Archers,https://www.crazygames.com/game/ragdoll-archers,168664648,,334799,,,2023,Arcade,2026-10-08
crazygames,t/physics,2,Smash Karts,https://www.crazygames.com/game/smash-karts,102624729,,141290,,,2020,.io,2026-10-08
crazygames,t/physics,3,8 Ball Pool,https://www.crazygames.com/game/8-ball-pool-wyr,19257158,,130270,,,,Sports,2026-10-08
crazygames,t/physics,4,Mini Golf Club,https://www.crazygames.com/game/mini-golf-club,19297470,,23209,,,2021,Sports,2026-10-08
crazygames,t/physics,5,RocketGoal.io,https://www.crazygames.com/game/rocketgoal-io,20817994,,124497,,,2026,.io,2026-10-08
crazygames,t/physics,6,Wood Screw: Bolts Puzzle,https://www.crazygames.com/game/wood-screw-bolts-puzzle,3049179,,9613,,,2025,Puzzle,2026-10-08
crazygames,t/physics,7,Crazy Flips 3D,https://www.crazygames.com/game/crazy-flips-3d,28328954,,24778,,,2021,Sports,2026-10-08
crazygames,t/physics,8,Slice Master,https://www.crazygames.com/game/slice-master,75701700,,80289,,,2024,Arcade,2026-10-08
crazygames,t/physics,9,Basket Random,https://www.crazygames.com/game/basket-random,40548179,,51602,,,2020,Sports,2026-10-08
crazygames,t/physics,10,Kick the Buddy,https://www.crazygames.com/game/kick-the-buddy-yxa,2667009,,55196,,,2026,Arcade,2026-10-08
crazygames,t/physics,11,Rocket Fling,https://www.crazygames.com/game/rocket-fling,238404,,3784,,,2026,Arcade,2026-10-08
crazygames,t/physics,12,Deadly Descent,https://www.crazygames.com/game/deadly-descent-bzs,29762852,,161640,,,2025,Driving,2026-10-08
crazygames,t/physics,13,Golf Orbit,https://www.crazygames.com/game/golf-orbit,20583998,,21689,,,2024,Sports,2026-10-08
crazygames,t/physics,14,Bricks Breaker,https://www.crazygames.com/game/bricks-breaker,1636876,,847,,,2022,Arcade,2026-10-08
crazygames,t/physics,15,Bowmasters: Archery Shooting,https://www.crazygames.com/game/bowmasters-archery-shooting,1115839,,26357,,,2026,Arcade,2026-10-08
crazygames,t/physics,16,Build A Plane,https://www.crazygames.com/game/build-a-plane-xea,394970,,7908,,,2026,Simulation,2026-10-08
crazygames,t/physics,17,Crusher Clicker,https://www.crazygames.com/game/crusher-clicker,8491727,,15763,,,2024,Clicker,2026-10-08
crazygames,t/physics,18,Who Dies Last?,https://www.crazygames.com/game/who-dies-last,991769,,21554,,,2026,Action,2026-10-08
crazygames,t/physics,19,Getaway Shootout,https://www.crazygames.com/game/getaway-shootout,15359806,,14183,,,2018,Action,2026-10-08
crazygames,t/physics,20,The Speedy Golf,https://www.crazygames.com/game/speedy-golf,3485068,,2344,,,2020,Sports,2026-10-08
crazygames,t/physics,21,Ships 3D,https://www.crazygames.com/game/ships-3d,16448951,,16835,,,2022,Action,2026-10-08
crazygames,t/physics,22,Duck Playground 3D,https://www.crazygames.com/game/duck-playground-3d-jeb,148259,,2638,,,2026,Simulation,2026-10-08
crazygames,t/physics,23,House of Hazards,https://www.crazygames.com/game/house-of-hazards,15541859,,14605,,,2020,Action,2026-10-08
crazygames,t/physics,24,Puppet Fighter 2 Player,https://www.crazygames.com/game/puppet-fighter-2-player,13285103,,41070,,,2022,Action,2026-10-08
crazygames,t/physics,25,Hustle & Drift in ZIL,https://www.crazygames.com/game/hustle-drift-in-zil,1904731,,25335,,,2026,Driving,2026-10-08
crazygames,t/physics,26,Circuit Racing,https://www.crazygames.com/game/circuit-racing,3557500,,30270,,,2025,Driving,2026-10-08
crazygames,t/physics,27,Ricochet Room,https://www.crazygames.com/game/ricochet-room-cjg,13905,,307,,,2026,Clicker,2026-10-08
crazygames,t/physics,28,Time Shooter 2,https://www.crazygames.com/game/time-shooter-2,22350620,,14098,,,2022,Shooting,2026-10-08
crazygames,t/physics,29,Happy Wheels,https://www.crazygames.com/game/happy-wheels,3835445,,9637,,,2022,Action,2026-10-08
crazygames,t/physics,30,Tap-Tap Shots,https://www.crazygames.com/game/tap-tap-shots,40085741,,11842,,,2019,Sports,2026-10-08
crazygames,t/physics,31,Goal Gang,https://www.crazygames.com/game/goal-gang,2224790,,41919,,,2026,Sports,2026-10-08
crazygames,t/physics,32,Yeetcat,https://www.crazygames.com/game/yeetcat,51246,,1031,,,2026,Arcade,2026-10-08
crazygames,t/physics,33,Digging Simulator: Hole Craft,https://www.crazygames.com/game/digging-simulator-hole-craft,479931,,12295,,,2026,Simulation,2026-10-08
crazygames,t/physics,34,TNT Voxel,https://www.crazygames.com/game/tnt-voxel,148414,,1885,,,2026,Arcade,2026-10-08
crazygames,t/physics,35,Cozy Golf,https://www.crazygames.com/game/cozy-golf,1547835,,4378,,,2025,Sports,2026-10-08
crazygames,t/physics,36,Merge & Construct,https://www.crazygames.com/game/merge-construct,17683650,,30941,,,2023,Arcade,2026-10-08
crazygames,t/physics,37,Playground,https://www.crazygames.com/game/playground,6561842,,27408,,,2025,Action,2026-10-08
crazygames,t/physics,38,Punchers,https://www.crazygames.com/game/punchers,9320567,,11083,,,2020,Sports,2026-10-08
crazygames,t/physics,39,Catapult King,https://www.crazygames.com/game/catapult-king-2-0-71,100618,,3428,,,2026,Arcade,2026-10-08
crazygames,t/physics,40,3D Bowling,https://www.crazygames.com/game/3d-bowling,4063547,,1231,,,2018,Sports,2026-10-08
crazygames,t/physics,41,Bridge Builder,https://www.crazygames.com/game/bridge-builder-eoi,3017703,,8448,,,2025,Puzzle,2026-10-08
crazygames,t/physics,42,9 Ball Pool Online Multiplayer,https://www.crazygames.com/game/9-ball-pool-online-multiplayer,510517,,3733,,,2026,Sports,2026-10-08
crazygames,t/physics,43,Snooker,https://www.crazygames.com/game/snooker,870138,,3592,,,2026,Sports,2026-10-08
crazygames,t/physics,44,Doodle Road,https://www.crazygames.com/game/doodle-road,25673597,,57490,,,2024,Puzzle,2026-10-08
crazygames,t/physics,45,Ninja Swipe Strike,https://www.crazygames.com/game/ninja-swipe-strike,5194009,,53402,,,2025,Arcade,2026-10-08
crazygames,t/physics,46,Boom Slingers ReBoom,https://www.crazygames.com/game/boom-slingers-reboom,2996307,,21201,,,2025,Action,2026-10-08
crazygames,t/physics,47,Playground Man! Ragdoll Show!,https://www.crazygames.com/game/ragdoll-break,5897894,,14150,,,2025,Arcade,2026-10-08
crazygames,t/physics,48,Bouncemasters,https://www.crazygames.com/game/bouncemasters,1888002,,33947,,,2026,Arcade,2026-10-08
crazygames,t/physics,49,Railway Bridge,https://www.crazygames.com/game/railway-bridge,408687,,3431,,,2026,Puzzle,2026-10-08
crazygames,t/physics,50,Planet Smash Destruction,https://www.crazygames.com/game/solar-smash,27975992,,18196,,,2024,Simulation,2026-10-08
crazygames,t/physics,51,Boss Stickman - Fighting Stick It,https://www.crazygames.com/game/boss-stickman---fighting-stick-it,31223,,927,,,2026,Action,2026-10-08
crazygames,t/physics,52,Ragdoll Factory Idle,https://www.crazygames.com/game/ragdoll-factory-idle,329713,,4128,,,2026,Clicker,2026-10-08
crazygames,t/physics,53,No Pain No Gain - Ragdoll Sandbox,https://www.crazygames.com/game/no-pain-no-gain---ragdoll-sandbox,6754053,,10170,,,2024,Action,2026-10-08
crazygames,t/physics,54,Unscrew Drop: Satisfying Puzzle,https://www.crazygames.com/game/unscrew-drop-satisfying-puzzle,95315,,707,,,2026,Puzzle,2026-10-08
crazygames,t/physics,55,Stickman Bullet Warriors,https://www.crazygames.com/game/stickman-bullet-warriors,2177518,,6304,,,2022,Action,2026-10-08
crazygames,t/physics,56,Human Dominoes,https://www.crazygames.com/game/human-dominoes,21833,,465,,,2026,Arcade,2026-10-08
crazygames,t/physics,57,SpiderDoll,https://www.crazygames.com/game/spiderdoll,9444742,,8186,,,2021,Action,2026-10-08
crazygames,t/physics,58,Obby: Car Crash Sandbox,https://www.crazygames.com/game/obby-car-crash-sandbox,908736,,12264,,,2026,Driving,2026-10-08
crazygames,t/physics,59,Turbo Trail,https://www.crazygames.com/game/turbo-trail-txl,84881,,1809,,,2026,Arcade,2026-10-08
crazygames,t/physics,60,Snow Rider 3D,https://www.crazygames.com/game/snow-rider-3d,4197655,,13566,,,2025,Arcade,2026-10-08
crazygames,t/physics,41,Basketball Orbit,https://www.crazygames.com/game/basketball-orbit,6033309,,17683,,,2025,Arcade,2026-10-08
crazygames,t/physics,42,Paperly: Paper Plane Adventure,https://www.crazygames.com/game/paperly-paper-plane-adventure,1647537,,6241,,,2023,Driving,2026-10-08
crazygames,t/physics,43,Fish Orbit,https://www.crazygames.com/game/fish-orbit,4380205,,13172,,,2025,Arcade,2026-10-08
crazygames,t/physics,44,Cannon Balls 3D,https://www.crazygames.com/game/cannon-balls-3d,1130142,,600,,,2019,Puzzle,2026-10-08
crazygames,t/physics,45,Noob Fuse,https://www.crazygames.com/game/noob-fuse-xmr,1855224,,28689,,,2026,Action,2026-10-08
crazygames,t/physics,46,Classic Bowling,https://www.crazygames.com/game/classic-bowling,2940841,,4612,,,2016,Sports,2026-10-08
crazygames,t/physics,47,Netquel,https://www.crazygames.com/game/netquel-com,1061064,,2157,,,2023,.io,2026-10-08
crazygames,t/physics,48,Cut the Rope,https://www.crazygames.com/game/cut-the-rope-ebx,6574874,,10309,,,2024,Puzzle,2026-10-08
crazygames,t/physics,49,Archery World Tour,https://www.crazygames.com/game/archery-world-tour,6854376,,10260,,,2018,Sports,2026-10-08
crazygames,t/physics,50,Build & Drive,https://www.crazygames.com/game/build-drive-jnh,381030,,7116,,,2026,Action,2026-10-08
crazygames,t/physics,51,Stick Epic Fighter,https://www.crazygames.com/game/stick-epic-fighter,11954983,,19889,,,2024,Action,2026-10-08
crazygames,t/physics,52,Smash the Car to Pieces!,https://www.crazygames.com/game/smash-the-car-to-pieces-lug,3213849,,24118,,,2025,Action,2026-10-08
crazygames,t/physics,53,Last Play: Ragdoll Sandbox,https://www.crazygames.com/game/last-play-ragdoll-sandbox-kqb,4661895,,20006,,,2024,Simulation,2026-10-08
crazygames,t/physics,54,Darts Club,https://www.crazygames.com/game/darts-club,1413513,,4349,,,2024,Sports,2026-10-08
crazygames,t/physics,55,Drunken Boxing,https://www.crazygames.com/game/drunken-boxers,6537963,,13313,,,2016,Sports,2026-10-08
crazygames,t/physics,56,Hungry Frog,https://www.crazygames.com/game/hungry-frog-zot,1755969,,3970,,,2025,Puzzle,2026-10-08
crazygames,t/physics,57,Soccer Random,https://www.crazygames.com/game/soccer-random,16887903,,20066,,,2020,Sports,2026-10-08
crazygames,t/physics,58,Magnet Balls: Addictive,https://www.crazygames.com/game/magnet-balls-addictive-zps,60482,,357,,,2026,Arcade,2026-10-08
crazygames,t/physics,59,One Line,https://www.crazygames.com/game/oneline,21709619,,14441,,,2022,Puzzle,2026-10-08
crazygames,t/physics,60,Stunt Paradise,https://www.crazygames.com/game/stunt-paradise,6168824,,7572,,,2024,Driving,2026-10-08
crazygames,t/physics,61,Doodle Smash,https://www.crazygames.com/game/doodle-smash,705573,,8509,,,2026,Puzzle,2026-10-08
crazygames,t/physics,62,Ragdoll Throw Challenge,https://www.crazygames.com/game/ragdoll-throw-challenge,10062015,,11894,,,2024,Action,2026-10-08
crazygames,t/physics,63,BMG: Ragdoll Playground,https://www.crazygames.com/game/bmg-ragdoll-playground,643253,,10401,,,2026,Driving,2026-10-08
crazygames,t/physics,64,Cornhole League,https://www.crazygames.com/game/cornhole-league---board-games,920521,,2306,,,2025,Sports,2026-10-08
crazygames,t/physics,65,Deadly Rally,https://www.crazygames.com/game/deadly-rally,2113573,,27022,,,2026,Driving,2026-10-08
crazygames,t/physics,66,Archers Random,https://www.crazygames.com/game/archers-random,2120384,,6902,,,2025,Action,2026-10-08
crazygames,t/physics,67,Aim Master,https://www.crazygames.com/game/aim-master,1245979,,2385,,,2024,Puzzle,2026-10-08
crazygames,t/physics,68,Mini Putt,https://www.crazygames.com/game/mini-putt,1075952,,1097,,,2019,Sports,2026-10-08
crazygames,t/physics,69,Little Fox: Bubble Spinner Pop,https://www.crazygames.com/game/little-fox-bubble-spinner-pop,971265,,479,,,2021,Puzzle,2026-10-08
crazygames,t/physics,70,Mad Stick,https://www.crazygames.com/game/mad-stick,3002045,,6146,,,2024,Action,2026-10-08
crazygames,t/physics,71,Stickman Destruction 3 Heroes,https://www.crazygames.com/game/stickman-destruction-3-heroes,18441632,,4439,,,2021,Action,2026-10-08
crazygames,t/physics,72,Block Wall Destroyer,https://www.crazygames.com/game/block-wall-destroyer,6153335,,11086,,,2025,Clicker,2026-10-08
crazygames,t/physics,73,Disk Strike: Carrom Challenge,https://www.crazygames.com/game/disk-strike-carrom-challenge,1891891,,9761,,,2025,Board,2026-10-08
crazygames,t/physics,74,Smile Slime,https://www.crazygames.com/game/smile-slime,2844308,,8588,,,2023,Action,2026-10-08
crazygames,t/physics,75,Javelin Fighting,https://www.crazygames.com/game/javelin-fighting,1238988,,6466,,,2018,Shooting,2026-10-08
crazygames,t/physics,76,DOP Noob: Draw to Save,https://www.crazygames.com/game/dop-noob-draw-to-save,2233322,,11057,,,2024,Puzzle,2026-10-08
crazygames,t/physics,77,DriveTown,https://www.crazygames.com/game/drivetown,1946524,,7123,,,2025,Simulation,2026-10-08
crazygames,t/physics,78,Golf Mania,https://www.crazygames.com/game/golf-mania,696264,,882,,,2025,Sports,2026-10-08
crazygames,t/physics,79,Super Spin,https://www.crazygames.com/game/super-spin,2358951,,3477,,,2023,Arcade,2026-10-08
crazygames,t/physics,80,Block Climber,https://www.crazygames.com/game/block-climber,483632,,1167,,,2024,Arcade,2026-10-08
crazygames,t/physics,81,Rooftop Snipers,https://www.crazygames.com/game/rooftop-snipers,6803331,,5941,,,2017,Action,2026-10-08
crazygames,t/physics,82,Stickman Annihilation 2,https://www.crazygames.com/game/stickman-annihilation-2,3912912,,5858,,,2021,Driving,2026-10-08
crazygames,t/physics,83,Getting Over It,https://www.crazygames.com/game/getting-over-it,12367721,,6792,,,2021,Arcade,2026-10-08
crazygames,t/physics,84,Earn to Die: Zombie Ride,https://www.crazygames.com/game/earn-to-die-new-ride,989854,,16250,,,2026,Arcade,2026-10-08
crazygames,t/physics,85,City Constructor,https://www.crazygames.com/game/city-constructor,1799120,,14539,,,2026,Simulation,2026-10-08
crazygames,t/physics,86,Ultimate Football Cup,https://www.crazygames.com/game/ultimate-football-cup,88276,,1497,,,2026,Arcade,2026-10-08
crazygames,t/physics,87,circloO,https://www.crazygames.com/game/circloo,688037,,919,,,2018,Arcade,2026-10-08
crazygames,t/physics,88,PLINKO!,https://www.crazygames.com/game/plinko-rpu,150487,,1538,,,2026,Clicker,2026-10-08
crazygames,t/physics,89,Rescue Throw,https://www.crazygames.com/game/rescue-throw,2759925,,5618,,,2024,Arcade,2026-10-08
crazygames,t/physics,90,Slingshot Fortress,https://www.crazygames.com/game/slingshot-fortress,1885163,,1588,,,2024,Strategy,2026-10-08
crazygames,t/physics,91,Madness Cars Destroy,https://www.crazygames.com/game/madness-car-destroy,6024682,,13564,,,2025,Driving,2026-10-08
crazygames,t/physics,92,Annoying Uncle Punch Game,https://www.crazygames.com/game/annoying-uncle-punch-game,506424,,4923,,,2026,Action,2026-10-08
crazygames,t/physics,93,Pickaxe Crusher Idle,https://www.crazygames.com/game/pickaxe-crusher-idle,228302,,4590,,,2026,Clicker,2026-10-08
crazygames,t/physics,94,99 Balls,https://www.crazygames.com/game/99-balls,1773719,,364,,,2017,Arcade,2026-10-08
crazygames,t/physics,95,Chicken Scream,https://www.crazygames.com/game/chicken-scream,20728473,,33474,,,2024,Arcade,2026-10-08
crazygames,t/physics,96,Basketball Skills,https://www.crazygames.com/game/basketball-skills,5617965,,3584,,,2019,Sports,2026-10-08
crazygames,t/physics,97,Striker Dummies,https://www.crazygames.com/game/striker-dummies,5669015,,3634,,,2019,Action,2026-10-08
crazygames,t/physics,98,Merge and Drive,https://www.crazygames.com/game/merge-and-play-hxl,68393,,1405,,,2026,Arcade,2026-10-08
crazygames,t/physics,99,Bike Trial Xtreme Forest,https://www.crazygames.com/game/bike-trial-xtreme-forest,66066,,207,,,2019,Action,2026-10-08
crazygames,t/physics,100,Archer Ragdoll Masters,https://www.crazygames.com/game/archer-ragdoll-masters,5424165,,6887,,,2023,Arcade,2026-10-08
crazygames,t/skill,1,Word Wipe,https://www.crazygames.com/game/word-wipe,14412041,,5835,,,2019,Word,2026-10-08
crazygames,t/skill,2,Space Waves,https://www.crazygames.com/game/space-waves,239039594,,725074,,,2024,Arcade,2026-10-08
crazygames,t/skill,3,Smash Karts,https://www.crazygames.com/game/smash-karts,102624729,,141356,,,2020,.io,2026-10-08
crazygames,t/skill,4,Gin Rummy Mania,https://www.crazygames.com/game/gin-rummy-zal,1265432,,7461,,,2026,Card,2026-10-08
crazygames,t/skill,5,What's The Difference?,https://www.crazygames.com/game/what-s-the-difference-online,6759431,,18605,,,2024,Puzzle,2026-10-08
crazygames,t/skill,6,Paint to Hide!,https://www.crazygames.com/game/paint-to-hide,6204354,,59241,,,2026,.io,2026-10-08
crazygames,t/skill,7,Crazy Flips 3D,https://www.crazygames.com/game/crazy-flips-3d,28328954,,24780,,,2021,Sports,2026-10-08
crazygames,t/skill,8,Papa's Cheeseria,https://www.crazygames.com/game/papas-cheeseria,3815565,,19713,,,2015,Simulation,2026-10-08
crazygames,t/skill,9,Escape Road 3,https://www.crazygames.com/game/escape-road-3,1411796,,30092,,,2026,Driving,2026-10-08
crazygames,t/skill,10,Crazy Chameleon,https://www.crazygames.com/game/crazy-chameleon,2019274,,22731,,,2026,Action,2026-10-08
crazygames,t/skill,11,Paint&Seek Online,https://www.crazygames.com/game/paint-seek-online-ewo,1429573,,21792,,,2026,Action,2026-10-08
crazygames,t/skill,12,Papa's Freezeria,https://www.crazygames.com/game/papas-freezeria,5255353,,14934,,,,Simulation,2026-10-08
crazygames,t/skill,13,Las Vegas Poker,https://www.crazygames.com/game/las-vegas-poker,497851,,4789,,,2026,Card,2026-10-08
crazygames,t/skill,14,House of Hazards,https://www.crazygames.com/game/house-of-hazards,15541859,,14607,,,2020,Action,2026-10-08
crazygames,t/skill,15,Find The Difference,https://www.crazygames.com/game/find-the-difference,2981053,,4748,,,2023,Puzzle,2026-10-08
crazygames,t/skill,16,Papa's Hot Doggeria,https://www.crazygames.com/game/papas-hotdoggeria,1630414,,6121,,,,Simulation,2026-10-08
crazygames,t/skill,17,Wave Dash: Geometry Arrow,https://www.crazygames.com/game/wave-dash-geometry-arrow,2614518,,43169,,,2026,Arcade,2026-10-08
crazygames,t/skill,18,Time Shooter 2,https://www.crazygames.com/game/time-shooter-2,22350620,,14102,,,2022,Shooting,2026-10-08
crazygames,t/skill,19,Master Chess,https://www.crazygames.com/game/master-chess,8323191,,6489,,,2018,Board,2026-10-08
crazygames,t/skill,20,Epic Sword Battle! Fight in Arena,https://www.crazygames.com/game/epic-sword-battle-fight-in-arena,8915593,,29210,,,2025,Arcade,2026-10-08
crazygames,t/skill,21,TimeWarriors,https://www.crazygames.com/game/timewarriors,4221012,,8141,,,2024,Strategy,2026-10-08
crazygames,t/skill,22,Slime Works,https://www.crazygames.com/game/slime-works-cjj,127984,,487,,,2026,Puzzle,2026-10-08
crazygames,t/skill,23,Smarty Bubbles,https://www.crazygames.com/game/smarty-bubbles,7200313,,765,,,2016,Arcade,2026-10-08
crazygames,t/skill,24,Cozy Golf,https://www.crazygames.com/game/cozy-golf,1547835,,4380,,,2025,Sports,2026-10-08
crazygames,t/skill,25,Take Actions,https://www.crazygames.com/game/take-actions,4360352,,31392,,,2025,Shooting,2026-10-08
crazygames,t/skill,26,Ninja Hands,https://www.crazygames.com/game/ninja-hands,7390508,,14263,,,2022,Action,2026-10-08
crazygames,t/skill,27,Catapult King,https://www.crazygames.com/game/catapult-king-2-0-71,100618,,3458,,,2026,Arcade,2026-10-08
crazygames,t/skill,28,Gunblood,https://www.crazygames.com/game/gunblood,4170971,,5345,,,2020,Shooting,2026-10-08
crazygames,t/skill,29,9 Ball Pool Online Multiplayer,https://www.crazygames.com/game/9-ball-pool-online-multiplayer,510517,,3737,,,2026,Sports,2026-10-08
crazygames,t/skill,30,Friday Night Funkin',https://www.crazygames.com/game/friday-night-funkin,48359212,,36589,,,2021,Arcade,2026-10-08
crazygames,t/skill,31,Papa's Pancakeria,https://www.crazygames.com/game/papas-pancakeria,1825955,,5131,,,2014,Simulation,2026-10-08
crazygames,t/skill,32,Prison Escape 2,https://www.crazygames.com/game/prison-escape-2,1350015,,39600,,,2026,Action,2026-10-08
crazygames,t/skill,33,Lumen,https://www.crazygames.com/game/lumen-vne,91617,,1663,,,2026,Action,2026-10-08
crazygames,t/skill,34,Papa's Taco Mia,https://www.crazygames.com/game/papas-taco-mia,1580709,,3463,,,,Simulation,2026-10-08
crazygames,t/skill,35,SpiderDoll,https://www.crazygames.com/game/spiderdoll,9444742,,8187,,,2021,Action,2026-10-08
crazygames,t/skill,36,Cardlike,https://www.crazygames.com/game/cardlike,403020,,6246,,,2026,Card,2026-10-08
crazygames,t/skill,37,Bartender The Right Mix,https://www.crazygames.com/game/bartender-the-right-mix,6157302,,18516,,,2013,Simulation,2026-10-08
crazygames,t/skill,38,Snow Rider 3D,https://www.crazygames.com/game/snow-rider-3d,4197655,,13574,,,2025,Arcade,2026-10-08
crazygames,t/skill,39,Basketball Orbit,https://www.crazygames.com/game/basketball-orbit,6033309,,17690,,,2025,Arcade,2026-10-08
crazygames,t/skill,40,Mob Rush,https://www.crazygames.com/game/mob-rush,103559,,3124,,,2026,Arcade,2026-10-08
crazygames,t/skill,41,Mojo Match 3D,https://www.crazygames.com/game/mojo-match-3d,138996,,79,,,2025,Puzzle,2026-10-08
crazygames,t/skill,42,Automata Protocol,https://www.crazygames.com/game/automata-protocol-uri,37545,,958,,,2026,Action,2026-10-08
crazygames,t/skill,43,Algerian Solitaire,https://www.crazygames.com/game/algerian-solitaire,310650,,166,,,2016,Card,2026-10-08
crazygames,t/skill,44,Classic Bowling,https://www.crazygames.com/game/classic-bowling,2940841,,4612,,,2016,Sports,2026-10-08
crazygames,t/skill,45,Poker Quest,https://www.crazygames.com/game/poker-quest,325892,,170,,,2020,Adventure,2026-10-08
crazygames,t/skill,46,Unmatched Ego,https://www.crazygames.com/game/unmatched-ego---soccer-action,7604976,,38694,,,2025,Sports,2026-10-08
crazygames,t/skill,47,Bubble Trouble,https://www.crazygames.com/game/bubble-trouble-cpy,587373,,2214,,,2025,Arcade,2026-10-08
crazygames,t/skill,48,Darts Club,https://www.crazygames.com/game/darts-club,1413513,,4351,,,2024,Sports,2026-10-08
crazygames,t/skill,49,Rodha,https://www.crazygames.com/game/rodha,2147284,,4454,,,2022,Arcade,2026-10-08
crazygames,t/skill,50,456 Challenge: Survival master,https://www.crazygames.com/game/456-challenge-surval-master,260978,,4828,,,2026,Action,2026-10-08
crazygames,t/skill,51,Escape Road,https://www.crazygames.com/game/escape-road-asm,8833964,,10299,,,2025,Driving,2026-10-08
crazygames,t/skill,52,World's Hardest Game,https://www.crazygames.com/game/worlds-hardest-game,8489461,,6500,,,,Arcade,2026-10-08
crazygames,t/skill,53,Bubble Tower 3D,https://www.crazygames.com/game/bubble-tower-3d,2407666,,434,,,2020,Arcade,2026-10-08
crazygames,t/skill,54,Doodle Smash,https://www.crazygames.com/game/doodle-smash,705573,,8511,,,2026,Puzzle,2026-10-08
crazygames,t/skill,55,Cornhole League,https://www.crazygames.com/game/cornhole-league---board-games,920521,,2306,,,2025,Sports,2026-10-08
crazygames,t/skill,56,Detective Holmes: Hidden Object,https://www.crazygames.com/game/detective-holmes-hidden-object-game-jbm,321911,,262,,,2025,Puzzle,2026-10-08
crazygames,t/skill,57,Riders Downhill Racing,https://www.crazygames.com/game/riders-downhill-racing,2698498,,15502,,,2024,Sports,2026-10-08
crazygames,t/skill,58,Aim Master,https://www.crazygames.com/game/aim-master,1245979,,2390,,,2024,Puzzle,2026-10-08
crazygames,t/skill,59,Goalkeeper Wiz,https://www.crazygames.com/game/goalkeeper-wiz,3719476,,17385,,,2022,Sports,2026-10-08
crazygames,t/skill,60,Knife Tower,https://www.crazygames.com/game/knife-tower,271557,,3904,,,2026,Arcade,2026-10-08
crazygames,t/skill,41,Opposite Day,https://www.crazygames.com/game/opposite-day,2955886,,8611,,,2024,Puzzle,2026-10-08
crazygames,t/skill,42,Crash Skill Racing,https://www.crazygames.com/game/midnight-kanjo-racing,851641,,13456,,,2026,Driving,2026-10-08
crazygames,t/skill,43,Jetpack Jump,https://www.crazygames.com/game/jetpack-jump,2790873,,2873,,,2024,Action,2026-10-08
crazygames,t/skill,44,Crazy Roll 3D,https://www.crazygames.com/game/crazy-roll-3d,40382614,,8077,,,2019,Arcade,2026-10-08
crazygames,t/skill,45,Ninja Hands 2,https://www.crazygames.com/game/ninja-hands-2,2589082,,6767,,,2023,Action,2026-10-08
crazygames,t/skill,46,Splotch!,https://www.crazygames.com/game/splotch,1885297,,6151,,,2025,Action,2026-10-08
crazygames,t/skill,47,Golf Mania,https://www.crazygames.com/game/golf-mania,696264,,882,,,2025,Sports,2026-10-08
crazygames,t/skill,48,Super Spin,https://www.crazygames.com/game/super-spin,2358951,,3477,,,2023,Arcade,2026-10-08
crazygames,t/skill,49,Rooftop Snipers,https://www.crazygames.com/game/rooftop-snipers,6803331,,5941,,,2017,Action,2026-10-08
crazygames,t/skill,50,Paint or Seek,https://www.crazygames.com/game/paint-or-seek,190775,,4573,,,2026,Action,2026-10-08
crazygames,t/skill,51,Getting Over It,https://www.crazygames.com/game/getting-over-it,12367721,,6792,,,2021,Arcade,2026-10-08
crazygames,t/skill,52,Escape Road 2,https://www.crazygames.com/game/escape-road-2,3536490,,13697,,,2025,Driving,2026-10-08
crazygames,t/skill,53,Tunnel Runner,https://www.crazygames.com/game/tunnel-runner,580583,,3110,,,2021,Arcade,2026-10-08
crazygames,t/skill,54,Sniper Mission,https://www.crazygames.com/game/sniper-mission-blj,13868244,,24829,,,2023,Shooting,2026-10-08
crazygames,t/skill,55,OvO Game,https://www.crazygames.com/game/ovo,2935617,,2407,,,2018,Action,2026-10-08
crazygames,t/skill,56,Sand Blocks,https://www.crazygames.com/game/sand-blocks,505857,,4117,,,2026,Puzzle,2026-10-08
crazygames,t/skill,57,Time Control!,https://www.crazygames.com/game/time-control,1231021,,4761,,,2022,Action,2026-10-08
crazygames,t/skill,58,ClashBall.io,https://www.crazygames.com/game/clashball-io,1320304,,7212,,,2025,.io,2026-10-08
crazygames,t/skill,59,Pikto.fun,https://www.crazygames.com/game/pikto-fun,178169,,2363,,,2026,.io,2026-10-08
crazygames,t/skill,60,Papa's Pizzeria,https://www.crazygames.com/game/papas-pizzeria,6698530,,4205,,,2014,Simulation,2026-10-08
crazygames,t/skill,61,Command Strike FPS,https://www.crazygames.com/game/command-strike-fps-iqh,7080905,,20753,,,2025,Shooting,2026-10-08
crazygames,t/skill,62,Shadow Ninja Revenge,https://www.crazygames.com/game/shadow-ninja-revenge,2006451,,7921,,,2022,Action,2026-10-08
crazygames,t/skill,63,FPV War Kamikaze Drone,https://www.crazygames.com/game/fpv-war-kamikaze-drone,1125290,,4607,,,2025,Action,2026-10-08
crazygames,t/skill,64,FlyCraft,https://www.crazygames.com/game/flycraft--crazy-flying-machines,34149,,672,,,2026,Arcade,2026-10-08
crazygames,t/skill,65,Beam,https://www.crazygames.com/game/beam,538160,,766,,,2020,Puzzle,2026-10-08
crazygames,t/skill,66,Helix Jump,https://www.crazygames.com/game/helix-jump,26182756,,4336,,,2018,Arcade,2026-10-08
crazygames,t/skill,67,Bloons,https://www.crazygames.com/game/bloons,642797,,509,,,,Arcade,2026-10-08
crazygames,t/skill,68,Squid Game Online,https://www.crazygames.com/game/squid-game-online,26315938,,13893,,,2021,Action,2026-10-08
crazygames,t/skill,69,Surf GO Parkour,https://www.crazygames.com/game/surf-go-parkour,742781,,11533,,,2026,Action,2026-10-08
crazygames,t/skill,70,Top Clash,https://www.crazygames.com/game/top-clash,228872,,4041,,,2026,Arcade,2026-10-08
crazygames,t/skill,71,Playing Soccer,https://www.crazygames.com/game/playing-soccer-vaa,1821586,,20456,,,2026,Sports,2026-10-08
crazygames,t/skill,72,Rotate,https://www.crazygames.com/game/rotate,791145,,3104,,,2018,Puzzle,2026-10-08
crazygames,t/skill,73,Motor Sport Challenge Type R,https://www.crazygames.com/game/motor-sport-challenge-type-r,816074,,11210,,,2026,Driving,2026-10-08
crazygames,t/skill,74,Stacky Bird,https://www.crazygames.com/game/stacky-bird,5070606,,6112,,,2022,Arcade,2026-10-08
crazygames,t/skill,75,Cue Billiard Club,https://www.crazygames.com/game/cue-billiard-club,3543278,,1892,,,2022,Sports,2026-10-08
crazygames,t/skill,76,Suez Canal Training Simulator,https://www.crazygames.com/game/suez-canal-training-simulator,511138,,1749,,,2021,Simulation,2026-10-08
crazygames,t/skill,77,Tiny Cars,https://www.crazygames.com/game/tiny-cars,361343,,7195,,,2026,Driving,2026-10-08
crazygames,t/skill,78,Eggy Car,https://www.crazygames.com/game/eggy-car,1002576,,1802,,,2022,Arcade,2026-10-08
crazygames,t/skill,79,Spotti: Find the Differences,https://www.crazygames.com/game/spotti-find-the-differences,314085,,435,,,2025,Puzzle,2026-10-08
crazygames,t/skill,80,Blast Billiards 4,https://www.crazygames.com/game/blast-billiards-4,1106827,,479,,,2022,Sports,2026-10-08
crazygames,t/skill,81,Five-O,https://www.crazygames.com/game/five-o,184209,,142,,,2025,Board,2026-10-08
crazygames,t/skill,82,PlanetCrush 2,https://www.crazygames.com/game/planetcrush-2,161223,,3691,,,2026,Arcade,2026-10-08
crazygames,t/skill,83,Go Escape,https://www.crazygames.com/game/go-escape-nim,1416205,,3811,,,2025,Arcade,2026-10-08
crazygames,t/skill,84,Archers Arena,https://www.crazygames.com/game/archers-arena,1127116,,2390,,,2025,Action,2026-10-08
crazygames,t/skill,85,PaintSeek.io (Chameleon),https://www.crazygames.com/game/paintseek-io-chameleon,27320,,651,,,2026,Action,2026-10-08
crazygames,t/skill,86,Bubble Trouble 2: Rebubbled,https://www.crazygames.com/game/bubble-trouble-2-rebubbled,184626,,443,,,2025,Arcade,2026-10-08
crazygames,t/skill,87,Scary Maze,https://www.crazygames.com/game/scary-maze,3700752,,4955,,,2014,Arcade,2026-10-08
crazygames,t/skill,88,Bowling Champion,https://www.crazygames.com/game/bowling-champion,167047,,179,,,2023,Sports,2026-10-08
crazygames,t/skill,89,Puppet Soccer 2026 Football,https://www.crazygames.com/game/puppet-soccer-2026-football,103813,,1914,,,2026,Sports,2026-10-08
crazygames,t/skill,90,Samurai's Shadow,https://www.crazygames.com/game/samurai-s-shadow-qtn,2490914,,5395,,,2025,Action,2026-10-08
crazygames,t/skill,91,Shape Shooter 2,https://www.crazygames.com/game/shape-shooter-2,811760,,578,,,2022,Action,2026-10-08
crazygames,t/skill,92,Parkour First-Person,https://www.crazygames.com/game/parkour-first-person,1318168,,3311,,,2022,Sports,2026-10-08
crazygames,t/skill,93,OvO.io,https://www.crazygames.com/game/ovo-online,1597192,,1068,,,2022,.io,2026-10-08
crazygames,t/skill,94,Real Football,https://www.crazygames.com/game/real-football-bac,811735,,10632,,,2026,Sports,2026-10-08
crazygames,t/skill,95,Ball Roll,https://www.crazygames.com/game/ball-roll-bbr,186535,,1893,,,2026,Puzzle,2026-10-08
crazygames,t/skill,96,Ping Pong Chaos,https://www.crazygames.com/game/ping-pong-chaos,1571166,,1970,,,2017,Arcade,2026-10-08
crazygames,t/skill,97,Apochess,https://www.crazygames.com/game/apochess-opa,27981,,390,,,2026,Strategy,2026-10-08
crazygames,t/skill,98,Boom Karts,https://www.crazygames.com/game/boom-karts,1497386,,2506,,,2025,Driving,2026-10-08
crazygames,t/skill,99,Cricket Smash 3D,https://www.crazygames.com/game/cricket-smash-3d,92463,,1316,,,2026,Sports,2026-10-08
crazygames,t/skill,100,Legend Of Fireball,https://www.crazygames.com/game/legend-of-fireball-mpp,678116,,1707,,,2025,Clicker,2026-10-08
crazygames,t/escape,1,Steal Eggs,https://www.crazygames.com/game/steal-a-eggs,1427571,,28454,,,2026,Arcade,2026-10-08
crazygames,t/escape,2,Escape Road 3,https://www.crazygames.com/game/escape-road-3,1411796,,30113,,,2026,Driving,2026-10-08
crazygames,t/escape,3,Horror Clown - Scary Ghost,https://www.crazygames.com/game/horror-clown--scary-ghost,284241,,4227,,,2026,Adventure,2026-10-08
crazygames,t/escape,4,Dig out of Prison,https://www.crazygames.com/game/dig-out-of-prison,15504817,,121143,,,2025,Adventure,2026-10-08
crazygames,t/escape,5,"Obby: Gym Simulator, Escape",https://www.crazygames.com/game/obby-gym-simulator-escape,4035098,,26926,,,2025,Arcade,2026-10-08
crazygames,t/escape,6,Mad Pursuit,https://www.crazygames.com/game/mad-pursuit-zhp,2076500,,33920,,,2026,Driving,2026-10-08
crazygames,t/escape,7,Demolition Inc.,https://www.crazygames.com/game/demolition-inc,245173,,3605,,,2026,Action,2026-10-08
crazygames,t/escape,8,Snake Out: Maze Escape,https://www.crazygames.com/game/snake-out-maze-escape,227896,,884,,,2026,Puzzle,2026-10-08
crazygames,t/escape,9,Obby World: Squid Escape,https://www.crazygames.com/game/obby-world-squid-escape,16562086,,80322,,,2025,Action,2026-10-08
crazygames,t/escape,10,Daily Room Escape,https://www.crazygames.com/game/daily-room-escape,5841404,,1609,,,2024,Adventure,2026-10-08
crazygames,t/escape,11,Escape from Vlogger: Runaway,https://www.crazygames.com/game/escape-from-vlogger-runaway,516605,,11562,,,2026,Adventure,2026-10-08
crazygames,t/escape,12,Escape From Prison Multiplayer,https://www.crazygames.com/game/escape-from-prison-multiplayer,11953070,,19419,,,2024,Action,2026-10-08
crazygames,t/escape,13,Room Escape: Strange Case,https://www.crazygames.com/game/room-escape-strange-case,2231868,,4266,,,2023,Puzzle,2026-10-08
crazygames,t/escape,14,911: Prey,https://www.crazygames.com/game/911-prey,5714771,,20657,,,2023,Adventure,2026-10-08
crazygames,t/escape,15,Daily Kitchen Escape,https://www.crazygames.com/game/daily-kitchen-escape,677936,,702,,,2025,Adventure,2026-10-08
crazygames,t/escape,16,Escape From School: Angry Teacher!,https://www.crazygames.com/game/escape-from-school-angry-teacher,1861890,,14891,,,2025,Adventure,2026-10-08
crazygames,t/escape,17,Prison Escape,https://www.crazygames.com/game/prison-escape-lnj,5819167,,18545,,,2025,Adventure,2026-10-08
crazygames,t/escape,18,Infiltrating the Airship,https://www.crazygames.com/game/infiltrating-the-airship,9330577,,12516,,,2013,Adventure,2026-10-08
crazygames,t/escape,19,Escape Road,https://www.crazygames.com/game/escape-road-asm,8833964,,10301,,,2025,Driving,2026-10-08
crazygames,t/escape,20,Cube Stories: Escape,https://www.crazygames.com/game/cube-stories-escape,1201425,,1900,,,2024,Adventure,2026-10-08
crazygames,t/escape,21,Escape Evil Granny!,https://www.crazygames.com/game/escape-evil-granny-viz,3782779,,20388,,,2025,Action,2026-10-08
crazygames,t/escape,22,+1 Brick Escape,https://www.crazygames.com/game/1-brick-escape,469497,,9346,,,2026,Action,2026-10-08
crazygames,t/escape,23,Fleeing the Complex,https://www.crazygames.com/game/fleeing-the-complex,9300953,,11554,,,2015,Adventure,2026-10-08
crazygames,t/escape,24,Police vs Thief: 1&2 Players,https://www.crazygames.com/game/police-vs-thief-1-2-players,296842,,5446,,,2026,Driving,2026-10-08
crazygames,t/escape,25,Horror Tale,https://www.crazygames.com/game/horror-tale-kidnapper,5956375,,22989,,,2023,Adventure,2026-10-08
crazygames,t/escape,26,Barry's Prison Escape!,https://www.crazygames.com/game/barry-s-prison-escape-obby,968674,,12635,,,2026,Adventure,2026-10-08
crazygames,t/escape,27,Grand Escape: Prison,https://www.crazygames.com/game/grand-escape-prison,1198968,,3909,,,2025,Shooting,2026-10-08
crazygames,t/escape,28,Exhibit of Sorrows,https://www.crazygames.com/game/exhibit-of-sorrows,6434324,,12585,,,2022,Puzzle,2026-10-08
crazygames,t/escape,29,Drift Escape,https://www.crazygames.com/game/drift-escape,9041113,,5386,,,2023,Driving,2026-10-08
crazygames,t/escape,30,Escape from School: Runaway,https://www.crazygames.com/game/escape-from-school-runaway,285875,,7230,,,2026,Adventure,2026-10-08
crazygames,t/escape,31,Escape Room: Strange Case 2,https://www.crazygames.com/game/escape-room-strange-case-2,1409827,,4683,,,2024,Adventure,2026-10-08
crazygames,t/escape,32,Endacopia,https://www.crazygames.com/game/endacopia,521219,,3512,,,2022,Adventure,2026-10-08
crazygames,t/escape,33,Paint Room Escape,https://www.crazygames.com/game/paint-room-escape,3460797,,17523,,,2024,Puzzle,2026-10-08
crazygames,t/escape,34,Escaping the Prison,https://www.crazygames.com/game/escaping-the-prison,10525982,,12436,,,,Adventure,2026-10-08
crazygames,t/escape,35,Escape Road 2,https://www.crazygames.com/game/escape-road-2,3536490,,13704,,,2025,Driving,2026-10-08
crazygames,t/escape,36,Obby Challenge: Prison Run,https://www.crazygames.com/game/obby-challenge-prison-run,1750097,,9149,,,2025,Adventure,2026-10-08
crazygames,t/escape,37,Stealing the Diamond,https://www.crazygames.com/game/stealing-the-diamond,4750420,,6935,,,,Adventure,2026-10-08
crazygames,t/escape,38,Elevator Room Escape,https://www.crazygames.com/game/elevator-room-escape,2972423,,15882,,,2023,Adventure,2026-10-08
crazygames,t/escape,39,Vault Room Escape,https://www.crazygames.com/game/vault-room-escape,601097,,6645,,,2025,Puzzle,2026-10-08
crazygames,t/escape,40,Schoolboy Escape: Runaway,https://www.crazygames.com/game/schoolboy-escape-runaway,6431254,,16445,,,2025,Adventure,2026-10-08
crazygames,t/escape,41,Bad Cat - Granny's Return,https://www.crazygames.com/game/bad-cat---granny-s-return,7610341,,12669,,,2025,Simulation,2026-10-08
crazygames,t/escape,42,Cat and Granny 2,https://www.crazygames.com/game/cat-and-granny-2,463187,,4990,,,2026,Simulation,2026-10-08
crazygames,t/escape,43,Doors Castle,https://www.crazygames.com/game/doors-castle,2628163,,8897,,,2025,Adventure,2026-10-08
crazygames,t/escape,44,Find Joe: Secret of The Stones,https://www.crazygames.com/game/find-joe-secret-of-the-stones,424107,,826,,,2025,Adventure,2026-10-08
crazygames,t/escape,45,911: Cannibal,https://www.crazygames.com/game/911-cannibal,2876643,,8852,,,2023,Adventure,2026-10-08
crazygames,t/escape,46,Metro Escape,https://www.crazygames.com/game/metro-escape,1609577,,5843,,,2023,Adventure,2026-10-08
crazygames,t/escape,47,Game Cafe Escape,https://www.crazygames.com/game/game-cafe-escape,2579314,,8387,,,2021,Adventure,2026-10-08
crazygames,t/escape,48,Find Joe: Unsolved Mystery,https://www.crazygames.com/game/find-joe-unsolved-mystery-pno,216698,,593,,,2025,Puzzle,2026-10-08
crazygames,t/escape,49,Diner in the Storm,https://www.crazygames.com/game/diner-in-the-storm,2459848,,4693,,,2024,Puzzle,2026-10-08
crazygames,t/escape,50,Schoolboy Escape 2,https://www.crazygames.com/game/schoolboy-escape-2,1665451,,11058,,,2025,Adventure,2026-10-08
crazygames,t/escape,51,Machine Room Escape,https://www.crazygames.com/game/machine-room-escape,2329232,,5243,,,2021,Adventure,2026-10-08
crazygames,t/escape,52,Escape From Pizzeria,https://www.crazygames.com/game/escape-from-pizzeria,7351848,,11371,,,2025,.io,2026-10-08
crazygames,t/escape,53,Creepy Granny Scream: Scary Freddy,https://www.crazygames.com/game/creepy-granny-scream-scary-freddy,7585689,,5566,,,2018,Action,2026-10-08
crazygames,t/escape,54,Horror Tale 3: The Witch,https://www.crazygames.com/game/horror-tale-3-the-witch,1613142,,10949,,,2025,Adventure,2026-10-08
crazygames,t/escape,55,Escape From Mr.Meawing's Prison!,https://www.crazygames.com/game/escape-from-mr-meawing-s-prison,733890,,8888,,,2026,Adventure,2026-10-08
crazygames,t/escape,56,Python Snake Simulator,https://www.crazygames.com/game/python-snake-simulator,838539,,2190,,,2024,Adventure,2026-10-08
crazygames,t/escape,57,Scary Horror Escape Room,https://www.crazygames.com/game/scary-horror-escape-room-games,1034587,,2526,,,2022,Adventure,2026-10-08
crazygames,t/escape,58,Mirror Room Escape,https://www.crazygames.com/game/mirror-room-escape,1589796,,7262,,,2025,Puzzle,2026-10-08
crazygames,t/escape,59,Skinwalker,https://www.crazygames.com/game/skinwalker,3427577,,6580,,,2024,Adventure,2026-10-08
crazygames,t/escape,60,Horror Tale 2: Samantha,https://www.crazygames.com/game/horror-tale-2-samantha,1976555,,7465,,,2023,Adventure,2026-10-08
crazygames,t/escape,41,Robot Unicorn Attack,https://www.crazygames.com/game/robot-unicorn-attack,1005328,,833,,,,Arcade,2026-10-08
crazygames,t/escape,42,TRACE,https://www.crazygames.com/game/trace,359550,,2562,,,2022,Adventure,2026-10-08
crazygames,t/escape,43,Escape From Baby Robby!,https://www.crazygames.com/game/escape-from-baby-bobby-cxs,398527,,4918,,,2026,Adventure,2026-10-08
crazygames,t/escape,44,House Escape: Office,https://www.crazygames.com/game/house-escape-office,1291662,,1523,,,2022,Adventure,2026-10-08
crazygames,t/escape,45,Space Museum Escape,https://www.crazygames.com/game/space-museum-escape,2394786,,5054,,,2020,Adventure,2026-10-08
crazygames,t/escape,46,Nuclear Day,https://www.crazygames.com/game/nuclear-day,651780,,1573,,,2025,Adventure,2026-10-08
crazygames,t/escape,47,Ann,https://www.crazygames.com/game/ann,1487261,,2709,,,2021,Adventure,2026-10-08
crazygames,t/escape,48,Escape 20 Rooms,https://www.crazygames.com/game/escape-20-rooms,734826,,765,,,2024,Puzzle,2026-10-08
crazygames,t/escape,49,Video Studio Escape,https://www.crazygames.com/game/video-studio-escape,1412581,,3468,,,2022,Adventure,2026-10-08
crazygames,t/escape,50,Dig or Die: Prison Escape Simulator,https://www.crazygames.com/game/dig-or-die-prison-escape-simulator,1984967,,6023,,,2025,Adventure,2026-10-08
crazygames,t/escape,51,The Box of Secrets,https://www.crazygames.com/game/the-box-of-secrets,375158,,658,,,2022,Puzzle,2026-10-08
crazygames,t/escape,52,Computer Office Escape,https://www.crazygames.com/game/computer-office-escape,1748473,,3247,,,2020,Adventure,2026-10-08
crazygames,t/escape,53,Design House Escape,https://www.crazygames.com/game/design-house-escape,979107,,3076,,,2024,Adventure,2026-10-08
crazygames,t/escape,54,Jailbreak: Hide or Attack!,https://www.crazygames.com/game/jailbreak-hide-or-attack,4441315,,4219,,,2023,Strategy,2026-10-08
crazygames,t/escape,55,Lucky Tower,https://www.crazygames.com/game/lucky-tower,530325,,1594,,,2021,Puzzle,2026-10-08
crazygames,t/escape,56,Bathroom Escape,https://www.crazygames.com/game/bathroom-escape,352326,,811,,,2022,Adventure,2026-10-08
crazygames,t/escape,57,Antarctica 88,https://www.crazygames.com/game/antarctica-88,1301476,,4974,,,2023,Adventure,2026-10-08
crazygames,t/escape,58,Riddle School,https://www.crazygames.com/game/riddle-school,1791394,,790,,,2016,Adventure,2026-10-08
crazygames,t/escape,59,The Owner Is Dead,https://www.crazygames.com/game/the-owner-is-dead,710275,,1352,,,2020,Puzzle,2026-10-08
crazygames,t/escape,60,Cornfield,https://www.crazygames.com/game/cornfield,1253692,,4544,,,2024,Adventure,2026-10-08
crazygames,t/escape,61,Evil Neighbor 3,https://www.crazygames.com/game/evil-neighbor-3,923934,,1216,,,2023,Adventure,2026-10-08
crazygames,t/escape,62,School Escape: Mr. MeanieHead!,https://www.crazygames.com/game/school-escape-mr-meaniehead,440026,,4413,,,2026,Adventure,2026-10-08
crazygames,t/escape,63,Puzzle Room Escape,https://www.crazygames.com/game/puzzle-room-escape,1041247,,3058,,,2023,Adventure,2026-10-08
crazygames,t/escape,64,Kitchen Escape,https://www.crazygames.com/game/kitchen-escape,471862,,980,,,2023,Adventure,2026-10-08
crazygames,t/escape,65,C-Virus Game: Outbreak,https://www.crazygames.com/game/c-virus-game-outbreak,669622,,1857,,,2020,Action,2026-10-08
crazygames,t/escape,66,Sqube Darkness,https://www.crazygames.com/game/sqube-darkness,186572,,3025,,,2025,Action,2026-10-08
crazygames,t/escape,67,Krampus,https://www.crazygames.com/game/krampus,2464845,,2516,,,2022,Action,2026-10-08
crazygames,t/escape,68,Rooms Home Escape,https://www.crazygames.com/game/rooms-home-escape,1322325,,713,,,2022,Adventure,2026-10-08
crazygames,t/escape,69,The White Room 2,https://www.crazygames.com/game/the-white-room-2,1475038,,754,,,2022,Adventure,2026-10-08
crazygames,t/escape,70,Evil Neighbor,https://www.crazygames.com/game/evil-father,1165588,,1976,,,2023,Adventure,2026-10-08
crazygames,t/escape,71,Escape School Duel,https://www.crazygames.com/game/escape-school-duel,175954,,2679,,,2026,Adventure,2026-10-08
crazygames,t/escape,72,Evil Neighbor 2,https://www.crazygames.com/game/evil-neighbor-2,1254453,,1627,,,2023,Adventure,2026-10-08
crazygames,t/escape,73,Little Cabin in the Woods,https://www.crazygames.com/game/little-cabin-in-the-woods-a-forgotten-hill-tale,386593,,602,,,2018,Puzzle,2026-10-08
crazygames,t/escape,74,Vintage Escape,https://www.crazygames.com/game/vintage-escape,488422,,716,,,2022,Adventure,2026-10-08
crazygames,t/escape,75,Noob Miner 2: Escape From Prison,https://www.crazygames.com/game/noob-miner-2-escape-form-prison,5054456,,6819,,,2023,Adventure,2026-10-08
crazygames,t/escape,76,Haunted School 2,https://www.crazygames.com/game/haunted-school-2---horror-game,2283322,,4115,,,2023,Action,2026-10-08
crazygames,t/escape,77,The White Room,https://www.crazygames.com/game/the-white-room,2317190,,904,,,2022,Adventure,2026-10-08
crazygames,t/escape,78,The Rooms: Escape Challenge,https://www.crazygames.com/game/the-rooms-escape-challenge,248576,,320,,,2022,Puzzle,2026-10-08
crazygames,t/escape,79,Death Attraction: Horror Game,https://www.crazygames.com/game/death-attraction-horror-game,1233334,,2256,,,2023,Adventure,2026-10-08
crazygames,t/escape,80,Endless Hot Pursuit,https://www.crazygames.com/game/endless-car-chase,1728225,,1122,,,2020,Driving,2026-10-08
crazygames,t/escape,81,The White Room 3,https://www.crazygames.com/game/the-white-room-3,1067871,,670,,,2022,Adventure,2026-10-08
crazygames,t/escape,82,Big Giant Games (Prison Escape Puzzle),https://www.crazygames.com/game/big-giant-games,768857,,630,,,2019,Puzzle,2026-10-08
crazygames,t/escape,83,Escape or Die 3,https://www.crazygames.com/game/escape-or-die-3,350635,,384,,,2023,Adventure,2026-10-08
crazygames,t/escape,84,Laqueus Escape: Chapter III,https://www.crazygames.com/game/laqueus-escape-chapter-iii,707996,,143,,,2020,Adventure,2026-10-08
crazygames,t/escape,85,Escape or Die 4,https://www.crazygames.com/game/escape-or-die-4,472372,,1123,,,2023,Puzzle,2026-10-08
crazygames,t/escape,86,Embercry,https://www.crazygames.com/game/embercry,153145,,158,,,2024,Adventure,2026-10-08
crazygames,t/escape,87,Laqueus Escape: Chapter IV,https://www.crazygames.com/game/laqueus-escape-chapter-iv,642682,,120,,,2021,Adventure,2026-10-08
crazygames,t/escape,88,Think to Escape,https://www.crazygames.com/game/think-to-escape,556947,,413,,,2022,Adventure,2026-10-08
crazygames,t/escape,89,Laqueus Escape: Chapter VI,https://www.crazygames.com/game/laqueus-escape-chapter-vi,352232,,72,,,2022,Adventure,2026-10-08
crazygames,t/escape,90,Medieval Escape,https://www.crazygames.com/game/medieval-escape,154262,,293,,,2024,Adventure,2026-10-08
crazygames,t/escape,91,The Dawn of Slenderman,https://www.crazygames.com/game/the-dawn-of-slenderman,1186874,,2703,,,2021,Adventure,2026-10-08
crazygames,t/escape,92,Escape or Die 2,https://www.crazygames.com/game/escape-or-die-2,1397930,,469,,,2021,Adventure,2026-10-08
crazygames,t/escape,93,The Lava Tsunami,https://www.crazygames.com/game/the-lava-tsunami,213772,,3336,,,2026,Action,2026-10-08
crazygames,t/escape,94,Cat Escape,https://www.crazygames.com/game/cat-escape-ksv,157061,,1675,,,2026,Puzzle,2026-10-08
crazygames,t/escape,95,Escape Game: Room With a Lamp,https://www.crazygames.com/game/escape-game-room-with-a-lamp,127159,,200,,,2023,Adventure,2026-10-08
crazygames,t/escape,96,SYNTAXIA,https://www.crazygames.com/game/syntaxia,193112,,1131,,,2025,Adventure,2026-10-08
crazygames,t/escape,97,The White Room 3D,https://www.crazygames.com/game/the-white-room-3d,67476,,157,,,2022,Adventure,2026-10-08
crazygames,t/escape,98,Laqueus Escape: Chapter I,https://www.crazygames.com/game/laqueus-escape,1506271,,353,,,2020,Adventure,2026-10-08
crazygames,t/escape,99,Laqueus Escape: Chapter V,https://www.crazygames.com/game/laqueus-escape---chapter-v,310036,,76,,,2021,Adventure,2026-10-08
crazygames,t/escape,100,Doors: Paradox,https://www.crazygames.com/game/doors-paradox,610178,,231,,,2022,Puzzle,2026-10-08
crazygames,t/horror,1,99 Nights: Forest Escape (bloxd.io),https://www.crazygames.com/game/99-nights-bloxd-io,16721579,,127976,,,2025,Action,2026-10-08
crazygames,t/horror,2,Horror Clown - Scary Ghost,https://www.crazygames.com/game/horror-clown--scary-ghost,284241,,4217,,,2026,Adventure,2026-10-08
crazygames,t/horror,3,The Cat in Yellow,https://www.crazygames.com/game/the-ragdoll-cat-bgr,1796601,,27050,,,2026,Adventure,2026-10-08
crazygames,t/horror,4,Escape from Vlogger: Runaway,https://www.crazygames.com/game/escape-from-vlogger-runaway,516605,,11560,,,2026,Adventure,2026-10-08
crazygames,t/horror,5,Room Escape: Strange Case,https://www.crazygames.com/game/room-escape-strange-case,2231868,,4266,,,2023,Puzzle,2026-10-08
crazygames,t/horror,6,911: Prey,https://www.crazygames.com/game/911-prey,5714771,,20649,,,2023,Adventure,2026-10-08
crazygames,t/horror,7,Haunted School,https://www.crazygames.com/game/haunted-school---horror-game,10903945,,17741,,,2022,Action,2026-10-08
crazygames,t/horror,8,Horror Tale,https://www.crazygames.com/game/horror-tale-kidnapper,5956375,,22983,,,2023,Adventure,2026-10-08
crazygames,t/horror,9,Exhibit of Sorrows,https://www.crazygames.com/game/exhibit-of-sorrows,6434324,,12585,,,2022,Puzzle,2026-10-08
crazygames,t/horror,10,Escape from School: Runaway,https://www.crazygames.com/game/escape-from-school-runaway,285875,,7228,,,2026,Adventure,2026-10-08
crazygames,t/horror,11,FNaF Shooter,https://www.crazygames.com/game/fnaf-shooter,3726774,,9161,,,2022,Shooting,2026-10-08
crazygames,t/horror,12,Escape Room: Strange Case 2,https://www.crazygames.com/game/escape-room-strange-case-2,1409827,,4683,,,2024,Adventure,2026-10-08
crazygames,t/horror,13,Pizza Anomalies,https://www.crazygames.com/game/pizza-anomalies-tiu,425047,,8123,,,2026,Simulation,2026-10-08
crazygames,t/horror,14,911: Cannibal,https://www.crazygames.com/game/911-cannibal,2876643,,8851,,,2023,Adventure,2026-10-08
crazygames,t/horror,15,Night Of The Living Dread,https://www.crazygames.com/game/night-of-the-living-dread-nhc,42077,,936,,,2026,Shooting,2026-10-08
crazygames,t/horror,16,99 Nights in the Forest Online,https://www.crazygames.com/game/99-nights-online,4288800,,11544,,,2025,Action,2026-10-08
crazygames,t/horror,17,Diner in the Storm,https://www.crazygames.com/game/diner-in-the-storm,2459848,,4691,,,2024,Puzzle,2026-10-08
crazygames,t/horror,18,Schoolboy Escape 2,https://www.crazygames.com/game/schoolboy-escape-2,1665451,,11056,,,2025,Adventure,2026-10-08
crazygames,t/horror,19,Creepy Granny Scream: Scary Freddy,https://www.crazygames.com/game/creepy-granny-scream-scary-freddy,7585689,,5566,,,2018,Action,2026-10-08
crazygames,t/horror,20,Horror Tale 3: The Witch,https://www.crazygames.com/game/horror-tale-3-the-witch,1613142,,10949,,,2025,Adventure,2026-10-08
crazygames,t/horror,21,Kuzbass Horror,https://www.crazygames.com/game/kuzbass-horror,1242135,,4702,,,2022,Action,2026-10-08
crazygames,t/horror,22,Scary Horror Escape Room,https://www.crazygames.com/game/scary-horror-escape-room-games,1034587,,2524,,,2022,Adventure,2026-10-08
crazygames,t/horror,23,Seeing Things,https://www.crazygames.com/game/seeing-things,658202,,1302,,,2024,Puzzle,2026-10-08
crazygames,t/horror,24,Skinwalker,https://www.crazygames.com/game/skinwalker,3427577,,6580,,,2024,Adventure,2026-10-08
crazygames,t/horror,25,Scary Maze,https://www.crazygames.com/game/scary-maze,3700752,,4957,,,2014,Arcade,2026-10-08
crazygames,t/horror,26,Nightfall Survivors,https://www.crazygames.com/game/nightfall-survivors-imo,102121,,1839,,,2026,Action,2026-10-08
crazygames,t/horror,27,Horror Tale 2: Samantha,https://www.crazygames.com/game/horror-tale-2-samantha,1976555,,7464,,,2023,Adventure,2026-10-08
crazygames,t/horror,28,Ann,https://www.crazygames.com/game/ann,1487261,,2709,,,2021,Adventure,2026-10-08
crazygames,t/horror,29,Antarctica 88,https://www.crazygames.com/game/antarctica-88,1301476,,4974,,,2023,Adventure,2026-10-08
crazygames,t/horror,30,The Owner Is Dead,https://www.crazygames.com/game/the-owner-is-dead,710275,,1352,,,2020,Puzzle,2026-10-08
crazygames,t/horror,31,Cornfield,https://www.crazygames.com/game/cornfield,1253692,,4545,,,2024,Adventure,2026-10-08
crazygames,t/horror,32,Evil Neighbor 3,https://www.crazygames.com/game/evil-neighbor-3,923934,,1216,,,2023,Adventure,2026-10-08
crazygames,t/horror,33,C-Virus Game: Outbreak,https://www.crazygames.com/game/c-virus-game-outbreak,669622,,1857,,,2020,Action,2026-10-08
crazygames,t/horror,34,Krampus,https://www.crazygames.com/game/krampus,2464845,,2516,,,2022,Action,2026-10-08
crazygames,t/horror,35,Evil Neighbor,https://www.crazygames.com/game/evil-father,1165588,,1976,,,2023,Adventure,2026-10-08
crazygames,t/horror,36,You Are Being Watched,https://www.crazygames.com/game/you-are-being-watched---horror-game,573920,,2607,,,2023,Action,2026-10-08
crazygames,t/horror,37,Evil Neighbor 2,https://www.crazygames.com/game/evil-neighbor-2,1254453,,1627,,,2023,Adventure,2026-10-08
crazygames,t/horror,38,Little Cabin in the Woods,https://www.crazygames.com/game/little-cabin-in-the-woods-a-forgotten-hill-tale,386593,,602,,,2018,Puzzle,2026-10-08
crazygames,t/horror,39,Iron Friend,https://www.crazygames.com/game/iron-friend,928562,,2783,,,2024,Adventure,2026-10-08
crazygames,t/horror,40,Haunted School 2,https://www.crazygames.com/game/haunted-school-2---horror-game,2283322,,4117,,,2023,Action,2026-10-08
crazygames,t/horror,41,Shoot Your Nightmare: The Beginning,https://www.crazygames.com/game/shoot-your-nightmare-the-beginning,512874,,801,,,2021,Action,2026-10-08
crazygames,t/horror,42,Death Attraction: Horror Game,https://www.crazygames.com/game/death-attraction-horror-game,1233334,,2256,,,2023,Adventure,2026-10-08
crazygames,t/horror,43,DUST - A Post Apocalyptic RPG,https://www.crazygames.com/game/dust-a-post-apocalyptic-rpg,288976,,271,,,2019,Adventure,2026-10-08
crazygames,t/horror,44,Hospital: Survive the Night,https://www.crazygames.com/game/hospital-survive-the-night,262000,,1022,,,2022,Action,2026-10-08
crazygames,t/horror,45,Resident Zombies: Horror Shooter,https://www.crazygames.com/game/resident-zombies---horror-shooter,411130,,1182,,,2023,Action,2026-10-08
crazygames,t/horror,46,Slenderman VS Freddy The Fazbear,https://www.crazygames.com/game/slenderman-vs-freddy-the-fazbear,684968,,1607,,,2018,Action,2026-10-08
crazygames,t/horror,47,The Dawn of Slenderman,https://www.crazygames.com/game/the-dawn-of-slenderman,1186874,,2704,,,2021,Adventure,2026-10-08
crazygames,t/horror,48,Slenderman Must Die: Underground Bunker,https://www.crazygames.com/game/slenderman-must-die-underground-bunker,582520,,973,,,2021,Shooting,2026-10-08
crazygames,t/horror,49,SYNTAXIA,https://www.crazygames.com/game/syntaxia,193112,,1132,,,2025,Adventure,2026-10-08
crazygames,t/horror,50,Portal Of Doom: Undead Rising,https://www.crazygames.com/game/portal-of-doom-undead-rising,506158,,1502,,,2018,Shooting,2026-10-08
crazygames,t/horror,51,Jeff the Killer: Horrendous Smile,https://www.crazygames.com/game/jeff-the-killer-horrendous-smile,700816,,990,,,2018,Shooting,2026-10-08
crazygames,t/horror,52,Scarred,https://www.crazygames.com/game/scarred,300050,,470,,,2020,Adventure,2026-10-08
crazygames,t/horror,53,Halloween Chainsaw Massacre,https://www.crazygames.com/game/halloween-chainsaw-massacre,494028,,496,,,2022,Action,2026-10-08
crazygames,t/horror,54,Jeff The Killer: Lost in the Nightmare,https://www.crazygames.com/game/jeff-the-killer-lost-in-the-nightmare,366005,,585,,,2020,Shooting,2026-10-08
crazygames,t/horror,55,Escape Portal,https://www.crazygames.com/game/escape-portal,150846,,1489,,,2025,Adventure,2026-10-08
crazygames,t/horror,56,Ghost Dorm,https://www.crazygames.com/game/ghost-dorm,154232,,1736,,,2026,Strategy,2026-10-08
crazygames,t/horror,57,Dr. Psycho: Hospital Escape,https://www.crazygames.com/game/dr-psycho-hospital-escape,495273,,771,,,2023,Action,2026-10-08
crazygames,t/horror,58,Backwoods,https://www.crazygames.com/game/backwoods,195349,,1086,,,2022,Shooting,2026-10-08
crazygames,t/horror,59,Night Watchman,https://www.crazygames.com/game/night-watchman,851459,,885,,,2022,Action,2026-10-08
crazygames,t/horror,60,Bear Haven,https://www.crazygames.com/game/bear-haven,1215440,,1917,,,2022,Action,2026-10-08
crazygames,t/horror,41,Silent Insanity Psychological Trauma,https://www.crazygames.com/game/silent-insanity-p-t-psychological-trauma,273175,,643,,,2018,Shooting,2026-10-08
crazygames,t/horror,42,Shoot Your Nightmare: Space Isolation,https://www.crazygames.com/game/shoot-your-nightmare-space-isolation,608270,,784,,,2018,Shooting,2026-10-08
crazygames,t/horror,43,Horror Nights Story,https://www.crazygames.com/game/horror-nights-story,586688,,1045,,,2019,Action,2026-10-08
crazygames,t/horror,44,Monster Christmas Terror,https://www.crazygames.com/game/monster-christmas-terror,350772,,728,,,2020,Shooting,2026-10-08
crazygames,t/horror,45,She is Mad,https://www.crazygames.com/game/she-is-mad-eie,155698,,327,,,2025,Adventure,2026-10-08
crazygames,t/horror,46,Brother Wake Up,https://www.crazygames.com/game/brother-wake-up,165011,,476,,,2022,Action,2026-10-08
crazygames,t/horror,47,Sorcerers Refuge,https://www.crazygames.com/game/sorcerers-refuge,89798,,895,,,2025,Adventure,2026-10-08
crazygames,t/horror,48,Slenderman Must Die: Silent Streets,https://www.crazygames.com/game/slenderman-must-die-silent-streets,579428,,280,,,2018,Shooting,2026-10-08
crazygames,t/horror,49,Breaking the Silent Lies,https://www.crazygames.com/game/breaking-the-silent-lies,160122,,425,,,2022,Adventure,2026-10-08
crazygames,t/horror,50,House of Celestina,https://www.crazygames.com/game/house-of-celestina,3280955,,1414,,,2019,Action,2026-10-08
crazygames,t/horror,51,Slenderman Must Die: Sanatorium 2021,https://www.crazygames.com/game/slenderman-must-die-sanatorium-2021,374342,,341,,,2021,Shooting,2026-10-08
crazygames,t/horror,52,Slendrina Must Die: The House,https://www.crazygames.com/game/slendrina-must-die-the-house,543528,,602,,,2019,Shooting,2026-10-08
crazygames,t/horror,53,Owner is Dead 2,https://www.crazygames.com/game/owner-is-dead-2,204151,,431,,,2022,Adventure,2026-10-08
crazygames,t/horror,54,Slenderman Must Die: Graveyard,https://www.crazygames.com/game/slenderman-must-die-abandoned-graveyard,302189,,266,,,2019,Shooting,2026-10-08
crazygames,t/horror,55,Slendrina Must Die: The Forest,https://www.crazygames.com/game/slendrina-must-die-the-forest,918338,,2052,,,2018,Shooting,2026-10-08
crazygames,t/horror,56,Zombie Mayhem Online,https://www.crazygames.com/game/zombie-mayhem-online,114892,,390,,,2022,Shooting,2026-10-08
crazygames,t/horror,57,Office Horror Story,https://www.crazygames.com/game/office-horror-story,362133,,323,,,2019,Adventure,2026-10-08
crazygames,t/horror,58,Slendrina Must Die: The Cellar,https://www.crazygames.com/game/slenderina-must-die,556968,,1234,,,2016,Action,2026-10-08
crazygames,t/horror,59,The Housefly,https://www.crazygames.com/game/the-housefly,139893,,313,,,2021,Adventure,2026-10-08
crazygames,t/horror,60,Jeff the Killer vs Slendrina,https://www.crazygames.com/game/jeff-the-killer-vs-slendrina,397861,,308,,,2019,Action,2026-10-08
crazygames,t/horror,61,Slendrina Must Die: The School,https://www.crazygames.com/game/slendrina-must-die-the-school,319284,,565,,,2019,Shooting,2026-10-08
crazygames,t/horror,62,Shoot Your Nightmare: Halloween Special,https://www.crazygames.com/game/shoot-your-nightmare-halloween,345081,,243,,,2018,Shooting,2026-10-08
crazygames,t/horror,63,Case: Smile,https://www.crazygames.com/game/case-smile-horror-game-adventure,320184,,269,,,2019,Action,2026-10-08
crazygames,t/horror,64,NextDoor,https://www.crazygames.com/game/nextdoor,310246,,499,,,2021,Action,2026-10-08
crazygames,t/horror,65,While We Sleep: Slendrina Is Here,https://www.crazygames.com/game/while-we-sleep-slendrina-is-here,283227,,250,,,2018,Shooting,2026-10-08
crazygames,t/horror,66,Slender Clown: Be Afraid of It!,https://www.crazygames.com/game/slender-clown-be-afraid-of-it,119103,,169,,,2018,Shooting,2026-10-08
crazygames,t/horror,67,Deep Space Horror: Outpost,https://www.crazygames.com/game/deep-space-horror-outpost,108460,,188,,,2022,Shooting,2026-10-08
crazygames,t/horror,68,House of Celestina: Chapter Two,https://www.crazygames.com/game/celestina-chapter-two,495956,,411,,,2021,Action,2026-10-08
crazygames,t/horror,69,Silent House,https://www.crazygames.com/game/silent-house,326784,,231,,,2019,Action,2026-10-08
crazygames,t/horror,70,Case: Smile 2,https://www.crazygames.com/game/case-smile-2,480101,,208,,,2020,Action,2026-10-08
crazygames,t/sandbox,1,Bloxd.io,https://www.crazygames.com/game/bloxdhop-io,477625212,,1242616,,,2021,.io,2026-10-08
crazygames,t/sandbox,2,Build A Plane,https://www.crazygames.com/game/build-a-plane-xea,394970,,7919,,,2026,Simulation,2026-10-08
crazygames,t/sandbox,3,Sandbox City,https://www.crazygames.com/game/sandbox-city---cars-zombies-ragdolls,21928922,,49411,,,2021,Simulation,2026-10-08
crazygames,t/sandbox,4,Duck Playground 3D,https://www.crazygames.com/game/duck-playground-3d-jeb,148259,,2654,,,2026,Simulation,2026-10-08
crazygames,t/sandbox,5,Mechacraft.io,https://www.crazygames.com/game/evergate-ivu,282415,,4667,,,2026,.io,2026-10-08
crazygames,t/sandbox,6,Playground,https://www.crazygames.com/game/playground,6561842,,27420,,,2025,Action,2026-10-08
crazygames,t/sandbox,7,Demolition Inc.,https://www.crazygames.com/game/demolition-inc,245173,,3605,,,2026,Action,2026-10-08
crazygames,t/sandbox,8,I Am Taxi Prankster Sim,https://www.crazygames.com/game/i-am-prankster-taxi-driver,1912923,,34768,,,2026,Arcade,2026-10-08
crazygames,t/sandbox,9,Traffic Architect,https://www.crazygames.com/game/traffic-architect-tic,243273,,3063,,,2026,Simulation,2026-10-08
crazygames,t/sandbox,10,No Pain No Gain - Ragdoll Sandbox,https://www.crazygames.com/game/no-pain-no-gain---ragdoll-sandbox,6754053,,10175,,,2024,Action,2026-10-08
crazygames,t/sandbox,11,Obby: Car Crash Sandbox,https://www.crazygames.com/game/obby-car-crash-sandbox,908736,,12271,,,2026,Driving,2026-10-08
crazygames,t/sandbox,12,Paper Minecraft,https://www.crazygames.com/game/paper-minecraft,33898296,,18345,,,2017,Adventure,2026-10-08
crazygames,t/sandbox,13,Last Play: Ragdoll Sandbox,https://www.crazygames.com/game/last-play-ragdoll-sandbox-kqb,4661895,,20016,,,2024,Simulation,2026-10-08
crazygames,t/sandbox,14,Simple Sandbox 3,https://www.crazygames.com/game/simple-sandbox-3,166455,,4678,,,2026,Action,2026-10-08
crazygames,t/sandbox,15,The Final Earth 2,https://www.crazygames.com/game/the-final-earth-2,1107597,,1353,,,2019,Adventure,2026-10-08
crazygames,t/sandbox,16,Derby Crash 5,https://www.crazygames.com/game/derby-crash-5,2590131,,6304,,,2022,Driving,2026-10-08
crazygames,t/sandbox,17,Marble Race Creator,https://www.crazygames.com/game/marble-race-creator,426012,,864,,,2022,Simulation,2026-10-08
crazygames,t/sandbox,18,Sandbox: Particle World,https://www.crazygames.com/game/sandbox-particle-world,383765,,4061,,,2026,Simulation,2026-10-08
crazygames,t/sandbox,19,Element Playground,https://www.crazygames.com/game/element-playground-nej,191944,,4326,,,2026,Simulation,2026-10-08
crazygames,t/sandbox,20,GrindCraft,https://www.crazygames.com/game/grindcraft,6340905,,1581,,,2016,Clicker,2026-10-08
crazygames,t/sandbox,21,Turbo Dismounting,https://www.crazygames.com/game/turbo-dismounting,5216967,,6050,,,2018,Action,2026-10-08
crazygames,t/sandbox,22,Sandspiel,https://www.crazygames.com/game/sandspiel,1965326,,1204,,,2018,Simulation,2026-10-08
crazygames,t/sandbox,23,Stop Time: Next vs Eggs,https://www.crazygames.com/game/stop-time-next-vs-eggs,26029,,680,,,2026,Action,2026-10-08
crazygames,t/sandbox,24,Monkey School Prank,https://www.crazygames.com/game/i-am-monkey-school-pranskter,725547,,9978,,,,Simulation,2026-10-08
crazygames,t/sandbox,25,Mine Blocks,https://www.crazygames.com/game/mine-blocks,5555884,,2344,,,2021,Action,2026-10-08
crazygames,t/sandbox,26,RCC City Racing,https://www.crazygames.com/game/rcc-city-racing,3246905,,7193,,,2018,Driving,2026-10-08
crazygames,t/sandbox,27,SimpleBox 2,https://www.crazygames.com/game/simplebox-2,771320,,3427,,,2023,Simulation,2026-10-08
crazygames,t/sandbox,28,Marble Run,https://www.crazygames.com/game/marble-run,1215408,,1986,,,2020,Simulation,2026-10-08
crazygames,t/sandbox,29,Lime Playground Sandbox,https://www.crazygames.com/game/lime-playground-sandbox,3112350,,9520,,,2024,Action,2026-10-08
crazygames,t/sandbox,30,Block Tech: Epic Sandbox,https://www.crazygames.com/game/block-tech-epic-sandbox,745851,,874,,,2019,Simulation,2026-10-08
crazygames,t/sandbox,31,Felon Play: Ragdoll Sandbox,https://www.crazygames.com/game/felon-play-ragdoll-sandbox-ffi,215537,,3623,,,2026,Simulation,2026-10-08
crazygames,t/sandbox,32,DashCraft.io,https://www.crazygames.com/game/dashcraft-io,2581288,,1253,,,2022,.io,2026-10-08
crazygames,t/sandbox,33,Craft 3D,https://www.crazygames.com/game/craft-3d,975196,,2570,,,2020,Simulation,2026-10-08
crazygames,t/sandbox,34,Doodieman Voodoo,https://www.crazygames.com/game/doodieman-voodoo,1388697,,4300,,,2018,Simulation,2026-10-08
crazygames,t/sandbox,35,Sandbox World: Sand Art,https://www.crazygames.com/game/sandbox-world,328988,,3043,,,2026,Simulation,2026-10-08
crazygames,t/sandbox,36,Havendock (Pre-Alpha),https://www.crazygames.com/game/havendock,1349013,,706,,,2022,Simulation,2026-10-08
crazygames,t/sandbox,37,Orb.Farm,https://www.crazygames.com/game/orb-farm,740471,,938,,,2021,Simulation,2026-10-08
crazygames,t/sandbox,38,Genius Car 2,https://www.crazygames.com/game/genius-car-2,720495,,1256,,,2021,Simulation,2026-10-08
crazygames,t/sandbox,39,3D Sandbox: Battle of the Kingdoms,https://www.crazygames.com/game/3d-sandbox-battle-of-the-kingdoms,276537,,1003,,,2025,Simulation,2026-10-08
crazygames,t/sandbox,40,myDream Universe,https://www.crazygames.com/game/mydream-universe,129953,,600,,,2021,Simulation,2026-10-08
crazygames,t/sandbox,41,Interior Designer: Unpacking House,https://www.crazygames.com/game/interior-designer-unpacking-house,308290,,632,,,2024,Simulation,2026-10-08
crazygames,t/sandbox,42,Serious Head 2,https://www.crazygames.com/game/serious-head-2,293565,,426,,,2024,Shooting,2026-10-08
crazygames,t/sandbox,43,Island Racer,https://www.crazygames.com/game/island-racer,76856,,207,,,2023,Driving,2026-10-08
crazygames,t/sandbox,44,Mega Ragdoll Sandbox Simulator,https://www.crazygames.com/game/mega-ragdoll-sandbox-simulator,65649,,129,,,2024,Action,2026-10-08
crazygames,t/sandbox,45,Blocky Cars in Real World,https://www.crazygames.com/game/blocky-cars-in-real-world,102376,,269,,,2018,Driving,2026-10-08
crazygames,t/sandbox,46,Crazy Parkour,https://www.crazygames.com/game/crazy-parkour,298787,,145,,,2022,Sports,2026-10-08
crazygames,t/sandbox,47,ChopForge,https://www.crazygames.com/game/chopforge,60434,,121,,,2023,Adventure,2026-10-08
crazygames,t/sandbox,48,Wildlife Haven: Sandbox Safari,https://www.crazygames.com/game/wildlife-haven---sandbox-safari,32340,,52,,,2023,Simulation,2026-10-08
crazygames,t/snake,1,Hexanaut.io,https://www.crazygames.com/game/hexanaut-io,5232568,,17995,,,2022,.io,2026-10-08
crazygames,t/snake,2,Cubes 2048.io,https://www.crazygames.com/game/cubes-2048-io,53804351,,127049,,,2022,.io,2026-10-08
crazygames,t/snake,3,Snake.io,https://www.crazygames.com/game/snake-io,15147339,,37182,,,2022,.io,2026-10-08
crazygames,t/snake,4,Gulper.io,https://www.crazygames.com/game/gulper-io,38807394,,19085,,,2019,.io,2026-10-08
crazygames,t/snake,5,Worms.Zone,https://www.crazygames.com/game/worms-zone,34237303,,27608,,,2018,.io,2026-10-08
crazygames,t/snake,6,TileMan.io,https://www.crazygames.com/game/tileman-io,11053180,,5901,,,2018,.io,2026-10-08
crazygames,t/snake,7,Paper.io 2,https://www.crazygames.com/game/paper-io-2,74451792,,111054,,,2019,.io,2026-10-08
crazygames,t/snake,8,Cubes 2048 Royale,https://www.crazygames.com/game/cubes-2048-royale,691875,,9446,,,2025,.io,2026-10-08
crazygames,t/snake,9,Snake Out: Maze Escape,https://www.crazygames.com/game/snake-out-maze-escape,227896,,883,,,2026,Puzzle,2026-10-08
crazygames,t/snake,10,Snake Wiggle Master!,https://www.crazygames.com/game/snake-wiggle-master,99617,,474,,,2026,Puzzle,2026-10-08
crazygames,t/snake,11,Worm Hunt,https://www.crazygames.com/game/worm-hunt,3754489,,6554,,,2022,.io,2026-10-08
crazygames,t/snake,12,Caterpillars,https://www.crazygames.com/game/caterpillars,1292170,,2765,,,2025,Puzzle,2026-10-08
crazygames,t/snake,13,Harvest.io – 3D Farming Arcade,https://www.crazygames.com/game/harvest-io---3d-farming-arcade,481120,,6428,,,2026,.io,2026-10-08
crazygames,t/snake,14,Snake Shooter: Tower Battle,https://www.crazygames.com/game/snake-shooter-cbu,1869254,,889,,,2025,Arcade,2026-10-08
crazygames,t/snake,15,Numbers Arena,https://www.crazygames.com/game/numbers-arena,1074179,,3854,,,2023,Arcade,2026-10-08
crazygames,t/snake,16,Snake Clash.io,https://www.crazygames.com/game/snake-clash-io,2524369,,10985,,,2025,.io,2026-10-08
crazygames,t/snake,17,Snakes and Ladders,https://www.crazygames.com/game/snakes-and-ladders,5297544,,5705,,,2019,Board,2026-10-08
crazygames,t/snake,18,Growmi,https://www.crazygames.com/game/growmi,1444750,,3012,,,2023,Puzzle,2026-10-08
crazygames,t/snake,19,Python Snake Simulator,https://www.crazygames.com/game/python-snake-simulator,838539,,2188,,,2024,Adventure,2026-10-08
crazygames,t/snake,20,Noob Snake 2048,https://www.crazygames.com/game/noob-snake-2048,6028225,,4493,,,2023,Arcade,2026-10-08
crazygames,t/snake,21,Worms.io,https://www.crazygames.com/game/worms-io,1537565,,2080,,,2019,.io,2026-10-08
crazygames,t/snake,22,Snake Merge: Idle & io Zone,https://www.crazygames.com/game/snake-merge-idle-io-zone-game,901194,,2932,,,2023,Arcade,2026-10-08
crazygames,t/snake,23,Snake Lite,https://www.crazygames.com/game/snake-lite-worm-snake-game,1142410,,1544,,,2023,Arcade,2026-10-08
crazygames,t/snake,24,FL Tron,https://www.crazygames.com/game/fl-tron,312073,,321,,,2018,Arcade,2026-10-08
crazygames,t/snake,25,SlitherCraft.io,https://www.crazygames.com/game/slithercraft-io,5831552,,1987,,,2019,.io,2026-10-08
crazygames,t/snake,26,Snake Fit,https://www.crazygames.com/game/snake-fit,199749,,600,,,2022,Puzzle,2026-10-08
crazygames,t/snake,27,SSSPICY!,https://www.crazygames.com/game/ssspicy,525632,,1676,,,2022,Puzzle,2026-10-08
crazygames,t/snake,28,Digworm.io,https://www.crazygames.com/game/digworm-io,330927,,1007,,,2025,.io,2026-10-08
crazygames,t/snake,29,Water Pool Heroes.io,https://www.crazygames.com/game/water-pool-heroes-io,249255,,551,,,2023,Arcade,2026-10-08
crazygames,t/snake,30,Dragon.io,https://www.crazygames.com/game/dragon-io,456031,,962,,,2023,.io,2026-10-08
crazygames,t/snake,31,Snake 3D,https://www.crazygames.com/game/nova-snake-3d,295683,,553,,,2019,Arcade,2026-10-08
crazygames,t/snake,32,Train Master,https://www.crazygames.com/game/train-master,399553,,965,,,2022,Puzzle,2026-10-08
crazygames,t/snake,33,Helix Snake,https://www.crazygames.com/game/helix-snake,165974,,319,,,2024,Arcade,2026-10-08
crazygames,t/snake,34,Snake VS Block,https://www.crazygames.com/game/snake-vs-block,317223,,209,,,2025,Arcade,2026-10-08
crazygames,t/snake,35,Axy Snake 3D,https://www.crazygames.com/game/axy-snake-3d,109066,,210,,,2024,Arcade,2026-10-08
crazygames,t/snake,36,Rainbow Snake,https://www.crazygames.com/game/rainbow-snake,65618,,58,,,2023,Puzzle,2026-10-08
crazygames,t/snake,37,Mr. Stretch and the Stolen Fortune,https://www.crazygames.com/game/mr-stretch-and-the-stolen-fortune,42658,,44,,,2023,Puzzle,2026-10-08
crazygames,t/snake,38,Snake Blockade,https://www.crazygames.com/game/snake-blockade,46233,,40,,,2023,Arcade,2026-10-08
crazygames,t/zombie,1,Idle Zombie Wave: Survivors,https://www.crazygames.com/game/idle-zombie-wave,3269682,,12883,,,2025,Strategy,2026-10-08
crazygames,t/zombie,2,Dead Land: Survival,https://www.crazygames.com/game/dead-land-survival,5269987,,3400,,,2023,Adventure,2026-10-08
crazygames,t/zombie,3,Real War: Survival Games,https://www.crazygames.com/game/real-war-survival-games,103343,,1547,,,2026,Action,2026-10-08
crazygames,t/zombie,4,Sandbox City,https://www.crazygames.com/game/sandbox-city---cars-zombies-ragdolls,21928922,,49401,,,2021,Simulation,2026-10-08
crazygames,t/zombie,5,Base Defence,https://www.crazygames.com/game/base-defence,474738,,10957,,,2026,Strategy,2026-10-08
crazygames,t/zombie,6,Zombie War Survival,https://www.crazygames.com/game/zombie-war-survival,115462,,1823,,,2026,Arcade,2026-10-08
crazygames,t/zombie,7,Path of Survivor,https://www.crazygames.com/game/path-of-survivor,3791290,,47095,,,2025,Shooting,2026-10-08
crazygames,t/zombie,8,Build and Crush,https://www.crazygames.com/game/build-and-crush,9551798,,27706,,,2019,Action,2026-10-08
crazygames,t/zombie,9,World Z Defense - Zombie Defense,https://www.crazygames.com/game/world-z-defense---zombie-defense,3896753,,6368,,,2024,Action,2026-10-08
crazygames,t/zombie,10,Blocky Tower Defense 2D,https://www.crazygames.com/game/blocky-tower-defense-2d,14188,,248,,,2026,Strategy,2026-10-08
crazygames,t/zombie,11,Bulletstorm,https://www.crazygames.com/game/bulletstorm-zer,1319478,,4587,,,2025,Shooting,2026-10-08
crazygames,t/zombie,12,Horde Killer: You vs 100,https://www.crazygames.com/game/horde-killer-you-vs-100,8196654,,19105,,,2022,Shooting,2026-10-08
crazygames,t/zombie,13,KS Z,https://www.crazygames.com/game/ks-z,1016783,,19608,,,2026,Shooting,2026-10-08
crazygames,t/zombie,14,Dead Zed,https://www.crazygames.com/game/dead-zed,6124828,,10763,,,2020,Shooting,2026-10-08
crazygames,t/zombie,15,Paper Minecraft,https://www.crazygames.com/game/paper-minecraft,33898296,,18338,,,2017,Adventure,2026-10-08
crazygames,t/zombie,16,Stick Epic Fighter,https://www.crazygames.com/game/stick-epic-fighter,11954983,,19891,,,2024,Action,2026-10-08
crazygames,t/zombie,17,Doodle Smash,https://www.crazygames.com/game/doodle-smash,705573,,8511,,,2026,Puzzle,2026-10-08
crazygames,t/zombie,18,Zombie Lab Escape,https://www.crazygames.com/game/zombie-lab-escape,99628,,2071,,,2026,Action,2026-10-08
crazygames,t/zombie,19,Mine Shooter 3D,https://www.crazygames.com/game/mine-shooter-3d,1373494,,10156,,,2025,Shooting,2026-10-08
crazygames,t/zombie,20,Vampire Master,https://www.crazygames.com/game/vampire-master-nkk,301772,,1008,,,2025,Adventure,2026-10-08
crazygames,t/zombie,21,Lurkers.io,https://www.crazygames.com/game/lurkers-io,898743,,3175,,,2025,.io,2026-10-08
crazygames,t/zombie,22,Zombie Road,https://www.crazygames.com/game/zombie-road-qgl,215352,,5003,,,2026,Action,2026-10-08
crazygames,t/zombie,23,Zombie Protocol,https://www.crazygames.com/game/zombie-protocol,122762,,2456,,,2026,Strategy,2026-10-08
crazygames,t/zombie,24,Mini Mine,https://www.crazygames.com/game/minimine,2071813,,13714,,,2024,Adventure,2026-10-08
crazygames,t/zombie,25,Stickman Annihilation 2,https://www.crazygames.com/game/stickman-annihilation-2,3912912,,5858,,,2021,Driving,2026-10-08
crazygames,t/zombie,26,Earn to Die: Zombie Ride,https://www.crazygames.com/game/earn-to-die-new-ride,989854,,16254,,,2026,Arcade,2026-10-08
crazygames,t/zombie,27,Pixel Apocalypse: Infection Begin,https://www.crazygames.com/game/pixel-apocalypse-infection-begin,471464,,210,,,2019,Shooting,2026-10-08
crazygames,t/zombie,28,Death City Zombie Invasion,https://www.crazygames.com/game/death-city-zombie-invasion-liq,2014757,,5587,,,2024,Shooting,2026-10-08
crazygames,t/zombie,29,Zombies Shooter: Part 2,https://www.crazygames.com/game/zombies-shooter-part-2,2096515,,1883,,,2022,Shooting,2026-10-08
crazygames,t/zombie,30,Survival Zone Zombie Outbreak,https://www.crazygames.com/game/survival-zone-zombie-outbreak,675819,,19601,,,2026,Action,2026-10-08
crazygames,t/zombie,31,Night Of The Living Dread,https://www.crazygames.com/game/night-of-the-living-dread-nhc,42077,,936,,,2026,Shooting,2026-10-08
crazygames,t/zombie,32,Stickman Epic,https://www.crazygames.com/game/stickman-epic,7099648,,12663,,,2023,Action,2026-10-08
crazygames,t/zombie,33,Trap Craft,https://www.crazygames.com/game/trap-craft,3451261,,9068,,,2022,Action,2026-10-08
crazygames,t/zombie,34,Mine Shooter 2: Noob vs Mobs,https://www.crazygames.com/game/mine-shooter-2-noob-vs-mobs,1426901,,9639,,,2025,Shooting,2026-10-08
crazygames,t/zombie,35,Pixel Combat: Zombies Strike,https://www.crazygames.com/game/pixel-combat-zombies-strike,1682945,,5552,,,2025,Shooting,2026-10-08
crazygames,t/zombie,36,Mini-Caps: Arena,https://www.crazygames.com/game/mini-caps-arena,1490817,,3727,,,2023,Action,2026-10-08
crazygames,t/zombie,37,One Among Zombies,https://www.crazygames.com/game/one-among-zombies,344924,,146,,,2024,Action,2026-10-08
crazygames,t/zombie,38,Plants vs Brain Zombies,https://www.crazygames.com/game/plants-vs-brain-zombies,3066653,,8177,,,2025,Action,2026-10-08
crazygames,t/zombie,39,Zom Strike,https://www.crazygames.com/game/zom-strike-vvq,291863,,974,,,2025,Shooting,2026-10-08
crazygames,t/zombie,40,Zombies Shooter,https://www.crazygames.com/game/zombies-shooter-part-1,1537350,,2100,,,2022,Shooting,2026-10-08
crazygames,t/zombie,41,Monster Shooter Apocalypse,https://www.crazygames.com/game/monster-shooter-apocalypse,2592481,,2583,,,2022,Shooting,2026-10-08
crazygames,t/zombie,42,Pew Pew Dose,https://www.crazygames.com/game/pew-pew-dose,1384210,,3029,,,2025,Arcade,2026-10-08
crazygames,t/zombie,43,Zomblox,https://www.crazygames.com/game/zomblox-mzc,2168219,,5765,,,2025,Shooting,2026-10-08
crazygames,t/zombie,44,Castle Wars: Middle Ages,https://www.crazygames.com/game/castle-wars-middle-ages,3587125,,3866,,,2021,Action,2026-10-08
crazygames,t/zombie,45,I Am Not Infected!,https://www.crazygames.com/game/i-am-not-infected,363253,,1312,,,2025,Simulation,2026-10-08
crazygames,t/zombie,46,Bad Egg,https://www.crazygames.com/game/bad-egg,532492,,738,,,2023,Action,2026-10-08
crazygames,t/zombie,47,Dino Hunting Jurassic World,https://www.crazygames.com/game/dino-hunting-jurassic-world,761206,,3478,,,2024,Shooting,2026-10-08
crazygames,t/zombie,48,Lime Playground Sandbox,https://www.crazygames.com/game/lime-playground-sandbox,3112350,,9515,,,2024,Action,2026-10-08
crazygames,t/zombie,49,Infected Days,https://www.crazygames.com/game/infected-days,574316,,320,,,2021,Action,2026-10-08
crazygames,t/zombie,50,Zombie Drive Survivor,https://www.crazygames.com/game/zombie-drive-survivor,1709196,,1133,,,2024,Action,2026-10-08
crazygames,t/zombie,51,C-Virus Game: Outbreak,https://www.crazygames.com/game/c-virus-game-outbreak,669622,,1857,,,2020,Action,2026-10-08
crazygames,t/zombie,52,Horseback Survival,https://www.crazygames.com/game/horseback-survival,233811,,902,,,2024,Action,2026-10-08
crazygames,t/zombie,53,Zombie Horde: Build & Survive,https://www.crazygames.com/game/zombie-horde-build-survive,1906300,,2699,,,2025,Strategy,2026-10-08
crazygames,t/zombie,54,Zombies 4 Weapon Merge,https://www.crazygames.com/game/zombies-4-weapon-merge,206987,,2734,,,2026,Arcade,2026-10-08
crazygames,t/zombie,55,You Are Being Watched,https://www.crazygames.com/game/you-are-being-watched---horror-game,573920,,2607,,,2023,Action,2026-10-08
crazygames,t/zombie,56,WorldZ,https://www.crazygames.com/game/worldz,3466396,,1582,,,2017,Shooting,2026-10-08
crazygames,t/zombie,57,City of Psychos,https://www.crazygames.com/game/city-of-psychos,755715,,1576,,,2022,Shooting,2026-10-08
crazygames,t/zombie,58,Shoot Your Nightmare: The Beginning,https://www.crazygames.com/game/shoot-your-nightmare-the-beginning,512874,,801,,,2021,Action,2026-10-08
crazygames,t/zombie,59,Arena,https://www.crazygames.com/game/arena,304013,,1304,,,2022,Action,2026-10-08
crazygames,t/zombie,60,Johnny vs Zombies,https://www.crazygames.com/game/johnny-vs-zombies,28225,,696,,,2026,Arcade,2026-10-08
crazygames,t/zombie,41,Stick Fighter vs Zombies,https://www.crazygames.com/game/stick-fighter-vs-zombies,2888543,,6926,,,2024,Adventure,2026-10-08
crazygames,t/zombie,42,DUST - A Post Apocalyptic RPG,https://www.crazygames.com/game/dust-a-post-apocalyptic-rpg,288976,,271,,,2019,Adventure,2026-10-08
crazygames,t/zombie,43,Cube Commander,https://www.crazygames.com/game/cube-commander,678701,,3702,,,2023,Action,2026-10-08
crazygames,t/zombie,44,Jackal Zombie Survival,https://www.crazygames.com/game/jackal-zombie-survival,215389,,315,,,2025,Action,2026-10-08
crazygames,t/zombie,45,Base Obby: Zombie Defense,https://www.crazygames.com/game/base-obby-zombie-defense,70369,,2427,,,2026,Action,2026-10-08
crazygames,t/zombie,46,War V: Survivor,https://www.crazygames.com/game/war-v-survivor,734991,,1718,,,2025,Shooting,2026-10-08
crazygames,t/zombie,47,Stupid Zombies,https://www.crazygames.com/game/stupid-zombies-ybg,204362,,425,,,2024,Puzzle,2026-10-08
crazygames,t/zombie,48,Resident Zombies: Horror Shooter,https://www.crazygames.com/game/resident-zombies---horror-shooter,411130,,1182,,,2023,Action,2026-10-08
crazygames,t/zombie,49,Panic Patrol,https://www.crazygames.com/game/panic-patrol,40665,,951,,,2026,Arcade,2026-10-08
crazygames,t/zombie,50,Zombie Raft,https://www.crazygames.com/game/zombie-raft,560747,,2444,,,2023,Action,2026-10-08
crazygames,t/zombie,51,Infection Town of Zombies,https://www.crazygames.com/game/raft-of-the-dead---zombie-survival,937487,,1678,,,2024,Simulation,2026-10-08
crazygames,t/zombie,52,Slenderman Must Die: Underground Bunker,https://www.crazygames.com/game/slenderman-must-die-underground-bunker,582520,,973,,,2021,Shooting,2026-10-08
crazygames,t/zombie,53,Castle Wars: New Era,https://www.crazygames.com/game/castel-wars-new-era,2363874,,2511,,,2021,Action,2026-10-08
crazygames,t/zombie,54,Pixel Shooter,https://www.crazygames.com/game/pixel-shooter,713457,,1086,,,2022,Shooting,2026-10-08
crazygames,t/zombie,55,Zombie Derby: Pixel Survival,https://www.crazygames.com/game/zombie-derby-pixel-survival,643395,,3782,,,2026,Arcade,2026-10-08
crazygames,t/zombie,56,Portal Of Doom: Undead Rising,https://www.crazygames.com/game/portal-of-doom-undead-rising,506158,,1502,,,2018,Shooting,2026-10-08
crazygames,t/zombie,57,Stickman Zombie Annihilation,https://www.crazygames.com/game/stickman-zombie-annihilation,2608724,,1539,,,2021,Driving,2026-10-08
crazygames,t/zombie,58,Herobrine vs Monster School,https://www.crazygames.com/game/herobrine-vs-monster-school,1110465,,2139,,,2023,Action,2026-10-08
crazygames,t/zombie,59,Blocky: Dead Waves,https://www.crazygames.com/game/blocky-dead-waves,44000,,724,,,2026,Shooting,2026-10-08
crazygames,t/zombie,60,ZombieCraft.io,https://www.crazygames.com/game/zombiecraftio,1515944,,1330,,,2017,Shooting,2026-10-08
crazygames,t/zombie,61,Escape from Zombies,https://www.crazygames.com/game/escape-from-zombies,226852,,806,,,2023,Action,2026-10-08
crazygames,t/zombie,62,Halloween Chainsaw Massacre,https://www.crazygames.com/game/halloween-chainsaw-massacre,494028,,496,,,2022,Action,2026-10-08
crazygames,t/zombie,63,Zombie Space Episode 2,https://www.crazygames.com/game/zombie-space-episode-2-ajp,251347,,2089,,,2025,Action,2026-10-08
crazygames,t/zombie,64,Jeff The Killer: Lost in the Nightmare,https://www.crazygames.com/game/jeff-the-killer-lost-in-the-nightmare,366005,,585,,,2020,Shooting,2026-10-08
crazygames,t/zombie,65,We Not Survive,https://www.crazygames.com/game/we-not-survive,169040,,141,,,2023,Action,2026-10-08
crazygames,t/zombie,66,Eternal Siege,https://www.crazygames.com/game/eternal-siege,281755,,1175,,,2025,.io,2026-10-08
crazygames,t/zombie,67,Save the Hostages,https://www.crazygames.com/game/save-the-hostages,803418,,1036,,,2022,Shooting,2026-10-08
crazygames,t/zombie,68,Trap Craft 2,https://www.crazygames.com/game/mine-trap-craft-3,186136,,1035,,,2025,Action,2026-10-08
crazygames,t/zombie,69,Zombie Hunters Online,https://www.crazygames.com/game/zombie-hunters-online,3242848,,1977,,,2018,Shooting,2026-10-08
crazygames,t/zombie,70,Zombie Mayhem,https://www.crazygames.com/game/zombie-mayhem-djc,93271,,451,,,2025,Action,2026-10-08
crazygames,t/zombie,71,Monster Christmas Terror,https://www.crazygames.com/game/monster-christmas-terror,350772,,728,,,2020,Shooting,2026-10-08
crazygames,t/zombie,72,Infection Z,https://www.crazygames.com/game/infection-z,185088,,774,,,2022,Action,2026-10-08
crazygames,t/zombie,73,Shootup.io,https://www.crazygames.com/game/shootup-io,1116624,,495,,,2020,.io,2026-10-08
crazygames,t/zombie,74,ZombieCraft,https://www.crazygames.com/game/zombiecraft,1804672,,3912,,,2022,Shooting,2026-10-08
crazygames,t/zombie,75,Zombie Derby: Blocky Roads,https://www.crazygames.com/game/zombie-derby-blocky-roads,191131,,790,,,2026,Arcade,2026-10-08
crazygames,t/zombie,76,Zombo Buster Rising Remastered,https://www.crazygames.com/game/zombo-buster-rising,94357,,181,,,2014,Shooting,2026-10-08
crazygames,t/zombie,77,Plant Squad,https://www.crazygames.com/game/plant-squad,305736,,763,,,2024,Strategy,2026-10-08
crazygames,t/zombie,78,Cars vs Zombies,https://www.crazygames.com/game/cars-vs-zombies,127525,,3238,,,2026,Action,2026-10-08
crazygames,t/zombie,79,Eternal Road,https://www.crazygames.com/game/eternal-road,379988,,556,,,2022,Adventure,2026-10-08
crazygames,t/zombie,80,MineEnergy2,https://www.crazygames.com/game/mineenergy2,296911,,454,,,2024,.io,2026-10-08
crazygames,t/zombie,81,Obby & Dead River,https://www.crazygames.com/game/obby-dead-river,576031,,1463,,,2025,Adventure,2026-10-08
crazygames,t/zombie,82,Legion of Zombie Terrors,https://www.crazygames.com/game/legion-of-zombie-terrors,93395,,239,,,2025,Action,2026-10-08
crazygames,t/zombie,83,Sword Master: Shadow Hunter,https://www.crazygames.com/game/sword-master-shadow-hunter,40287,,1833,,,2026,Action,2026-10-08
crazygames,t/zombie,84,Monster School Herobrine Siren Head,https://www.crazygames.com/game/monster-school-herobrine-siren-head,1030031,,2136,,,2022,Action,2026-10-08
crazygames,t/zombie,85,Stickman: Legacy of Zombie War,https://www.crazygames.com/game/stickman-legacy-of-zombie-war,1050628,,439,,,2019,Strategy,2026-10-08
crazygames,t/zombie,86,Attack of the Dead,https://www.crazygames.com/game/attack-of-the-dead,43579,,190,,,2023,Action,2026-10-08
crazygames,t/zombie,87,ZombieStrike,https://www.crazygames.com/game/zombiestrike,49779,,806,,,2026,Shooting,2026-10-08
crazygames,t/zombie,88,Zombie World,https://www.crazygames.com/game/zombie-world,2226037,,2580,,,2023,Shooting,2026-10-08
crazygames,t/zombie,89,Beacon Under Siege,https://www.crazygames.com/game/beacon-under-siege,56138,,1166,,,2026,Shooting,2026-10-08
crazygames,t/zombie,90,Guns vs Zombies,https://www.crazygames.com/game/guns-vs-zombies-merge-game-wsr,178902,,198,,,2025,Action,2026-10-08
crazygames,t/zombie,91,Slenderman Must Die: Sanatorium 2021,https://www.crazygames.com/game/slenderman-must-die-sanatorium-2021,374342,,341,,,2021,Shooting,2026-10-08
crazygames,t/zombie,92,Train Adventure,https://www.crazygames.com/game/train-adventure,230566,,673,,,2022,Action,2026-10-08
crazygames,t/zombie,93,Survival Craft Adventure,https://www.crazygames.com/game/survival-craft-adventure,1404202,,3084,,,2024,Adventure,2026-10-08
crazygames,t/zombie,94,Noob: Zombie Prison Escape,https://www.crazygames.com/game/noob-zombie-prison-escape,1139640,,1026,,,2023,Action,2026-10-08
crazygames,t/zombie,95,Advanced Pixel Apocalypse 3,https://www.crazygames.com/game/advanced-pixel-apocalypse-3,303291,,1051,,,2018,Shooting,2026-10-08
crazygames,t/zombie,96,The Island,https://www.crazygames.com/game/the-island,230946,,58,,,2022,Adventure,2026-10-08
crazygames,t/zombie,97,Tunnel 54,https://www.crazygames.com/game/tunnel-54,182754,,358,,,2022,Shooting,2026-10-08
crazygames,t/zombie,98,Zombie Derby 2,https://www.crazygames.com/game/zombie-derby-2-kya,119255,,258,,,2025,Arcade,2026-10-08
crazygames,t/zombie,99,TankCraft,https://www.crazygames.com/game/tankcraft,1836361,,1486,,,2023,Action,2026-10-08
crazygames,t/zombie,100,Deads on the Road,https://www.crazygames.com/game/deads-on-the-road,172963,,951,,,2023,Action,2026-10-08
crazygames,t/tycoon,1,Papa's Cheeseria,https://www.crazygames.com/game/papas-cheeseria,3815565,,19719,,,2015,Simulation,2026-10-08
crazygames,t/tycoon,2,Car Seller: Life Simulator,https://www.crazygames.com/game/car-seller-life-simulator,72997,,1597,,,2026,Simulation,2026-10-08
crazygames,t/tycoon,3,Idle Inventor,https://www.crazygames.com/game/idle-inventor,2447946,,3637,,,2023,Clicker,2026-10-08
crazygames,t/tycoon,4,Papa's Bakeria,https://www.crazygames.com/game/papas-bakeria,2879268,,10768,,,2016,Simulation,2026-10-08
crazygames,t/tycoon,5,Papa's Freezeria,https://www.crazygames.com/game/papas-freezeria,5255353,,14942,,,,Simulation,2026-10-08
crazygames,t/tycoon,6,Papa's Hot Doggeria,https://www.crazygames.com/game/papas-hotdoggeria,1630414,,6126,,,,Simulation,2026-10-08
crazygames,t/tycoon,7,Gas Station,https://www.crazygames.com/game/gas-station-ooe,1534767,,5937,,,2025,Simulation,2026-10-08
crazygames,t/tycoon,8,Prison Life,https://www.crazygames.com/game/prison-life-aur,2133424,,17831,,,2025,Simulation,2026-10-08
crazygames,t/tycoon,9,Papa's Pancakeria,https://www.crazygames.com/game/papas-pancakeria,1825955,,5133,,,2014,Simulation,2026-10-08
crazygames,t/tycoon,10,Doctor Hero,https://www.crazygames.com/game/dream-hospital-tycoon-doctor,412386,,11791,,,2026,Simulation,2026-10-08
crazygames,t/tycoon,11,Papa's Taco Mia,https://www.crazygames.com/game/papas-taco-mia,1580709,,3464,,,,Simulation,2026-10-08
crazygames,t/tycoon,12,Trash Master,https://www.crazygames.com/game/trash-master-rpk,782894,,12422,,,2026,Simulation,2026-10-08
crazygames,t/tycoon,13,My Perfect Theme Park,https://www.crazygames.com/game/my-theme-park-hka,345538,,7351,,,2026,Simulation,2026-10-08
crazygames,t/tycoon,14,Airplane Manager,https://www.crazygames.com/game/airplane-manager,206302,,3739,,,2026,Simulation,2026-10-08
crazygames,t/tycoon,15,Army Base Of America,https://www.crazygames.com/game/army-base-of-america,327269,,6214,,,2026,Simulation,2026-10-08
crazygames,t/tycoon,16,Party Tycoon,https://www.crazygames.com/game/party-tycoon,44693,,864,,,2026,Simulation,2026-10-08
crazygames,t/tycoon,17,Candy Packing Store,https://www.crazygames.com/game/candy-packing-store-yat,442054,,7526,,,2026,Simulation,2026-10-08
crazygames,t/tycoon,18,My Cake Shop,https://www.crazygames.com/game/my-cake-shop,105249,,2628,,,2026,Simulation,2026-10-08
crazygames,t/tycoon,19,Idle Supermarket Tycoon,https://www.crazygames.com/game/idle-supermarket-tycoon,1968727,,1593,,,2024,Simulation,2026-10-08
crazygames,t/tycoon,20,Cop Simulator: My Prison 3D,https://www.crazygames.com/game/cop-simulator-my-prison-3d,85929,,2805,,,2026,Simulation,2026-10-08
crazygames,t/tycoon,21,Raft Life,https://www.crazygames.com/game/raft-life,2797203,,2667,,,2023,Simulation,2026-10-08
crazygames,t/tycoon,22,Spa Empire,https://www.crazygames.com/game/spa-tycoon,1487390,,4341,,,2025,Simulation,2026-10-08
crazygames,t/tycoon,23,Idle Car Service: Tycoon,https://www.crazygames.com/game/idle-car-service-tycoon,86776,,2034,,,2026,Simulation,2026-10-08
crazygames,t/tycoon,24,Idle Cinema Tycoon,https://www.crazygames.com/game/idle-cinema-tycoon,788283,,859,,,2024,Simulation,2026-10-08
crazygames,t/tycoon,25,Furniture Master: Idle Tycoon,https://www.crazygames.com/game/furniture-master-idle-tycoon,278285,,2403,,,2026,Simulation,2026-10-08
crazygames,t/tycoon,26,Laundry Rush,https://www.crazygames.com/game/laundry-rush,620683,,1339,,,2023,Simulation,2026-10-08
crazygames,t/tycoon,27,Lumberjack 3D Simulator,https://www.crazygames.com/game/lumberjack-3d-simulator,298361,,1382,,,2025,Simulation,2026-10-08
crazygames,t/tycoon,28,Donut Place,https://www.crazygames.com/game/donut-place,736217,,13465,,,2026,Simulation,2026-10-08
crazygames,t/tycoon,29,Dig Tycoon,https://www.crazygames.com/game/dig-tycoon---idle-game-3d,1098697,,3184,,,2025,Clicker,2026-10-08
crazygames,t/tycoon,30,Sandwich Rush Serve and Grow,https://www.crazygames.com/game/sandwich-rush-serve-and-grow,27434,,647,,,2026,Simulation,2026-10-08
crazygames,t/tycoon,31,Idle Physio Clinic Tycoon,https://www.crazygames.com/game/my-perfect-clinic,60189,,1150,,,2026,Simulation,2026-10-08
crazygames,t/tycoon,32,Supermarket Empire,https://www.crazygames.com/game/supermarket-empire,544837,,1672,,,2023,Simulation,2026-10-08
crazygames,t/tycoon,33,Supply Chain Idle,https://www.crazygames.com/game/supply-chain-idle,651246,,103,,,2018,Simulation,2026-10-08
crazygames,t/tycoon,34,Factory Industrial,https://www.crazygames.com/game/factory-industrial,165968,,437,,,2025,Simulation,2026-10-08
crazygames,t/tycoon,35,Idle Startup Tycoon,https://www.crazygames.com/game/idle-startup-tycoon,1153886,,412,,,2021,Simulation,2026-10-08
crazygames,t/tycoon,36,Cabin Crew Tycoon,https://www.crazygames.com/game/cabin-crew-tycoon-ebb,50354,,1361,,,2026,Simulation,2026-10-08
crazygames,t/tycoon,37,Obby Tycoon Build the City,https://www.crazygames.com/game/obby-tycoon-build-the-city,579544,,5853,,,2025,Simulation,2026-10-08
crazygames,t/tycoon,38,My Phone Store,https://www.crazygames.com/game/my-phone-store-gqp,301070,,2311,,,2026,Simulation,2026-10-08
crazygames,t/tycoon,39,Idle Airline Tycoon,https://www.crazygames.com/game/idle-airline-tycoon,2538402,,3890,,,2020,Clicker,2026-10-08
crazygames,t/tycoon,40,Animal Merge Zoo Park,https://www.crazygames.com/game/animal-merge-zoo-park,102352,,2503,,,2026,Simulation,2026-10-08
crazygames,t/tycoon,41,Gas Station 3D,https://www.crazygames.com/game/gas-station-3d,291053,,1903,,,2026,Simulation,2026-10-08
crazygames,t/tycoon,42,Idle Dino Farm Tycoon Simulator 3D,https://www.crazygames.com/game/idle-dino-farm-tycoon-3d,924342,,2097,,,2023,Simulation,2026-10-08
crazygames,t/tycoon,43,Oil Digging,https://www.crazygames.com/game/oil-digging,461978,,565,,,2023,Simulation,2026-10-08
crazygames,t/tycoon,44,Juice Production Tycoon,https://www.crazygames.com/game/juice-production-tycoon,776032,,195,,,2021,Clicker,2026-10-08
crazygames,t/tycoon,45,Idle Space Business Tycoon,https://www.crazygames.com/game/idle-space-business-tycoon,469863,,226,,,2022,Clicker,2026-10-08
crazygames,t/tycoon,46,Railway Empire,https://www.crazygames.com/game/railway-empire,73178,,1349,,,2026,Simulation,2026-10-08
crazygames,t/tycoon,47,Oil Mining 3D: Petrol Factory,https://www.crazygames.com/game/oil-mining-3d---petrol-factory,813058,,2829,,,2025,Clicker,2026-10-08
crazygames,t/tycoon,48,Zoo Builder,https://www.crazygames.com/game/idle-zoo-pcr,443023,,872,,,2024,Simulation,2026-10-08
crazygames,t/tycoon,49,Horror Room: Scary Hotel Tycoon,https://www.crazygames.com/game/horror-room-scary-hotel-tycoon,604370,,1506,,,2024,Simulation,2026-10-08
crazygames,t/tycoon,50,Marina Fever Tycoon,https://www.crazygames.com/game/marina-fever-tycoon,547906,,190,,,2023,Simulation,2026-10-08
crazygames,t/tycoon,51,Brainrot Factory Tycoon,https://www.crazygames.com/game/brainrot-factory-tycoon,39799,,975,,,2026,Simulation,2026-10-08
crazygames,t/tycoon,52,Capy Cafe,https://www.crazygames.com/game/capy-cafe,84592,,2006,,,2026,Simulation,2026-10-08
crazygames,t/tycoon,53,Idle Magic Academy Tycoon,https://www.crazygames.com/game/idle-magic-academy-tycoon,177834,,217,,,2025,Simulation,2026-10-08
crazygames,t/tycoon,54,Outlets Rush,https://www.crazygames.com/game/outlets-rush,1926441,,705,,,2024,Simulation,2026-10-08
crazygames,t/tycoon,55,Boba Shop,https://www.crazygames.com/game/boba-shop-kck,38050,,752,,,2026,Simulation,2026-10-08
crazygames,t/tycoon,56,My Arcade Center,https://www.crazygames.com/game/my-arcade-center,195581,,412,,,2025,Simulation,2026-10-08
crazygames,t/tycoon,57,Miner Tycoon Big Dynamite,https://www.crazygames.com/game/miner-tycoon-big-dynamite,367356,,228,,,2024,Simulation,2026-10-08
crazygames,t/tycoon,58,Juice Factory - Fruit Farm,https://www.crazygames.com/game/juice-factory---fruit-farm-3d-sel,291596,,1197,,,2025,Simulation,2026-10-08
crazygames,t/tycoon,59,My bakery,https://www.crazygames.com/game/my-bakery,296352,,3252,,,2026,Simulation,2026-10-08
crazygames,t/tycoon,60,Shop Rush 3D,https://www.crazygames.com/game/shop-rush-3d,77487,,1404,,,2026,Simulation,2026-10-08
crazygames,t/tycoon,41,Cat Bakery,https://www.crazygames.com/game/cat-bakery,669827,,696,,,2024,Simulation,2026-10-08
crazygames,t/tycoon,42,Cowboy Lasso Master,https://www.crazygames.com/game/cowboy-lasso-hunting-idle-tycoon,38949,,830,,,2026,Simulation,2026-10-08
crazygames,t/tycoon,43,Music Band,https://www.crazygames.com/game/music-band,51057,,1659,,,2026,Simulation,2026-10-08
crazygames,t/tycoon,44,Fashion Factory,https://www.crazygames.com/game/fashion-factory,224501,,1538,,,2025,Simulation,2026-10-08
crazygames,t/tycoon,45,Car Speed Racing Tycoon,https://www.crazygames.com/game/car-speed-racing-tycoon,153781,,64,,,2023,Simulation,2026-10-08
crazygames,t/tycoon,46,Cookin'Truck,https://www.crazygames.com/game/cookin-truck,260675,,126,,,2019,Simulation,2026-10-08
crazygames,t/tycoon,47,Supermarket Manager,https://www.crazygames.com/game/supermarket-manager,181432,,1715,,,2026,Simulation,2026-10-08
crazygames,t/tycoon,48,Arcade Tycoon,https://www.crazygames.com/game/arcade-casino-tycoon,68866,,190,,,2025,Simulation,2026-10-08
crazygames,t/tycoon,49,Panda Palace,https://www.crazygames.com/game/panda-palace,37113,,593,,,2025,Simulation,2026-10-08
crazygames,t/tycoon,50,2048 City Builder,https://www.crazygames.com/game/2048-city-builder,416738,,101,,,2024,Puzzle,2026-10-08
crazygames,t/tycoon,51,Burger Boss,https://www.crazygames.com/game/burger-boss,343686,,183,,,2023,Simulation,2026-10-08
crazygames,t/tycoon,52,Obby Stranded Survivor,https://www.crazygames.com/game/obby-stranded-survivor,43829,,855,,,2026,Simulation,2026-10-08
crazygames,t/tycoon,53,Idle Planet: Gym Tycoon,https://www.crazygames.com/game/idle-planet-gym-tycoon,1043623,,779,,,2024,Simulation,2026-10-08
crazygames,t/tycoon,54,My Space Hotel: Tycoon,https://www.crazygames.com/game/my-space-hotel-tycoon,159333,,165,,,2023,Simulation,2026-10-08
crazygames,t/tycoon,55,Arcade Empire,https://www.crazygames.com/game/arcade-empire,238871,,178,,,2024,Simulation,2026-10-08
crazygames,t/tycoon,56,Penguin Restaurant,https://www.crazygames.com/game/penguin-restaurant-mge,459590,,478,,,2025,Simulation,2026-10-08
crazygames,t/tycoon,57,Juice Production Tycoon Remake,https://www.crazygames.com/game/juice-production-tycoon-remake,127978,,68,,,2022,Clicker,2026-10-08
crazygames,t/tycoon,58,Ants Adventure,https://www.crazygames.com/game/ants-adventure,71768,,153,,,2023,Simulation,2026-10-08
crazygames,t/tycoon,59,Fashion Store: Shop Tycoon,https://www.crazygames.com/game/fashion-store-shop-tycoon,452265,,268,,,2024,Simulation,2026-10-08
crazygames,t/tycoon,60,Lemony Cafe,https://www.crazygames.com/game/lemony-cafe,109154,,76,,,2025,Simulation,2026-10-08
crazygames,t/tycoon,61,Gas Station - Stick Simulator,https://www.crazygames.com/game/gas-station---stick-simulator,64115,,694,,,2025,Simulation,2026-10-08
crazygames,t/tycoon,62,Gas Station Simulator,https://www.crazygames.com/game/gas-station-dcp,242709,,409,,,2025,Simulation,2026-10-08
crazygames,t/tycoon,63,DayCare Tycoon,https://www.crazygames.com/game/daycare-tycoon,109976,,117,,,2024,Simulation,2026-10-08
crazygames,t/tycoon,64,Monster Mixer Idle,https://www.crazygames.com/game/monster-mixer-idle,78961,,1023,,,2026,Arcade,2026-10-08
crazygames,t/tycoon,65,Craft market,https://www.crazygames.com/game/cubic-shop,62830,,64,,,2025,Simulation,2026-10-08
crazygames,t/tycoon,66,Idle Sand Castle,https://www.crazygames.com/game/idle-sand-castle,156836,,50,,,2023,Clicker,2026-10-08
crazygames,t/tycoon,67,Zombie Cafe,https://www.crazygames.com/game/zombie-cafe,78527,,124,,,2025,Simulation,2026-10-08
crazygames,t/tycoon,68,Gadget Universe,https://www.crazygames.com/game/gadget-universe,227188,,243,,,2025,Simulation,2026-10-08
crazygames,t/tycoon,69,My Monsters Zoo,https://www.crazygames.com/game/my-monsters-zoo,28317,,90,,,2025,Simulation,2026-10-08
crazygames,t/tycoon,70,Taxi Tycoon: Idle Business,https://www.crazygames.com/game/taxi-tycoon---idle-business,181515,,219,,,2023,Simulation,2026-10-08
crazygames,t/tycoon,71,Slurp,https://www.crazygames.com/game/slurp,11779,,266,,,2026,Simulation,2026-10-08
crazygames,t/tycoon,72,Fantasy Idle Tycoon,https://www.crazygames.com/game/fantasy-idle-tycoon,101411,,55,,,2022,Clicker,2026-10-08
crazygames,t/tycoon,73,Lunar Atoms Tycoon,https://www.crazygames.com/game/lunar-atoms-tycoon,345350,,50,,,2021,Clicker,2026-10-08
crazygames,t/tycoon,74,Sports Store: Idle Business Tycoon,https://www.crazygames.com/game/sports-store-idle-business-tycoon,65572,,82,,,2025,Simulation,2026-10-08
crazygames,t/tycoon,75,Create Your Beach,https://www.crazygames.com/game/create-your-beach,281438,,205,,,2024,Simulation,2026-10-08
crazygames,t/tycoon,76,Desert Tycoon,https://www.crazygames.com/game/desert-tycoon-zov,38681,,744,,,2026,Simulation,2026-10-08
crazygames,t/tycoon,77,Wildlife Haven: Sandbox Safari,https://www.crazygames.com/game/wildlife-haven---sandbox-safari,32340,,52,,,2023,Simulation,2026-10-08
poki,popular_page:popularWeekGames,1,Minefun Io,https://poki.com/en/g/minefun-io,,1237589,983919,4.18,5,2024-09-30,,2026-10-08
poki,popular_page:popularWeekGames,2,Master Chess,https://poki.com/en/g/master-chess,,1957750,1651598,4.37,5,2019-03-11,,2026-10-08
poki,popular_page:popularWeekGames,3,Subway Surfers,https://poki.com/en/g/subway-surfers,,21439453,18227819,4.4,5,2019-02-25,,2026-10-08
poki,popular_page:popularWeekGames,4,Tag,https://poki.com/en/g/tag,,366704,308039,4.359999999999999,5,2023-04-21,,2026-10-08
poki,popular_page:popularWeekGames,5,Basketball Stars,https://poki.com/en/g/basketball-stars,,2559078,2035644,4.18,5,2019-05-28,,2026-10-08
poki,popular_page:popularWeekGames,6,Cryzen Io,https://poki.com/en/g/cryzen-io,,640769,518532,4.24,5,2024-07-22,,2026-10-08
poki,popular_page:popularWeekGames,7,Drift Boss,https://poki.com/en/g/drift-boss,,39665,34582,4.49,5,2024-12-03,,2026-10-08
poki,popular_page:popularWeekGames,8,Retro Bowl,https://poki.com/en/g/retro-bowl,,1225415,1031395,4.37,5,2020-05-01,,2026-10-08
poki,popular_page:popularWeekGames,9,Stickman Hook,https://poki.com/en/g/stickman-hook,,7908154,6716750,4.4,5,2018-12-20,,2026-10-08
poki,popular_page:popularWeekGames,10,Monkey Mart,https://poki.com/en/g/monkey-mart,,3812232,3405956,4.57,5,2022-11-10,,2026-10-08
poki,popular_page:popularWeekGames,11,Blocky Blast Puzzle,https://poki.com/en/g/blocky-blast-puzzle,,756748,632452,4.34,5,2024-04-02,,2026-10-08
poki,popular_page:popularWeekGames,12,Level Devil,https://poki.com/en/g/level-devil,,4171962,3558148,4.41,5,2023-12-01,,2026-10-08
poki,popular_page:basic-game,13,Vortellas Dress Up,https://poki.com/en/g/vortellas-dress-up,,1251931,1038380,4.32,5,2024-12-13,,2026-10-08
poki,popular_page:basic-game,14,Hide And Paint,https://poki.com/en/g/hide-and-paint,,259627,206484,4.18,5,2026-07-07,,2026-10-08
poki,popular_page:basic-game,15,Steal A Brainrot,https://poki.com/en/g/steal-a-brainrot,,421235,332913,4.16,5,2025-10-17,,2026-10-08
poki,popular_page:basic-game,16,Slime Keyboard Escape,https://poki.com/en/g/slime-keyboard-escape,,81147,66904,4.3,5,2026-08-12,,2026-10-08
poki,popular_page:basic-game,17,Hole Io,https://poki.com/en/g/hole-io,,182191,155248,4.41,5,2026-09-07,,2026-10-08
poki,popular_page:basic-game,18,Aquaparkio,https://poki.com/en/g/aquaparkio,,23972,21159,4.529999999999999,5,2026-10-02,,2026-10-08
poki,popular_page:basic-game,19,No Fault Cup 2026,https://poki.com/en/g/no-fault-cup-2026,,5765,4771,4.3100000000000005,5,2026-10-01,,2026-10-08
poki,popular_page:basic-game,20,Drive Mad,https://poki.com/en/g/drive-mad,,3896688,3232645,4.32,5,2022-07-27,,2026-10-08
poki,popular_page:basic-game,21,Knife Merge,https://poki.com/en/g/knife-merge,,8049,6694,4.33,5,2026-09-28,,2026-10-08
poki,popular_page:basic-game,22,Paperio 2,https://poki.com/en/g/paperio-2,,62026,52049,4.359999999999999,5,2026-08-24,,2026-10-08
poki,popular_page:basic-game,23,Blast Buddies,https://poki.com/en/g/blast-buddies,,102970,87016,4.38,5,2026-04-28,,2026-10-08
poki,popular_page:basic-game,24,Little Farm World,https://poki.com/en/g/little-farm-world,,9701,7997,4.3,5,2026-09-15,,2026-10-08
poki,popular_page:basic-game,25,Red Ball 4,https://poki.com/en/g/red-ball-4,,1242034,1074983,4.46,5,2023-12-21,,2026-10-08
poki,popular_page:basic-game,26,Ragdoll Hit,https://poki.com/en/g/ragdoll-hit,,607976,532453,4.5,5,2024-05-16,,2026-10-08
poki,popular_page:basic-game,27,Snake Vs Worms,https://poki.com/en/g/snake-vs-worms,,784025,652552,4.33,5,2022-08-29,,2026-10-08
poki,popular_page:basic-game,28,Planet Destruction,https://poki.com/en/g/planet-destruction,,410614,356154,4.470000000000001,5,2025-12-31,,2026-10-08
poki,popular_page:basic-game,29,Temple Run 2,https://poki.com/en/g/temple-run-2,,2880178,2326260,4.23,5,2020-10-02,,2026-10-08
poki,popular_page:basic-game,30,Bubble Storm,https://poki.com/en/g/bubble-storm,,17077,12399,3.9,5,2025-12-17,,2026-10-08
poki,popular_page:basic-game,31,Vectaria Io,https://poki.com/en/g/vectaria-io,,1544083,1247582,4.23,5,2023-09-26,,2026-10-08
poki,popular_page:basic-game,32,Brain Test Tricky Puzzles,https://poki.com/en/g/brain-test-tricky-puzzles,,2663086,2165654,4.25,5,2020-06-04,,2026-10-08
poki,popular_page:basic-game,33,Diva Hair Salon,https://poki.com/en/g/diva-hair-salon,,208321,162052,4.109999999999999,5,2025-08-19,,2026-10-08
poki,popular_page:basic-game,34,Car Circle,https://poki.com/en/g/car-circle,,122239,93775,4.07,5,2026-06-19,,2026-10-08
poki,popular_page:basic-game,35,Guns Guns Guns,https://poki.com/en/g/guns-guns-guns,,105568,89918,4.41,5,2026-05-15,,2026-10-08
poki,popular_page:basic-game,36,Rail In The Air,https://poki.com/en/g/rail-in-the-air,,249503,208220,4.34,5,2026-04-21,,2026-10-08
poki,popular_page:basic-game,37,Hexellent,https://poki.com/en/g/hexellent,,46782,38939,4.33,5,2025-05-02,,2026-10-08
poki,popular_page:basic-game,38,Murder,https://poki.com/en/g/murder,,9099151,7732495,4.4,5,2019-03-11,,2026-10-08
poki,popular_page:basic-game,39,Count Control Legends,https://poki.com/en/g/count-control-legends,,767898,656670,4.42,5,2025-11-10,,2026-10-08
poki,popular_page:basic-game,40,Disaster Arena,https://poki.com/en/g/disaster-arena,,391938,311370,4.18,5,2024-09-05,,2026-10-08
poki,popular_page:basic-game,41,Beauty Salon,https://poki.com/en/g/beauty-salon,,584663,475655,4.25,5,2025-08-01,,2026-10-08
poki,popular_page:basic-game,42,Mr Racer Car Racing,https://poki.com/en/g/mr-racer-car-racing,,1386298,1202443,4.470000000000001,5,2024-04-10,,2026-10-08
poki,popular_page:basic-game,43,Anycolor,https://poki.com/en/g/anycolor,,773529,620470,4.21,5,2022-06-14,,2026-10-08
poki,popular_page:basic-game,44,Ping Pong Go,https://poki.com/en/g/ping-pong-go,,426317,348493,4.27,5,2024-08-12,,2026-10-08
poki,popular_page:basic-game,45,Slice Master,https://poki.com/en/g/slice-master,,808557,648687,4.21,5,2025-12-01,,2026-10-08
poki,popular_page:basic-game,46,Monkey Tag Io,https://poki.com/en/g/monkey-tag-io,,105074,88661,4.38,5,2026-06-03,,2026-10-08
poki,popular_page:basic-game,47,Plonky,https://poki.com/en/g/plonky,,779673,639646,4.279999999999999,5,2025-07-01,,2026-10-08
poki,popular_page:basic-game,48,Nsr Street Car Racing,https://poki.com/en/g/nsr-street-car-racing,,22508,20182,4.59,5,2026-09-23,,2026-10-08
poki,popular_page:basic-game,49,Soccer Real,https://poki.com/en/g/soccer-real,,199059,174709,4.51,5,2026-07-08,,2026-10-08
poki,popular_page:basic-game,50,My Perfect Hotel,https://poki.com/en/g/my-perfect-hotel,,1818425,1598871,4.52,5,2024-06-18,,2026-10-08
poki,popular_page:basic-game,51,Family Sort,https://poki.com/en/g/family-sort,,10907,9015,4.3100000000000005,5,2026-08-13,,2026-10-08
poki,popular_page:basic-game,52,Flyordie Io,https://poki.com/en/g/flyordie-io,,1938207,1544459,4.1899999999999995,5,2019-10-30,,2026-10-08
poki,popular_page:basic-game,53,Neon Challenge Legends,https://poki.com/en/g/neon-challenge-legends,,621222,516730,4.33,5,2026-02-06,,2026-10-08
poki,popular_page:basic-game,54,Teleport Master,https://poki.com/en/g/teleport-master,,10469,8938,4.42,5,2026-09-22,,2026-10-08
poki,popular_page:basic-game,55,Stunt Bike Extreme,https://poki.com/en/g/stunt-bike-extreme,,1785986,1385361,4.1,5,2024-08-19,,2026-10-08
poki,popular_page:basic-game,56,Blacktop Police Chase,https://poki.com/en/g/blacktop-police-chase,,306209,258961,4.38,5,2025-02-25,,2026-10-08
poki,popular_page:basic-game,57,Harvest Loop,https://poki.com/en/g/harvest-loop,,12297,10196,4.32,5,2026-09-03,,2026-10-08
poki,popular_page:basic-game,58,Kick The Buddy,https://poki.com/en/g/kick-the-buddy,,140893,122433,4.48,5,2026-08-12,,2026-10-08
poki,popular_page:basic-game,59,Ragdoll Chaos,https://poki.com/en/g/ragdoll-chaos,,30909,26518,4.43,5,2026-09-01,,2026-10-08
poki,popular_page:basic-game,60,Nails Diy Manicure Master,https://poki.com/en/g/nails-diy-manicure-master,,714010,596412,4.34,5,2024-07-05,,2026-10-08
poki,popular_page:basic-game,61,Decor Life,https://poki.com/en/g/decor-life,,208971,185804,4.5600000000000005,5,2026-04-02,,2026-10-08
poki,popular_page:basic-game,62,Stickman Battle,https://poki.com/en/g/stickman-battle,,404675,326508,4.23,5,2025-11-24,,2026-10-08
poki,popular_page:basic-game,63,Repuls Io,https://poki.com/en/g/repuls-io,,967454,820145,4.390000000000001,5,2020-11-20,,2026-10-08
poki,popular_page:basic-game,64,Robo Cleaner Simulator,https://poki.com/en/g/robo-cleaner-simulator,,42216,33722,4.2,5,2026-09-02,,2026-10-08
poki,popular_page:basic-game,65,Phone Case Diy,https://poki.com/en/g/phone-case-diy,,198016,152693,4.08,5,2026-06-12,,2026-10-08
poki,popular_page:basic-game,66,Sprint League,https://poki.com/en/g/sprint-league,,543189,440314,4.24,5,2024-11-22,,2026-10-08
poki,popular_page:basic-game,67,Hills Of Steel,https://poki.com/en/g/hills-of-steel,,1102905,759128,3.75,5,2023-10-30,,2026-10-08
poki,popular_page:basic-game,68,Longcat,https://poki.com/en/g/longcat,,446008,381549,4.42,5,2024-03-04,,2026-10-08
poki,popular_page:basic-game,69,Going Up Rooftop,https://poki.com/en/g/going-up-rooftop,,88828,76017,4.42,5,2026-04-22,,2026-10-08
poki,popular_page:basic-game,70,Catch A Pet,https://poki.com/en/g/catch-a-pet,,11070,9296,4.359999999999999,5,2026-09-17,,2026-10-08
poki,popular_page:basic-game,71,Goods Master,https://poki.com/en/g/goods-master,,7593,6154,4.24,5,2026-08-19,,2026-10-08
poki,popular_page:basic-game,72,You Monster,https://poki.com/en/g/you-monster,,137628,109061,4.17,5,2026-02-25,,2026-10-08
poki,popular_page:basic-game,73,Hill Climb Racing Lite,https://poki.com/en/g/hill-climb-racing-lite,,335199,276021,4.29,5,2025-12-03,,2026-10-08
poki,popular_page:basic-game,74,Petnest Io,https://poki.com/en/g/petnest-io,,15620,12874,4.3,5,2026-08-20,,2026-10-08
poki,popular_page:basic-game,75,Little Steps Big Troubles,https://poki.com/en/g/little-steps-big-troubles,,4579,3853,4.37,5,2026-09-24,,2026-10-08
poki,popular_page:basic-game,76,Magic Battleground,https://poki.com/en/g/magic-battleground,,276732,235526,4.4,5,2026-03-18,,2026-10-08
poki,popular_page:basic-game,77,Super Dress,https://poki.com/en/g/super-dress,,43705,36093,4.3,5,2026-08-26,,2026-10-08
poki,popular_page:basic-game,78,Bullet Bros,https://poki.com/en/g/bullet-bros,,623960,522761,4.35,5,2024-05-13,,2026-10-08
poki,popular_page:basic-game,79,Mad Stick,https://poki.com/en/g/mad-stick,,6827,5322,4.12,5,2026-09-28,,2026-10-08
poki,popular_page:basic-game,80,Color Artist,https://poki.com/en/g/color-artist,,279248,232339,4.33,5,2025-01-16,,2026-10-08
poki,popular_page:basic-game,81,Shenzhen Mahjong,https://poki.com/en/g/shenzhen-mahjong,,49425,37681,4.05,5,2025-05-23,,2026-10-08
poki,popular_page:basic-game,82,Soccer Skills Champions League,https://poki.com/en/g/soccer-skills-champions-league,,1389982,1165234,4.35,5,2021-10-08,,2026-10-08
poki,popular_page:basic-game,83,Carnado Stunt Car,https://poki.com/en/g/carnado-stunt-car,,125200,90175,3.88,5,2025-07-25,,2026-10-08
poki,popular_page:basic-game,84,Scary Teacher 3D,https://poki.com/en/g/scary-teacher-3d,,1377624,1179831,4.43,5,2025-03-03,,2026-10-08
poki,popular_page:basic-game,85,Tear Blocks Down,https://poki.com/en/g/tear-blocks-down,,192408,162192,4.37,5,2025-12-23,,2026-10-08
poki,popular_page:basic-game,86,World Of Screw,https://poki.com/en/g/world-of-screw,,43140,35202,4.26,5,2025-11-18,,2026-10-08
poki,popular_page:basic-game,87,School Cleaning,https://poki.com/en/g/school-cleaning,,63574,51717,4.25,5,2026-05-21,,2026-10-08
poki,popular_page:basic-game,88,Fashion Legends,https://poki.com/en/g/fashion-legends,,282509,231220,4.27,5,2026-02-27,,2026-10-08
poki,popular_page:basic-game,89,Penalty Shooters 2,https://poki.com/en/g/penalty-shooters-2,,3623183,3076247,4.4,5,2019-03-11,,2026-10-08
poki,popular_page:basic-game,90,Soccer Skills 2 World Cup,https://poki.com/en/g/soccer-skills-2-world-cup,,155679,128884,4.3100000000000005,5,2026-04-20,,2026-10-08
poki,popular_page:basic-game,91,Snapstyle Dress Up,https://poki.com/en/g/snapstyle-dress-up,,958497,857651,4.58,5,2025-06-10,,2026-10-08
poki,popular_page:basic-game,92,Rainbow Obby,https://poki.com/en/g/rainbow-obby,,1553089,1217032,4.13,5,2023-09-07,,2026-10-08
poki,popular_page:basic-game,93,Talking Tom Gold Run,https://poki.com/en/g/talking-tom-gold-run,,550811,445542,4.24,5,2026-05-19,,2026-10-08
poki,popular_page:basic-game,94,Real City Bikes,https://poki.com/en/g/real-city-bikes,,118059,101157,4.43,5,2026-03-30,,2026-10-08
poki,popular_page:basic-game,95,Party Time,https://poki.com/en/g/party-time,,85091,66874,4.140000000000001,5,2025-11-20,,2026-10-08
poki,popular_page:basic-game,96,Dino Simulator,https://poki.com/en/g/dino-simulator,,55643,45693,4.279999999999999,5,2026-07-27,,2026-10-08
poki,popular_page:basic-game,97,Tank Stars,https://poki.com/en/g/tank-stars,,400291,358784,4.59,5,2026-02-10,,2026-10-08
poki,popular_page:basic-game,98,Perfect Shape,https://poki.com/en/g/perfect-shape,,41936,36599,4.49,5,2026-08-20,,2026-10-08
poki,popular_page:basic-game,99,Stickman Dragon Fight,https://poki.com/en/g/stickman-dragon-fight,,1563474,1274105,4.26,5,2023-11-15,,2026-10-08
poki,popular_page:basic-game,100,Capitalist Bus Driver,https://poki.com/en/g/capitalist-bus-driver,,132729,108586,4.27,5,2025-10-10,,2026-10-08
poki,popular_page:basic-game,101,Karate Fighter,https://poki.com/en/g/karate-fighter,,1026948,818828,4.1899999999999995,5,2024-12-16,,2026-10-08
poki,popular_page:basic-game,102,Stickman Crazy Box,https://poki.com/en/g/stickman-crazy-box,,244333,199724,4.27,5,2023-11-08,,2026-10-08
y8,popular,1,Hide Online,https://www.y8.com/games/hide_online,27191026.0,,91700.0,9.1,10,,"3D,First Person Shooter,Y8 Account,Y8 Achievements,Y8 Highscore,Y8 Save,Multiplayer,Purchase Equipment Upgrades,Shooting,Fun,Stealth,WebGL,Not on Kong,Hunting,Y8 Original",2026-10-08
y8,popular,2,Superfighters,https://www.y8.com/games/superfighters,68749160.0,,110600.0,9.1,10,,"2 Player,1 Player,Action,Platforms,Shooting,Bomb,bombs,Gun Games,Shoot 'Em Up,Fighting,Street Fighting,Gangster,GameDistribution.com,HTML5,Mobile,Android game,iPad,iPhone,Touchscreen",2026-10-08
y8,popular,3,Papa's Freezeria,https://www.y8.com/games/papa_s_freezeria,57251466.0,,64900.00000000001,9.3,10,,"1 Player,Series,Food,Food Serving,Restaurant Games,Armor Games,Cooking Games,Management,Mouse Skill,Business",2026-10-08
y8,popular,4,Slope,https://www.y8.com/games/slope,148685664.0,,355900.0,8.2,10,,"1 Player,3D,Ball,Y8 Account,Y8 Highscore,WebGL,Internal Games,Not on Kong,Adrenaline,Bounce,Fun,Jumping,Platforms,Obstacle,Running Games,Neon,Android game,Mobile,Touchscreen,iPad,iPhone,Y8 Original",2026-10-08
y8,popular,5,Concepto,https://www.y8.com/games/concepto,914.0,,6.0,8.6,10,,"Touchscreen,1 Player,Android game,Guessing Game,HTML5,iPad,iPhone,Letters,Mobile,Puzzle,Thinking,Words",2026-10-08
y8,popular,6,Papa’s Donuteria,https://www.y8.com/games/papa_s_donuteria,19050884.0,,44300.0,9.3,10,,"1 Player,Cooking Games,Food Serving,Series,Management,Money,Purchase Equipment Upgrades",2026-10-08
y8,popular,7,Turbo Moto Racer,https://www.y8.com/games/turbo_moto_racer,52194151.0,,207000.0,8.2,10,,"1 Player,Adrenaline,Driving,Evade,Motorcycle Games,Obstacle,Purchase Equipment Upgrades,Street,Unity3D,WebGL,Racing,Timing Game,3D",2026-10-08
y8,popular,8,Pool Live Pro,https://www.y8.com/games/pool_live_pro,22314867.0,,47800.0,9.0,10,,"Pool,Multiplayer,1 Player,Sports,Billiards,Y8 Account,online,Y8 Save,Social,Mouse Skill,Snooker,Flash",2026-10-08
y8,popular,9,Mutilate a Doll 2,https://www.y8.com/games/mutilate-a-doll_2,32337308.0,,48500.0,9.0,10,,"1 Player,Fun,Funny,Physics,Simulation,Series,Blood,Mouse Skill,Ragdoll,Violence,Flash",2026-10-08
y8,popular,10,Lily Slacking Office,https://www.y8.com/games/lily_slacking_office,536639.0,,1500.0,8.3,10,,"1 Player,Fun,Girl,Girls,Y8 Account,Y8 Achievements,Y8 Save,Series,Touchscreen,Android game,iPad,iPhone,Mobile,Mouse Skill,Y8 Original",2026-10-08
y8,popular,11,Bartender: The Right Mix,https://www.y8.com/games/bartender_the_right_mix,121556880.0,,67800.0,8.6,10,,"1 Player,Fun,Wine,Beer,Drunk,Funny,Y8 Account,Y8 Achievements,Y8 Highscore,Y8 Save,Not on Kong,Touchscreen,HTML5,Android game,iPad,iPhone,Mobile,Y8 Original",2026-10-08
y8,popular,12,Farm Frenzy 2,https://www.y8.com/games/farm_frenzy_2,12932455.0,,26900.0,9.0,10,,"1 Player,Purchase Equipment Upgrades,Animal,Chicken,Management,Farm,Series,Y8 Account,Y8 Highscore,Y8 Save,iPad,iPhone,Mobile,Android game,Touchscreen",2026-10-08
y8,popular,13,Vex 3,https://www.y8.com/games/vex_3,37831631.0,,63800.0,8.0,10,,"1 Player,Action,Platforms,Stick,Series,GameDistribution.com,Android game,Blood,iPad,iPhone,Mobile,Obstacle,Physics,Touchscreen,Traps",2026-10-08
y8,popular,14,Swords and Sandals 2,https://www.y8.com/games/swords_and_sandals_2,38197679.0,,17400.0,8.8,10,,"1 Player,Action,Series,Fighting,Medieval,Sword,HTML5,Knight",2026-10-08
y8,popular,15,Military Strike,https://www.y8.com/games/military_strike,159355.0,,1300.0,8.4,10,,"1 Player,3D,First Person Shooter,Gun Games,Killing Games,Purchase Equipment Upgrades,Unity3D,WebGL,Touchscreen,Android game,iPad,iPhone,Mobile",2026-10-08
y8,popular,16,Gunblood,https://www.y8.com/games/gunblood,50796371.0,,71500.0,8.1,10,,"1 Player,Shooting,Blood,Killing Games,Violence,Cowboy,Gun Games,Mouse Skill",2026-10-08
y8,popular,17,Moto X3M 2,https://www.y8.com/games/moto_x3m_2,72745279.0,,78400.0,8.2,10,,"1 Player,Driving,Y8 Account,Y8 Achievements,Y8 Highscore,Y8 Save,Motorcycle Games,Purchase Equipment Upgrades,Stunts,Not on Kong,Adrenaline,Android game,HTML5,iPad,iPhone,Mobile,Touchscreen,Y8 Original",2026-10-08
y8,popular,18,Fireboy and Watergirl Forest Temple,https://www.y8.com/games/fireboy_and_watergirl_forest_temple,83953142.0,,106500.0,7.7,10,,"Puzzle,2 Player,1 Player,Platforms,Water,Collecting Games,Fire,Action,Adventure,HTML5,Obstacle,Thinking,Traps",2026-10-08
y8,popular,19,Hole io WebGL,https://www.y8.com/games/hole_io,13111888.0,,110800.0,8.4,10,,"GameDistribution.com,3D,.io Games,Collecting Games,Multiplayer,Street,Timing Game,Purchase Equipment Upgrades,Battle Royale,Physics,Unity3D,WebGL,Hyper-Casual",2026-10-08
y8,popular,20,Bff Homework,https://www.y8.com/games/bff_homework,148750.0,,242.0,8.0,10,,"Y8 Account,Y8 Achievements,Y8 Save,Y8 Screenshot,1 Player,Android game,Coloring,Drawing,Dress Up,Girls,HTML5,iPad,iPhone,Makeover / Make-up,Mobile,Touchscreen,Y8 Original",2026-10-08
y8,popular,21,Friday Night Funkin,https://www.y8.com/games/friday_night_funkin,14090120.0,,130500.0,8.5,10,,"1 Player,Adrenaline,Fun,Music,Reflex,Matching Game,FNF",2026-10-08
y8,popular,22,Traffic Jam 3D,https://www.y8.com/games/traffic_jam_3d,16919207.0,,68800.0,8.2,10,,"1 Player,Car,Driving,Purchase Equipment Upgrades,Racing,Timing Game,Unity3D,WebGL,Street,Adrenaline,3D",2026-10-08
y8,popular,23,Happy Wheels,https://www.y8.com/games/happy_wheels_demo_free,42634831.0,,42900.0,8.0,10,,"1 Player,Action,Bicycle,Physics,Blood,Driving,Obstacle,Safety,Traps,bombs,Adrenaline",2026-10-08
y8,popular,24,Plazma Burst - Forward to the Past,https://www.y8.com/games/plazma_burst,60010123.0,,11000.0,8.9,10,,"1 Player,Action,Blood,Purchase Equipment Upgrades,Side Scrolling,Violence,Platforms,Gun Games",2026-10-08
y8,popular,25,Camp With Pops,https://www.y8.com/games/camp_with_pop,359482.0,,312.0,8.6,10,,"1 Player,Girl,Girls,Y8 Account,Y8 Screenshot,Kids,Animal,Fish,Fishing,Cooking Games,Food,Touchscreen,Y8 Save,Y8 Original",2026-10-08
y8,popular,26,Among Us Online,https://www.y8.com/games/among_us_single_player,17901660.0,,73900.0,8.0,10,,"HTML5,Touchscreen,1 Player,Android game,iPad,iPhone,Killing Games,Mobile,Space,Timing Game,Among Us,Action,Maze",2026-10-08
y8,popular,27,Skytrip,https://www.y8.com/games/skytrip,33868467.0,,27200.0,8.1,10,,"1 Player,Y8 Account,Ball,Y8 Highscore,Collecting Games,3D,Not on Kong,Bounce,Fun,Jumping,Obstacle,Platforms,Running Games,Adrenaline,Android game,iPad,iPhone,Mobile,Tap,Touchscreen,Traps,Y8 Achievements,HTML5,Y8 Original",2026-10-08
y8,popular,28,Playing with Fire 2,https://www.y8.com/games/playing_with_fire_2,77923180.0,,14300.0,8.5,10,,"2 Player,1 Player,Bomb,Bomberman,Series,Fire,bombs",2026-10-08
y8,popular,29,Whack Your Ex,https://www.y8.com/games/whack_your_ex,73939891.0,,54600.0,8.4,10,,"1 Player,Action,Blood,Gore,Series,Funny,Violence,crazy,Killing Games,Gun Games",2026-10-08
y8,popular,30,Bad Baby Care,https://www.y8.com/games/bad_baby_care,150781.0,,297.0,8.5,10,,"1 Player,Baby Games,Caring,Dress Up,Girl,Girls,Y8 Account,Y8 Save,Y8 Achievements,Y8 Screenshot,Mouse Skill,Touchscreen,Android game,Mobile,iPad,iPhone,Y8 Original",2026-10-08
y8,popular,31,Gun Mayhem 3,https://www.y8.com/games/gun_mayhem_redux,11322358.0,,13100.0,8.5,10,,"2 Player,Action,Platforms,Shooting,1 Player,3+ Player,Armor Games",2026-10-08
y8,popular,32,Happy Snakes,https://www.y8.com/games/happy_snakes,27110513.0,,29200.0,7.8,10,,"Collecting Games,Evade,GameDistribution.com,HTML5,Mouse Skill,Snake,Multiplayer,Android game,Touchscreen,.io Games,iPad,iPhone,Mobile,Orb",2026-10-08
y8,popular,33,Age of War,https://www.y8.com/games/age_of_war,23297059.0,,13800.0,8.9,10,,"Fighting,1 Player,Action,Series,Dinosaur,Strategy,Defend,Flash",2026-10-08
y8,popular,34,(Twisted) Cooking Mama,https://www.y8.com/games/twisted_cooking_mama,44883803.0,,22500.0,8.3,10,,"1 Player,Gore,Food,Cooking Games,Food Serving,Blood,Mouse Skill,Timing Game,Parody",2026-10-08
y8,popular,35,Real Racing Formula 1,https://www.y8.com/games/real_racing_formula_1,267153.0,,1300.0,7.6,10,,"Front Upload from y8,Touchscreen,1 Player,3D,Android game,Car,Driving,iPad,iPhone,Mobile,Racing,Unity3D,WebGL",2026-10-08
y8,popular,36,Bartender The Celeb Mix,https://www.y8.com/games/bartender_the_celeb_mix,11012856.0,,19900.0,8.0,10,,"1 Player,Android game,Beer,Drunk,Fun,Funny,Guessing Game,HTML5,Y8 Account,Y8 Achievements,Y8 Highscore,Y8 Save,iPad,iPhone,Mobile,Touchscreen,Wine,Y8 Screenshot,Dress Up,Purchase Equipment Upgrades,Y8 Original",2026-10-08
y8,popular,37,Burnout Drift,https://www.y8.com/games/burnout_drift,5988820.0,,7200.0,8.4,10,,"1 Player,3D,Car,Driving,Y8 Account,Y8 Achievements,Y8 Highscore,Y8 Screenshot,Purchase Equipment Upgrades,Racing,Unity3D,WebGL,Not on Kong,Y8 Save,Drifting",2026-10-08
y8,popular,38,MURDER,https://www.y8.com/games/murder,16540037.0,,28700.0,8.0,10,,"1 Player,Funny,Killing Games,Medieval,Series",2026-10-08
y8,popular,39,Bartender The Wedding,https://www.y8.com/games/bartender_the_wedding,12204964.0,,22400.0,8.1,10,,"1 Player,Beer,Dress Up,Drunk,Fun,Funny,Wine,Y8 Account,Y8 Achievements,Y8 Save,Y8 Screenshot,Guessing Game,Series,Touchscreen,Android game,iPad,iPhone,Mobile,Y8 Original",2026-10-08
y8,popular,40,War Ship Missile,https://www.y8.com/games/war_ship_missile,364339.0,,1000.0,7.9,10,,"1 Player,Shooting,Unity3D,War,Water,WebGL,Boat,3D,Y8 Account,Y8 Original",2026-10-08
y8,popular,41,Avatar Fortress Fight 2,https://www.y8.com/games/avatar_fortress_fight_2,44823386.0,,18100.0,8.5,10,,"2 Player,1 Player,Action,Throwing,Series,War",2026-10-08
y8,popular,42,Dumb Ways to Die,https://www.y8.com/games/dumb_ways_to_die_original,11918143.0,,24800.0,7.9,10,,"GameDistribution.com,1 Player,Adventure,Android game,HTML5,iPad,iPhone,Mobile,Mouse Skill,Puzzle,Thinking,Touchscreen",2026-10-08
y8,popular,43,8 Ball Pool,https://www.y8.com/games/8_ball_pool_html5,17057113.0,,33700.0,6.8,10,,"1 Player,Android game,Ball,Billiards,iPad,iPhone,Mobile,Mouse Skill,Pool,Sports,Touchscreen,GameDistribution.com",2026-10-08
y8,popular,44,Kill Time in your Office,https://www.y8.com/games/kill_time_in_office,19756758.0,,4300.0,8.3,10,,"1 Player,Girl,Girls,Mouse Skill,Timing Game,Funny",2026-10-08
y8,popular,45,Baby Cathy Ep 13: Granny House,https://www.y8.com/games/baby_cathy_ep_13_granny_house,114859.0,,196.0,8.2,10,,"1 Player,Android game,Baby Cathy,Cleaning,Cooking Games,Decorate,Dress Up,iPad,iPhone,Mobile,Touchscreen,Y8 Account,Y8 Achievements,Y8 Save,Y8 Screenshot,Girl,Girls,Y8 Original",2026-10-08
y8,popular,46,Perfect Piano,https://www.y8.com/games/perfect_piano,26231928.0,,22600.0,7.1,10,,"1 Player,Android game,Famobi,Mobile,Music,Touchscreen,iPad,iPhone,Reflex",2026-10-08
y8,popular,47,Elastic Man,https://www.y8.com/games/elastic_man,8829440.0,,26800.0,8.0,10,,"HTML5,Touchscreen,1 Player,Android game,crazy,Funny,iPad,iPhone,Mobile,Mouse Skill,Physics,Bizarre",2026-10-08
y8,popular,48,Hobo,https://www.y8.com/games/hobo,12170097.0,,10500.0,8.8,10,,"Fighting,1 Player,Action,Blood,Street Fighting,Street,Beat 'Em Up,Series,Side Scrolling,Violence,Armor Games,crazy,Punching",2026-10-08
y8,popular,49,Load Up And Kill,https://www.y8.com/games/load_up_and_kill,46832574.0,,26000.0,7.6,10,,"1 Player,Action,Gore,Killing Games,Sword,Gun Games,Violence,Blood",2026-10-08
y8,popular,50,Heavy Mining Simulator,https://www.y8.com/games/heavy_mining_simulator,349934.0,,705.0,7.7,10,,"Y8 Account,Y8 Achievements,Y8 Highscore,Y8 Save,1 Player,Driving,Machine,Mine,Simulation,Timing Game,Truck Games,Y8 Original",2026-10-08
y8,popular,51,Kindergarten,https://www.y8.com/games/kindergarten,20738526.0,,2800.0,8.9,10,,"1 Player,Kids,Simulation,Mouse Skill,Timing Game,Caring,Girl",2026-10-08
y8,popular,52,AquaPark io,https://www.y8.com/games/aquapark_io,17616887.0,,29400.0,6.8,10,,".io Games,3D,Fun,HTML5,Mouse Skill,Racing,Water,Multiplayer,online,Obstacle,GameDistribution.com",2026-10-08
y8,popular,53,Fleeing the Complex,https://www.y8.com/games/fleeing_the_complex,7431798.0,,14800.0,9.1,10,,"1 Player,Action,Adventure,Stick,Thinking",2026-10-08
y8,popular,54,Parkour Block 2,https://www.y8.com/games/parkour_block_2,27016284.0,,38300.0,6.2,10,,"GameDistribution.com,1 Player,3D,HTML5,Jumping,Platforms,Touchscreen,Traps,Voxel,Android game,Mobile,iPad,iPhone",2026-10-08
y8,popular,55,Penalty Shooter: Soccer Cup 2026,https://www.y8.com/games/penalty_shooter_soccer_cup_2026,196690.0,,987.0,8.4,10,,"1 Player,Football,Mouse Skill,Purchase Equipment Upgrades,Reflex,Sports,Timing Game,Unity3D,WebGL,Touchscreen,Android game,iPad,iPhone,Mobile,3D",2026-10-08
y8,popular,56,Uno,https://www.y8.com/games/uno,5320928.0,,11300.0,8.1,10,,"3D,Cards,1 Player",2026-10-08
y8,popular,57,Air Fighter,https://www.y8.com/games/air_fighter,4544532.0,,10400.0,8.3,10,,"1 Player,3D,Aircraft,Flying,Y8 Account,Y8 Achievements,Y8 Highscore,Shoot 'Em Up,Shooting,Unity3D,War,WebGL,Action,Search and Destroy,Y8 Save,Y8 Original",2026-10-08
y8,popular,58,Time Shooter 2,https://www.y8.com/games/time_shooter_2,2334246.0,,7200.0,8.5,10,,"3D,Gun Games,Killing Games,Shooting,Unity3D,Action,1 Player,Y8 Account,Y8 Save,Touchscreen,Mobile,Android only",2026-10-08
y8,popular,59,Death Note Type,https://www.y8.com/games/death_note_type_game,1050101.0,,6500.0,8.2,10,,"1 Player,Scary",2026-10-08
y8,popular,60,ATV Trials Winter 2,https://www.y8.com/games/atv_trials_winter_2,350460.0,,336.0,8.4,10,,"1 Player,3D,Driving,Y8 Account,Y8 Highscore,Y8 Save,Offroad,Quad,Snow,WebGL,Unity3D",2026-10-08
y8,popular,61,Madness: Sherrif’s Compound,https://www.y8.com/games/madness_sherrif_s_compound,4848652.0,,17400.0,8.4,10,,"1 Player,3D,Action,Blood,Gun Games,Killing Games,Shooting,Unity3D,Violence,WebGL,First Person Shooter",2026-10-08
y8,popular,62,Truck Driver Crazy Road 2,https://www.y8.com/games/truck_driver_crazy_road_2,5796433.0,,4400.0,8.4,10,,"1 Player,3D,Balance,Balancing,Delivery,Driving,Y8 Account,Y8 Achievements,Y8 Highscore,Y8 Save,Y8 Screenshot,Not on Kong,Parking,Truck Games,WebGL,Download game,Unity3D,Y8 Original",2026-10-08
y8,popular,63,My Parking Lot,https://www.y8.com/games/my_parking_lot,4023820.0,,5400.0,8.0,10,,"1 Player,3D,Android game,Car,HTML5,iPad,iPhone,Mobile,Parking,Puzzle,Thinking,Touchscreen",2026-10-08
y8,popular,64,Hobo 2 — Prison Brawl,https://www.y8.com/games/hobo_prison_brawl,10827855.0,,5400.0,8.6,10,,"Fighting,1 Player,Action,Blood,Gore,Prison,Beat 'Em Up,Violence,Armor Games,crazy,Punching,Side Scrolling,Killing Games",2026-10-08
y8,popular,65,Sniper vs Sniper,https://www.y8.com/games/sniper_vs_sniper,3758288.0,,7200.0,8.0,10,,"GameDistribution.com,1 Player,3D,Blood,First Person Shooter,Gun Games,Killing Games,Obstacle,Purchase Equipment Upgrades,Sniper,Unity3D,WebGL",2026-10-08
y8,popular,66,Whack Your PC,https://www.y8.com/games/whack_your_pc,16556579.0,,9800.0,7.9,10,,"1 Player,Action,Series,Funny,Point & Click,Smash",2026-10-08
y8,popular,67,Five Nights at Freddy's,https://www.y8.com/games/five_nights_at_freddy_s_html5,2393930.0,,17300.0,8.7,10,,"1 Player,Gadget,Horror,HTML5,Monsters,Mouse Skill,Series,Bear,Robots,Scary",2026-10-08
y8,popular,68,Arrow Challenge,https://www.y8.com/games/arrow_challenge_,3648971.0,,6100.0,6.5,10,,"GameDistribution.com,HTML5,Touchscreen,1 Player,3D,Android game,Collecting Games,iPad,iPhone,Mobile,Mouse Skill,Numbers,Obstacle,Purchase Equipment Upgrades,Evade,Math,Hyper-Casual",2026-10-08
y8,popular,69,Punch Boxing Championship,https://www.y8.com/games/punch_boxing_championship,5452431.0,,11000.0,7.6,10,,"1 Player,3D,Action,Boxing Games,Y8 Account,Y8 Highscore,Y8 Save,Punching,Sports,Unity3D,WebGL,Y8 Original",2026-10-08
y8,popular,70,That's Not My Neighbor,https://www.y8.com/games/that_s_not_my_neighbor,1385895.0,,6300.0,7.7,10,,"GameMonetize,HTML5,Touchscreen,1 Player,Android game,Detective Game,iPad,iPhone,Mobile,Mouse Skill,Matching Game,Puzzle",2026-10-08
y8,popular,71,Feeding Frenzy,https://www.y8.com/games/feeding_frenzy_tuna,1057115.0,,2700.0,8.6,10,,"1 Player,Collecting Games,Evade,Fish,Mouse Skill,Water",2026-10-08
y8,popular,72,Cyber Smilodon Assembly,https://www.y8.com/games/cyber_smilodon_assembling,1929113.0,,1300.0,7.5,10,,"1 Player,Action,Cat,HTML5,Mouse Skill,Robots,Touchscreen,Y8 Account,Y8 Achievements,Y8 Highscore,Y8 Save,Y8 Screenshot,Android game,iPad,iPhone,Mobile,Y8 Original",2026-10-08
y8,popular,73,Geometry Vibes,https://www.y8.com/games/geometry_vibes,1664167.0,,5300.0,7.6,10,,"GameDistribution.com,1 Player,2 Player,3+ Player,Evade,Obstacle,Purchase Equipment Upgrades,Reflex,Side Scrolling,Unity3D,WebGL",2026-10-08
y8,popular,74,99 Nights In The Forest,https://www.y8.com/games/99_nights_in_the_forest,512283.0,,2100.0,8.0,10,,"Front Upload from y8,Touchscreen,1 Player,3D,Android game,Collecting Games,iPad,iPhone,Mobile,Monsters,Survival Horror,Unity3D,WebGL",2026-10-08
y8,popular,75,Steal Brainrot Arena,https://www.y8.com/games/steal_brainrot_arena,100110.0,,501.0,7.8,10,,"GameDistribution.com,1 Player,2 Player,3D,Collecting Games,Defend,Fun,Hyper-Casual,Mouse Skill,Multiplayer,Purchase Equipment Upgrades,Meme",2026-10-08
y8,popular,76,XoXo Blast,https://www.y8.com/games/xoxo_blast,3679989.0,,5500.0,7.6,10,,"1 Player,2 Player,Neon,HTML5,Local Multiplayer,Thinking",2026-10-08
y8,popular,77,Heart Transplant Surgery,https://www.y8.com/games/heart_transplant_surgery,334582.0,,576.0,8.5,10,,"1 Player,Android game,Doctor,HTML5,iPad,iPhone,Mobile,Touchscreen,Y8 Account,Y8 Achievements,Y8 Save,Y8 Screenshot,Simulation,Y8 Original",2026-10-08
y8,popular,78,Traffic Jam: Hop On,https://www.y8.com/games/traffic_jam_hop_on,157243.0,,140.0,6.0,10,,"HTML5,1 Player,Bus,Car,Matching Game,Obstacle,Puzzle,Thinking,Mobile,Touchscreen",2026-10-08
y8,popular,79,Digit Shooter,https://www.y8.com/games/digit_shooter_webgl,141105.0,,374.0,8.4,10,,"1 Player,3D,Collecting Games,Money,Mouse Skill,Obstacle,Reflex,Traps,Unity3D,WebGL,Y8 Original,Shooting,Touchscreen,Purchase Equipment Upgrades,Android game,iPad,iPhone,Mobile,Numbers",2026-10-08
y8,popular,80,Survive Lava for Brainrots,https://www.y8.com/games/survive_lava_for_brainrots,65335.0,,289.0,7.9,10,,"Front Upload from y8,Touchscreen,1 Player,3D,Android game,Collecting Games,Idle Game,iPad,iPhone,Meme,Mobile,Obstacle,Purchase Equipment Upgrades,Traps,Unity3D,WebGL",2026-10-08
y8,popular,81,Pencil Rush 3D,https://www.y8.com/games/pencil_rush_3d,51540.0,,313.0,7.9,10,,"GameDistribution.com,1 Player,Collecting Games,Coloring,Drawing,Evade,Mouse Skill,Obstacle,Traps,3D,Hyper-Casual",2026-10-08
y8,popular,82,Plant vs Zombies War,https://www.y8.com/games/plant_vs_zombies_war,192801.0,,266.0,6.9,10,,"HTML5,1 Player,Defend,Plants,Purchase Equipment Upgrades,Strategy,Zombies,Mobile,Touchscreen,Android game,iPad,iPhone",2026-10-08
y8,popular,83,The Farmer,https://www.y8.com/games/the_farmer,21993181.0,,7800.0,8.9,10,,"1 Player,Purchase Equipment Upgrades,Fruit,Farm,Flower,Food,Plants,Simulation",2026-10-08
y8,popular,84,Ball Fall 3D,https://www.y8.com/games/ball_fall_3d,42186242.0,,150000.0,7.7,10,,"1 Player,3D,Ball,Bounce,Mouse Skill,Unity3D,WebGL,Arcade,Platforms,Tower,Y8 Account,Y8 Highscore,Y8 Save,Series,Hyper-Casual",2026-10-08
y8,popular,85,Animator vs Animation Game: SE,https://www.y8.com/games/animator_v_animation_game_se,7345263.0,,9100.0,7.6,10,,"1 Player,Action,Stick,Purchase Equipment Upgrades,Drawing,Fun,Mouse Skill,Physics,Fighting",2026-10-08
y8,popular,86,Flappy Bird Flash,https://www.y8.com/games/flappy_bird_flash,5109302.0,,1200.0,8.4,10,,"Birds,1 Player,Series,Flying,Mouse Skill",2026-10-08
y8,popular,87,Amogus io,https://www.y8.com/games/amogus_io,6719305.0,,12000.0,6.6,10,,"GameDistribution.com,HTML5,Touchscreen,.io Games,1 Player,Among Us,Android game,Blood,iPad,iPhone,Killing Games,Mobile,Violence",2026-10-08
y8,popular,88,Gold Miner,https://www.y8.com/games/gold_miner,17718253.0,,6400.0,8.1,10,,"Gold,1 Player,Purchase Equipment Upgrades,Mine,Timing Game,Touchscreen,Android game,Mobile,iPad,iPhone",2026-10-08
y8,popular,89,Kakato Otoshi,https://www.y8.com/games/kakato_otoshi,17888946.0,,7600.0,7.0,10,,"1 Player,Mouse Skill,Timing Game,Reflex",2026-10-08
y8,popular,90,Amy Autopsy,https://www.y8.com/games/amy_autopsy,9696976.0,,5300.0,6.9,10,,"1 Player,Blood,Gore,Violence,Celebrity,Parody",2026-10-08
y8,popular,91,Leftovers,https://www.y8.com/games/leftovers_,248199.0,,2300.0,8.5,10,,"1 Player,3D,Interactive Fiction,Puzzle,Unity3D,WebGL,Adventure,Horror,Scary",2026-10-08
y8,popular,92,Story Teller,https://www.y8.com/games/story_teller,574722.0,,2200.0,7.4,10,,"GameMonetize,1 Player,Android game,iPad,iPhone,Love,Mobile,Puzzle,Thinking,Touchscreen",2026-10-08
y8,popular,93,Ball Fall 3D 2,https://www.y8.com/games/ball_fall_3d_2,3001465.0,,9300.0,7.5,10,,"1 Player,3D,Ball,Bounce,Mouse Skill,Platforms,Series,Tower,Unity3D,WebGL,Y8 Account,Hyper-Casual",2026-10-08
y8,popular,94,Guess the Flag,https://www.y8.com/games/guess_the_flag_html5,1886080.0,,1600.0,7.7,10,,"1 Player,Android game,Educational,iPad,iPhone,Mobile,Puzzle,Thinking,Timing Game,Touchscreen",2026-10-08
y8,popular,95,Minecraft Online,https://www.y8.com/games/minecraft_online_game,756262.0,,753.0,6.0,10,,"Front Upload from y8,Touchscreen,1 Player,3D,Blocks,Pixel Art,Mobile,Adventure,HTML5,Android only",2026-10-08
y8,popular,96,Roxie's Kitchen: Cute Macaron,https://www.y8.com/games/roxie_s_kitchen_cute_macaron,535007.0,,445.0,8.0,10,,"1 Player,Android game,Cooking Games,Decorate,Dress Up,Food,Girls,iPad,iPhone,Mobile,Roxie's Kitchen,Touchscreen,Y8 Account,Y8 Achievements,Y8 Save,Y8 Screenshot,Y8 Original",2026-10-08
y8,popular,97,Decor: My Kitchen,https://www.y8.com/games/decor_my_kitchen,273859.0,,301.0,7.9,10,,"1 Player,Android game,Decorate,Girl,Girls,HTML5,iPad,iPhone,Mobile,Series,Touchscreen,Y8 Account,Y8 Save,Y8 Screenshot,Y8 Original",2026-10-08
y8,popular,98,Adopt Your Pet Kitty,https://www.y8.com/games/adopt_your_pet_kitty,161357.0,,303.0,8.4,10,,"1 Player,Android game,Caring,Cleaning,Collecting Games,Dress Up,Girls,Grooming,iPad,iPhone,Kitten,Mobile,Mouse Skill,Touchscreen,Y8 Account,Y8 Achievements,Y8 Save,Y8 Screenshot,Animal,Y8 Original",2026-10-08
y8,popular,99,Minesweeper,https://www.y8.com/games/minesweeper,65942.0,,145.0,8.3,10,,"GameMonetize,HTML5,Touchscreen,1 Player,Android game,bombs,iPad,iPhone,Mobile,Mouse Skill,Numbers,Puzzle,Thinking",2026-10-08
y8,popular,100,Funny Nail Doctor,https://www.y8.com/games/funny_nail_doctor,530750.0,,522.0,7.6,10,,"1 Player,Doctor,Funny,HTML5,Mouse Skill,Simulation,Y8 Account,Y8 Achievements,Y8 Screenshot,Decorate,Mobile,Touchscreen,Android game,iPad,iPhone,Y8 Original",2026-10-08
y8,popular,101,Billiard Hustlers,https://www.y8.com/games/billiard_hustlers,196502.0,,435.0,7.9,10,,"Front Upload from y8,Touchscreen,1 Player,Android game,Billiards,HTML5,iPad,iPhone,Mobile,Sports,Upgrades",2026-10-08
y8,popular,102,Dragon Fist 3 - Age of the Warrior,https://www.y8.com/games/dragon_fist_3_age_of_the_warrior,46719953.0,,15300.0,8.5,10,,"2 Player,Fighting,1 Player,Beat 'Em Up,Punching,Series,Kung Fu",2026-10-08
y8,popular,103,Stick Figure Badminton,https://www.y8.com/games/stick_figure_badminton,45982924.0,,18800.0,8.3,10,,"2 Player,1 Player,Sports,Stick,Badminton",2026-10-08
y8,popular,104,Table Tennis- World Tour,https://www.y8.com/games/table_tennis-_world_tour,20000289.0,,23100.0,6.4,10,,"1 Player,Android game,Mobile,Mouse Skill,Sports,Table tennis,Touchscreen,3D,Famobi,iPad,iPhone,HTML5",2026-10-08
y8,popular,105,Handless-Millionaire,https://www.y8.com/games/handless-millionaire,18716669.0,,12600.0,7.5,10,,"1 Player,Blood,Gore,Mouse Skill,Y8 Account,Y8 Highscore,Touchscreen,Android game,Mobile,Money,Tap",2026-10-08
y8,popular,106,Bad Time Simulator (Sans Fight),https://www.y8.com/games/bad_time_simulator_sans_fight_,1690685.0,,6500.0,8.5,10,,"Front Upload from y8,Arcade,Evade,HTML5,Obstacle,Pixel Art,Retro,Skeleton,Android game,iPad,iPhone,Mobile,Touchscreen,Series",2026-10-08
y8,popular,107,Whack Your Boss,https://www.y8.com/games/whack_your_boss,15456059.0,,10600.0,8.5,10,,"1 Player,Gore,Series,Funny,Violence,Blood,Point & Click,crazy,Killing Games,Room",2026-10-08
y8,popular,108,Parkour Block 5,https://www.y8.com/games/parkour_block_5,5361059.0,,5900.0,6.6,10,,"GameDistribution.com,1 Player,3D,Blocks,HTML5,Jumping,Physics,Platforms,Series,Touchscreen,Traps,Voxel,Android game,Mobile,iPad,iPhone",2026-10-08
y8,popular,109,Carnival Mania Collection,https://www.y8.com/games/carnival_mania_collection,2444452.0,,1500.0,8.3,10,,"Y8 Achievements,1 Player,Y8 Account,Fun,Y8 Save,Funny,Kids,Android game,HTML5,iPad,iPhone,Mobile,Touchscreen,Y8 Original",2026-10-08
y8,popular,110,Heart Bypass Surgery,https://www.y8.com/games/heart_bypass_surgery,294411.0,,523.0,8.4,10,,"Y8 Achievements,Y8 Screenshot,1 Player,Doctor,Dress Up,Simulation,Y8 Account,Touchscreen,HTML5,Android game,Mobile,Android only,Y8 Original",2026-10-08
y8,popular,111,Hit Him,https://www.y8.com/games/hithim,1402116.0,,951.0,7.3,10,,"Fighting,1 Player,Action,Blood",2026-10-08
y8,popular,112,King Of Fighters Wing 1.9,https://www.y8.com/games/king_of_fighters_wing_1_8,16988149.0,,25400.0,8.8,10,,"Arcade,2 Player,Fighting,Action,Street Fighting,Series,1 Player",2026-10-08
y8,popular,113,Ultimate Douchebag Workout,https://www.y8.com/games/ultimate_douchebag_workout,5402115.0,,6200.0,8.8,10,,"1 Player,Purchase Equipment Upgrades,Balancing,Funny,Fun,Sports,Series,Simulation,GameDistribution.com,HTML5",2026-10-08
y8,popular,114,Impossible Bike Stunt 3D,https://www.y8.com/games/impossible_bike_stunt_3d,14063736.0,,29000.0,7.8,10,,"1 Player,3D,Driving,Y8 Account,Y8 Achievements,Y8 Highscore,Y8 Save,Motorcycle Games,Obstacle,Purchase Equipment Upgrades,Racing,Stunts,Traps,Unity3D,WebGL,Adrenaline,Y8 Original",2026-10-08
y8,popular,115,PC Breakdown,https://www.y8.com/games/pc_breakdown,21020030.0,,9900.0,8.3,10,,"1 Player,Funny,Violence,Clicker,crazy,Gadget,Mouse Skill,Smash",2026-10-08
y8,popular,116,Backrooms,https://www.y8.com/games/backrooms,1689831.0,,7800.0,8.0,10,,"1 Player,3D,Horror,Maze,Puzzle,Scary,Timing Game,Unity3D,WebGL,Escape,Room",2026-10-08
y8,popular,117,Bloxorz 2,https://www.y8.com/games/bloxorz_2,786258.0,,2700.0,7.4,10,,"Puzzle,1 Player,3D,Thinking",2026-10-08
y8,popular,118,Bomb the Bridge,https://www.y8.com/games/bomb_the_bridge,817202.0,,2000.0,7.6,10,,"1 Player,Bomb,Bridge,GameDistribution.com,HTML5,Killing Games,Puzzle,Thinking",2026-10-08
y8,popular,119,Zombie Exterminators MP,https://www.y8.com/games/zombie_exterminators_mp,567446.0,,824.0,8.1,10,,"1 Player,3D,Action,Army Games,Gun Games,Y8 Account,Y8 Achievements,Y8 Highscore,Multiplayer,Not on Kong,Purchase Equipment Upgrades,Shooting,Shotgun,Third Person Shooter,Undead,Unity3D,Zombies,Survival Horror,WebGL,Y8 Original",2026-10-08
y8,popular,120,Arm Fight,https://www.y8.com/games/arm_fight,2646823.0,,2200.0,6.6,10,,"1 Player,Flash,Action,Mouse Skill,Funny",2026-10-08
y8,popular,121,Insta K-Pop Look,https://www.y8.com/games/insta_k-pop_look,136735.0,,251.0,7.6,10,,"1 Player,Android game,Dress Up,Girls,iPad,iPhone,Makeover / Make-up,Mobile,Mouse Skill,Social,Touchscreen,Y8 Account,Y8 Achievements,Y8 Save,Y8 Screenshot,Memory Game,Money,Shopping,Y8 Original",2026-10-08
y8,popular,122,Perry the Perv,https://www.y8.com/games/perry_the_perv,3843903.0,,2400.0,7.6,10,,"1 Player,Seduction,Funny,Reflex,Stealth",2026-10-08
y8,popular,123,Hangman,https://www.y8.com/games/hangman_game,540333.0,,573.0,5.8,10,,"GameDistribution.com,Educational,Guessing Game,Letters,Thinking,Unity3D,WebGL,Words,Stick,1 Player",2026-10-08
y8,popular,124,Girly Goldy Black,https://www.y8.com/games/girly_goldy_black,138795.0,,157.0,8.1,10,,"1 Player,Android game,Decorate,Dress Up,Girls,iPad,iPhone,Mobile,Touchscreen,Y8 Account,Y8 Save,Y8 Screenshot,Y8 Original",2026-10-08
y8,popular,125,Chess Duel,https://www.y8.com/games/chess_duel,36044.0,,91.0,7.6,10,,"1 Player,Board Game,Chess,GameDistribution.com,HTML5,Thinking,Touchscreen,Timing Game,Android game,iPad,iPhone,Mobile",2026-10-08
y8,popular,126,Box Head - 2Play,https://www.y8.com/games/box_head_2play,84840762.0,,62100.0,8.7,10,,"2 Player,1 Player,Shooting,Blood,Zombies,Survival Horror,Gun Games,Killing Games,Collecting Games",2026-10-08
y8,popular,127,Earn To Die,https://www.y8.com/games/earn_to_die_v1,33356139.0,,25200.0,9.1,10,,"1 Player,Driving,Purchase Equipment Upgrades,Zombies,Series,Car,Survival Horror,Blood,Killing Games,Shooting,Side Scrolling,Smash,Flash",2026-10-08
y8,popular,128,Grow Island,https://www.y8.com/games/grow_island,13977752.0,,4300.0,9.1,10,,"1 Player,Island,Purchase Equipment Upgrades,Point & Click,Thinking,Puzzle",2026-10-08
y8,popular,129,Geometry Jump,https://www.y8.com/games/geometry_jump_,13610564.0,,104700.0,8.1,10,,"1 Player,Adrenaline,Adventure,Jumping,Mouse Skill,Neon,Obstacle,Platforms,Reflex,Side Scrolling,Traps,Unity3D,GameDistribution.com",2026-10-08
y8,popular,130,Wheelie Bike,https://www.y8.com/games/wheelie_bike,4977544.0,,19900.0,7.0,10,,"1 Player,Android game,Balance,Bicycle,GameDistribution.com,HTML5,iPad,iPhone,Mobile,Stunts,Mouse Skill,Side Scrolling,Series,Touchscreen",2026-10-08
y8,popular,131,Parking Fury,https://www.y8.com/games/parking_fury,6928435.0,,17800.0,7.8,10,,"1 Player,Car,Parking,Simulation,Touchscreen,Y8 Account,Y8 Save,Y8 Highscore,Android game,Mobile,iPad,iPhone",2026-10-08
y8,popular,132,Trollface Quest TrollTube,https://www.y8.com/games/trollface_quest_trolltube,10704437.0,,7500.0,7.5,10,,"1 Player,Fun,Funny,Point & Click,Puzzle,Meme",2026-10-08
y8,popular,133,Plants vs Zombies Hybrids,https://www.y8.com/games/plants_vs_zombies_hybrids,434601.0,,4500.0,8.8,10,,"Front Upload from y8,Touchscreen,1 Player,Defend,Defense,Plants,Purchase Equipment Upgrades,Strategy,Tower Defense,Unity3D,WebGL,Zombies,Android game,iPad,iPhone,Mobile",2026-10-08
y8,popular,134,Puppy Whisperer,https://www.y8.com/games/puppy_whisperer,335257.0,,510.0,8.7,10,,"Y8 Account,Y8 Achievements,Y8 Save,Y8 Screenshot,1 Player,Android game,Doctor,Dress Up,Fun,Girls,iPad,iPhone,Mobile,Puppy,Touchscreen,Caring,Y8 Original",2026-10-08
y8,popular,135,Dreamy Bike Makeover,https://www.y8.com/games/dreamy_bike_makeover,207153.0,,282.0,7.7,10,,"1 Player,Android game,Cleaning,Decorate,Girls,iPad,iPhone,Mobile,Motorcycle Games,Mouse Skill,Touchscreen,Y8 Account,Y8 Achievements,Y8 Save,Y8 Screenshot,Y8 Original",2026-10-08
y8,popular,136,Quiz: Guess The Flag,https://www.y8.com/games/quiz_guess_the_flag,259380.0,,909.0,6.8,10,,"1 Player,Educational,Puzzle,Quiz,Thinking,Unity3D",2026-10-08
y8,popular,137,My Party Car,https://www.y8.com/games/my_party_car,295262.0,,191.0,7.7,10,,"1 Player,Girl,Girls,Y8 Account,Y8 Screenshot,Car,Touchscreen,Y8 Achievements,Y8 Save,Driving,Side Scrolling,Y8 Original,HTML5",2026-10-08
y8,popular,138,Plants vs Zombies: Fusion Nightmare,https://www.y8.com/games/plants_vs_zombies_fusion_nightmare,36754.0,,169.0,8.4,10,,"Front Upload from y8,Touchscreen,1 Player,Defense,Plants,Purchase Equipment Upgrades,Strategy,Tower Defense,Unity3D,WebGL,Zombies,Android game,iPad,iPhone,Mobile",2026-10-08
y8,popular,139,Rescue Six,https://www.y8.com/games/rescue_six,5952182.0,,6800.0,7.5,10,,"1 Player,3D,Blood,First Person Shooter,Gun Games,Y8 Account,Y8 Achievements,Y8 Highscore,Y8 Save,Not on Kong,Rescue Game,Shooting,Terrorist,Unity3D,WebGL,Army Games,Killing Games,Y8 Original",2026-10-08
y8,popular,140,Grand Vegas Crime,https://www.y8.com/games/grand_vegas_crime,2338660.0,,5700.0,8.3,10,,"1 Player,3D,Action,Car,Driving,Gun Games,Killing Games,Shooting,Street,Unity3D,Violence,WebGL,Gangster,Police,Blood,Fighting",2026-10-08
y8,popular,141,Baby Cathy Ep11: Cooking for Mom,https://www.y8.com/games/baby_cathy_ep11_cooking_for_mom,218095.0,,304.0,7.9,10,,"Android game,Baby Cathy,Baby Games,Cake Games,Cooking Games,Decorate,Dress Up,Food,iPad,iPhone,Mobile,Mouse Skill,Shopping,Touchscreen,Y8 Account,Y8 Save,Y8 Screenshot,Y8 Achievements,Y8 Original",2026-10-08
y8,popular,142,Master Chess,https://www.y8.com/games/master_chess,18283860.0,,48700.0,7.5,10,,"1 Player,Board Game,Chess,HTML5,Y8 Account,Y8 Highscore,iPad,iPhone,Mobile,Thinking,Touchscreen,Android game,2 Player,Y8 Save,Y8 Original",2026-10-08
y8,popular,143,Murder Mafia,https://www.y8.com/games/murder_mafia,10073678.0,,19500.0,8.3,10,,"1 Player,Android game,Funny,iPad,iPhone,Mobile,Reflex,Touchscreen,Y8 Account,Y8 Achievements,Y8 Save,Killing Games",2026-10-08
y8,popular,144,Sling Drift,https://www.y8.com/games/sling_drift,837430.0,,1900.0,7.6,10,,"1 Player,Car,Driving,Mouse Skill,Unity3D,WebGL,Purchase Equipment Upgrades,Clicker,Touchscreen,Drifting,Y8 Original",2026-10-08
y8,popular,145,Save The Doge 2,https://www.y8.com/games/save_the_doge_2,3792678.0,,8500.0,7.8,10,,"Front Upload from y8,Touchscreen,1 Player,Android game,Animal,Drawing,iPad,iPhone,Mobile,Obstacle,Puzzle,Rescue Game,Thinking,Traps,Meme",2026-10-08
y8,popular,146,Stickman Kombat 2D,https://www.y8.com/games/stickman_kombat_2d,109682.0,,391.0,8.3,10,,"GameDistribution.com,HTML5,Touchscreen,1 Player,2 Player,Android game,Fighting,iPad,iPhone,Killing Games,Mobile,Purchase Equipment Upgrades,Stick,Sword",2026-10-08
y8,popular,147,Cute Hair Maker,https://www.y8.com/games/cute_hair_maker,471194.0,,734.0,7.8,10,,"1 Player,Android game,Dress Up,Girl,Girls,HTML5,iPad,iPhone,Makeover / Make-up,Mobile,Touchscreen,Y8 Account,Y8 Achievements,Y8 Screenshot,Y8 Save,Y8 Original",2026-10-08
y8,popular,148,Tic Tac Toe,https://www.y8.com/games/tic_tac_toe_html,212536.0,,280.0,7.0,10,,"1 Player,2 Player,Android game,iPad,iPhone,Mobile,Mouse Skill,Touchscreen,Strategy",2026-10-08
y8,popular,149,Cave War,https://www.y8.com/games/cave_war,559087.0,,931.0,7.9,10,,"1 Player,3D,Army Games,First Person Shooter,Gun Games,Killing Games,Monsters,Shooting,Survival Horror,Undead,Unity3D,WebGL,Y8 Account,Y8 Achievements,Y8 Highscore,War,Y8 Original",2026-10-08
y8,popular,150,Y8 Rocket Simulator,https://www.y8.com/games/y8_rocket_simulator,573603.0,,1100.0,7.6,10,,"Y8 Save,Y8 Screenshot,1 Player,Flying,HTML5,Puzzle,Rocket,Simulation,Space,Touchscreen,Android game,Mobile,iPad,iPhone,Y8 Account,Y8 Original",2026-10-08
y8,popular,151,Grandma Recipe: Ramen,https://www.y8.com/games/grandma_recipe_ramen,513893.0,,505.0,8.3,10,,"1 Player,Android game,Cooking Games,Decorate,Dress Up,Food,Food Serving,Girls,iPad,iPhone,Mobile,Touchscreen,Y8 Account,Y8 Achievements,Y8 Save,Y8 Screenshot,Hidden Object Games,Matching Game,Y8 Original",2026-10-08
y8,popular,152,Girls Pajama Night,https://www.y8.com/games/girls_pajama_night,112310.0,,390.0,8.1,10,,"1 Player,Cards,Cat,Dress Up,Girl,Girls,HTML5,Y8 Account,Y8 Achievements,Y8 Save,Matching Game,Timing Game,Touchscreen,Android game,iPad,iPhone,Mobile,Y8 Screenshot,Y8 Original",2026-10-08
y8,popular,153,Block Blast,https://www.y8.com/games/block_blast_game,401065.0,,265.0,7.7,10,,"Front Upload from y8,1 Player,Arcade,Blocks,Puzzle,Unity3D,WebGL,Android game,iPad,iPhone,Mobile,Touchscreen",2026-10-08
y8,popular,154,My Car My Rules,https://www.y8.com/games/my_car_my_rules,287159.0,,1300.0,8.5,10,,"Front Upload from y8,Touchscreen,1 Player,3D,Adrenaline,Android game,Car,Driving,iPad,iPhone,Mobile,Obstacle,Stunts,Unity3D,WebGL",2026-10-08
y8,popular,155,Swords & Souls: A Soul Adventure,https://www.y8.com/games/swords_souls_a_soul_adventure,9964151.0,,43100.0,9.5,10,,"1 Player,Action,Adventure,Purchase Equipment Upgrades,Armor Games,RPG,Sword,Flash,Medieval",2026-10-08
y8,popular,156,Color Tunnel,https://www.y8.com/games/color_tunnel,17237616.0,,40200.0,7.9,10,,"1 Player,3D,Adrenaline,Running Games,Unity3D,WebGL,Y8 Account,Y8 Highscore,Series,Obstacle",2026-10-08
y8,popular,157,Short Life,https://www.y8.com/games/short_life,14659679.0,,57800.0,7.8,10,,"1 Player,Blood,Evade,Jumping,Platforms,Traps,Unity3D,Y8 Account,Y8 Save,WebGL,Series,Gore,Fun",2026-10-08
y8,popular,158,Four Colors,https://www.y8.com/games/four_colors,14355232.0,,42900.0,7.3,10,,"1 Player,Android game,Cards,HTML5,Y8 Account,Y8 Highscore,iPad,iPhone,Matching Game,Mobile,Touchscreen,3+ Player,Y8 Original",2026-10-08
y8,popular,159,World Cup Kicks,https://www.y8.com/games/world_cup_kicks,14477267.0,,5700.0,8.7,10,,"1 Player,Sports,Ball,Soccer,Football,Flash",2026-10-08
y8,popular,160,Office Lover Kiss,https://www.y8.com/games/office_lover_kiss,20141992.0,,2100.0,8.6,10,,"1 Player,Love,Girls,Kissing games,Girl",2026-10-08
y8,popular,161,Cell to Singularity: Evolution,https://www.y8.com/games/cell_to_singularity_evolution,489722.0,,2200.0,8.8,10,,"1 Player,Clicker,Planet,Simulation,Space,Unity3D,WebGL,Science,Virus,Purchase Equipment Upgrades,Educational",2026-10-08
y8,popular,162,PVZ Fusion Cheats,https://www.y8.com/games/pvz_fusion_cheats,476478.0,,4700.0,8.9,10,,"Front Upload from y8,Touchscreen,1 Player,Defend,Defense,Plants,Purchase Equipment Upgrades,Strategy,Tower Defense,Zombies,Android game,iPad,iPhone,Mobile,Unity3D,WebGL",2026-10-08
y8,popular,163,Word Search,https://www.y8.com/games/word_search_crosswords,2459445.0,,2100.0,8.4,10,,"1 Player,HTML5,Letters,Puzzle,Touchscreen,Words,Android game,Mobile,iPad,iPhone",2026-10-08
y8,popular,164,Gold Miner Vegas,https://www.y8.com/games/gold_miner_vegas,4087050.0,,1300.0,8.3,10,,"Gold,1 Player,Flash,Mine,Collecting Games,Timing Game",2026-10-08
y8,popular,165,Super Rush Street Racing,https://www.y8.com/games/super_rush_street_racing,734160.0,,3300.0,8.0,10,,"1 Player,3D,Car,Driving,Purchase Equipment Upgrades,Racing,Street,Unity3D,WebGL,Y8 Account,Y8 Achievements,Y8 Highscore,Y8 Save,Y8 Original",2026-10-08
y8,popular,166,CS Counter Strike,https://www.y8.com/games/cs_counter_strike,375747.0,,1400.0,8.1,10,,"1 Player,First Person Shooter,Killing Games,Purchase Equipment Upgrades,Shooting,Unity3D,War,WebGL,3D,Gun Games,Sniper,Terrorist",2026-10-08
y8,popular,167,Blackforest Maker,https://www.y8.com/games/blackforest_maker,203612.0,,408.0,8.2,10,,"Y8 Account,Y8 Achievements,Y8 Save,Y8 Screenshot,Cake Games,1 Player,Decorate,Food,Girls,HTML5,Simulation,Touchscreen,Android game,Mobile,iPad,iPhone,Y8 Original",2026-10-08
y8,popular,168,Troll Face Quest: Video Memes and Tv Shows: Part 2,https://www.y8.com/games/troll_face_quest_video_memes_and_tv_shows_part_2,191587.0,,425.0,7.0,10,,"GameDistribution.com,1 Player,Android game,crazy,Fun,Funny,iPad,iPhone,Mobile,Mouse Skill,Point & Click,Puzzle,Thinking,Touchscreen",2026-10-08
y8,popular,169,Fireboy and Watergirl 5 Elements,https://www.y8.com/games/fireboy_and_watergirl_5_elements,48831659.0,,96900.0,7.7,10,,"Platforms,Thinking,1 Player,2 Player,Android game,Collecting Games,GameDistribution.com,HTML5,iPad,iPhone,Mobile,Puzzle,Series,Temple,Timing Game,Touchscreen,Fire,Water,Jewel",2026-10-08
y8,popular,170,Geometry Arrow,https://www.y8.com/games/geometry_arrow,11992790.0,,60900.0,8.0,10,,"1 Player,HTML5,Mouse Skill,Obstacle,Side Scrolling,Touchscreen,Traps,Android game,Mobile,Reflex",2026-10-08
y8,popular,171,Stack Colors!,https://www.y8.com/games/stack_colors_,5070725.0,,8300.0,7.4,10,,"GameDistribution.com,HTML5,Touchscreen,1 Player,Android game,Collecting Games,iPad,iPhone,Matching Game,Mobile,Mouse Skill,Obstacle,Running Games",2026-10-08
y8,popular,172,Besties Chinese New Year Celebration,https://www.y8.com/games/besties_chinese_new_year_celebration,144255.0,,234.0,8.0,10,,"HTML5,Touchscreen,1 Player,Android game,Dress Up,Girl,iPad,iPhone,Mobile",2026-10-08
y8,popular,173,Russian Extreme Offroad,https://www.y8.com/games/russian_extreme_offroad,12938945.0,,14000.0,8.4,10,,"Y8 Account,Y8 Achievements,Y8 Highscore,Y8 Save,3D,Unity3D,WebGL,1 Player,Car,Collecting Games,Driving,Purchase Equipment Upgrades,Stunts,4x4,Offroad,Y8 Screenshot,Y8 Original",2026-10-08
y8,popular,174,Prop Busters,https://www.y8.com/games/prop_busters,3016917.0,,5600.0,8.4,10,,"3D,Gun Games,Killing Games,Multiplayer,Shooting,Stealth,Y8 Account,Y8 Achievements,First Person Shooter,online,Adrenaline,Fun,Timing Game,Y8 Original",2026-10-08
y8,popular,175,Charlie the Steak: Fanmade Computer Version,https://www.y8.com/games/charlie_the_steak,1873467.0,,6000.0,7.7,10,,"1 Player,Bizarre,crazy,Food,Fun,HTML5,Simulation,Smash,Touchscreen,Funny,Meme",2026-10-08
y8,popular,176,Rivals FPS: Online Shooter,https://www.y8.com/games/rivals_fps_online_shooter,408679.0,,3400.0,8.4,10,,"Front Upload from y8,Touchscreen,3D,Action,First Person Shooter,Gun Games,Multiplayer,Shooting,Unity3D,WebGL,Purchase Equipment Upgrades",2026-10-08
y8,popular,177,Tic Tac Toe Puzzle,https://www.y8.com/games/tic_tac_toe_puzzle,1081549.0,,803.0,6.1,10,,"HTML5,1 Player,2 Player,Puzzle,Thinking,Mobile,Touchscreen",2026-10-08
y8,popular,178,Cliff Rider,https://www.y8.com/games/cliff_rider,1036556.0,,2500.0,7.8,10,,"1 Player,3D,Adrenaline,Bicycle,Driving,Obstacle,Stunts,Traps,Unity3D,WebGL",2026-10-08
y8,popular,179,Baby Cathy Ep16: Goes Sick,https://www.y8.com/games/baby_cathy_ep16_goes_sick,193140.0,,430.0,8.7,10,,"1 Player,Android game,Baby Cathy,Cleaning,Cooking Games,Decorate,Doctor,Dress Up,Food,Girls,iPad,iPhone,Mobile,Mouse Skill,Touchscreen,Virus,Y8 Account,Y8 Achievements,Y8 Save,Y8 Screenshot,Caring,Y8 Original",2026-10-08
y8,popular,180,Slope Multiplayer,https://www.y8.com/games/slope_multiplayer,6582666.0,,18500.0,7.2,10,,"3D,Adrenaline,Android game,Ball,Bounce,Fun,HTML5,Internal Games,iPad,iPhone,Jumping,Mobile,Mouse Skill,Multiplayer,Neon,Obstacle,Platforms,Touchscreen,Y8 Account,Y8 Highscore,Y8 Save,Y8 Original",2026-10-08
y8,popular,181,Fireboy and Watergirl in the Ice Temple,https://www.y8.com/games/fireboy_and_watergirl_in_the_ice_temple,4164513.0,,7700.0,7.6,10,,"GameDistribution.com,1 Player,2 Player,Adventure,Fire,HTML5,Platforms,Puzzle,Series,Touchscreen,Water,Timing Game,Android game,Mobile",2026-10-08
y8,popular,182,Get the Watermelon,https://www.y8.com/games/get_the_watermelon,3007465.0,,3300.0,7.5,10,,"GameMonetize,HTML5,Touchscreen,1 Player,Android game,Fruit,iPad,iPhone,Matching Game,Mobile,Mouse Skill,Physics,Puzzle",2026-10-08
y8,popular,183,Moto Trials Offroad,https://www.y8.com/games/moto_trials_offroad,317867.0,,401.0,8.3,10,,"1 Player,3D,Driving,Y8 Account,Y8 Highscore,Y8 Save,Motorcycle Games,WebGL,Unity3D,Series,Offroad,Obstacle,Y8 Original",2026-10-08
y8,popular,184,Laqueus Chapter 1,https://www.y8.com/games/laqueus_chapter_1,136272.0,,1000.0,8.0,10,,"1 Player,Escape,Mouse Skill,Point & Click,Puzzle,Room,Thinking,Unity3D,WebGL,3D",2026-10-08
y8,popular,185,Back to Granny's House 2,https://www.y8.com/games/back_to_granny_s_house_2,1006789.0,,3000.0,8.2,10,,"1 Player,3D,First Person Shooter,Gun Games,Killing Games,Scary,Shotgun,Unity3D,WebGL,Y8 Account,Y8 Save,Horror,Puzzle,Y8 Original",2026-10-08
y8,popular,186,Roxie's Kitchen: Muffins,https://www.y8.com/games/roxie_kitchen_muffins,139878.0,,137.0,8.3,10,,"1 Player,Android game,Cooking Games,Dress Up,Food,Girl,Girls,HTML5,iPad,iPhone,Mobile,Touchscreen,Y8 Account,Y8 Achievements,Y8 Save,Y8 Screenshot,Series,Roxie's Kitchen,Y8 Original",2026-10-08
y8,popular,187,Tetris Ultra,https://www.y8.com/games/tetris_ultra,147120.0,,237.0,8.3,10,,"1 Player,Arcade,Blocks,HTML5,Puzzle,Tetris,Purchase Equipment Upgrades,Retro",2026-10-08
y8,popular,188,Yummy Taco,https://www.y8.com/games/yummy_taco_,118888.0,,182.0,8.5,10,,"1 Player,Android game,Collecting Games,Cooking Games,Food,Food Serving,iPad,iPhone,Mobile,Mouse Skill,Restaurant Games,Timing Game,Touchscreen,Y8 Account,Y8 Achievements,Y8 Save,Cleaning,Y8 Original",2026-10-08
y8,popular,189,Moto X3M,https://www.y8.com/games/moto_x3m,44477360.0,,42800.0,8.3,10,,"1 Player,Driving,Motorcycle Games,Stunts,Y8 Account,Y8 Highscore,Y8 Save,Purchase Equipment Upgrades,Touchscreen,Android game,iPad,iPhone,Mobile",2026-10-08
y8,popular,190,Crush the Castle 2,https://www.y8.com/games/crush_the_castle_2,14918164.0,,3100.0,9.3,10,,"1 Player,Action,Throwing,Mouse Skill,Castle,Series,Physics,Armor Games,Wall,Flash",2026-10-08
y8,popular,191,Drag Racer v3,https://www.y8.com/games/drag_racer_v3,9747545.0,,5200.0,8.5,10,,"1 Player,Flash,Driving,Purchase Equipment Upgrades,Racing,Car,Side Scrolling",2026-10-08
y8,popular,192,Ray Part 1,https://www.y8.com/games/ray_part_1,16360244.0,,5400.0,9.1,10,,"1 Player,Interactive Fiction,Blood,Gore,Killing Games,Series,Violence",2026-10-08
y8,popular,193,The Skull Kid,https://www.y8.com/games/the_skull_kid,8137708.0,,5600.0,8.2,10,,"1 Player,Killing Games,Blood,Gore,Violence,Side Scrolling,Smash,Gun Games,Shooting,Flash",2026-10-08
y8,popular,194,Khan Kluay - Kids War,https://www.y8.com/games/khan_kluay_kids_war,25518955.0,,11800.0,8.6,10,,"2 Player,Fighting,1 Player,Animal,Flash",2026-10-08
y8,popular,195,Apple Shooter,https://www.y8.com/games/apple_shooter,5799837.0,,9400.0,7.3,10,,"1 Player,Blood,Bow,Fruit,HTML5,Mouse Skill,GameDistribution.com,Gore,Touchscreen,Android game,Mobile,Android only",2026-10-08
y8,popular,196,Hair Makeover Dating,https://www.y8.com/games/hair_makeover_dating,2221917.0,,2600.0,8.1,10,,"1 Player,Dress Up,Girl,Girls,Y8 Account,Y8 Achievements,Y8 Screenshot,Makeover / Make-up,Android game,HTML5,iPad,iPhone,Mobile,Touchscreen,Y8 Original",2026-10-08
y8,popular,197,Football Kicks,https://www.y8.com/games/football_kicks_,2531507.0,,3200.0,8.2,10,,"Flash,Sports,Soccer,Football",2026-10-08
y8,popular,198,Back to Granny's House,https://www.y8.com/games/back_to_granny_s_house,4424509.0,,13400.0,7.8,10,,"Y8 Account,Y8 Achievements,1 Player,3D,First Person Shooter,Gun Games,Killing Games,Scary,Shotgun,Unity3D,WebGL,Y8 Highscore,Y8 Save,Y8 Original",2026-10-08
y8,popular,199,Russian Offroad Pickup Driver,https://www.y8.com/games/russian_offroad_pickup_driver,1864119.0,,1500.0,8.1,10,,"1 Player,3D,4x4,Balance,Balancing,Driving,Y8 Account,Y8 Achievements,Y8 Highscore,Y8 Save,Truck Games,Unity3D,WebGL,Delivery,Offroad,Y8 Original",2026-10-08
y8,popular,200,Only Up,https://www.y8.com/games/only_up,1357321.0,,2500.0,7.1,10,,"GameDistribution.com,1 Player,3D,Jumping,Obstacle,Platforms,Purchase Equipment Upgrades,Traps,Unity3D,WebGL",2026-10-08
y8,popular,201,Wave Dash,https://www.y8.com/games/wave_dash,491624.0,,874.0,8.0,10,,"1 Player,Android game,iPad,iPhone,Mobile,Mouse Skill,Neon,Obstacle,Purchase Equipment Upgrades,Reflex,Side Scrolling,Touchscreen,Traps,Unity3D,WebGL",2026-10-08
y8,popular,202,Save the Dog,https://www.y8.com/games/save_the_dog,505348.0,,302.0,6.9,10,,"Front Upload from y8,Touchscreen,1 Player,Android game,Animal,Bee,Dog,HTML5,iPad,iPhone,Mobile,Puzzle,Thinking",2026-10-08
y8,popular,203,Tuk Tuk Auto Rickshaw,https://www.y8.com/games/tuk_tuk_auto_rickshaw,3682157.0,,13000.0,7.5,10,,"1 Player,3D,Animal,Driving,Motorcycle Games,Offroad,Purchase Equipment Upgrades,Timing Game,WebGL",2026-10-08
y8,popular,204,Squid: Challenge Honeycomb,https://www.y8.com/games/squid_challenge_honeycomb,3572138.0,,23800.0,7.3,10,,"GameDistribution.com,1 Player,Drawing,Mouse Skill,Reflex,Squid Game,Unity3D",2026-10-08
y8,popular,205,Eating Simulator,https://www.y8.com/games/eating_simulator_,1461928.0,,2800.0,7.3,10,,"HTML5,Touchscreen,1 Player,Android game,crazy,iPad,iPhone,Mobile,Mouse Skill,Physics,Food",2026-10-08
y8,popular,206,Decor: My Livingroom,https://www.y8.com/games/decor_my_livingroom,117153.0,,176.0,8.5,10,,"1 Player,Android game,Decorate,Girl,Girls,HTML5,iPad,iPhone,Mobile,Touchscreen,Y8 Account,Y8 Save,Y8 Screenshot,Series,Y8 Original",2026-10-08
y8,popular,207,Plants vs Zombies: Fusion Mode,https://www.y8.com/games/plants_vs_zombies_fusion_mode,385219.0,,3400.0,8.9,10,,"Front Upload from y8,Touchscreen,1 Player,Defend,Defense,Plants,Purchase Equipment Upgrades,Strategy,Unity3D,WebGL,Zombies,Android game,iPad,iPhone,Mobile",2026-10-08
y8,popular,208,Google Snake,https://www.y8.com/games/google_snake,942402.0,,915.0,7.5,10,,"1 Player,Animal,Arcade,Collecting Games,HTML5,Snake,Touchscreen,Mobile,Android only",2026-10-08
y8,popular,209,Princess Kidney Transplant,https://www.y8.com/games/princess_kidney_transplant,264480.0,,346.0,8.5,10,,"1 Player,Doctor,HTML5,Y8 Account,Y8 Achievements,Y8 Save,Android game,iPad,iPhone,Mobile,Touchscreen,Y8 Screenshot,Series,Gore,Role Playing,Simulation,Y8 Original",2026-10-08
y8,popular,210,Coloring Book,https://www.y8.com/games/coloring_book_html,46385.0,,48.0,7.4,10,,"GameDistribution.com,HTML5,Touchscreen,1 Player,Android game,Coloring,Fun,iPad,iPhone,Kids,Mobile,Mouse Skill",2026-10-08
y8,popular,211,Zombie Garden Vs Plants Defence,https://www.y8.com/games/zombie_garden_vs_plants_defence,15297.0,,35.0,6.9,10,,"1 Player,Defend,Defense,Farm,HTML5,Plants,Purchase Equipment Upgrades,Touchscreen,Zombies,Android game,Mobile,Flower,iPad,iPhone,Matching Game",2026-10-08
y8,popular,212,Click Click Clicker,https://www.y8.com/games/click_click_clicker,24987.0,,141.0,8.2,10,,"GameDistribution.com,Clicker,Idle Game,Money,1 Player,HTML5,Touchscreen,Purchase Equipment Upgrades",2026-10-08
y8,popular,213,Roxie's Kitchen: American Breakfast,https://www.y8.com/games/roxie_s_kitchen_american_breakfast,221839.0,,326.0,8.3,10,,"1 Player,Android game,Cooking Games,Decorate,Dress Up,Food,iPad,iPhone,Mobile,Mouse Skill,Touchscreen,Y8 Account,Y8 Achievements,Y8 Save,Y8 Screenshot,Roxie's Kitchen,Y8 Original",2026-10-08
y8,popular,214,Guess the Drawing,https://www.y8.com/games/guess_the_drawing,569039.0,,815.0,5.3,10,,"GameMonetize,HTML5,Touchscreen,1 Player,3D,Android game,Drawing,Guessing Game,iPad,iPhone,Mobile,Mouse Skill,Purchase Equipment Upgrades,Puzzle",2026-10-08
y8,popular,215,Flappy Bird,https://www.y8.com/games/flappy_bird_html,146551.0,,229.0,7.5,10,,"Front Upload from y8,HTML5,1 Player,Bird,Evade,Flying,Obstacle,Side Scrolling",2026-10-08
y8,popular,216,Romance Academy — Heartbeat of Love,https://www.y8.com/games/school_flirting_game,6838747.0,,6000.0,8.0,10,,"1 Player,Flash,Adventure,Seduction,Girl,Collecting Games,Fun,Boy,Girls,Love,Timing Game,Android game,Mobile,Side Scrolling,Touchscreen",2026-10-08
4399,total_click_rank,1,原神,https://news.4399.com/yssy/,,,,,,2020-11-06,动作类,2026-10-08
4399,total_click_rank,2,生死狙击,https://ssjj.4399.com/,,,,,,2022-01-26,射击类,2026-10-08
4399,total_click_rank,3,卡布西游,https://www.4399.com/flash/48399.htm,,,,,,2010-06-09,休闲类,2026-10-08
4399,total_click_rank,4,4399奥拉星,https://www.4399.com/flash/35538.htm,,,,,,2010-07-03,休闲类,2026-10-08
4399,total_click_rank,5,洛克王国,https://www.4399.com/flash/32979.htm,,,,,,2010-07-10,休闲类,2026-10-08
4399,total_click_rank,6,赛尔号,https://www.4399.com/flash/seer.htm,,,,,,2009-05-05,休闲类,2026-10-08
4399,total_click_rank,7,植物大战僵尸,https://www.4399.com/flash/18012.htm,,,,,,2009-09-29,策略类,2026-10-08
4399,total_click_rank,8,奥比岛,https://www.4399.com/flash/10379.htm,,,,,,2009-02-11,休闲类,2026-10-08
4399,total_click_rank,9,宠物连连看2.5版,https://www.4399.com/flash/1382.htm,,,,,,2004-11-30,益智类,2026-10-08
4399,total_click_rank,10,造梦西游online,https://www.4399.com/flash/zmhj.htm,,,,,,2021-05-31,策略类,2026-10-08
4399,total_click_rank,11,4399火线精英,https://news.4399.com/hxjy/,,,,,,2025-04-15,射击类,2026-10-08
4399,total_click_rank,12,生死狙击2,https://my.4399.com/yxssjj2/,,,,,,2023-09-28,射击类,2026-10-08
4399,total_click_rank,13,4399三国杀,https://my.4399.com/yxsgs/,,,,,,2023-12-15,棋牌类,2026-10-08
4399,total_click_rank,14,爆枪突击,https://www.4399.com/flash/130396.htm,,,,,,2014-01-17,射击类,2026-10-08
4399,total_click_rank,15,死神VS火影3.3,https://www.4399.com/flash/205551.htm,,,,,,2019-04-30,动作类,2026-10-08
4399,total_click_rank,16,美食大战老鼠,https://my.4399.com/yxmsdzls/,,,,,,2025-03-25,策略类,2026-10-08
4399,total_click_rank,17,4399三国快打,https://my.4399.com/yxsgkd/,,,,,,2025-11-10,动作类,2026-10-08
4399,total_click_rank,18,西普大陆,https://xp.4399.com/,,,,,,2011-07-08,休闲类,2026-10-08
4399,total_click_rank,19,西游大战僵尸2,https://www.4399.com/flash/100897.htm,,,,,,2012-10-13,动作类,2026-10-08
4399,total_click_rank,20,龙斗士,https://lds.4399.com/,,,,,,2011-05-23,综合类,2026-10-08
4399,total_click_rank,21,火柴人打羽毛球2,https://www.4399.com/flash/90302.htm,,,,,,2012-05-30,体育类,2026-10-08
4399,total_click_rank,22,4399弹弹堂,https://www.4399.com/flash/12439.htm,,,,,,2025-07-03,休闲类,2026-10-08
4399,total_click_rank,23,大鱼吃小鱼双人版,https://www.4399.com/flash/93398.htm,,,,,,2012-07-13,敏捷篇,2026-10-08
4399,total_click_rank,24,Q版泡泡堂,https://www.4399.com/flash/3881.htm,,,,,,2008-01-25,休闲类,2026-10-08
4399,total_click_rank,25,Q版泡泡堂7,https://www.4399.com/flash/133630.htm,,,,,,2014-03-21,休闲类,2026-10-08
4399,total_click_rank,26,4399迷你世界,https://news.4399.com/mnsj/,,,,,,2020-03-10,休闲类,2026-10-08
4399,total_click_rank,27,果蔬连连看,https://www.4399.com/flash/12669.htm,,,,,,2009-05-14,益智类,2026-10-08
4399,total_click_rank,28,植物大战僵尸无敌版,https://www.4399.com/flash/48504.htm,,,,,,2011-01-25,策略类,2026-10-08
4399,total_click_rank,29,宠物连连看3.1,https://www.4399.com/flash/17801.htm,,,,,,2009-09-26,益智类,2026-10-08
4399,total_click_rank,30,疯狂小人战斗,https://www.4399.com/flash/6232.htm,,,,,,2007-05-24,敏捷篇,2026-10-08
4399,total_click_rank,31,小花仙,https://www.4399.com/flash/27924.htm,,,,,,2010-05-21,休闲类,2026-10-08
4399,total_click_rank,32,勇者之路精灵物语速升版,https://www.4399.com/flash/47931.htm,,,,,,2011-01-18,冒险类,2026-10-08
4399,total_click_rank,33,二战前线2无敌版,https://www.4399.com/flash/21674.htm,,,,,,2009-12-29,射击类,2026-10-08
4399,total_click_rank,34,闪翼双星无敌版,https://www.4399.com/flash/70215.htm,,,,,,2011-09-15,冒险类,2026-10-08
4399,total_click_rank,35,拳王wing1.85无敌版,https://www.4399.com/flash/110116.htm,,,,,,2012-11-18,动作类,2026-10-08
4399,total_click_rank,36,森林冰火人中文版,https://www.4399.com/flash/20660.htm,,,,,,2009-12-02,益智类,2026-10-08
4399,total_click_rank,37,皮卡堂过家家,https://my.4399.com/yxpkt/,,,,,,2025-03-26,休闲类,2026-10-08
4399,total_click_rank,38,勇者之刃,https://www.4399.com/flash/80727.htm,,,,,,2012-02-10,动作类,2026-10-08
4399,total_click_rank,39,双人旋转赛车,https://www.4399.com/flash/10305.htm,,,,,,2009-01-18,体育类,2026-10-08
4399,total_click_rank,40,坦克动荡2,https://www.4399.com/flash/137953.htm,,,,,,2014-06-12,射击类,2026-10-08
4399,total_click_rank,41,黄金矿工双人版,https://www.4399.com/flash/3883.htm,,,,,,2008-01-24,休闲类,2026-10-08
4399,total_click_rank,42,快刀切水果3,https://www.4399.com/flash/73386.htm,,,,,,2011-10-28,敏捷篇,2026-10-08
4399,total_click_rank,43,三国小镇,https://www.4399.com/flash/72550.htm,,,,,,2011-11-03,动作类,2026-10-08
4399,total_click_rank,44,4399功夫派,https://news.4399.com/gongfupai/,,,,,,2015-02-23,动作类,2026-10-08
4399,total_click_rank,45,死神VS火影2.6,https://www.4399.com/flash/176245.htm,,,,,,2016-06-29,动作类,2026-10-08
4399,total_click_rank,46,王子公主回家记,https://www.4399.com/flash/60369.htm,,,,,,2011-06-08,冒险类,2026-10-08
4399,total_click_rank,47,3D双人极速飙车,https://www.4399.com/flash/74213.htm,,,,,,2011-11-07,体育类,2026-10-08
4399,total_click_rank,48,小鳄鱼爱洗澡中文版,https://www.4399.com/flash/93551.htm,,,,,,2012-07-15,益智类,2026-10-08
4399,total_click_rank,49,双人碰碰车3D1.2,https://www.4399.com/flash/187228.htm,,,,,,2017-04-22,敏捷篇,2026-10-08
4399,total_click_rank,50,粘液实验室2,https://www.4399.com/flash/117227.htm,,,,,,2013-05-31,冒险类,2026-10-08
4399,total_click_rank,51,森林冰火人4无敌版,https://www.4399.com/flash/113377.htm,,,,,,2013-04-02,益智类,2026-10-08
4399,total_click_rank,52,全民斗地主,https://www.4399.com/flash/117945.htm,,,,,,2013-06-12,棋牌类,2026-10-08
4399,total_click_rank,53,造梦无双,https://www.4399.com/flash/210650.htm,,,,,,2023-06-21,综合类,2026-10-08
4399,total_click_rank,54,3D极速飙车,https://www.4399.com/flash/40779.htm,,,,,,2010-10-26,体育类,2026-10-08
4399,total_click_rank,55,石头连连看,https://www.4399.com/flash/10393.htm,,,,,,2009-01-21,益智类,2026-10-08
4399,total_click_rank,56,西游战记3,https://www.4399.com/flash/123456.htm,,,,,,2013-11-08,动作类,2026-10-08
4399,total_click_rank,57,突击对决无敌版,https://www.4399.com/flash/42760.htm,,,,,,2010-11-23,策略类,2026-10-08
4399,total_click_rank,58,高楼爆破3无敌版,https://www.4399.com/flash/79068.htm,,,,,,2011-12-29,益智类,2026-10-08
4399,total_click_rank,59,死神VS火影3.2,https://www.4399.com/flash/199408.htm,,,,,,2018-07-27,动作类,2026-10-08
4399,total_click_rank,60,黄金矿工中文版,https://www.4399.com/flash/1602.htm,,,,,,2005-04-04,敏捷篇,2026-10-08
4399,total_click_rank,61,方块世界吃鸡,https://www.4399.com/flash/202604.htm,,,,,,2018-12-29,射击类,2026-10-08
4399,total_click_rank,62,中国象棋,https://www.4399.com/flash/36944.htm,,,,,,2010-08-19,棋牌类,2026-10-08
4399,total_click_rank,63,战火英雄2中文无敌版,https://www.4399.com/flash/113859.htm,,,,,,2013-04-09,射击类,2026-10-08
4399,total_click_rank,64,拳王wing1.91,https://www.4399.com/flash/118482.htm,,,,,,2017-12-11,动作类,2026-10-08
4399,total_click_rank,65,五子连珠,https://www.4399.com/flash/853.htm,,,,,,2004-06-09,益智类,2026-10-08
4399,total_click_rank,66,炫酷旋转忍者2,https://www.4399.com/flash/100030.htm,,,,,,2012-10-03,敏捷篇,2026-10-08
4399,total_click_rank,67,屁王兄弟无敌版,https://www.4399.com/flash/56667.htm,,,,,,2011-05-12,冒险类,2026-10-08
4399,total_click_rank,68,双刃战士无敌版,https://www.4399.com/flash/68901.htm,,,,,,2011-08-31,冒险类,2026-10-08
4399,total_click_rank,69,青蛙祖玛,https://www.4399.com/flash/17403.htm,,,,,,2009-08-21,益智类,2026-10-08
4399,total_click_rank,70,蝴蝶连连看,https://www.4399.com/flash/57474.htm,,,,,,2011-05-09,益智类,2026-10-08
4399,total_click_rank,71,彩8对战,https://www.4399.com/flash/27237.htm,,,,,,2010-04-14,体育类,2026-10-08
4399,total_click_rank,72,逃命的火鸡,https://www.4399.com/flash/43689.htm,,,,,,2010-12-06,敏捷篇,2026-10-08
4399,total_click_rank,73,战火英雄无敌版,https://www.4399.com/flash/90742.htm,,,,,,2012-06-06,射击类,2026-10-08
4399,total_click_rank,74,超级马里奥水上摩托,https://www.4399.com/flash/56259.htm,,,,,,2011-04-19,体育类,2026-10-08
4399,total_click_rank,75,制作美味蛋糕,https://www.4399.com/flash/19063.htm,,,,,,2009-10-28,休闲类,2026-10-08
4399,total_click_rank,76,奶油鸡食谱,https://www.4399.com/flash/39952.htm,,,,,,2008-11-06,休闲类,2026-10-08
4399,total_click_rank,77,花花连连看,https://www.4399.com/flash/4781.htm,,,,,,2007-05-06,益智类,2026-10-08
4399,total_click_rank,78,钢铁蜘蛛侠,https://www.4399.com/flash/87425.htm,,,,,,2012-04-18,冒险类,2026-10-08
4399,total_click_rank,79,二战前线3无敌选关版,https://www.4399.com/flash/83914.htm,,,,,,2012-03-01,射击类,2026-10-08
4399,total_click_rank,80,宠物连连看2.6,https://www.4399.com/flash/2231.htm,,,,,,2005-11-18,益智类,2026-10-08
4399,total_click_rank,81,英雄大作战V0.7终极无敌版,https://www.4399.com/flash/113387.htm,,,,,,2013-04-01,动作类,2026-10-08
4399,total_click_rank,82,极限越野6,https://www.4399.com/flash/127192.htm,,,,,,2013-11-22,体育类,2026-10-08
4399,total_click_rank,83,4399打豆豆,https://www.4399.com/flash/54423.htm,,,,,,2011-02-12,益智类,2026-10-08
4399,total_click_rank,84,机器人攻城战无敌版,https://www.4399.com/flash/100942.htm,,,,,,2012-10-14,冒险类,2026-10-08
4399,total_click_rank,85,勇者之路双人速升版,https://www.4399.com/flash/45046.htm,,,,,,2010-12-19,冒险类,2026-10-08
4399,total_click_rank,86,消灭星星豪华版,https://www.4399.com/flash/136516.htm,,,,,,2014-05-10,益智类,2026-10-08
4399,total_click_rank,87,奥维斗地主,https://www.4399.com/flash/10235.htm,,,,,,2009-05-10,棋牌类,2026-10-08
4399,total_click_rank,88,混乱大枪战新版中文版,https://www.4399.com/flash/151915.htm,,,,,,2015-02-06,射击类,2026-10-08
4399,total_click_rank,89,Q版泡泡堂3升级版,https://www.4399.com/flash/86250.htm,,,,,,2012-03-31,休闲类,2026-10-08
4399,total_click_rank,90,皇城突袭1.13无敌版,https://www.4399.com/flash/112689.htm,,,,,,2010-12-15,策略类,2026-10-08
4399,total_click_rank,91,老爹汉堡店,https://www.4399.com/flash/43728.htm,,,,,,2010-12-16,模拟经营,2026-10-08
4399,total_click_rank,92,双箭头2无敌版,https://www.4399.com/flash/66373.htm,,,,,,2011-08-04,冒险类,2026-10-08
4399,total_click_rank,93,乐高游戏嘉年华3,https://www.4399.com/flash/117252.htm,,,,,,2013-05-31,儿童类,2026-10-08
4399,total_click_rank,94,坦克动荡,https://www.4399.com/flash/34789.htm,,,,,,2010-07-14,射击类,2026-10-08
4399,total_click_rank,95,冰火人亚马逊大冒险,https://www.4399.com/flash/184213.htm,,,,,,2017-01-15,冒险类,2026-10-08
4399,total_click_rank,96,游戏明星大乱斗5.0,https://www.4399.com/flash/143365.htm,,,,,,2014-09-09,动作类,2026-10-08
4399,total_click_rank,97,双人自行车对战,https://www.4399.com/flash/82182.htm,,,,,,2012-02-10,体育类,2026-10-08
4399,total_click_rank,98,森林冰火人双人迷宫,https://www.4399.com/flash/63033.htm,,,,,,2011-07-05,益智类,2026-10-08
4399,total_click_rank,99,Touch触动,https://my.4399.com/yxtouch/,,,,,,2021-11-27,休闲类,2026-10-08
4399,total_click_rank,100,逃跑吧！少年,https://news.4399.com/taopao/,,,,,,2018-06-15,动作类,2026-10-08
4399,total_click_rank,101,天空之舞,https://my.4399.com/yxxtkzw/,,,,,,2017-01-09,装扮类,2026-10-08
4399,total_click_rank,102,封神太子2,https://www.4399.com/flash/91800.htm,,,,,,2012-07-19,综合类,2026-10-08
4399,total_click_rank,103,新斗兽棋,https://www.4399.com/flash/205050.htm,,,,,,2019-04-04,棋牌类,2026-10-08
4399,total_click_rank,104,泡泡堂卡丁车,https://www.4399.com/flash/124679.htm,,,,,,2013-10-11,体育类,2026-10-08
4399,total_click_rank,105,拯救恐龙,https://www.4399.com/flash/47919.htm,,,,,,2011-01-26,敏捷篇,2026-10-08
4399,total_click_rank,106,快乐美发师3,https://www.4399.com/flash/96275.htm,,,,,,2012-08-18,装扮类,2026-10-08
4399,total_click_rank,107,超级米拉奇战记,https://www.4399.com/flash/48390.htm,,,,,,2011-01-29,策略类,2026-10-08
4399,total_click_rank,108,勇闯地下城2.8无敌版,https://www.4399.com/flash/99976.htm,,,,,,2010-12-09,动作类,2026-10-08
4399,total_click_rank,109,消灭星星中文版,https://www.4399.com/flash/106202.htm,,,,,,2012-12-14,益智类,2026-10-08
4399,total_click_rank,110,冰娃与火娃5,https://www.4399.com/flash/203658.htm,,,,,,2019-02-07,冒险类,2026-10-08
4399,total_click_rank,111,MH大鱼吃小鱼三人版,https://www.4399.com/flash/145905.htm,,,,,,2014-10-23,敏捷篇,2026-10-08
4399,total_click_rank,112,小怪物探险,https://www.4399.com/flash/34736.htm,,,,,,2010-07-12,冒险类,2026-10-08
4399,total_click_rank,113,双人碰碰车3D,https://www.4399.com/flash/175808.htm,,,,,,2016-06-21,敏捷篇,2026-10-08
4399,total_click_rank,114,河马饲养员,https://www.4399.com/flash/68259.htm,,,,,,2011-08-23,益智类,2026-10-08
4399,total_click_rank,115,火线风暴,https://www.4399.com/flash/129252.htm,,,,,,2013-12-26,射击类,2026-10-08
4399,total_click_rank,116,米拉奇战记,https://www.4399.com/flash/40566.htm,,,,,,2010-11-05,策略类,2026-10-08
4399,total_click_rank,117,军棋,https://www.4399.com/flash/107884.htm,,,,,,2013-01-07,棋牌类,2026-10-08
4399,total_click_rank,118,三国小镇2怀旧版,https://www.4399.com/flash/129731.htm,,,,,,2014-01-17,动作类,2026-10-08
4399,total_click_rank,119,城邦争霸1.1.2,https://www.4399.com/flash/102670.htm,,,,,,2012-11-01,策略类,2026-10-08
4399,total_click_rank,120,拳王wing1.4,https://www.4399.com/flash/38381.htm,,,,,,2010-09-13,动作类,2026-10-08
4399,total_click_rank,121,真人快打,https://www.4399.com/flash/1378.htm,,,,,,2004-11-24,动作类,2026-10-08
4399,total_click_rank,122,西游灭妖传,https://www.4399.com/flash/172188.htm,,,,,,2016-04-01,动作类,2026-10-08
4399,total_click_rank,123,大嘴怪冒险无敌版,https://www.4399.com/flash/74394.htm,,,,,,2011-11-09,冒险类,2026-10-08
4399,total_click_rank,124,挖地小子无敌版,https://www.4399.com/flash/44667.htm,,,,,,2010-10-30,休闲类,2026-10-08
4399,total_click_rank,125,海盗军团抢宝藏,https://www.4399.com/flash/18173.htm,,,,,,2010-10-02,策略类,2026-10-08
4399,total_click_rank,126,四人打麻将,https://www.4399.com/flash/110975.htm,,,,,,2013-02-25,棋牌类,2026-10-08
4399,total_click_rank,127,冰火熊猫大冒险,https://www.4399.com/flash/43139.htm,,,,,,2010-11-29,冒险类,2026-10-08
4399,total_click_rank,128,城邦争霸中文无敌版,https://www.4399.com/flash/97801.htm,,,,,,2012-09-06,策略类,2026-10-08
4399,total_click_rank,129,游乐斗地主,https://www.4399.com/flash/213993.htm,,,,,,2020-06-29,棋牌类,2026-10-08
4399,total_click_rank,130,疯狂过山车2,https://www.4399.com/flash/62002.htm,,,,,,2011-06-24,益智类,2026-10-08
4399,total_click_rank,131,装载卡车5,https://www.4399.com/flash/171900.htm,,,,,,2016-04-05,益智类,2026-10-08
4399,total_click_rank,132,萌少年酷跑电脑版,https://www.4399.com/flash/136667.htm,,,,,,2014-05-13,敏捷篇,2026-10-08
4399,total_click_rank,133,火柴人吃豆豆,https://www.4399.com/flash/163404.htm,,,,,,2015-09-30,冒险类,2026-10-08
4399,total_click_rank,134,双人旋转赛车选关版,https://www.4399.com/flash/92640.htm,,,,,,2012-07-03,体育类,2026-10-08
4399,total_click_rank,135,宇宙机器人酷跑3,https://www.4399.com/flash/182561.htm,,,,,,2016-11-24,敏捷篇,2026-10-08
4399,total_click_rank,136,整蛊火柴人2,https://www.4399.com/flash/134354.htm,,,,,,2014-04-03,搞笑类,2026-10-08
4399,total_click_rank,137,坦克大战之风云再起,https://news.4399.com/tanke/,,,,,,2019-03-22,射击类,2026-10-08
4399,total_click_rank,138,骇客大战外星人,https://www.4399.com/flash/98781.htm,,,,,,2012-09-19,射击类,2026-10-08
4399,total_click_rank,139,帮鸟儿解冻3,https://www.4399.com/flash/131178.htm,,,,,,2014-02-08,益智类,2026-10-08
4399,total_click_rank,140,国王的勇士5,https://www.4399.com/flash/160855.htm,,,,,,2015-08-13,动作类,2026-10-08
4399,total_click_rank,141,坏蛋冰淇淋2无敌版,https://www.4399.com/flash/106933.htm,,,,,,2012-12-25,益智类,2026-10-08
4399,total_click_rank,142,装载卡车4,https://www.4399.com/flash/100125.htm,,,,,,2012-10-05,益智类,2026-10-08
4399,total_click_rank,143,宠物连连看3.0版,https://www.4399.com/flash/10919.htm,,,,,,2009-02-19,益智类,2026-10-08
4399,total_click_rank,144,经典90坦克大战,https://www.4399.com/flash/4963.htm,,,,,,2007-01-24,射击类,2026-10-08
4399,total_click_rank,145,荒岛枪训,https://www.4399.com/flash/196945.htm,,,,,,2018-04-30,射击类,2026-10-08
4399,total_click_rank,146,黄金矿工双人无敌版,https://www.4399.com/flash/31157.htm,,,,,,2010-05-24,敏捷篇,2026-10-08
4399,total_click_rank,147,机甲小子,https://www.4399.com/flash/115225.htm,,,,,,2013-11-08,冒险类,2026-10-08
4399,total_click_rank,148,钻头车挖宝石,https://www.4399.com/flash/64592.htm,,,,,,2011-07-19,敏捷篇,2026-10-08
4399,total_click_rank,149,极速飞车3,https://www.4399.com/flash/97554.htm,,,,,,2012-09-04,体育类,2026-10-08
4399,total_click_rank,150,亚当找夏娃3,https://www.4399.com/flash/147327.htm,,,,,,2014-11-17,益智类,2026-10-08
4399,total_click_rank,151,植物大战僵尸无敌战略版2,https://www.4399.com/flash/85646.htm,,,,,,2012-03-23,策略类,2026-10-08
4399,total_click_rank,152,奥维五子棋,https://www.4399.com/flash/4406.htm,,,,,,2007-03-23,棋牌类,2026-10-08
4399,total_click_rank,153,孤城神箭,https://www.4399.com/flash/117462.htm,,,,,,2013-06-03,射击类,2026-10-08
4399,total_click_rank,154,二战前线2中文无敌版,https://www.4399.com/flash/28869.htm,,,,,,2010-04-03,射击类,2026-10-08
4399,total_click_rank,155,冰娃与火娃6,https://www.4399.com/flash/223745.htm,,,,,,2021-11-17,冒险类,2026-10-08
4399,total_click_rank,156,小怪物探险3,https://www.4399.com/flash/94580.htm,,,,,,2012-07-28,冒险类,2026-10-08
4399,total_click_rank,157,妖尾VS海贼王2.0,https://www.4399.com/flash/198660.htm,,,,,,2018-07-06,动作类,2026-10-08
4399,total_click_rank,158,大炮色彩毛绒球,https://www.4399.com/flash/46144.htm,,,,,,2010-12-27,射击类,2026-10-08
4399,total_click_rank,159,Q版泡泡堂5无敌版,https://www.4399.com/flash/105327.htm,,,,,,2012-12-05,休闲类,2026-10-08
4399,total_click_rank,160,狼牙特种部队2,https://www.4399.com/flash/131185.htm,,,,,,2014-02-09,射击类,2026-10-08
4399,total_click_rank,161,小婴儿逃出系列3,https://www.4399.com/flash/71760.htm,,,,,,2011-10-09,益智类,2026-10-08
4399,total_click_rank,162,变形金刚战记,https://www.4399.com/flash/163478.htm,,,,,,2015-10-21,射击类,2026-10-08
4399,total_click_rank,163,Q版泡泡堂6,https://www.4399.com/flash/123374.htm,,,,,,2013-09-13,休闲类,2026-10-08
4399,total_click_rank,164,拖拉机,https://www.4399.com/flash/10236.htm,,,,,,2009-01-10,棋牌类,2026-10-08
4399,total_click_rank,165,皇帝成长计划2,https://www.4399.com/flash/198637.htm,,,,,,2018-07-25,策略类,2026-10-08
4399,total_click_rank,166,飞天忍者猫,https://www.4399.com/flash/8068.htm,,,,,,2008-03-24,敏捷篇,2026-10-08
4399,total_click_rank,167,战争进化史2无敌版,https://www.4399.com/flash/31836.htm,,,,,,2010-05-31,策略类,2026-10-08
4399,total_click_rank,168,我要当国王,https://www.4399.com/flash/147120.htm,,,,,,2014-11-13,敏捷篇,2026-10-08
4399,total_click_rank,169,3D坦克,https://my.4399.com/yxtk/,,,,,,2025-06-05,射击类,2026-10-08
4399,total_click_rank,170,混乱大枪战2中文版,https://www.4399.com/flash/97733.htm,,,,,,2012-09-05,射击类,2026-10-08
4399,total_click_rank,171,神奇小妖怪中文版,https://www.4399.com/flash/43826.htm,,,,,,2010-12-07,敏捷篇,2026-10-08
4399,total_click_rank,172,小火车过隧道无敌版,https://www.4399.com/flash/37529.htm,,,,,,2008-12-27,益智类,2026-10-08
4399,total_click_rank,173,酷小孩回家4,https://www.4399.com/flash/156918.htm,,,,,,2015-05-29,益智类,2026-10-08
4399,total_click_rank,174,连连看3.1原版,https://www.4399.com/flash/92102.htm,,,,,,2012-06-25,益智类,2026-10-08
4399,total_click_rank,175,唤醒嗜睡的小人,https://www.4399.com/flash/50350.htm,,,,,,2011-03-16,益智类,2026-10-08
4399,total_click_rank,176,霸气的蠕虫,https://www.4399.com/flash/58722.htm,,,,,,2011-05-20,敏捷篇,2026-10-08
4399,total_click_rank,177,恐龙快打双人选关版,https://www.4399.com/flash/71258.htm,,,,,,2011-09-28,动作类,2026-10-08
4399,total_click_rank,178,4399涂鸦画板,https://zuopin.4399.com/tuya/,,,,,,2021-09-16,休闲类,2026-10-08
4399,total_click_rank,179,4399画板,https://www.4399.com/flash/46972.htm,,,,,,2010-12-24,儿童类,2026-10-08
4399,total_click_rank,180,3D超级漂移2,https://www.4399.com/flash/121768.htm,,,,,,2013-08-16,体育类,2026-10-08
4399,total_click_rank,181,汽车标志连连看,https://www.4399.com/flash/4782.htm,,,,,,2007-05-06,益智类,2026-10-08
4399,total_click_rank,182,变形金刚赛车,https://www.4399.com/flash/89377.htm,,,,,,2011-01-07,体育类,2026-10-08
4399,total_click_rank,183,特种任务,https://www.4399.com/flash/2472.htm,,,,,,2006-02-14,射击类,2026-10-08
4399,total_click_rank,184,乐高积木岛,https://www.4399.com/flash/91190.htm,,,,,,2012-06-12,儿童类,2026-10-08
4399,total_click_rank,185,极限越野5,https://www.4399.com/flash/107177.htm,,,,,,2012-12-27,体育类,2026-10-08
4399,total_click_rank,186,愤怒的小鸟太空版HD,https://www.4399.com/flash/96689.htm,,,,,,2012-08-24,益智类,2026-10-08
4399,total_click_rank,187,火柴人格斗进化v1.2,https://www.4399.com/flash/206114.htm,,,,,,2019-06-06,动作类,2026-10-08
4399,total_click_rank,188,山地自行车3D版,https://www.4399.com/flash/11487.htm,,,,,,2009-03-25,体育类,2026-10-08
4399,total_click_rank,189,拳王Wing1.85,https://www.4399.com/flash/109906.htm,,,,,,2017-05-16,动作类,2026-10-08
4399,total_click_rank,190,炮兵突击,https://www.4399.com/flash/103266.htm,,,,,,2012-11-09,益智类,2026-10-08
4399,total_click_rank,191,巫婆造女孩中文版,https://www.4399.com/flash/51548.htm,,,,,,2011-03-16,搞笑类,2026-10-08
4399,total_click_rank,192,冰火人冒险,https://www.4399.com/flash/31307.htm,,,,,,2010-06-01,冒险类,2026-10-08
4399,total_click_rank,193,消你妹,https://www.4399.com/flash/130836.htm,,,,,,2014-01-24,益智类,2026-10-08
4399,total_click_rank,194,游戏明星大乱斗4.3,https://www.4399.com/flash/108635.htm,,,,,,2012-11-18,动作类,2026-10-08
4399,total_click_rank,195,大鱼吃小鱼2012,https://www.4399.com/flash/96342.htm,,,,,,2012-08-20,敏捷篇,2026-10-08
4399,total_click_rank,196,急速变色龙,https://www.4399.com/flash/188739.htm,,,,,,2017-06-24,敏捷篇,2026-10-08
4399,total_click_rank,197,朵拉的迷你高尔夫,https://www.4399.com/flash/41285.htm,,,,,,2010-11-02,益智类,2026-10-08
4399,total_click_rank,198,消灭星星3电脑版,https://www.4399.com/flash/128302.htm,,,,,,2013-12-11,益智类,2026-10-08
4399,total_click_rank,199,变形金刚拯救星球无敌版,https://www.4399.com/flash/102831.htm,,,,,,2012-11-03,射击类,2026-10-08
4399,total_click_rank,200,阿sue煮鸡蛋面,https://www.4399.com/flash/9714.htm,,,,,,2008-11-30,休闲类,2026-10-08
4399,total_click_rank,201,荒岛枪训复活战,https://www.4399.com/flash/201312.htm,,,,,,2018-10-25,射击类,2026-10-08
4399,total_click_rank,202,二战前线2完整版,https://www.4399.com/flash/10672.htm,,,,,,2009-01-18,射击类,2026-10-08
4399,total_click_rank,203,朵拉摘星,https://www.4399.com/flash/37925.htm,,,,,,2010-09-06,冒险类,2026-10-08
4399,total_click_rank,204,世界射箭锦标赛,https://www.4399.com/flash/196181.htm,,,,,,2018-03-20,射击类,2026-10-08
4399,total_click_rank,205,飞碟星际之旅,https://www.4399.com/flash/122571.htm,,,,,,2013-08-29,敏捷篇,2026-10-08
4399,total_click_rank,206,菠萝芒果汁,https://www.4399.com/flash/37914.htm,,,,,,2009-10-21,休闲类,2026-10-08
4399,total_click_rank,207,可爱炸弹人2,https://www.4399.com/flash/9159.htm,,,,,,2008-09-17,休闲类,2026-10-08
4399,total_click_rank,208,愤怒的僵尸,https://www.4399.com/flash/59799.htm,,,,,,2011-06-01,射击类,2026-10-08
4399,total_click_rank,209,冰火小人闯关,https://www.4399.com/flash/37033.htm,,,,,,2010-08-14,冒险类,2026-10-08
4399,total_click_rank,210,蓝色药水终极版,https://www.4399.com/flash/115691.htm,,,,,,2013-05-08,射击类,2026-10-08
4399,total_click_rank,211,斗罗大陆,https://www.4399.com/flash/203569.htm,,,,,,2019-01-23,策略类,2026-10-08
4399,total_click_rank,212,双人麻将,https://www.4399.com/flash/8124.htm,,,,,,2008-03-31,棋牌类,2026-10-08
4399,total_click_rank,213,混乱大枪战新版,https://www.4399.com/flash/149032.htm,,,,,,2014-12-17,射击类,2026-10-08
4399,total_click_rank,214,魂斗罗完美版,https://www.4399.com/flash/59630.htm,,,,,,2011-05-30,射击类,2026-10-08
4399,total_click_rank,215,火柴人吃豆豆2,https://www.4399.com/flash/185686.htm,,,,,,2017-03-07,冒险类,2026-10-08
4399,total_click_rank,216,愤怒的老奶奶玩酷跑1.8,https://www.4399.com/flash/146595.htm,,,,,,2014-11-06,敏捷篇,2026-10-08
4399,total_click_rank,217,猎人的生存日记加强中文版,https://www.4399.com/flash/189096.htm,,,,,,2017-06-25,策略类,2026-10-08
4399,total_click_rank,218,植物大战僵尸2,https://www.4399.com/flash/49273.htm,,,,,,2010-11-06,冒险类,2026-10-08
4399,total_click_rank,219,幼儿园照顾小宝宝,https://www.4399.com/flash/23932.htm,,,,,,2010-02-22,休闲类,2026-10-08
4399,total_click_rank,220,猛象争霸,https://www.4399.com/flash/28546.htm,,,,,,2010-04-28,敏捷篇,2026-10-08
4399,total_click_rank,221,激光炮轰小怪2,https://www.4399.com/flash/57317.htm,,,,,,2011-05-06,益智类,2026-10-08
4399,total_click_rank,222,展翅高飞,https://www.4399.com/flash/102429.htm,,,,,,2012-11-06,敏捷篇,2026-10-08
4399,total_click_rank,223,翔云蜘蛛纸牌,https://www.4399.com/flash/125838.htm,,,,,,2013-10-30,棋牌类,2026-10-08
4399,total_click_rank,224,爸爸去哪儿之原版大冒险,https://www.4399.com/flash/130635.htm,,,,,,2014-01-22,冒险类,2026-10-08
4399,total_click_rank,225,被尘封的故事,https://www.4399.com/flash/120481.htm,,,,,,2023-02-27,冒险类,2026-10-08
4399,total_click_rank,226,街头暴扣,https://www.4399.com/flash/61044.htm,,,,,,2010-09-15,体育类,2026-10-08
4399,total_click_rank,227,坦克动荡加强版,https://www.4399.com/flash/181862.htm,,,,,,2016-11-06,射击类,2026-10-08
4399,total_click_rank,228,极限跑酷,https://www.4399.com/flash/10736.htm,,,,,,2009-03-08,敏捷篇,2026-10-08
4399,total_click_rank,229,冰火人冒险双人无敌版,https://www.4399.com/flash/80714.htm,,,,,,2012-01-18,冒险类,2026-10-08
4399,total_click_rank,230,愤怒小鸟炮弹球3,https://www.4399.com/flash/81929.htm,,,,,,2012-02-07,射击类,2026-10-08
4399,total_click_rank,231,屁王兄弟2,https://www.4399.com/flash/165375.htm,,,,,,2015-11-10,冒险类,2026-10-08
4399,total_click_rank,232,海绵宝宝-擂台大战,https://www.4399.com/flash/8739.htm,,,,,,2008-07-24,动作类,2026-10-08
4399,total_click_rank,233,3D巴士停车,https://www.4399.com/flash/119847.htm,,,,,,2013-07-15,体育类,2026-10-08
4399,total_click_rank,234,萌少年酷跑三人版,https://www.4399.com/flash/169090.htm,,,,,,2016-01-19,敏捷篇,2026-10-08
4399,total_click_rank,235,多拉A梦来钓鱼,https://www.4399.com/flash/1566.htm,,,,,,2005-02-05,敏捷篇,2026-10-08
4399,total_click_rank,236,混乱大枪战2中文无敌版,https://www.4399.com/flash/97734.htm,,,,,,2012-09-05,射击类,2026-10-08
4399,total_click_rank,237,极限越野,https://www.4399.com/flash/13608.htm,,,,,,2009-06-18,体育类,2026-10-08
4399,total_click_rank,238,老爹甜品店中文版,https://www.4399.com/flash/147013.htm,,,,,,2014-11-12,模拟经营,2026-10-08
4399,total_click_rank,239,热血狂飙无敌版,https://www.4399.com/flash/41193.htm,,,,,,2010-11-01,体育类,2026-10-08
4399,total_click_rank,240,阿Sue做蛋糕,https://www.4399.com/flash/2878.htm,,,,,,2006-06-14,休闲类,2026-10-08
4399,total_click_rank,241,乐园过山车中文版,https://www.4399.com/flash/33892.htm,,,,,,2010-06-28,体育类,2026-10-08
4399,total_click_rank,242,火娃冰娃闯关2无敌版,https://www.4399.com/flash/45256.htm,,,,,,2010-12-21,冒险类,2026-10-08
4399,total_click_rank,243,托马斯过河,https://www.4399.com/flash/89614.htm,,,,,,2012-05-21,益智类,2026-10-08
4399,total_click_rank,244,美人鱼寻爱之旅,https://www.4399.com/flash/115756.htm,,,,,,2013-04-01,冒险类,2026-10-08
4399,total_click_rank,245,海绵宝宝3D大富翁2,https://www.4399.com/flash/88882.htm,,,,,,2012-05-11,益智类,2026-10-08
4399,total_click_rank,246,XEVOZ变种战士,https://www.4399.com/flash/1304.htm,,,,,,2004-11-04,冒险类,2026-10-08
4399,total_click_rank,247,小忍者寻宝无敌版,https://www.4399.com/flash/68724.htm,,,,,,2011-06-29,敏捷篇,2026-10-08
4399,total_click_rank,248,中国熊猫2无敌版,https://www.4399.com/flash/80211.htm,,,,,,2012-01-12,益智类,2026-10-08
4399,total_click_rank,249,热血篮球赛,https://www.4399.com/flash/177469.htm,,,,,,2016-07-23,体育类,2026-10-08
4399,total_click_rank,250,小球进洞,https://www.4399.com/flash/21223.htm,,,,,,2010-08-04,益智类,2026-10-08
4399,total_click_rank,251,送货货车,https://www.4399.com/flash/36760.htm,,,,,,2010-08-17,体育类,2026-10-08
4399,total_click_rank,252,史上最贱小游戏之体育,https://www.4399.com/flash/152489.htm,,,,,,2015-02-27,益智类,2026-10-08
4399,total_click_rank,253,城邦争霸1.0终极无敌版,https://www.4399.com/flash/102393.htm,,,,,,2012-10-29,策略类,2026-10-08
4399,total_click_rank,254,鸡鸭兄弟,https://www.4399.com/flash/116267.htm,,,,,,2013-05-16,冒险类,2026-10-08
4399,total_click_rank,255,海绵宝宝海底清洁工,https://www.4399.com/flash/8734.htm,,,,,,2008-07-24,冒险类,2026-10-08
4399,total_click_rank,256,投篮挑战选关版,https://www.4399.com/flash/71883.htm,,,,,,2010-08-03,体育类,2026-10-08
4399,total_click_rank,257,枕头大战中文版,https://www.4399.com/flash/47951.htm,,,,,,2011-01-24,敏捷篇,2026-10-08
4399,total_click_rank,258,皮球总动员四人版,https://www.4399.com/flash/159976.htm,,,,,,2015-07-28,休闲类,2026-10-08
4399,total_click_rank,259,小怪物探险2,https://www.4399.com/flash/51444.htm,,,,,,2011-03-15,冒险类,2026-10-08
4399,total_click_rank,260,贪玩三人组,https://www.4399.com/flash/75533.htm,,,,,,2011-11-23,冒险类,2026-10-08
4399,total_click_rank,261,爆发的小火山,https://www.4399.com/flash/54185.htm,,,,,,2011-04-18,敏捷篇,2026-10-08
4399,total_click_rank,262,冰火人面兽,https://www.4399.com/flash/178700.htm,,,,,,2016-08-18,冒险类,2026-10-08
4399,total_click_rank,263,老爹寿司店中文版,https://www.4399.com/flash/187040.htm,,,,,,2017-04-07,模拟经营,2026-10-08
4399,total_click_rank,264,恐龙大战火箭车,https://www.4399.com/flash/29312.htm,,,,,,2010-10-06,敏捷篇,2026-10-08
4399,total_click_rank,265,愤怒的冰人火人,https://www.4399.com/flash/90009.htm,,,,,,2012-05-25,射击类,2026-10-08
4399,total_click_rank,266,Q版泡泡堂5,https://www.4399.com/flash/104513.htm,,,,,,2012-11-26,休闲类,2026-10-08
4399,total_click_rank,267,卡哇伊跑酷2,https://www.4399.com/flash/104983.htm,,,,,,2012-11-30,体育类,2026-10-08
4399,total_click_rank,268,太空舱作战军团2,https://www.4399.com/flash/148055.htm,,,,,,2014-11-29,射击类,2026-10-08
4399,total_click_rank,269,狂野飙客3,https://www.4399.com/flash/179012.htm,,,,,,2016-08-26,体育类,2026-10-08
4399,total_click_rank,270,火娃冰娃闯关无敌版,https://www.4399.com/flash/43755.htm,,,,,,2010-12-06,冒险类,2026-10-08
4399,total_click_rank,271,超级玛丽中文版,https://www.4399.com/flash/58993.htm,,,,,,2011-05-24,冒险类,2026-10-08
4399,total_click_rank,272,王子公主回家记无敌版,https://www.4399.com/flash/94953.htm,,,,,,2012-08-02,冒险类,2026-10-08
4399,total_click_rank,273,双人坦克世界3D,https://www.4399.com/flash/180977.htm,,,,,,2016-10-14,射击类,2026-10-08
4399,total_click_rank,274,抓捕大公鸡,https://www.4399.com/flash/96792.htm,,,,,,2012-08-25,敏捷篇,2026-10-08
4399,total_click_rank,275,大炮篮球,https://www.4399.com/flash/103568.htm,,,,,,2012-11-13,射击类,2026-10-08
4399,total_click_rank,276,森林冰火人3,https://www.4399.com/flash/79452.htm,,,,,,2012-01-04,益智类,2026-10-08
4399,total_click_rank,277,朵拉农场,https://www.4399.com/flash/40451.htm,,,,,,2010-11-05,儿童类,2026-10-08
4399,total_click_rank,278,Q版泡泡堂4,https://www.4399.com/flash/75769.htm,,,,,,2011-11-25,休闲类,2026-10-08
4399,total_click_rank,279,火柴人神器之战2,https://www.4399.com/flash/207016.htm,,,,,,2019-08-23,动作类,2026-10-08
4399,total_click_rank,280,4399水果连连看,https://www.4399.com/flash/34726.htm,,,,,,2010-07-12,益智类,2026-10-08
4399,total_click_rank,281,4399小小突击队,https://my.4399.com/yxxxtjd/,,,,,,2024-12-10,射击类,2026-10-08
4399,total_click_rank,282,高速抢车,https://www.4399.com/flash/35280.htm,,,,,,2010-08-09,敏捷篇,2026-10-08
4399,total_click_rank,283,开心斗地主,https://www.4399.com/flash/36990.htm,,,,,,2010-08-20,棋牌类,2026-10-08
4399,total_click_rank,284,蓝色药水3,https://www.4399.com/flash/61129.htm,,,,,,2011-06-16,射击类,2026-10-08
4399,total_click_rank,285,极品台球3,https://www.4399.com/flash/97605.htm,,,,,,2012-09-04,体育类,2026-10-08
4399,total_click_rank,286,猫里奥,https://www.4399.com/flash/58508.htm,,,,,,2011-05-19,冒险类,2026-10-08
4399,total_click_rank,287,油漆枪战,https://www.4399.com/flash/171130.htm,,,,,,2016-03-10,射击类,2026-10-08
4399,total_click_rank,288,铁头小子,https://www.4399.com/flash/15548.htm,,,,,,2009-08-17,冒险类,2026-10-08
4399,total_click_rank,289,彩色泡泡龙,https://www.4399.com/flash/32512.htm,,,,,,2010-06-07,休闲类,2026-10-08
4399,total_click_rank,290,植物大战僵尸塔防版无敌版,https://www.4399.com/flash/88808.htm,,,,,,2010-09-10,策略类,2026-10-08
4399,total_click_rank,291,4399画板2,https://www.4399.com/flash/80868.htm,,,,,,2012-01-19,儿童类,2026-10-08
4399,total_click_rank,292,魂斗罗双打DIY完整版,https://www.4399.com/flash/1253.htm,,,,,,2007-01-24,动作类,2026-10-08
4399,total_click_rank,293,高楼爆破无敌版,https://www.4399.com/flash/65959.htm,,,,,,2011-03-01,益智类,2026-10-08
4399,total_click_rank,294,火娃冰娃闯关修改版,https://www.4399.com/flash/34722.htm,,,,,,2010-07-12,冒险类,2026-10-08
4399,total_click_rank,295,新黄金矿工,https://www.4399.com/flash/182762.htm,,,,,,2016-12-11,敏捷篇,2026-10-08
4399,total_click_rank,296,极品赛车,https://www.4399.com/flash/34716.htm,,,,,,2010-07-12,体育类,2026-10-08
4399,total_click_rank,297,老爹鸡翅店,https://www.4399.com/flash/91350.htm,,,,,,2012-06-14,模拟经营,2026-10-08
4399,total_click_rank,298,做奶酪汉堡包,https://www.4399.com/flash/36568.htm,,,,,,2010-08-13,休闲类,2026-10-08
4399,total_click_rank,299,狂野飙客2,https://www.4399.com/flash/170021.htm,,,,,,2016-02-12,体育类,2026-10-08
4399,total_click_rank,300,拳王WingEx1.0,https://www.4399.com/flash/140236.htm,,,,,,2014-07-15,动作类,2026-10-08
4399,total_click_rank,301,五星战队之超级武士加强无敌版2,https://www.4399.com/flash/103299.htm,,,,,,2012-11-09,冒险类,2026-10-08
4399,total_click_rank,302,胖胖猫山洞大闯关2,https://www.4399.com/flash/89462.htm,,,,,,2012-05-18,冒险类,2026-10-08
4399,total_click_rank,303,亚当找夏娃中文版,https://www.4399.com/flash/66922.htm,,,,,,2011-08-10,益智类,2026-10-08
4399,total_click_rank,304,武将风云录,https://www.4399.com/flash/130342.htm,,,,,,2014-10-13,策略类,2026-10-08
4399,total_click_rank,305,鸭嘴兽的逆袭2,https://www.4399.com/flash/110352.htm,,,,,,2013-02-19,冒险类,2026-10-08
4399,total_click_rank,306,疯狂的愤怒小鸟,https://www.4399.com/flash/77411.htm,,,,,,2011-12-13,射击类,2026-10-08
4399,monthly_click_rank,1,造梦西游online,https://www.4399.com/flash/zmhj.htm,,,,,,2021-05-31,策略类,2026-10-08
4399,monthly_click_rank,2,皮卡堂过家家,https://my.4399.com/yxpkt/,,,,,,2025-03-26,休闲类,2026-10-08
4399,monthly_click_rank,3,美食大战老鼠,https://my.4399.com/yxmsdzls/,,,,,,2025-03-25,策略类,2026-10-08
4399,monthly_click_rank,4,4399三国杀,https://my.4399.com/yxsgs/,,,,,,2023-12-15,棋牌类,2026-10-08
4399,monthly_click_rank,5,死神VS火影3.3,https://www.4399.com/flash/205551.htm,,,,,,2019-04-30,动作类,2026-10-08
4399,monthly_click_rank,6,生死狙击,https://ssjj.4399.com/,,,,,,2022-01-26,射击类,2026-10-08
4399,monthly_click_rank,7,洛克王国,https://www.4399.com/flash/32979.htm,,,,,,2010-07-10,休闲类,2026-10-08
4399,monthly_click_rank,8,爆枪突击,https://www.4399.com/flash/130396.htm,,,,,,2014-01-17,射击类,2026-10-08
4399,monthly_click_rank,9,造梦无双,https://www.4399.com/flash/210650.htm,,,,,,2023-06-21,综合类,2026-10-08
4399,monthly_click_rank,10,植物大战僵尸,https://www.4399.com/flash/18012.htm,,,,,,2009-09-29,策略类,2026-10-08
4399,monthly_click_rank,11,Touch触动,https://my.4399.com/yxtouch/,,,,,,2021-11-27,休闲类,2026-10-08
4399,monthly_click_rank,12,4399三国快打,https://my.4399.com/yxsgkd/,,,,,,2025-11-10,动作类,2026-10-08
4399,monthly_click_rank,13,天空之舞,https://my.4399.com/yxxtkzw/,,,,,,2017-01-09,装扮类,2026-10-08
4399,monthly_click_rank,14,卡布西游,https://www.4399.com/flash/48399.htm,,,,,,2010-06-09,休闲类,2026-10-08
4399,monthly_click_rank,15,冰娃与火娃6,https://www.4399.com/flash/223745.htm,,,,,,2026-03-31,冒险类,2026-10-08
4399,monthly_click_rank,16,奥比岛,https://www.4399.com/flash/10379.htm,,,,,,2009-02-11,休闲类,2026-10-08
4399,monthly_click_rank,17,宠物连连看2.5版,https://www.4399.com/flash/1382.htm,,,,,,2004-11-30,益智类,2026-10-08
4399,monthly_click_rank,18,4399火线精英,https://news.4399.com/hxjy/,,,,,,2025-04-15,射击类,2026-10-08
4399,monthly_click_rank,19,果蔬连连看,https://www.4399.com/flash/12669.htm,,,,,,2009-05-14,益智类,2026-10-08
4399,monthly_click_rank,20,全民斗地主,https://www.4399.com/flash/117945.htm,,,,,,2013-06-12,棋牌类,2026-10-08
4399,monthly_click_rank,21,奥奇传说,https://news.4399.com/aoqi/,,,,,,2010-04-11,休闲类,2026-10-08
4399,monthly_click_rank,22,神将世界,https://sjsj.4399.com/,,,,,,2020-11-05,动作类,2026-10-08
4399,monthly_click_rank,23,宠物连连看3.1,https://www.4399.com/flash/17801.htm,,,,,,2009-09-26,益智类,2026-10-08
4399,monthly_click_rank,24,4399奥拉星,https://www.4399.com/flash/35538.htm,,,,,,2010-07-03,休闲类,2026-10-08
4399,monthly_click_rank,25,全民枪神:边境王者,https://www.4399.com/flash/212767.htm,,,,,,2020-08-11,射击类,2026-10-08
4399,monthly_click_rank,26,生死狙击2,https://my.4399.com/yxssjj2/,,,,,,2023-09-28,射击类,2026-10-08
4399,monthly_click_rank,27,真死神VS火影绊,https://www.4399.com/flash/230326.htm,,,,,,2022-10-19,动作类,2026-10-08
4399,monthly_click_rank,28,只有一道门2.1,https://www.4399.com/flash/243372.htm,,,,,,2025-04-15,敏捷篇,2026-10-08
4399,monthly_click_rank,29,勇者之刃,https://www.4399.com/flash/yzzrhj.htm,,,,,,2021-08-21,策略类,2026-10-08
4399,monthly_click_rank,30,赛尔号,https://www.4399.com/flash/seer.htm,,,,,,2009-05-05,休闲类,2026-10-08
4399,monthly_click_rank,31,大鱼吃小鱼双人版,https://www.4399.com/flash/93398.htm,,,,,,2012-07-13,敏捷篇,2026-10-08
4399,monthly_click_rank,32,双人决斗,https://www.4399.com/flash/240156.htm,,,,,,2024-04-02,动作类,2026-10-08
4399,monthly_click_rank,33,方块世界吃鸡,https://www.4399.com/flash/202604.htm,,,,,,2018-12-29,射击类,2026-10-08
4399,monthly_click_rank,34,4399三国群英传,https://my.4399.com/yxsgqyz/,,,,,,2025-06-04,策略类,2026-10-08
4399,monthly_click_rank,35,超级台球大师,https://www.4399.com/flash/231801.htm,,,,,,2023-01-04,体育类,2026-10-08
4399,monthly_click_rank,36,翔云蜘蛛纸牌,https://www.4399.com/flash/125838.htm,,,,,,2013-10-30,棋牌类,2026-10-08
4399,monthly_click_rank,37,4399迷你世界,https://news.4399.com/mnsj/,,,,,,2020-03-10,休闲类,2026-10-08
4399,monthly_click_rank,38,火柴人打羽毛球2,https://www.4399.com/flash/90302.htm,,,,,,2012-05-30,体育类,2026-10-08
4399,monthly_click_rank,39,宠物连连看3.1H5,https://www.4399.com/flash/231124.htm,,,,,,2022-11-26,益智类,2026-10-08
4399,monthly_click_rank,40,森林冰火人中文版,https://www.4399.com/flash/20660.htm,,,,,,2009-12-02,益智类,2026-10-08
4399,monthly_click_rank,41,西普大陆,https://xp.4399.com/,,,,,,2011-07-08,休闲类,2026-10-08
4399,monthly_click_rank,42,植物大战僵尸无敌版,https://www.4399.com/flash/48504.htm,,,,,,2011-01-25,策略类,2026-10-08
4399,monthly_click_rank,43,皇帝成长计划2,https://www.4399.com/flash/198637.htm,,,,,,2018-07-25,策略类,2026-10-08
4399,monthly_click_rank,44,坦克动荡3,https://www.4399.com/flash/240708.htm,,,,,,2024-06-29,射击类,2026-10-08
4399,monthly_click_rank,45,双人逃亡躲猫猫,https://www.4399.com/flash/259389.htm,,,,,,2026-04-04,冒险类,2026-10-08
4399,monthly_click_rank,46,热血篮球赛2020,https://www.4399.com/flash/230809.htm,,,,,,2023-08-10,体育类,2026-10-08
4399,monthly_click_rank,47,造梦大乱斗,https://www.4399.com/flash/227465.htm,,,,,,2023-01-06,动作类,2026-10-08
4399,monthly_click_rank,48,蝴蝶连连看,https://www.4399.com/flash/57474.htm,,,,,,2011-05-09,益智类,2026-10-08
4399,monthly_click_rank,49,茶叶蛋大冒险,https://www.4399.com/flash/226200.htm,,,,,,2022-03-24,冒险类,2026-10-08
4399,monthly_click_rank,50,3D坦克,https://my.4399.com/yxtk/,,,,,,2025-12-05,射击类,2026-10-08
4399,monthly_click_rank,51,死神VS火影3.2,https://www.4399.com/flash/199408.htm,,,,,,2018-07-27,动作类,2026-10-08
4399,monthly_click_rank,52,石头连连看,https://www.4399.com/flash/10393.htm,,,,,,2009-01-21,益智类,2026-10-08
4399,monthly_click_rank,53,四人打麻将,https://www.4399.com/flash/110975.htm,,,,,,2013-02-25,棋牌类,2026-10-08
4399,monthly_click_rank,54,勇者之路精灵物语速升版,https://www.4399.com/flash/47931.htm,,,,,,2011-01-18,冒险类,2026-10-08
4399,monthly_click_rank,55,五子连珠,https://www.4399.com/flash/853.htm,,,,,,2004-06-09,益智类,2026-10-08
4399,monthly_click_rank,56,宠物连连看2.6,https://www.4399.com/flash/2231.htm,,,,,,2005-11-18,益智类,2026-10-08
4399,monthly_click_rank,57,冰娃与火娃5,https://www.4399.com/flash/203658.htm,,,,,,2019-02-07,冒险类,2026-10-08
4399,monthly_click_rank,58,二战前线2无敌版,https://www.4399.com/flash/21674.htm,,,,,,2009-12-29,射击类,2026-10-08
4399,monthly_click_rank,59,天天斗地主（真人版）,https://www.4399.com/flash/209757.htm,,,,,,2025-02-07,棋牌类,2026-10-08
4399,monthly_click_rank,60,死神VS火影2.6,https://www.4399.com/flash/176245.htm,,,,,,2016-06-29,动作类,2026-10-08
4399,monthly_click_rank,61,小鳄鱼爱洗澡H5,https://www.4399.com/flash/234480.htm,,,,,,2023-05-28,益智类,2026-10-08
4399,monthly_click_rank,62,双人碰碰车3D1.2,https://www.4399.com/flash/187228.htm,,,,,,2017-04-22,敏捷篇,2026-10-08
4399,monthly_click_rank,63,魔性兔子人,https://www.4399.com/flash/249426.htm,,,,,,2025-03-26,冒险类,2026-10-08
4399,monthly_click_rank,64,花花连连看,https://www.4399.com/flash/4781.htm,,,,,,2007-05-06,益智类,2026-10-08
4399,monthly_click_rank,65,果蔬连连看H5,https://www.4399.com/flash/231169.htm,,,,,,2022-11-29,益智类,2026-10-08
4399,monthly_click_rank,66,我的世界,https://news.4399.com/wdshijie/,,,,,,2022-01-28,冒险类,2026-10-08
4399,monthly_click_rank,67,龙斗士,https://lds.4399.com/,,,,,,2011-05-23,综合类,2026-10-08
4399,monthly_click_rank,68,火柴人打羽毛球3H5,https://www.4399.com/flash/230745.htm,,,,,,2022-11-09,体育类,2026-10-08
4399,monthly_click_rank,69,冰娃火娃天降灾难,https://www.4399.com/flash/260541.htm,,,,,,2026-05-01,益智类,2026-10-08
4399,monthly_click_rank,70,杂交植物大战僵尸,https://www.4399.com/flash/249857.htm,,,,,,2025-07-30,策略类,2026-10-08
4399,monthly_click_rank,71,躺平模拟器,https://www.4399.com/flash/226028.htm,,,,,,2022-03-15,策略类,2026-10-08
4399,monthly_click_rank,72,火柴人格斗进化2,https://www.4399.com/flash/234301.htm,,,,,,2023-05-21,动作类,2026-10-08
4399,monthly_click_rank,73,斗地主经典版,https://www.4399.com/flash/207556.htm,,,,,,2019-07-27,棋牌类,2026-10-08
4399,monthly_click_rank,74,黄金矿工双人版,https://www.4399.com/flash/3883.htm,,,,,,2008-01-24,休闲类,2026-10-08
4399,monthly_click_rank,75,汽车标志连连看,https://www.4399.com/flash/4782.htm,,,,,,2007-05-06,益智类,2026-10-08
4399,monthly_click_rank,76,西游大战僵尸2,https://www.4399.com/flash/100897.htm,,,,,,2012-10-13,动作类,2026-10-08
4399,monthly_click_rank,77,中国象棋,https://www.4399.com/flash/36944.htm,,,,,,2010-08-19,棋牌类,2026-10-08
4399,monthly_click_rank,78,连连看3.1原版,https://www.4399.com/flash/92102.htm,,,,,,2012-06-25,益智类,2026-10-08
4399,monthly_click_rank,79,拳王wing1.85无敌版,https://www.4399.com/flash/110116.htm,,,,,,2012-11-18,动作类,2026-10-08
4399,monthly_click_rank,80,小花仙,https://www.4399.com/flash/27924.htm,,,,,,2010-05-21,休闲类,2026-10-08
4399,monthly_click_rank,81,超级火柴战士,https://www.4399.com/flash/244011.htm,,,,,,2024-11-11,冒险类,2026-10-08
4399,monthly_click_rank,82,拳王wing1.91,https://www.4399.com/flash/118482.htm,,,,,,2017-12-11,动作类,2026-10-08
4399,monthly_click_rank,83,连连看原版,https://www.4399.com/flash/92108.htm,,,,,,2012-06-25,益智类,2026-10-08
4399,monthly_click_rank,84,游乐斗地主,https://www.4399.com/flash/213993.htm,,,,,,2020-06-29,棋牌类,2026-10-08
4399,monthly_click_rank,85,闪翼双星无敌版,https://www.4399.com/flash/70215.htm,,,,,,2011-09-15,冒险类,2026-10-08
4399,monthly_click_rank,86,疯狂小人战斗H5,https://www.4399.com/flash/250030.htm,,,,,,2025-04-18,敏捷篇,2026-10-08
4399,monthly_click_rank,87,坦克动荡2,https://www.4399.com/flash/137953.htm,,,,,,2014-06-12,射击类,2026-10-08
4399,monthly_click_rank,88,Q版泡泡堂7,https://www.4399.com/flash/133630.htm,,,,,,2014-03-21,休闲类,2026-10-08
4399,monthly_click_rank,89,宠物连连看3.0版,https://www.4399.com/flash/10919.htm,,,,,,2009-02-19,益智类,2026-10-08
4399,monthly_click_rank,90,4399弹弹堂,https://www.4399.com/flash/12439.htm,,,,,,2025-07-03,休闲类,2026-10-08
4399,monthly_click_rank,91,拖拉机扑克牌,https://www.4399.com/flash/104170.htm,,,,,,2012-11-20,棋牌类,2026-10-08
4399,monthly_click_rank,92,混乱大枪战新版中文版,https://www.4399.com/flash/151915.htm,,,,,,2015-02-06,射击类,2026-10-08
4399,monthly_click_rank,93,街篮高手,https://www.4399.com/flash/209443.htm,,,,,,2019-11-22,体育类,2026-10-08
4399,monthly_click_rank,94,疯狂的鸽子双人完整版,https://www.4399.com/flash/258923.htm,,,,,,2026-03-18,敏捷篇,2026-10-08
4399,monthly_click_rank,95,幻想纹章4.7,https://www.4399.com/flash/258701.htm,,,,,,2026-03-07,动作类,2026-10-08
4399,monthly_click_rank,96,皇家守卫军2无敌版,https://www.4399.com/flash/259548.htm,,,,,,2026-04-17,策略类,2026-10-08
4399,monthly_click_rank,97,逃跑吧！少年,https://news.4399.com/taopao/,,,,,,2018-06-15,动作类,2026-10-08
4399,monthly_click_rank,98,Q版泡泡堂,https://www.4399.com/flash/3881.htm,,,,,,2008-01-25,休闲类,2026-10-08
4399,monthly_click_rank,99,火柴人格斗进化v1.2,https://www.4399.com/flash/206114.htm,,,,,,2019-06-06,动作类,2026-10-08
4399,monthly_click_rank,100,原神,https://news.4399.com/yssy/,,,,,,2020-11-06,动作类,2026-10-08
4399,monthly_click_rank,101,麻将消除高手,https://www.4399.com/flash/146052.htm,,,,,,2014-10-27,益智类,2026-10-08
4399,monthly_click_rank,102,枪战特工,https://www.4399.com/flash/258103.htm,,,,,,2026-02-06,射击类,2026-10-08
4399,monthly_click_rank,103,王子公主回家记,https://www.4399.com/flash/60369.htm,,,,,,2011-06-08,冒险类,2026-10-08
4399,monthly_click_rank,104,火柴人战争遗产2,https://www.4399.com/flash/220929.htm,,,,,,2021-06-30,策略类,2026-10-08
4399,monthly_click_rank,105,飞机障碍挑战,https://www.4399.com/flash/247621.htm,,,,,,2025-04-24,敏捷篇,2026-10-08
4399,monthly_click_rank,106,我的煎饼摊,https://www.4399.com/flash/227446.htm,,,,,,2022-05-27,模拟经营,2026-10-08
4399,monthly_click_rank,107,黄金矿工中文版,https://www.4399.com/flash/1602.htm,,,,,,2005-04-04,敏捷篇,2026-10-08
4399,monthly_click_rank,108,宠物连连看3.1无敌版,https://www.4399.com/flash/24571.htm,,,,,,2010-03-08,益智类,2026-10-08
4399,monthly_click_rank,109,3D麻将对对碰,https://www.4399.com/flash/202675.htm,,,,,,2018-12-18,益智类,2026-10-08
4399,monthly_click_rank,110,奥维斗地主,https://www.4399.com/flash/10235.htm,,,,,,2009-05-10,棋牌类,2026-10-08
4399,monthly_click_rank,111,急速变色龙,https://www.4399.com/flash/188739.htm,,,,,,2017-06-24,敏捷篇,2026-10-08
4399,monthly_click_rank,112,4399百战沙城,https://my.4399.com/yxbzsc/,,,,,,2025-04-26,冒险类,2026-10-08
4399,monthly_click_rank,113,火柴人影vs神死斗,https://www.4399.com/flash/218281.htm,,,,,,2021-02-09,动作类,2026-10-08
4399,monthly_click_rank,114,火柴人生存挑战2,https://www.4399.com/flash/199564.htm,,,,,,2018-08-04,敏捷篇,2026-10-08
4399,monthly_click_rank,115,火柴人逃亡日记,https://www.4399.com/flash/220014.htm,,,,,,2021-05-15,益智类,2026-10-08
4399,monthly_click_rank,116,搞怪碰碰球,https://www.4399.com/flash/104723.htm,,,,,,2012-11-27,益智类,2026-10-08
4399,monthly_click_rank,117,世界射箭锦标赛,https://www.4399.com/flash/196181.htm,,,,,,2018-03-20,射击类,2026-10-08
4399,monthly_click_rank,118,老爹寿司店中文版,https://www.4399.com/flash/187040.htm,,,,,,2017-04-07,模拟经营,2026-10-08
4399,monthly_click_rank,119,吃鸡枪王战场,https://www.4399.com/flash/233253.htm,,,,,,2023-03-25,射击类,2026-10-08
4399,monthly_click_rank,120,森林冰火人4无敌版,https://www.4399.com/flash/113377.htm,,,,,,2013-04-02,益智类,2026-10-08
4399,monthly_click_rank,121,快刀切水果3H5,https://www.4399.com/flash/235210.htm,,,,,,2023-07-07,敏捷篇,2026-10-08
4399,monthly_click_rank,122,猫里奥H5,https://www.4399.com/flash/230811.htm,,,,,,2022-11-11,冒险类,2026-10-08
4399,monthly_click_rank,123,拖拉机,https://www.4399.com/flash/10236.htm,,,,,,2009-01-10,棋牌类,2026-10-08
4399,monthly_click_rank,124,黄金矿工双人版H5,https://www.4399.com/flash/232532.htm,,,,,,2023-02-16,休闲类,2026-10-08
4399,monthly_click_rank,125,王者精英5V5,https://www.4399.com/flash/222151.htm,,,,,,2021-08-26,策略类,2026-10-08
4399,monthly_click_rank,126,3D极速飙车,https://www.4399.com/flash/40779.htm,,,,,,2010-10-26,体育类,2026-10-08
4399,monthly_click_rank,127,三国小镇,https://www.4399.com/flash/72550.htm,,,,,,2011-11-03,动作类,2026-10-08
4399,monthly_click_rank,128,我的同事不是人,https://www.4399.com/flash/260451.htm,,,,,,2026-04-29,益智类,2026-10-08
4399,monthly_click_rank,129,空间站大战机器人,https://www.4399.com/flash/249699.htm,,,,,,2025-04-25,射击类,2026-10-08
4399,monthly_click_rank,130,军棋,https://www.4399.com/flash/107884.htm,,,,,,2013-01-07,棋牌类,2026-10-08
4399,monthly_click_rank,131,上吧茶叶蛋,https://www.4399.com/flash/252344.htm,,,,,,2025-07-25,冒险类,2026-10-08
4399,monthly_click_rank,132,奥雅之光,https://news.4399.com/aoyazhiguang/,,,,,,2010-01-09,综合类,2026-10-08
4399,monthly_click_rank,133,极品台球3,https://www.4399.com/flash/97605.htm,,,,,,2012-09-04,体育类,2026-10-08
4399,monthly_click_rank,134,双人野外躲猫猫,https://www.4399.com/flash/251895.htm,,,,,,2025-07-08,冒险类,2026-10-08
4399,monthly_click_rank,135,人生重开模拟器,https://www.4399.com/flash/222735.htm,,,,,,2021-09-24,休闲类,2026-10-08
4399,monthly_click_rank,136,经典台球挑战赛,https://www.4399.com/flash/196986.htm,,,,,,2018-05-07,体育类,2026-10-08
4399,monthly_click_rank,137,暗影格斗双人版,https://www.4399.com/flash/248819.htm,,,,,,2025-03-05,冒险类,2026-10-08
4399,monthly_click_rank,138,弹弹堂2怀旧版,https://www.4399.com/flash/242001.htm,,,,,,2025-07-03,冒险类,2026-10-08
4399,monthly_click_rank,139,冰娃与火娃4,https://www.4399.com/flash/201653.htm,,,,,,2018-11-06,冒险类,2026-10-08
4399,monthly_click_rank,140,疯狂小人战斗,https://www.4399.com/flash/6232.htm,,,,,,2007-05-24,敏捷篇,2026-10-08
4399,monthly_click_rank,141,大富翁,https://www.4399.com/flash/207818.htm,,,,,,2019-08-14,棋牌类,2026-10-08
4399,monthly_click_rank,142,青蛙祖玛,https://www.4399.com/flash/17403.htm,,,,,,2009-08-21,益智类,2026-10-08
4399,monthly_click_rank,143,3D双人极速飙车,https://www.4399.com/flash/74213.htm,,,,,,2011-11-07,体育类,2026-10-08
4399,monthly_click_rank,144,山坡越野挑战,https://www.4399.com/flash/256850.htm,,,,,,2026-04-11,体育类,2026-10-08
4399,monthly_click_rank,145,狂扁外星人,https://www.4399.com/flash/254626.htm,,,,,,2025-09-08,动作类,2026-10-08
4399,monthly_click_rank,146,我就要吃鸡,https://www.4399.com/flash/212136.htm,,,,,,2020-03-27,射击类,2026-10-08
4399,monthly_click_rank,147,音速无影,https://www.4399.com/flash/188993.htm,,,,,,2023-06-21,敏捷篇,2026-10-08
4399,monthly_click_rank,148,混乱大枪战(联机),https://www.4399.com/flash/241467.htm,,,,,,2024-06-05,策略类,2026-10-08
4399,monthly_click_rank,149,西游战记3,https://www.4399.com/flash/123456.htm,,,,,,2013-11-08,动作类,2026-10-08
4399,monthly_click_rank,150,麻将连连看2,https://www.4399.com/flash/10453.htm,,,,,,2009-01-23,益智类,2026-10-08
4399,monthly_click_rank,151,求生100天,https://www.4399.com/flash/223865.htm,,,,,,2021-11-20,休闲类,2026-10-08
4399,monthly_click_rank,152,五子连珠,https://www.4399.com/flash/62410.htm,,,,,,2011-06-29,益智类,2026-10-08
4399,monthly_click_rank,153,霉豆腐摆摊,https://www.4399.com/flash/259309.htm,,,,,,2026-04-01,模拟经营,2026-10-08
4399,monthly_click_rank,154,只有一道门,https://www.4399.com/flash/238302.htm,,,,,,2024-02-28,敏捷篇,2026-10-08
4399,monthly_click_rank,155,宠物连连看经典版2,https://www.4399.com/flash/80972.htm,,,,,,2012-01-27,益智类,2026-10-08
4399,monthly_click_rank,156,双人旋转赛车H5,https://www.4399.com/flash/236333.htm,,,,,,2023-09-06,体育类,2026-10-08
4399,monthly_click_rank,157,超级植物僵尸大战,https://www.4399.com/flash/249442.htm,,,,,,2025-03-26,策略类,2026-10-08
4399,monthly_click_rank,158,超强小小兵,https://www.4399.com/flash/259749.htm,,,,,,2026-04-16,策略类,2026-10-08
4399,monthly_click_rank,159,奥特曼格斗之热血英雄,https://www.4399.com/flash/248912.htm,,,,,,2025-03-08,策略类,2026-10-08
4399,monthly_click_rank,160,坦克动荡,https://www.4399.com/flash/34789.htm,,,,,,2010-07-14,射击类,2026-10-08
4399,monthly_click_rank,161,冰火人亚马逊大冒险,https://www.4399.com/flash/184213.htm,,,,,,2017-01-15,冒险类,2026-10-08
4399,monthly_click_rank,162,蜘蛛纸牌,https://www.4399.com/flash/26972.htm,,,,,,2010-04-10,棋牌类,2026-10-08
4399,monthly_click_rank,163,欢乐三国杀,https://www.4399.com/flash/230973.htm,,,,,,2023-11-24,策略类,2026-10-08
4399,monthly_click_rank,164,4399村长征战团,https://www.4399.com/flash/159974.htm,,,,,,2022-05-20,休闲类,2026-10-08
4399,monthly_click_rank,165,地铁摸金行动,https://www.4399.com/flash/254746.htm,,,,,,2025-09-12,射击类,2026-10-08
4399,monthly_click_rank,166,大家来玩中国象棋,https://www.4399.com/flash/48747.htm,,,,,,2011-02-10,棋牌类,2026-10-08
4399,monthly_click_rank,167,4399太空杀,https://news.4399.com/taikong,,,,,,2024-09-04,休闲类,2026-10-08
4399,monthly_click_rank,168,石头连连看H5,https://www.4399.com/flash/231243.htm,,,,,,2022-12-02,益智类,2026-10-08
4399,monthly_click_rank,169,狂野飙客7,https://www.4399.com/flash/235751.htm,,,,,,2023-12-09,体育类,2026-10-08
4399,monthly_click_rank,170,4399水果连连看,https://www.4399.com/flash/34726.htm,,,,,,2010-07-12,益智类,2026-10-08
4399,monthly_click_rank,171,病毒大逃杀,https://www.4399.com/flash/260116.htm,,,,,,2026-04-21,冒险类,2026-10-08
4399,monthly_click_rank,172,老爹饼干圣代店,https://www.4399.com/flash/217629.htm,,,,,,2021-01-15,模拟经营,2026-10-08
4399,monthly_click_rank,173,五彩泡泡龙,https://www.4399.com/flash/114876.htm,,,,,,2013-04-24,休闲类,2026-10-08
4399,monthly_click_rank,174,天空之城冒险H5,https://www.4399.com/flash/212227.htm,,,,,,2020-04-01,冒险类,2026-10-08
4399,monthly_click_rank,175,三人大鱼吃小鱼,https://www.4399.com/flash/236597.htm,,,,,,2023-09-21,敏捷篇,2026-10-08
4399,monthly_click_rank,176,荒岛枪训复活战,https://www.4399.com/flash/201312.htm,,,,,,2018-10-25,射击类,2026-10-08
4399,monthly_click_rank,177,勇者之路,https://www.4399.com/flash/43841.htm,,,,,,2010-12-07,冒险类,2026-10-08
4399,monthly_click_rank,178,中国象棋加强版,https://www.4399.com/flash/119558.htm,,,,,,2013-07-09,棋牌类,2026-10-08
4399,monthly_click_rank,179,双人猛鬼出击,https://www.4399.com/flash/259380.htm,,,,,,2026-04-03,休闲类,2026-10-08
4399,monthly_click_rank,180,都是人情世故,https://www.4399.com/flash/240805.htm,,,,,,2024-05-03,益智类,2026-10-08
4399,monthly_click_rank,181,越野山地自行车,https://www.4399.com/flash/219298.htm,,,,,,2021-04-07,体育类,2026-10-08
4399,monthly_click_rank,182,森林冰火人3,https://www.4399.com/flash/79452.htm,,,,,,2012-01-04,益智类,2026-10-08
4399,monthly_click_rank,183,中国象棋残局h5,https://www.4399.com/flash/232130.htm,,,,,,2023-01-28,棋牌类,2026-10-08
4399,monthly_click_rank,184,卡车模拟驾驶,https://www.4399.com/flash/238383.htm,,,,,,2023-12-21,体育类,2026-10-08
4399,monthly_click_rank,185,斗罗大陆,https://www.4399.com/flash/203569.htm,,,,,,2019-01-23,策略类,2026-10-08
4399,monthly_click_rank,186,传奇枪王,https://www.4399.com/flash/234152.htm,,,,,,2023-05-17,射击类,2026-10-08
4399,monthly_click_rank,187,醉游三国经典版,https://www.4399.com/flash/132028.htm,,,,,,2014-02-21,综合类,2026-10-08
4399,monthly_click_rank,188,我要当国王3,https://www.4399.com/flash/242953.htm,,,,,,2024-08-04,敏捷篇,2026-10-08
4399,monthly_click_rank,189,火柴人借力攀登,https://www.4399.com/flash/258391.htm,,,,,,2026-05-14,冒险类,2026-10-08
4399,monthly_click_rank,190,豪杰成长计划,https://www.4399.com/flash/214699.htm,,,,,,2021-04-09,策略类,2026-10-08
4399,monthly_click_rank,191,恐怖躲迷藏,https://www.4399.com/flash/256040.htm,,,,,,2025-11-11,冒险类,2026-10-08
4399,monthly_click_rank,192,萌版泡泡堂8,https://www.4399.com/flash/235691.htm,,,,,,2023-08-04,休闲类,2026-10-08
4399,monthly_click_rank,193,双人疯狂兔子,https://www.4399.com/flash/242583.htm,,,,,,2024-07-21,冒险类,2026-10-08
4399,monthly_click_rank,194,妖尾VS海贼王2.0,https://www.4399.com/flash/198660.htm,,,,,,2018-07-06,动作类,2026-10-08
4399,monthly_click_rank,195,迷你摩托车挑战赛,https://www.4399.com/flash/215808.htm,,,,,,2020-09-25,体育类,2026-10-08
4399,monthly_click_rank,196,拳王97,https://www.4399.com/flash/145201.htm,,,,,,2014-10-13,动作类,2026-10-08
4399,monthly_click_rank,197,新极限漂移赛车,https://www.4399.com/flash/236471.htm,,,,,,2023-09-14,体育类,2026-10-08
4399,monthly_click_rank,198,火柴人跑酷比赛,https://www.4399.com/flash/220939.htm,,,,,,2021-06-30,敏捷篇,2026-10-08
4399,monthly_click_rank,199,火柴人超级蜘蛛侠,https://www.4399.com/flash/218131.htm,,,,,,2021-02-02,射击类,2026-10-08
4399,monthly_click_rank,200,混乱大枪战新版,https://www.4399.com/flash/149032.htm,,,,,,2014-12-17,射击类,2026-10-08
4399,monthly_click_rank,201,机甲宇宙战士,https://www.4399.com/flash/255819.htm,,,,,,2025-11-02,动作类,2026-10-08
4399,monthly_click_rank,202,美味的街边小吃,https://www.4399.com/flash/259267.htm,,,,,,2026-03-30,休闲类,2026-10-08
4399,monthly_click_rank,203,城市摩托竞技赛2,https://www.4399.com/flash/257809.htm,,,,,,2026-04-29,体育类,2026-10-08
4399,monthly_click_rank,204,植物大战僵尸无敌战略版2,https://www.4399.com/flash/85646.htm,,,,,,2012-03-23,策略类,2026-10-08
4399,monthly_click_rank,205,灵契,https://www.4399.com/flash/258336.htm,,,,,,2026-02-19,益智类,2026-10-08
4399,monthly_click_rank,206,火柴人吃豆豆,https://www.4399.com/flash/163404.htm,,,,,,2015-09-30,冒险类,2026-10-08
4399,monthly_click_rank,207,花花连连看原版,https://www.4399.com/flash/92122.htm,,,,,,2012-06-25,益智类,2026-10-08
4399,monthly_click_rank,208,游戏明星大乱斗5.0,https://www.4399.com/flash/143365.htm,,,,,,2014-09-09,动作类,2026-10-08
4399,monthly_click_rank,209,彩8对战,https://www.4399.com/flash/27237.htm,,,,,,2010-04-14,体育类,2026-10-08
4399,monthly_click_rank,210,战争模拟器,https://www.4399.com/flash/225772.htm,,,,,,2022-03-09,策略类,2026-10-08
4399,monthly_click_rank,211,战火英雄无敌版,https://www.4399.com/flash/90742.htm,,,,,,2012-06-06,射击类,2026-10-08
4399,monthly_click_rank,212,金币大富翁,https://www.4399.com/flash/205998.htm,,,,,,2019-05-15,模拟经营,2026-10-08
4399,monthly_click_rank,213,300英雄,https://news.4399.com/300/,,,,,,2021-03-09,动作类,2026-10-08
4399,monthly_click_rank,214,麻将移移看,https://www.4399.com/flash/69109.htm,,,,,,2011-09-01,益智类,2026-10-08
4399,monthly_click_rank,215,跑得快,https://www.4399.com/flash/244939.htm,,,,,,2024-10-30,棋牌类,2026-10-08
4399,monthly_click_rank,216,猎人的生存日记加强版,https://www.4399.com/flash/188387.htm,,,,,,2017-05-31,策略类,2026-10-08
4399,monthly_click_rank,217,火柴人生存挑战,https://www.4399.com/flash/194751.htm,,,,,,2018-01-09,敏捷篇,2026-10-08
4399,monthly_click_rank,218,双人旋转赛车,https://www.4399.com/flash/10305.htm,,,,,,2009-01-18,体育类,2026-10-08
4399,monthly_click_rank,219,拳王Wing1.85,https://www.4399.com/flash/109906.htm,,,,,,2017-05-16,动作类,2026-10-08
4399,monthly_click_rank,220,屁王兄弟无敌版,https://www.4399.com/flash/56667.htm,,,,,,2011-05-12,冒险类,2026-10-08
4399,monthly_click_rank,221,闪翼双星,https://www.4399.com/flash/52592.htm,,,,,,2011-03-25,冒险类,2026-10-08
4399,monthly_click_rank,222,冰娃与火娃,https://www.4399.com/flash/198021.htm,,,,,,2018-05-26,冒险类,2026-10-08
4399,monthly_click_rank,223,只有一道门2,https://www.4399.com/flash/242643.htm,,,,,,2024-07-23,敏捷篇,2026-10-08
4399,monthly_click_rank,224,青鸾繁华录,https://www.4399.com/flash/208914.htm,,,,,,2019-09-29,休闲类,2026-10-08
4399,monthly_click_rank,225,双人荒野探险,https://www.4399.com/flash/255810.htm,,,,,,2025-11-01,冒险类,2026-10-08
4399,monthly_click_rank,226,格斗街区,https://www.4399.com/flash/256090.htm,,,,,,2026-01-09,动作类,2026-10-08
4399,monthly_click_rank,227,粘液实验室3,https://www.4399.com/flash/242173.htm,,,,,,2024-07-26,冒险类,2026-10-08
4399,monthly_click_rank,228,热血篮球赛,https://www.4399.com/flash/177469.htm,,,,,,2016-07-23,体育类,2026-10-08
4399,monthly_click_rank,229,4399打豆豆,https://www.4399.com/flash/54423.htm,,,,,,2011-02-12,益智类,2026-10-08
4399,monthly_click_rank,230,生死狙击之僵尸前线,https://www.4399.com/flash/222666.htm,,,,,,2021-11-12,射击类,2026-10-08
4399,monthly_click_rank,231,双人碰碰车3D,https://www.4399.com/flash/175808.htm,,,,,,2016-06-21,敏捷篇,2026-10-08
4399,monthly_click_rank,232,纸牌接龙,https://www.4399.com/flash/15501.htm,,,,,,2009-08-14,棋牌类,2026-10-08
4399,monthly_click_rank,233,接龙牌,https://www.4399.com/flash/8908.htm,,,,,,2008-08-12,棋牌类,2026-10-08
4399,monthly_click_rank,234,4399战地联盟,https://news.4399.com/zdlm/,,,,,,2020-07-08,射击类,2026-10-08
4399,monthly_click_rank,235,荒岛求生日记,https://www.4399.com/flash/222591.htm,,,,,,2021-09-16,休闲类,2026-10-08
4399,monthly_click_rank,236,果蔬连连看HD,https://www.4399.com/flash/143093.htm,,,,,,2014-09-02,益智类,2026-10-08
4399,monthly_click_rank,237,祖玛的复仇,https://www.4399.com/flash/73240.htm,,,,,,2010-12-02,休闲类,2026-10-08
4399,monthly_click_rank,238,消灭星星中文版,https://www.4399.com/flash/106202.htm,,,,,,2012-12-14,益智类,2026-10-08
4399,monthly_click_rank,239,火箭模拟,https://www.4399.com/flash/236224.htm,,,,,,2023-08-31,益智类,2026-10-08
4399,monthly_click_rank,240,3D麻将连连看,https://www.4399.com/flash/4467.htm,,,,,,2007-04-16,益智类,2026-10-08
4399,monthly_click_rank,241,五子棋,https://www.4399.com/flash/201798.htm,,,,,,2018-11-20,棋牌类,2026-10-08
4399,monthly_click_rank,242,新麻雀连连看,https://www.4399.com/flash/1287.htm,,,,,,2004-11-04,益智类,2026-10-08
4399,monthly_click_rank,243,黄金矿工单人版H5,https://www.4399.com/flash/230816.htm,,,,,,2022-11-11,敏捷篇,2026-10-08
4399,monthly_click_rank,244,化妆解压模拟,https://www.4399.com/flash/255576.htm,,,,,,2025-10-23,装扮类,2026-10-08
4399,monthly_click_rank,245,惊天神将,https://www.4399.com/flash/188593.htm,,,,,,2017-06-29,策略类,2026-10-08
4399,monthly_click_rank,246,老爹汉堡店H5,https://www.4399.com/flash/236014.htm,,,,,,2023-08-20,模拟经营,2026-10-08
4399,monthly_click_rank,247,火柴人枪战大对决,https://www.4399.com/flash/225304.htm,,,,,,2022-02-15,射击类,2026-10-08
4399,monthly_click_rank,248,清洁模拟器,https://www.4399.com/flash/258846.htm,,,,,,2026-03-14,益智类,2026-10-08
4399,monthly_click_rank,249,太空人大逃亡2,https://www.4399.com/flash/256008.htm,,,,,,2025-11-09,冒险类,2026-10-08
4399,monthly_click_rank,250,猎人的生存日记加强中文版,https://www.4399.com/flash/189096.htm,,,,,,2017-06-25,策略类,2026-10-08
4399,monthly_click_rank,251,割绳子H5版,https://www.4399.com/flash/142014.htm,,,,,,2014-08-14,益智类,2026-10-08
4399,monthly_click_rank,252,鸡排主理人,https://www.4399.com/flash/257149.htm,,,,,,2025-12-26,休闲类,2026-10-08
4399,monthly_click_rank,253,狙击手练习营2,https://www.4399.com/flash/210228.htm,,,,,,2019-12-20,射击类,2026-10-08
4399,monthly_click_rank,254,桌球高手,https://www.4399.com/flash/250253.htm,,,,,,2025-08-26,体育类,2026-10-08
4399,monthly_click_rank,255,好妖不挡道,https://www.4399.com/flash/253143.htm,,,,,,2025-08-27,冒险类,2026-10-08
4399,monthly_click_rank,256,中国象棋H5版,https://www.4399.com/flash/142022.htm,,,,,,2014-08-14,棋牌类,2026-10-08
4399,monthly_click_rank,257,危险九十九夜,https://www.4399.com/flash/259783.htm,,,,,,2026-04-17,冒险类,2026-10-08
4399,monthly_click_rank,258,战火英雄2中文无敌版,https://www.4399.com/flash/113859.htm,,,,,,2013-04-09,射击类,2026-10-08
4399,monthly_click_rank,259,消了个羊,https://www.4399.com/flash/229754.htm,,,,,,2022-09-17,益智类,2026-10-08
4399,monthly_click_rank,260,火柴人弓箭对战,https://www.4399.com/flash/255648.htm,,,,,,2026-03-24,射击类,2026-10-08
4399,monthly_click_rank,261,城邦争霸中文无敌版,https://www.4399.com/flash/97801.htm,,,,,,2012-09-06,策略类,2026-10-08
4399,monthly_click_rank,262,民间怪谈档案,https://www.4399.com/flash/246945.htm,,,,,,2024-12-28,益智类,2026-10-08
4399,monthly_click_rank,263,数字冲刺,https://www.4399.com/flash/242299.htm,,,,,,2024-08-27,敏捷篇,2026-10-08
4399,monthly_click_rank,264,突击对决无敌版,https://www.4399.com/flash/42760.htm,,,,,,2010-11-23,策略类,2026-10-08
4399,monthly_click_rank,265,台球俱乐部,https://www.4399.com/flash/249832.htm,,,,,,2025-04-11,体育类,2026-10-08
4399,monthly_click_rank,266,黄金矿工大作战,https://www.4399.com/flash/202459.htm,,,,,,2018-12-15,敏捷篇,2026-10-08
4399,monthly_click_rank,267,红楼梦连连看,https://www.4399.com/flash/53510.htm,,,,,,2011-04-02,益智类,2026-10-08
4399,monthly_click_rank,268,宇宙机器人酷跑3,https://www.4399.com/flash/182561.htm,,,,,,2016-11-24,敏捷篇,2026-10-08
4399,monthly_click_rank,269,高楼爆破3无敌版H5,https://www.4399.com/flash/244086.htm,,,,,,2024-09-20,益智类,2026-10-08
4399,monthly_click_rank,270,幻想纹章4.6,https://www.4399.com/flash/225044.htm,,,,,,2022-01-16,动作类,2026-10-08
4399,monthly_click_rank,271,变形金刚战记,https://www.4399.com/flash/163478.htm,,,,,,2015-10-21,射击类,2026-10-08
4399,monthly_click_rank,272,勇者之路双人版,https://www.4399.com/flash/45034.htm,,,,,,2010-12-18,冒险类,2026-10-08
4399,monthly_click_rank,273,火柴人斗士激战,https://www.4399.com/flash/258275.htm,,,,,,2026-05-09,动作类,2026-10-08
4399,monthly_click_rank,274,黑暗突袭,https://www.4399.com/flash/210626.htm,,,,,,2020-01-08,动作类,2026-10-08
4399,monthly_click_rank,275,超级方块,https://www.4399.com/flash/1563.htm,,,,,,2005-02-04,益智类,2026-10-08
4399,monthly_click_rank,276,恐怖规则怪谈,https://www.4399.com/flash/244043.htm,,,,,,2024-09-21,益智类,2026-10-08
4399,monthly_click_rank,277,火柴人试炼地11,https://www.4399.com/flash/255403.htm,,,,,,2025-12-19,敏捷篇,2026-10-08
4399,monthly_click_rank,278,MH大鱼吃小鱼三人版,https://www.4399.com/flash/145905.htm,,,,,,2014-10-23,敏捷篇,2026-10-08
4399,monthly_click_rank,279,荒岛求生日记,https://www.4399.com/flash/247874.htm,,,,,,2025-01-30,冒险类,2026-10-08
4399,monthly_click_rank,280,披萨小王子2,https://www.4399.com/flash/210711.htm,,,,,,2020-01-23,冒险类,2026-10-08
4399,monthly_click_rank,281,贪吃蛇多人大对决2无敌版,https://www.4399.com/flash/256024.htm,,,,,,2026-01-01,敏捷篇,2026-10-08
4399,monthly_click_rank,282,宠物连连看,https://www.4399.com/flash/776.htm,,,,,,2004-06-02,益智类,2026-10-08
4399,monthly_click_rank,283,校园摸金,https://www.4399.com/flash/255038.htm,,,,,,2025-09-26,射击类,2026-10-08
4399,monthly_click_rank,284,森林冰火人3中文版,https://www.4399.com/flash/41802.htm,,,,,,2010-11-09,冒险类,2026-10-08
4399,monthly_click_rank,285,台球对战,https://www.4399.com/flash/258800.htm,,,,,,2026-03-13,体育类,2026-10-08
4399,monthly_click_rank,286,双刃战士无敌版,https://www.4399.com/flash/68901.htm,,,,,,2011-08-31,冒险类,2026-10-08
4399,monthly_click_rank,287,圆球情侣,https://www.4399.com/flash/201721.htm,,,,,,2019-01-25,益智类,2026-10-08
4399,monthly_click_rank,288,皇城突袭1.13无敌版,https://www.4399.com/flash/112689.htm,,,,,,2010-12-15,策略类,2026-10-08
4399,monthly_click_rank,289,中国象棋2.0,https://www.4399.com/flash/75867.htm,,,,,,2011-11-26,棋牌类,2026-10-08
4399,monthly_click_rank,290,麻将连连看,https://www.4399.com/flash/26864.htm,,,,,,2010-04-09,益智类,2026-10-08
4399,monthly_click_rank,291,波哥跑酷,https://www.4399.com/flash/252244.htm,,,,,,2025-11-23,敏捷篇,2026-10-08
4399,monthly_click_rank,292,勇者之路双人速升版,https://www.4399.com/flash/45046.htm,,,,,,2010-12-19,冒险类,2026-10-08
4399,monthly_click_rank,293,3D旋转麻将连连看,https://www.4399.com/flash/97275.htm,,,,,,2012-08-30,益智类,2026-10-08
4399,monthly_click_rank,294,飘渺西游,https://my.4399.com/yxpmxy/,,,,,,2024-01-02,策略类,2026-10-08
4399,monthly_click_rank,295,不是我的邻居,https://www.4399.com/flash/246607.htm,,,,,,2024-12-18,益智类,2026-10-08
4399,monthly_click_rank,296,烽火枪战,https://www.4399.com/flash/251043.htm,,,,,,2025-06-03,射击类,2026-10-08
4399,monthly_click_rank,297,坦克世界对战,https://www.4399.com/flash/256570.htm,,,,,,2026-03-29,射击类,2026-10-08
4399,monthly_click_rank,298,节奏弹球,https://www.4399.com/flash/254910.htm,,,,,,2026-02-07,敏捷篇,2026-10-08
4399,monthly_click_rank,299,爱琳诗篇,https://www.4399.com/flash/227179.htm,,,,,,2022-05-13,策略类,2026-10-08
4399,monthly_click_rank,300,活到最后,https://www.4399.com/flash/242260.htm,,,,,,2024-08-26,益智类,2026-10-08
4399,monthly_click_rank,301,空当接龙,https://www.4399.com/flash/26862.htm,,,,,,2010-04-08,棋牌类,2026-10-08
4399,monthly_click_rank,302,森林冰火人,https://www.4399.com/flash/20082.htm,,,,,,2009-11-20,冒险类,2026-10-08
4399,monthly_click_rank,303,老爹三明治店中文版,https://www.4399.com/flash/159765.htm,,,,,,2015-07-24,休闲类,2026-10-08
4399,monthly_click_rank,304,双人自行车对战,https://www.4399.com/flash/82182.htm,,,,,,2012-02-10,体育类,2026-10-08
4399,monthly_click_rank,305,城市超跑竞速赛,https://www.4399.com/flash/221389.htm,,,,,,2021-08-23,体育类,2026-10-08
4399,monthly_click_rank,306,阿sue煮鸡蛋面,https://www.4399.com/flash/9714.htm,,,,,,2008-11-30,休闲类,2026-10-08
4399,monthly_click_rank,307,狗狗模拟器,https://www.4399.com/flash/236482.htm,,,,,,2023-09-15,休闲类,2026-10-08
4399,monthly_click_rank,308,石头连连看原版,https://www.4399.com/flash/92120.htm,,,,,,2012-06-25,益智类,2026-10-08
4399,monthly_click_rank,309,火柴人吃豆豆2,https://www.4399.com/flash/185686.htm,,,,,,2017-03-07,冒险类,2026-10-08
4399,monthly_click_rank,310,我的美甲店,https://www.4399.com/flash/228877.htm,,,,,,2022-08-05,模拟经营,2026-10-08
4399,monthly_click_rank,311,精准大师,https://www.4399.com/flash/243204.htm,,,,,,2024-09-28,益智类,2026-10-08
4399,monthly_click_rank,312,切水果大师,https://www.4399.com/flash/235576.htm,,,,,,2023-07-26,敏捷篇,2026-10-08
4399,monthly_click_rank,313,真实枪战,https://www.4399.com/flash/230265.htm,,,,,,2022-10-15,射击类,2026-10-08
4399,monthly_click_rank,314,三国杀移动版,https://www.4399.com/flash/224122.htm,,,,,,2021-12-02,策略类,2026-10-08
4399,monthly_click_rank,315,姐要变瘦,https://www.4399.com/flash/223978.htm,,,,,,2021-12-01,敏捷篇,2026-10-08
7k7k,7K7K推荐游戏,1,全民主公2,https://h5.7k7k.com/mb/mb2/cbbdf830397a2f7a4bcb596b8f7b8809.html?gid=31260f02379737d0278ea269169a40e3&tid=96141&qs=1,,,,,,,,2026-10-08
7k7k,7K7K推荐游戏,2,全民雷霆战机,https://h5.7k7k.com/mb/mb2/157df06d05356ef3781350175ecca097.html?gid=1ebedffbf06745be5e5f2eef54e5d01c&tid=96138&qs=1,,,,,,,,2026-10-08
7k7k,7K7K推荐游戏,3,自在江湖,https://h5.7k7k.com/mb/mb2/18fdeb887d9e14b2d5fe2c1b1c6db0f5.html?gid=caf6a6556e5cbb6fa45fce336f080c7f&tid=96132&qs=1,,,,,,,,2026-10-08
7k7k,7K7K推荐游戏,4,闯关专家,https://h5.7k7k.com/mb/mb2/5688cfa6421c9d0bffbaed7cb388d7f0.html?gid=029e3a77e3a654225c1dbe7626ed866d&tid=96135&qs=1,,,,,,,,2026-10-08
7k7k,7K7K推荐游戏,5,英雄防线,https://h5.7k7k.com/mb/mb2/3a15c60713fd2bb83a619130f024965f.html?gid=6d504b45b32e6a909478228cd416b0ef&tid=96129&qs=1,,,,,,,,2026-10-08
7k7k,7K7K推荐游戏,6,苍空物语,https://h5.7k7k.com/mb/mb2/1b0a51d299de2675c027359103c1bca7.html?gid=4ddfce27813ab67b87f4fa09174b9f8b&tid=96126&qs=1,,,,,,,,2026-10-08
7k7k,7K7K推荐游戏,7,洪荒傲剑,https://h5.7k7k.com/mb/mb2/db87bd9d528f7a02d7b356cde29a2ca1.html?gid=d88aa852824e39eb0d551c0a88422357&tid=96120&qs=1,,,,,,,,2026-10-08
7k7k,7K7K推荐游戏,8,山海封神,https://h5.7k7k.com/mb/mb2/d41be2ce181748a7ed0b71a879506f7e.html?gid=20ad092ebdf9f3141c7ff496dca0d9f9&tid=96082&qs=1,,,,,,,,2026-10-08
7k7k,7K7K推荐游戏,9,源战役,https://h5.7k7k.com/mb/mb2/37f71fdbb1ccd6b9a7b74b3a9677fe36.html?gid=16b73eeab1a851652cdb298af427f24a&tid=96079&qs=1,,,,,,,,2026-10-08
7k7k,7K7K推荐游戏,10,遮天：帝路争锋,https://h5.7k7k.com/mb/mb2/6019da77038e84dffe3491a919a06ca2.html?gid=2d4492d6c361516099ab30401c8624d4&tid=96071&qs=1,,,,,,,,2026-10-08
7k7k,7K7K推荐游戏,11,天穹骄子,https://h5.7k7k.com/mb/mb2/e66a531a0cbef8a706413bb93aeabc42.html?gid=2c24910aed72b3ea9644f421fbb8c465&tid=96058&qs=1,,,,,,,,2026-10-08
7k7k,7K7K推荐游戏,12,幻灵召唤师,https://h5.7k7k.com/mb/mb2/e86df532add3506fb901dc177f5e9b9d.html?gid=09bba28a929096dd692e96c4d19d3391&tid=96064&qs=1,,,,,,,,2026-10-08
7k7k,7K7K推荐游戏,13,仙境传说：破晓,https://h5.7k7k.com/mb/mb2/d7112e93f43f33fe2154ed5e5966582d.html?gid=1b7920d593cf899abb6f326cc315271b&tid=96061&qs=1,,,,,,,,2026-10-08
7k7k,7K7K推荐游戏,14,萌回三国,https://h5.7k7k.com/mb/mb2/7824de7f1dfe8ae591e9dd1327842cde.html?gid=8b2bd7221c6aa7461634deb62f9f722e&tid=96055&qs=1,,,,,,,,2026-10-08
7k7k,7K7K推荐游戏,15,武侠称霸,https://h5.7k7k.com/mb/mb2/c671f67f5eab7d46c0580deab6803cef.html?gid=f17a468913e1e9f4d8bea65c6aebdeaa&tid=96052&qs=1,,,,,,,,2026-10-08
7k7k,7K7K推荐游戏,16,坠落守望者,https://h5.7k7k.com/mb/mb2/8e336fc1138c958b4225b55ce35b5256.html?gid=c1e78e9b327c288d6182e15c03360b2a&tid=96048&qs=1,,,,,,,,2026-10-08
7k7k,7K7K推荐游戏,17,天梦轮回,https://h5.7k7k.com/mb/mb2/efebc8f978b90939b083403f0c330c00.html?gid=37b06d357636b0fdab395727f1547929&tid=96043&qs=1,,,,,,,,2026-10-08
7k7k,7K7K推荐游戏,18,咻咻咻军团,https://h5.7k7k.com/mb/mb2/fa6024dcdc927c28cace7a6cb2e6b790.html?gid=044c4c95ccb4e9ccacc662c697a058cc&tid=96040&qs=1,,,,,,,,2026-10-08
7k7k,7K7K推荐游戏,19,帕瓦勇者传说,https://h5.7k7k.com/mb/mb2/886a656517cf5383b56d19d6121d89a7.html?gid=f42b6f387a4f966629a8c37f1c4bd4c5&tid=96037&qs=1,,,,,,,,2026-10-08
7k7k,7K7K推荐游戏,20,烟雨剑影,https://h5.7k7k.com/mb/mb2/d92c5e50de2366a09f64e3072a523c2f.html?gid=b57ad71a4e7faed9e9e0637276169683&tid=96034&qs=1,,,,,,,,2026-10-08
7k7k,7K7K推荐游戏,21,逆天纪,https://h5.7k7k.com/mb/mb2/91722882d3bd1c54b8ed92df12363f86.html?gid=e347fd3f5f7db67b0430d429e633ab5e&tid=96028&qs=1,,,,,,,,2026-10-08
7k7k,7K7K推荐游戏,22,一梦九霄,https://h5.7k7k.com/mb/mb2/75088515b33f1cabaf910f9c66e1e1e7.html?gid=d34e01969d7ca1f4ac111b4a53acfbaa&tid=96025&qs=1,,,,,,,,2026-10-08
7k7k,7K7K推荐游戏,23,战歌与剑,https://h5.7k7k.com/mb/mb2/d6c8ec77667b34cdfdd2344a19c09a5b.html?gid=b7d6689542047266776a855527ea6d47&tid=96022&qs=1,,,,,,,,2026-10-08
7k7k,7K7K推荐游戏,24,飘在江湖,https://h5.7k7k.com/mb/mb2/c23811332c2b8ce4e49b6a51069e1dde.html?gid=7c054285223ce394d972b04a7ed43876&tid=96016&qs=1,,,,,,,,2026-10-08
7k7k,7K7K推荐游戏,25,火海逐日,https://h5.7k7k.com/mb/mb2/241dd31629dae5c4f36566fc85684529.html?gid=28d3d02cbf390fed92bedece03c00590&tid=96007&qs=1,,,,,,,,2026-10-08
7k7k,7K7K推荐游戏,26,魔物迷宫,https://h5.7k7k.com/mb/mb2/477c35fed21a40e9199d3e6c8c7e216a.html?gid=41ff594d85eca8c2da5ad2294d47602c&tid=96004&qs=1,,,,,,,,2026-10-08
7k7k,7K7K推荐游戏,27,异星战舰,https://h5.7k7k.com/mb/mb2/997b658da8d6ec74984435a8294d7460.html?gid=4b10c0bc86377ba21d49011365b74c8a&tid=96001&qs=1,,,,,,,,2026-10-08
7k7k,微信小游戏,1,植物大战僵尸,https://www.7k7k.com/flash/209118.htm,,,,,,,,2026-10-08
7k7k,微信小游戏,2,果蔬连连看,https://www.7k7k.com/flash/14527.htm,,,,,,,,2026-10-08
7k7k,微信小游戏,3,宠物连连看3.1,https://www.7k7k.com/flash/18025.htm,,,,,,,,2026-10-08
7k7k,微信小游戏,4,森林冰火人2中文无敌版,https://www.7k7k.com/flash/77954.htm,,,,,,,,2026-10-08
7k7k,微信小游戏,5,欢乐麻将,http://h5.7k7k.com/mb/mb2/dacd19513fa3809310a6affd20a960d6.html?gid=03415083be28dc69132f7f48acfb0d1e&tid=94615&qs=1,,,,,,,,2026-10-08
7k7k,微信小游戏,6,闪翼双星无敌版,https://www.7k7k.com/flash/77004.htm,,,,,,,,2026-10-08
7k7k,微信小游戏,7,3D双人极速飙车,https://www.7k7k.com/flash/80466.htm,,,,,,,,2026-10-08
7k7k,微信小游戏,8,全民斗地主,https://www.7k7k.com/flash/112393.htm,,,,,,,,2026-10-08
7k7k,微信小游戏,9,汽车标志连连看,https://www.7k7k.com/flash/15705.htm,,,,,,,,2026-10-08
7k7k,微信小游戏,10,沙滩球大挑战,https://www.7k7k.com/flash/199520.htm,,,,,,,,2026-10-08
7k7k,微信小游戏,11,双人自行车对战,https://www.7k7k.com/flash/86632.htm,,,,,,,,2026-10-08
7k7k,微信小游戏,12,天天军棋,https://www.7k7k.com/flash/106217.htm,,,,,,,,2026-10-08
7k7k,微信小游戏,13,救世英雄无敌版,https://www.7k7k.com/flash/93931.htm,,,,,,,,2026-10-08
7k7k,微信小游戏,14,7k7k剑侠传奇,https://www.7k7k.com/swf/200435.htm,,,,,,,,2026-10-08
7k7k,微信小游戏,15,疯狂过山车2,https://www.7k7k.com/flash/68962.htm,,,,,,,,2026-10-08
7k7k,微信小游戏,16,美少女斗地主,https://www.7k7k.com/flash/24120.htm,,,,,,,,2026-10-08
7k7k,微信小游戏,17,乐高游戏嘉年华,https://www.7k7k.com/flash/93076.htm,,,,,,,,2026-10-08
7k7k,微信小游戏,18,Q版泡泡堂7,https://www.7k7k.com/flash/129418.htm,,,,,,,,2026-10-08
7k7k,微信小游戏,19,冰火熊猫大冒险2无敌版,https://www.7k7k.com/flash/85257.htm,,,,,,,,2026-10-08
7k7k,微信小游戏,20,火柴人打羽毛球2,https://www.7k7k.com/flash/93517.htm,,,,,,,,2026-10-08
7k7k,微信小游戏,21,花花连连看,https://www.7k7k.com/flash/18062.htm,,,,,,,,2026-10-08
7k7k,微信小游戏,22,连连看3.1原版H5,https://www.7k7k.com/flash/204517.htm,,,,,,,,2026-10-08
7k7k,微信小游戏,23,疯狂小人战斗,https://www.7k7k.com/flash/16462.htm,,,,,,,,2026-10-08
7k7k,微信小游戏,24,拖拉机,https://www.7k7k.com/flash/16761.htm,,,,,,,,2026-10-08
7k7k,微信小游戏,25,王子与公主私奔无敌版,https://www.7k7k.com/flash/97384.htm,,,,,,,,2026-10-08
7k7k,微信小游戏,26,养了个羊,https://www.7k7k.com/flash/205652.htm,,,,,,,,2026-10-08
7k7k,微信小游戏,27,蛇蛇大作战电脑版,https://www.7k7k.com/flash/173212.htm,,,,,,,,2026-10-08
7k7k,微信小游戏,28,水果忍者,https://www.7k7k.com/flash/79733.htm,,,,,,,,2026-10-08
7k7k,微信小游戏,29,冰娃与火娃5,https://www.7k7k.com/flash/198515.htm,,,,,,,,2026-10-08
7k7k,微信小游戏,30,冰淇凌坏蛋,https://www.7k7k.com/flash/52049.htm,,,,,,,,2026-10-08
7k7k,微信小游戏,31,坦克动荡2,https://www.7k7k.com/flash/132602.htm,,,,,,,,2026-10-08
7k7k,微信小游戏,32,彩8对战,https://www.7k7k.com/flash/33092.htm,,,,,,,,2026-10-08
7k7k,微信小游戏,33,专业钢琴演奏,https://www.7k7k.com/flash/120590.htm,,,,,,,,2026-10-08
7k7k,微信小游戏,34,黄金矿工单人版,https://www.7k7k.com/flash/15735.htm,,,,,,,,2026-10-08
7k7k,微信小游戏,35,女孩的时尚派对,https://www.7k7k.com/flash/98442.htm,,,,,,,,2026-10-08
7k7k,微信小游戏,36,小鸭历险记,https://www.7k7k.com/flash/114602.htm,,,,,,,,2026-10-08
7k7k,微信小游戏,37,双人旋转赛车,https://www.7k7k.com/flash/24935.htm,,,,,,,,2026-10-08
7k7k,微信小游戏,38,皇家守卫军1.1中文无敌版,https://www.7k7k.com/flash/99147.htm,,,,,,,,2026-10-08
7k7k,微信小游戏,39,双刃战士,https://www.7k7k.com/flash/24650.htm,,,,,,,,2026-10-08
7k7k,微信小游戏,40,冰火双星回家,https://www.7k7k.com/flash/102378.htm,,,,,,,,2026-10-08
7k7k,微信小游戏,41,蜗牛寻新房子2修改版,https://www.7k7k.com/flash/78022.htm,,,,,,,,2026-10-08
7k7k,微信小游戏,42,橡皮糖探险,https://www.7k7k.com/flash/40313.htm,,,,,,,,2026-10-08
7k7k,微信小游戏,43,二战前线3无敌版,https://www.7k7k.com/flash/28079.htm,,,,,,,,2026-10-08
7k7k,微信小游戏,44,飞行棋,https://www.7k7k.com/flash/155664.htm,,,,,,,,2026-10-08
7k7k,微信小游戏,45,连连看3.1原版,https://www.7k7k.com/flash/102702.htm,,,,,,,,2026-10-08
7k7k,微信小游戏,46,青蛙祖玛,https://www.7k7k.com/flash/16534.htm,,,,,,,,2026-10-08
7k7k,微信小游戏,47,合金前线完美版,https://www.7k7k.com/flash/18021.htm,,,,,,,,2026-10-08
7k7k,微信小游戏,48,小婴儿逃出系列3,https://www.7k7k.com/flash/78169.htm,,,,,,,,2026-10-08
7k7k,微信小游戏,49,大家来玩中国象棋,https://www.7k7k.com/flash/55804.htm,,,,,,,,2026-10-08
7k7k,微信小游戏,50,神奇小妖怪,https://www.7k7k.com/flash/16238.htm,,,,,,,,2026-10-08
7k7k,微信小游戏,51,网红游戏,/tag/3390/,,,,,,,,2026-10-08
7k7k,微信小游戏,52,双人,/tag/62/,,,,,,,,2026-10-08
7k7k,微信小游戏,53,格斗,/tag/17/,,,,,,,,2026-10-08
7k7k,微信小游戏,54,角色扮演,/tag/66/,,,,,,,,2026-10-08
7k7k,微信小游戏,55,冒险,/tag/236/,,,,,,,,2026-10-08
7k7k,微信小游戏,56,益智,/tag/253/,,,,,,,,2026-10-08
7k7k,微信小游戏,57,单人,/tag/422/,,,,,,,,2026-10-08
7k7k,微信小游戏,58,过关,/tag/134/,,,,,,,,2026-10-08
7k7k,微信小游戏,59,敏捷,/tag/245/,,,,,,,,2026-10-08
7k7k,微信小游戏,60,闯关,/tag/2727/,,,,,,,,2026-10-08
7k7k,微信小游戏,61,休闲,/tag/408/,,,,,,,,2026-10-08
7k7k,微信小游戏,62,战争,/tag/30/,,,,,,,,2026-10-08
7k7k,微信小游戏,63,挑战,/tag/106/,,,,,,,,2026-10-08
7k7k,微信小游戏,64,单人闯关,/tag/423/,,,,,,,,2026-10-08
7k7k,微信小游戏,65,3D,/tag/276/,,,,,,,,2026-10-08
7k7k,微信小游戏,66,射击,/tag/246/,,,,,,,,2026-10-08
7k7k,微信小游戏,67,体育,/tag/252/,,,,,,,,2026-10-08
7k7k,微信小游戏,68,机器人,/tag/383/,,,,,,,,2026-10-08
7k7k,微信小游戏,69,棋牌,/tag/92/,,,,,,,,2026-10-08
7k7k,微信小游戏,70,坦克,/tag/49/,,,,,,,,2026-10-08
7k7k,微信小游戏,71,吃东西,/tag/110/,,,,,,,,2026-10-08
7k7k,微信小游戏,72,小动物,/tag/227/,,,,,,,,2026-10-08
7k7k,微信小游戏,73,换装,/tag/3/,,,,,,,,2026-10-08
7k7k,微信小游戏,74,合金前线,/tag/58/,,,,,,,,2026-10-08
7k7k,微信小游戏,75,连连看,/tag/1/,,,,,,,,2026-10-08
7k7k,微信小游戏,76,消除游戏,/tag/3899/,,,,,,,,2026-10-08
7k7k,微信小游戏,77,美女,/tag/7/,,,,,,,,2026-10-08
7k7k,微信小游戏,78,找东西,/tag/117/,,,,,,,,2026-10-08
7k7k,微信小游戏,79,植物大战僵尸,/tag/2690/,,,,,,,,2026-10-08
7k7k,微信小游戏,80,CS,/tag/44/,,,,,,,,2026-10-08
7k7k,微信小游戏,81,塔防,/tag/1946/,,,,,,,,2026-10-08
7k7k,微信小游戏,82,赛车,/tag/12/,,,,,,,,2026-10-08
7k7k,益智游戏,1,果蔬连连看,https://www.7k7k.com/flash/14527.htm,,,,,,,,2026-10-08
7k7k,益智游戏,2,宠物连连看3.1,https://www.7k7k.com/flash/18025.htm,,,,,,,,2026-10-08
7k7k,益智游戏,3,欢乐麻将,http://h5.7k7k.com/mb/mb2/dacd19513fa3809310a6affd20a960d6.html?gid=03415083be28dc69132f7f48acfb0d1e&tid=94615&qs=1,,,,,,,,2026-10-08
7k7k,益智游戏,4,全民斗地主,https://www.7k7k.com/flash/112393.htm,,,,,,,,2026-10-08
7k7k,益智游戏,5,汽车标志连连看,https://www.7k7k.com/flash/15705.htm,,,,,,,,2026-10-08
7k7k,益智游戏,6,天天军棋,https://www.7k7k.com/flash/106217.htm,,,,,,,,2026-10-08
7k7k,益智游戏,7,疯狂过山车2,https://www.7k7k.com/flash/68962.htm,,,,,,,,2026-10-08
7k7k,益智游戏,8,美少女斗地主,https://www.7k7k.com/flash/24120.htm,,,,,,,,2026-10-08
7k7k,益智游戏,9,连连看3.1原版H5,https://www.7k7k.com/flash/204517.htm,,,,,,,,2026-10-08
7k7k,益智游戏,10,花花连连看,https://www.7k7k.com/flash/18062.htm,,,,,,,,2026-10-08
7k7k,益智游戏,11,拖拉机,https://www.7k7k.com/flash/16761.htm,,,,,,,,2026-10-08
7k7k,益智游戏,12,养了个羊,https://www.7k7k.com/flash/205652.htm,,,,,,,,2026-10-08
7k7k,益智游戏,13,蜗牛寻新房子2修改版,https://www.7k7k.com/flash/78022.htm,,,,,,,,2026-10-08
7k7k,益智游戏,14,飞行棋,https://www.7k7k.com/flash/155664.htm,,,,,,,,2026-10-08
7k7k,益智游戏,15,连连看3.1原版,https://www.7k7k.com/flash/102702.htm,,,,,,,,2026-10-08
7k7k,敏捷游戏,1,沙滩球大挑战,https://www.7k7k.com/flash/199520.htm,,,,,,,,2026-10-08
7k7k,敏捷游戏,2,Q版泡泡堂7,https://www.7k7k.com/flash/129418.htm,,,,,,,,2026-10-08
7k7k,敏捷游戏,3,疯狂小人战斗,https://www.7k7k.com/flash/16462.htm,,,,,,,,2026-10-08
7k7k,敏捷游戏,4,蛇蛇大作战电脑版,https://www.7k7k.com/flash/173212.htm,,,,,,,,2026-10-08
7k7k,敏捷游戏,5,水果忍者,https://www.7k7k.com/flash/79733.htm,,,,,,,,2026-10-08
7k7k,敏捷游戏,6,黄金矿工单人版,https://www.7k7k.com/flash/15735.htm,,,,,,,,2026-10-08
7k7k,敏捷游戏,7,神奇小妖怪,https://www.7k7k.com/flash/16238.htm,,,,,,,,2026-10-08
7k7k,敏捷游戏,8,大鱼吃小鱼双人版,https://www.7k7k.com/flash/156497.htm,,,,,,,,2026-10-08
7k7k,敏捷游戏,9,火柴人吃豆豆,https://www.7k7k.com/flash/158663.htm,,,,,,,,2026-10-08
7k7k,敏捷游戏,10,冷冻双侠,https://www.7k7k.com/flash/16664.htm,,,,,,,,2026-10-08
7k7k,敏捷游戏,11,海边钓鱼2,https://www.7k7k.com/flash/139018.htm,,,,,,,,2026-10-08
7k7k,敏捷游戏,12,黄金矿工双人版,https://www.7k7k.com/flash/15944.htm,,,,,,,,2026-10-08
7k7k,敏捷游戏,13,节奏大师电脑版,https://www.7k7k.com/flash/126556.htm,,,,,,,,2026-10-08
7k7k,敏捷游戏,14,双人贪食蛇大战,https://www.7k7k.com/flash/109813.htm,,,,,,,,2026-10-08
7k7k,敏捷游戏,15,变形人竞赛,https://www.7k7k.com/flash/80447.htm,,,,,,,,2026-10-08
7k7k,体育游戏,1,3D双人极速飙车,https://www.7k7k.com/flash/80466.htm,,,,,,,,2026-10-08
7k7k,体育游戏,2,双人自行车对战,https://www.7k7k.com/flash/86632.htm,,,,,,,,2026-10-08
7k7k,体育游戏,3,火柴人打羽毛球2,https://www.7k7k.com/flash/93517.htm,,,,,,,,2026-10-08
7k7k,体育游戏,4,彩8对战,https://www.7k7k.com/flash/33092.htm,,,,,,,,2026-10-08
7k7k,体育游戏,5,双人旋转赛车,https://www.7k7k.com/flash/24935.htm,,,,,,,,2026-10-08
7k7k,体育游戏,6,疯狂摩托,https://www.7k7k.com/flash/15945.htm,,,,,,,,2026-10-08
7k7k,体育游戏,7,越野摩托竞速赛,https://www.7k7k.com/flash/97495.htm,,,,,,,,2026-10-08
7k7k,体育游戏,8,极品飙车赛,https://www.7k7k.com/flash/40347.htm,,,,,,,,2026-10-08
7k7k,体育游戏,9,疯狂战车,https://www.7k7k.com/flash/26570.htm,,,,,,,,2026-10-08
7k7k,体育游戏,10,3D超级跑车,https://www.7k7k.com/flash/88793.htm,,,,,,,,2026-10-08
7k7k,体育游戏,11,极限越野6,https://www.7k7k.com/flash/122876.htm,,,,,,,,2026-10-08
7k7k,体育游戏,12,双人3D四驱车赛,https://www.7k7k.com/flash/99114.htm,,,,,,,,2026-10-08
7k7k,体育游戏,13,极限越野,https://www.7k7k.com/flash/16219.htm,,,,,,,,2026-10-08
7k7k,体育游戏,14,疯狂公路汽车赛,https://www.7k7k.com/flash/23487.htm,,,,,,,,2026-10-08
7k7k,体育游戏,15,货车送货,https://www.7k7k.com/flash/42773.htm,,,,,,,,2026-10-08
7k7k,射击游戏,1,坦克动荡2,https://www.7k7k.com/flash/132602.htm,,,,,,,,2026-10-08
7k7k,射击游戏,2,名枪之巴雷特,https://www.7k7k.com/flash/86683.htm,,,,,,,,2026-10-08
7k7k,射击游戏,3,小小枪战,https://www.7k7k.com/flash/97680.htm,,,,,,,,2026-10-08
7k7k,射击游戏,4,植物大战僵尸之疯狂大叔无敌版,https://www.7k7k.com/flash/80486.htm,,,,,,,,2026-10-08
7k7k,射击游戏,5,肥猫天使,https://www.7k7k.com/flash/200900.htm,,,,,,,,2026-10-08
7k7k,射击游戏,6,反恐精英狙击手,https://www.7k7k.com/flash/20333.htm,,,,,,,,2026-10-08
7k7k,射击游戏,7,快艇射击,https://www.7k7k.com/flash/141276.htm,,,,,,,,2026-10-08
7k7k,射击游戏,8,经典90坦克大战,https://www.7k7k.com/flash/27382.htm,,,,,,,,2026-10-08
7k7k,射击游戏,9,狼牙特种狙击队,https://www.7k7k.com/flash/109081.htm,,,,,,,,2026-10-08
7k7k,射击游戏,10,混乱大枪战2中文无敌版,https://www.7k7k.com/flash/99156.htm,,,,,,,,2026-10-08
7k7k,射击游戏,11,混乱大枪战,https://www.7k7k.com/flash/65613.htm,,,,,,,,2026-10-08
7k7k,射击游戏,12,干掉太阳,https://www.7k7k.com/flash/152283.htm,,,,,,,,2026-10-08
7k7k,射击游戏,13,炮打气球4,https://www.7k7k.com/flash/100627.htm,,,,,,,,2026-10-08
7k7k,射击游戏,14,水上游乐园打水战,https://www.7k7k.com/flash/95728.htm,,,,,,,,2026-10-08
7k7k,射击游戏,15,未来战士3无敌版,https://www.7k7k.com/flash/135852.htm,,,,,,,,2026-10-08
7k7k,冒险游戏,1,森林冰火人2中文无敌版,https://www.7k7k.com/flash/77954.htm,,,,,,,,2026-10-08
7k7k,冒险游戏,2,闪翼双星无敌版,https://www.7k7k.com/flash/77004.htm,,,,,,,,2026-10-08
7k7k,冒险游戏,3,救世英雄无敌版,https://www.7k7k.com/flash/93931.htm,,,,,,,,2026-10-08
7k7k,冒险游戏,4,冰火熊猫大冒险2无敌版,https://www.7k7k.com/flash/85257.htm,,,,,,,,2026-10-08
7k7k,冒险游戏,5,王子与公主私奔无敌版,https://www.7k7k.com/flash/97384.htm,,,,,,,,2026-10-08
7k7k,冒险游戏,6,冰娃与火娃5,https://www.7k7k.com/flash/198515.htm,,,,,,,,2026-10-08
7k7k,冒险游戏,7,冰淇凌坏蛋,https://www.7k7k.com/flash/52049.htm,,,,,,,,2026-10-08
7k7k,冒险游戏,8,小鸭历险记,https://www.7k7k.com/flash/114602.htm,,,,,,,,2026-10-08
7k7k,冒险游戏,9,双刃战士,https://www.7k7k.com/flash/24650.htm,,,,,,,,2026-10-08
7k7k,冒险游戏,10,冰火双星回家,https://www.7k7k.com/flash/102378.htm,,,,,,,,2026-10-08
7k7k,冒险游戏,11,橡皮糖探险,https://www.7k7k.com/flash/40313.htm,,,,,,,,2026-10-08
7k7k,冒险游戏,12,二战前线3无敌版,https://www.7k7k.com/flash/28079.htm,,,,,,,,2026-10-08
7k7k,冒险游戏,13,合金前线完美版,https://www.7k7k.com/flash/18021.htm,,,,,,,,2026-10-08
7k7k,冒险游戏,14,勇闯冰火岛,https://www.7k7k.com/flash/43138.htm,,,,,,,,2026-10-08
7k7k,冒险游戏,15,特种任务,https://www.7k7k.com/flash/15748.htm,,,,,,,,2026-10-08
7k7k,动作游戏,1,火柴人神器之战2,https://www.7k7k.com/flash/197891.htm,,,,,,,,2026-10-08
7k7k,动作游戏,2,梦幻超人,https://www.7k7k.com/flash/14176.htm,,,,,,,,2026-10-08
7k7k,动作游戏,3,机器人大决斗,https://www.7k7k.com/flash/32023.htm,,,,,,,,2026-10-08
7k7k,动作游戏,4,DNF2.8中文无敌版,https://www.7k7k.com/flash/100915.htm,,,,,,,,2026-10-08
7k7k,动作游戏,5,铁拳暴龙无敌版,https://www.7k7k.com/flash/95752.htm,,,,,,,,2026-10-08
7k7k,动作游戏,6,乐高忍者格斗无敌版,https://www.7k7k.com/flash/95684.htm,,,,,,,,2026-10-08
7k7k,动作游戏,7,卡西龙之龙传奇,https://www.7k7k.com/flash/84893.htm,,,,,,,,2026-10-08
7k7k,动作游戏,8,乐高幻影忍者,https://www.7k7k.com/flash/132467.htm,,,,,,,,2026-10-08
7k7k,动作游戏,9,火柴人大决斗,https://www.7k7k.com/flash/173214.htm,,,,,,,,2026-10-08
7k7k,动作游戏,10,城市正义英雄,https://www.7k7k.com/flash/210672.htm,,,,,,,,2026-10-08
7k7k,动作游戏,11,全民坦克大战,http://tklm.7k7k.com/,,,,,,,,2026-10-08
7k7k,动作游戏,12,7k7k逃跑吧少年,http://news.7k7k.com/games/tpbsn/?tagnew,,,,,,,,2026-10-08
7k7k,动作游戏,13,死神VS火影2.6,https://www.7k7k.com/flash/170561.htm,,,,,,,,2026-10-08
7k7k,动作游戏,14,7k7k决战沙邑,https://www.7k7k.com/swf/184505.htm,,,,,,,,2026-10-08
7k7k,动作游戏,15,英雄大作战V0.7终极无敌版,https://www.7k7k.com/flash/127404.htm,,,,,,,,2026-10-08
7k7k,解谜游戏,1,7k7k剑侠传奇,https://www.7k7k.com/swf/200435.htm,,,,,,,,2026-10-08
7k7k,解谜游戏,2,小婴儿逃出系列3,https://www.7k7k.com/flash/78169.htm,,,,,,,,2026-10-08
7k7k,解谜游戏,3,火柴人生死大逃亡,https://www.7k7k.com/flash/160948.htm,,,,,,,,2026-10-08
7k7k,解谜游戏,4,亚当寻找夏娃3,https://www.7k7k.com/flash/142513.htm,,,,,,,,2026-10-08
7k7k,解谜游戏,5,火柴人逃狱记中文版,https://www.7k7k.com/flash/178278.htm,,,,,,,,2026-10-08
7k7k,解谜游戏,6,机械迷城完整中文版,https://www.7k7k.com/flash/93052.htm,,,,,,,,2026-10-08
7k7k,解谜游戏,7,逃出美女宿舍,https://www.7k7k.com/flash/21188.htm,,,,,,,,2026-10-08
7k7k,解谜游戏,8,逃出可爱的卫生间,https://www.7k7k.com/flash/48047.htm,,,,,,,,2026-10-08
7k7k,解谜游戏,9,爸爸把我手机藏起来了,https://www.7k7k.com/flash/198927.htm,,,,,,,,2026-10-08
7k7k,解谜游戏,10,疯狂戴夫逃离小院,https://www.7k7k.com/flash/92524.htm,,,,,,,,2026-10-08
7k7k,解谜游戏,11,史上最坑爹的游戏12,https://www.7k7k.com/flash/178138.htm,,,,,,,,2026-10-08
7k7k,解谜游戏,12,家里的故事中文版,https://www.7k7k.com/flash/182368.htm,,,,,,,,2026-10-08
7k7k,解谜游戏,13,小汽车总动员8,https://www.7k7k.com/flash/174398.htm,,,,,,,,2026-10-08
7k7k,解谜游戏,14,史上最贱小游戏TV秀,https://www.7k7k.com/flash/179026.htm,,,,,,,,2026-10-08
7k7k,解谜游戏,15,史上最贱恶搞小游戏,https://www.7k7k.com/flash/173994.htm,,,,,,,,2026-10-08
7k7k,休闲游戏,1,专业钢琴演奏,https://www.7k7k.com/flash/120590.htm,,,,,,,,2026-10-08
7k7k,休闲游戏,2,烤彩虹甜甜圈中文版,https://www.7k7k.com/flash/139778.htm,,,,,,,,2026-10-08
7k7k,休闲游戏,3,老爹汉堡店中文版,https://www.7k7k.com/flash/51300.htm,,,,,,,,2026-10-08
7k7k,休闲游戏,4,贝蒂的手工沙画,https://www.7k7k.com/flash/146058.htm,,,,,,,,2026-10-08
7k7k,休闲游戏,5,小美洗发店,https://www.7k7k.com/flash/19271.htm,,,,,,,,2026-10-08
7k7k,休闲游戏,6,神奇的种子,https://www.7k7k.com/flash/129205.htm,,,,,,,,2026-10-08
7k7k,休闲游戏,7,阿sue做面膜,https://www.7k7k.com/flash/65029.htm,,,,,,,,2026-10-08
7k7k,休闲游戏,8,养宠物狗狗,https://www.7k7k.com/flash/21431.htm,,,,,,,,2026-10-08
7k7k,休闲游戏,9,阿Sue做蛋糕,https://www.7k7k.com/flash/11110.htm,,,,,,,,2026-10-08
7k7k,休闲游戏,10,人造美女,https://www.7k7k.com/flash/6199.htm,,,,,,,,2026-10-08
7k7k,休闲游戏,11,我爱做蛋糕,https://www.7k7k.com/flash/77046.htm,,,,,,,,2026-10-08
7k7k,休闲游戏,12,制作柠檬蛋糕,https://www.7k7k.com/flash/95785.htm,,,,,,,,2026-10-08
7k7k,休闲游戏,13,阿sue美甲店,https://www.7k7k.com/flash/18284.htm,,,,,,,,2026-10-08
7k7k,休闲游戏,14,老爹冰淇淋店中文版,https://www.7k7k.com/flash/142262.htm,,,,,,,,2026-10-08
7k7k,休闲游戏,15,全民斗地主,https://www.7k7k.com/flash/207447.htm,,,,,,,,2026-10-08
7k7k,儿童游戏,1,乐高游戏嘉年华,https://www.7k7k.com/flash/93076.htm,,,,,,,,2026-10-08
7k7k,儿童游戏,2,盖房子,https://www.7k7k.com/flash/16277.htm,,,,,,,,2026-10-08
7k7k,儿童游戏,3,建设乐高岛,https://www.7k7k.com/flash/94164.htm,,,,,,,,2026-10-08
7k7k,儿童游戏,4,乐高加油站,https://www.7k7k.com/flash/110907.htm,,,,,,,,2026-10-08
7k7k,儿童游戏,5,小宝宝开拖拉机,https://www.7k7k.com/flash/99497.htm,,,,,,,,2026-10-08
7k7k,儿童游戏,6,叫醒老爷爷,https://www.7k7k.com/flash/92599.htm,,,,,,,,2026-10-08
7k7k,儿童游戏,7,奇妙画板,https://www.7k7k.com/flash/41965.htm,,,,,,,,2026-10-08
7k7k,儿童游戏,8,乐高岛搭积木,https://www.7k7k.com/flash/96645.htm,,,,,,,,2026-10-08
7k7k,儿童游戏,9,小鸭子游泳赛,https://www.7k7k.com/flash/93279.htm,,,,,,,,2026-10-08
7k7k,儿童游戏,10,一起学钢琴,https://www.7k7k.com/flash/100421.htm,,,,,,,,2026-10-08
7k7k,儿童游戏,11,可爱宝贝的游泳时光,https://www.7k7k.com/flash/139396.htm,,,,,,,,2026-10-08
7k7k,儿童游戏,12,新版乐高游戏嘉年华2,https://www.7k7k.com/flash/111810.htm,,,,,,,,2026-10-08
7k7k,儿童游戏,13,乐高游戏嘉年华2,https://www.7k7k.com/flash/108386.htm,,,,,,,,2026-10-08
7k7k,儿童游戏,14,黄金花园,https://www.7k7k.com/flash/94797.htm,,,,,,,,2026-10-08
7k7k,儿童游戏,15,可爱宝贝去夏令营,https://www.7k7k.com/flash/138653.htm,,,,,,,,2026-10-08
7k7k,战争游戏,1,植物大战僵尸,https://www.7k7k.com/flash/209118.htm,,,,,,,,2026-10-08
7k7k,战争游戏,2,皇家守卫军1.1中文无敌版,https://www.7k7k.com/flash/99147.htm,,,,,,,,2026-10-08
7k7k,战争游戏,3,机器人大对战中文版,https://www.7k7k.com/flash/110525.htm,,,,,,,,2026-10-08
7k7k,战争游戏,4,合金前线突击队,https://www.7k7k.com/flash/53361.htm,,,,,,,,2026-10-08
7k7k,战争游戏,5,保卫萝卜电脑版,https://www.7k7k.com/flash/114196.htm,,,,,,,,2026-10-08
7k7k,战争游戏,6,皇家守卫军1.1中文版,https://www.7k7k.com/flash/99122.htm,,,,,,,,2026-10-08
7k7k,战争游戏,7,守卫村庄无敌版,https://www.7k7k.com/flash/91892.htm,,,,,,,,2026-10-08
7k7k,战争游戏,8,保卫萝卜中文版,https://www.7k7k.com/flash/108757.htm,,,,,,,,2026-10-08
7k7k,战争游戏,9,骷髅军队2中文版,https://www.7k7k.com/flash/86295.htm,,,,,,,,2026-10-08
7k7k,战争游戏,10,小猴子守城5无敌版,https://www.7k7k.com/flash/105425.htm,,,,,,,,2026-10-08
7k7k,战争游戏,11,战争进化史,https://www.7k7k.com/flash/15793.htm,,,,,,,,2026-10-08
7k7k,战争游戏,12,植物大战僵尸塔防变态版,https://www.7k7k.com/flash/92437.htm,,,,,,,,2026-10-08
7k7k,战争游戏,13,机器人攻城战,https://www.7k7k.com/flash/101195.htm,,,,,,,,2026-10-08
7k7k,战争游戏,14,保卫萝卜正式版,https://www.7k7k.com/flash/114119.htm,,,,,,,,2026-10-08
7k7k,战争游戏,15,疯狂机械人2,https://www.7k7k.com/flash/17524.htm,,,,,,,,2026-10-08
7k7k,换装游戏,1,女孩的时尚派对,https://www.7k7k.com/flash/98442.htm,,,,,,,,2026-10-08
7k7k,换装游戏,2,公主与王子约会,https://www.7k7k.com/flash/13227.htm,,,,,,,,2026-10-08
7k7k,换装游戏,3,阿sue要迟到,https://www.7k7k.com/flash/7397.htm,,,,,,,,2026-10-08
7k7k,换装游戏,4,阿sue来化妆,https://www.7k7k.com/flash/50186.htm,,,,,,,,2026-10-08
7k7k,换装游戏,5,创意眼影,https://www.7k7k.com/flash/106373.htm,,,,,,,,2026-10-08
7k7k,换装游戏,6,冬季的百合公主,https://www.7k7k.com/flash/106263.htm,,,,,,,,2026-10-08
7k7k,换装游戏,7,美女试衣间,https://www.7k7k.com/flash/120827.htm,,,,,,,,2026-10-08
7k7k,换装游戏,8,小美眉做发型2,https://www.7k7k.com/flash/19666.htm,,,,,,,,2026-10-08
7k7k,换装游戏,9,妮妮公主要出嫁,https://www.7k7k.com/flash/22506.htm,,,,,,,,2026-10-08
7k7k,换装游戏,10,宝石鞋,https://www.7k7k.com/flash/103388.htm,,,,,,,,2026-10-08
7k7k,换装游戏,11,七夕仙女约会,https://www.7k7k.com/flash/14641.htm,,,,,,,,2026-10-08
7k7k,换装游戏,12,购物狂进军伦敦,https://www.7k7k.com/flash/122751.htm,,,,,,,,2026-10-08
7k7k,换装游戏,13,卡哇伊小新娘,https://www.7k7k.com/flash/109804.htm,,,,,,,,2026-10-08
7k7k,换装游戏,14,为女孩化妆,https://www.7k7k.com/flash/107255.htm,,,,,,,,2026-10-08
7k7k,换装游戏,15,出门化个妆,https://www.7k7k.com/flash/158344.htm,,,,,,,,2026-10-08
7k7k,女生游戏,1,女孩的时尚派对,https://www.7k7k.com/flash/98442.htm,,,,,,,,2026-10-08
7k7k,女生游戏,2,烤彩虹甜甜圈中文版,https://www.7k7k.com/flash/139778.htm,,,,,,,,2026-10-08
7k7k,女生游戏,3,老爹汉堡店中文版,https://www.7k7k.com/flash/51300.htm,,,,,,,,2026-10-08
7k7k,女生游戏,4,贝蒂的手工沙画,https://www.7k7k.com/flash/146058.htm,,,,,,,,2026-10-08
7k7k,女生游戏,5,小美洗发店,https://www.7k7k.com/flash/19271.htm,,,,,,,,2026-10-08
7k7k,女生游戏,6,阿sue做面膜,https://www.7k7k.com/flash/65029.htm,,,,,,,,2026-10-08
7k7k,女生游戏,7,养宠物狗狗,https://www.7k7k.com/flash/21431.htm,,,,,,,,2026-10-08
7k7k,女生游戏,8,阿Sue做蛋糕,https://www.7k7k.com/flash/11110.htm,,,,,,,,2026-10-08
7k7k,女生游戏,9,人造美女,https://www.7k7k.com/flash/6199.htm,,,,,,,,2026-10-08
7k7k,女生游戏,10,公主与王子约会,https://www.7k7k.com/flash/13227.htm,,,,,,,,2026-10-08
7k7k,女生游戏,11,我爱做蛋糕,https://www.7k7k.com/flash/77046.htm,,,,,,,,2026-10-08
7k7k,女生游戏,12,制作柠檬蛋糕,https://www.7k7k.com/flash/95785.htm,,,,,,,,2026-10-08
7k7k,女生游戏,13,阿sue美甲店,https://www.7k7k.com/flash/18284.htm,,,,,,,,2026-10-08
7k7k,女生游戏,14,老爹冰淇淋店中文版,https://www.7k7k.com/flash/142262.htm,,,,,,,,2026-10-08
7k7k,女生游戏,15,印度奶油鸡,https://www.7k7k.com/flash/46490.htm,,,,,,,,2026-10-08
7k7k,最新游戏,1,全民主公2,https://h5.7k7k.com/mb/mb2/cbbdf830397a2f7a4bcb596b8f7b8809.html?gid=31260f02379737d0278ea269169a40e3&tid=96141&qs=1,,,,,,,,2026-10-08
7k7k,最新游戏,2,每一堵墙,https://www.7k7k.com/flash/213912.htm,,,,,,,,2026-10-08
7k7k,最新游戏,3,贴纸房间,https://www.7k7k.com/flash/213911.htm,,,,,,,,2026-10-08
7k7k,最新游戏,4,全民雷霆战机,https://h5.7k7k.com/mb/mb2/157df06d05356ef3781350175ecca097.html?gid=1ebedffbf06745be5e5f2eef54e5d01c&tid=96138&qs=1,,,,,,,,2026-10-08
7k7k,最新游戏,5,方块剑,https://www.7k7k.com/flash/213909.htm,,,,,,,,2026-10-08
7k7k,最新游戏,6,职业拉力赛,https://www.7k7k.com/flash/213908.htm,,,,,,,,2026-10-08
7k7k,最新游戏,7,椰子捕手,https://www.7k7k.com/flash/213907.htm,,,,,,,,2026-10-08
7k7k,最新游戏,8,传递烛火,https://www.7k7k.com/flash/213906.htm,,,,,,,,2026-10-08
7k7k,最新游戏,9,圆球分装工厂,https://www.7k7k.com/flash/213905.htm,,,,,,,,2026-10-08
7k7k,最新游戏,10,弹跳球冒险,https://www.7k7k.com/flash/213904.htm,,,,,,,,2026-10-08
7k7k,最新游戏,11,勇士小队,https://www.7k7k.com/flash/213903.htm,,,,,,,,2026-10-08
7k7k,最新游戏,12,森林的路径,https://www.7k7k.com/flash/213902.htm,,,,,,,,2026-10-08
7k7k,最新游戏,13,扑克贴纸,https://www.7k7k.com/flash/213901.htm,,,,,,,,2026-10-08
7k7k,最新游戏,14,迷你娃娃屋,https://www.7k7k.com/flash/213900.htm,,,,,,,,2026-10-08
7k7k,最新游戏,15,史莱姆入侵,https://www.7k7k.com/flash/213898.htm,,,,,,,,2026-10-08
7k7k,最新游戏,16,伤害转移,https://www.7k7k.com/flash/213897.htm,,,,,,,,2026-10-08
7k7k,最新游戏,17,领地之争,https://www.7k7k.com/flash/213896.htm,,,,,,,,2026-10-08
7k7k,最新游戏,18,自在江湖,https://h5.7k7k.com/mb/mb2/18fdeb887d9e14b2d5fe2c1b1c6db0f5.html?gid=caf6a6556e5cbb6fa45fce336f080c7f&tid=96132&qs=1,,,,,,,,2026-10-08
7k7k,最新游戏,19,逗小猴开心系列1076,https://www.7k7k.com/flash/213894.htm,,,,,,,,2026-10-08
7k7k,最新游戏,20,太空点击器,https://www.7k7k.com/flash/213893.htm,,,,,,,,2026-10-08
7k7k,最新游戏,21,切块砸笑脸,https://www.7k7k.com/flash/213892.htm,,,,,,,,2026-10-08
7k7k,最新游戏,22,吃水果的小蛇,https://www.7k7k.com/flash/213891.htm,,,,,,,,2026-10-08
7k7k,最新游戏,23,火车列车长,https://www.7k7k.com/flash/213890.htm,,,,,,,,2026-10-08
7k7k,最新游戏,24,闯关专家,https://h5.7k7k.com/mb/mb2/5688cfa6421c9d0bffbaed7cb388d7f0.html?gid=029e3a77e3a654225c1dbe7626ed866d&tid=96135&qs=1,,,,,,,,2026-10-08
7k7k,最新游戏,25,企鹅农场,https://www.7k7k.com/flash/213888.htm,,,,,,,,2026-10-08
7k7k,最新游戏,26,人偶足球2026,https://www.7k7k.com/flash/213887.htm,,,,,,,,2026-10-08
7k7k,最新游戏,27,阿sue娃娃机H5,https://www.7k7k.com/flash/213886.htm,,,,,,,,2026-10-08
7k7k,最新游戏,28,纱线图画,https://www.7k7k.com/flash/213885.htm,,,,,,,,2026-10-08
7k7k,最新游戏,29,贴纸小镇,https://www.7k7k.com/flash/213884.htm,,,,,,,,2026-10-08
7k7k,最新游戏,30,扫地机模拟器,https://www.7k7k.com/flash/213883.htm,,,,,,,,2026-10-08
7k7k,最新游戏,31,挖沙大师,https://www.7k7k.com/flash/213882.htm,,,,,,,,2026-10-08
7k7k,最新游戏,32,打击皮纳塔,https://www.7k7k.com/flash/213881.htm,,,,,,,,2026-10-08
7k7k,最新游戏,33,神圣家园,https://www.7k7k.com/flash/213880.htm,,,,,,,,2026-10-08
7k7k,最新游戏,34,大书库,https://www.7k7k.com/flash/213879.htm,,,,,,,,2026-10-08
7k7k,最新游戏,35,逗小猴开心系列1075,https://www.7k7k.com/flash/213878.htm,,,,,,,,2026-10-08
7k7k,最新游戏,36,幽灵小镇的小麻烦,https://www.7k7k.com/flash/213877.htm,,,,,,,,2026-10-08
7k7k,最新游戏,37,过马路的传说,https://www.7k7k.com/flash/213875.htm,,,,,,,,2026-10-08
7k7k,最新游戏,38,列车来连接,https://www.7k7k.com/flash/213874.htm,,,,,,,,2026-10-08
7k7k,最新游戏,39,英雄防线,https://h5.7k7k.com/mb/mb2/3a15c60713fd2bb83a619130f024965f.html?gid=6d504b45b32e6a909478228cd416b0ef&tid=96129&qs=1,,,,,,,,2026-10-08
7k7k,最新游戏,40,清洁狗狗,https://www.7k7k.com/flash/213872.htm,,,,,,,,2026-10-08
7k7k,最新游戏,41,发条钟楼,https://www.7k7k.com/flash/213871.htm,,,,,,,,2026-10-08
7k7k,最新游戏,42,装饰梦想房间,https://www.7k7k.com/flash/213870.htm,,,,,,,,2026-10-08
7k7k,最新游戏,43,滑动滚球,https://www.7k7k.com/flash/213869.htm,,,,,,,,2026-10-08
7k7k,最新游戏,44,卡牌归类,https://www.7k7k.com/flash/213868.htm,,,,,,,,2026-10-08
7k7k,最新游戏,45,峡谷穿越者,https://www.7k7k.com/flash/213867.htm,,,,,,,,2026-10-08
7k7k,最新游戏,46,拼豆挑战,https://www.7k7k.com/flash/213866.htm,,,,,,,,2026-10-08
7k7k,最新游戏,47,潜浮冒险,https://www.7k7k.com/flash/213865.htm,,,,,,,,2026-10-08
7k7k,最新游戏,48,阿sue填色本H5,https://www.7k7k.com/flash/213864.htm,,,,,,,,2026-10-08
7k7k,最新游戏,49,茂密的草丛,https://www.7k7k.com/flash/213863.htm,,,,,,,,2026-10-08
7k7k,最新游戏,50,格斗火柴人训练营,https://www.7k7k.com/flash/213862.htm,,,,,,,,2026-10-08
7k7k,最热游戏,1,7k7k触动(touch),http://g.7k7k.com/games/touch/,,,,,,,,2026-10-08
7k7k,最热游戏,2,7k7k皮卡堂沙发,http://news.7k7k.com/pkt/,,,,,,,,2026-10-08
7k7k,最热游戏,3,果蔬连连看,https://www.7k7k.com/flash/14527.htm,,,,,,,,2026-10-08
7k7k,最热游戏,4,全民坦克大战,http://tklm.7k7k.com/,,,,,,,,2026-10-08
7k7k,最热游戏,5,7k7k三国杀,http://news.7k7k.com/sgs/?,,,,,,,,2026-10-08
7k7k,最热游戏,6,宠物连连看3.1,https://www.7k7k.com/flash/18025.htm,,,,,,,,2026-10-08
7k7k,最热游戏,7,森林冰火人2中文无敌版,https://www.7k7k.com/flash/77954.htm,,,,,,,,2026-10-08
7k7k,最热游戏,8,冒险王之神兵传奇幸运无敌版,https://www.7k7k.com/flash/98413.htm,,,,,,,,2026-10-08
7k7k,最热游戏,9,植物大战僵尸,https://www.7k7k.com/swf/26096.htm,,,,,,,,2026-10-08
7k7k,最热游戏,10,欢乐麻将,http://h5.7k7k.com/mb/mb2/dacd19513fa3809310a6affd20a960d6.html?gid=03415083be28dc69132f7f48acfb0d1e&tid=94615&qs=1,,,,,,,,2026-10-08
7k7k,最热游戏,11,闪翼双星无敌版,https://www.7k7k.com/flash/77004.htm,,,,,,,,2026-10-08
7k7k,最热游戏,12,3D双人极速飙车,https://www.7k7k.com/flash/80466.htm,,,,,,,,2026-10-08
7k7k,最热游戏,13,全民斗地主,https://www.7k7k.com/flash/112393.htm,,,,,,,,2026-10-08
7k7k,最热游戏,14,传奇三国,https://www.7k7k.com/swf/209640.htm,,,,,,,,2026-10-08
7k7k,最热游戏,15,森林冰火人,https://www.7k7k.com/flash/27253.htm,,,,,,,,2026-10-08
7k7k,最热游戏,16,二战前线2无敌版,https://www.7k7k.com/flash/28079.htm,,,,,,,,2026-10-08
7k7k,最热游戏,17,美食大战老鼠,http://news.7k7k.com/msdzls/,,,,,,,,2026-10-08
7k7k,最热游戏,18,汽车标志连连看,https://www.7k7k.com/flash/15705.htm,,,,,,,,2026-10-08
7k7k,最热游戏,19,7k7k完美漂移,http://news.7k7k.com/wmpy/,,,,,,,,2026-10-08
7k7k,最热游戏,20,沙滩球大挑战,https://www.7k7k.com/flash/199520.htm,,,,,,,,2026-10-08
7k7k,最热游戏,21,森林冰火人4水晶庙无敌版,https://www.7k7k.com/flash/109612.htm,,,,,,,,2026-10-08
7k7k,最热游戏,22,双人自行车对战,https://www.7k7k.com/flash/86632.htm,,,,,,,,2026-10-08
7k7k,最热游戏,23,天天军棋,https://www.7k7k.com/flash/106217.htm,,,,,,,,2026-10-08
7k7k,最热游戏,24,Q版泡泡堂,https://www.7k7k.com/flash/13076.htm,,,,,,,,2026-10-08
7k7k,最热游戏,25,植物大战僵尸无敌版,http://www.7k7k.com/special/zhiwu/,,,,,,,,2026-10-08
7k7k,最热游戏,26,Q版泡泡堂2,https://www.7k7k.com/flash/17850.htm,,,,,,,,2026-10-08
7k7k,最热游戏,27,救世英雄无敌版,https://www.7k7k.com/flash/93931.htm,,,,,,,,2026-10-08
7k7k,最热游戏,28,新版乐高游戏嘉年华2,https://www.7k7k.com/flash/111810.htm,,,,,,,,2026-10-08
7k7k,最热游戏,29,疯狂过山车2,https://www.7k7k.com/flash/68962.htm,,,,,,,,2026-10-08
7k7k,最热游戏,30,合金前线突击队中文版,https://www.7k7k.com/flash/53361.htm,,,,,,,,2026-10-08
7k7k,最热游戏,31,Q版泡泡堂4,https://www.7k7k.com/flash/81841.htm,,,,,,,,2026-10-08
7k7k,最热游戏,32,美少女斗地主,https://www.7k7k.com/flash/24120.htm,,,,,,,,2026-10-08
7k7k,最热游戏,33,乐高游戏嘉年华,https://www.7k7k.com/flash/93076.htm,,,,,,,,2026-10-08
7k7k,最热游戏,34,果蔬连连看H5,https://www.7k7k.com/flash/204366.htm,,,,,,,,2026-10-08
7k7k,最热游戏,35,三国杀一将成名,http://h5.7k7k.com/mb/mb2/87524fd6bca9ad66955da9a542d42f80.html?gid=960982bec2f555de44ea43ca8a7ef418&tid=94955&qs=1,,,,,,,,2026-10-08
7k7k,最热游戏,36,Q版泡泡堂7,https://www.7k7k.com/flash/129418.htm,,,,,,,,2026-10-08
7k7k,最热游戏,37,冰火熊猫大冒险2无敌版,https://www.7k7k.com/flash/85257.htm,,,,,,,,2026-10-08
7k7k,最热游戏,38,火柴人打羽毛球2,https://www.7k7k.com/flash/93517.htm,,,,,,,,2026-10-08
7k7k,最热游戏,39,7k7k剑侠传奇,https://www.7k7k.com/swf/200435.htm,,,,,,,,2026-10-08
7k7k,最热游戏,40,连连看3.1原版H5,https://www.7k7k.com/flash/204517.htm,,,,,,,,2026-10-08
7k7k,最热游戏,41,花花连连看,https://www.7k7k.com/flash/18062.htm,,,,,,,,2026-10-08
7k7k,最热游戏,42,冒险王之精灵物语无敌速升版,https://www.7k7k.com/flash/98228.htm,,,,,,,,2026-10-08
7k7k,最热游戏,43,7k7k街篮高手,https://www.7k7k.com/swf/200429.htm,,,,,,,,2026-10-08
7k7k,最热游戏,44,疯狂小人战斗,https://www.7k7k.com/flash/16462.htm,,,,,,,,2026-10-08
7k7k,最热游戏,45,拖拉机,https://www.7k7k.com/flash/16761.htm,,,,,,,,2026-10-08
7k7k,最热游戏,46,植物大战僵尸变态版,https://www.7k7k.com/flash/55744.htm,,,,,,,,2026-10-08
7k7k,最热游戏,47,养了个羊,https://www.7k7k.com/flash/205652.htm,,,,,,,,2026-10-08
7k7k,最热游戏,48,士兵突袭增强无敌版,https://www.7k7k.com/flash/112377.htm,,,,,,,,2026-10-08
7k7k,最热游戏,49,王子与公主私奔无敌版,https://www.7k7k.com/flash/97384.htm,,,,,,,,2026-10-08
7k7k,最热游戏,50,蛇蛇大作战电脑版,https://www.7k7k.com/flash/173212.htm,,,,,,,,2026-10-08
7k7k,最热游戏,51,水果忍者,https://www.7k7k.com/flash/79733.htm,,,,,,,,2026-10-08
7k7k,最热游戏,52,宠物连连看2.5,https://www.7k7k.com/flash/13220.htm,,,,,,,,2026-10-08
7k7k,最热游戏,53,仙剑奇侠传,https://www.7k7k.com/swf/210058.htm,,,,,,,,2026-10-08
7k7k,最热游戏,54,冰娃与火娃5,https://www.7k7k.com/flash/198515.htm,,,,,,,,2026-10-08
7k7k,最热游戏,55,黄金矿工双人版,https://www.7k7k.com/flash/14614.htm,,,,,,,,2026-10-08
7k7k,最热游戏,56,坦克动荡2,https://www.7k7k.com/flash/132602.htm,,,,,,,,2026-10-08
7k7k,最热游戏,57,冰淇凌坏蛋,https://www.7k7k.com/flash/52049.htm,,,,,,,,2026-10-08
7k7k,最热游戏,58,权力的游戏 凛冬将至,http://web.7k7k.com/games/W02304/,,,,,,,,2026-10-08
7k7k,最热游戏,59,彩8对战,https://www.7k7k.com/flash/33092.htm,,,,,,,,2026-10-08
7k7k,最热游戏,60,推理学院,https://www.7k7k.com/swf/208181.htm,,,,,,,,2026-10-08
7k7k,最热游戏,61,专业钢琴演奏,https://www.7k7k.com/flash/120590.htm,,,,,,,,2026-10-08
7k7k,最热游戏,62,女孩的时尚派对,https://www.7k7k.com/flash/98442.htm,,,,,,,,2026-10-08
7k7k,最热游戏,63,小鸭历险记,https://www.7k7k.com/flash/114602.htm,,,,,,,,2026-10-08
7k7k,最热游戏,64,黄金矿工单人版,https://www.7k7k.com/flash/15735.htm,,,,,,,,2026-10-08
7k7k,最热游戏,65,双人旋转赛车,https://www.7k7k.com/flash/24935.htm,,,,,,,,2026-10-08
7k7k,最热游戏,66,皇家守卫军1.1中文无敌版,https://www.7k7k.com/flash/99147.htm,,,,,,,,2026-10-08
7k7k,最热游戏,67,冰淇凌坏蛋无敌版,https://www.7k7k.com/flash/78479.htm,,,,,,,,2026-10-08
7k7k,最热游戏,68,双刃战士,https://www.7k7k.com/flash/24650.htm,,,,,,,,2026-10-08
7k7k,最热游戏,69,Q版泡泡堂5,https://www.7k7k.com/flash/103707.htm,,,,,,,,2026-10-08
7k7k,最热游戏,70,冰火双星回家,https://www.7k7k.com/flash/102378.htm,,,,,,,,2026-10-08
7k7k,最热游戏,71,Q版泡泡堂5无敌版,https://www.7k7k.com/flash/104250.htm,,,,,,,,2026-10-08
7k7k,最热游戏,72,蜗牛寻新房子2修改版,https://www.7k7k.com/flash/78022.htm,,,,,,,,2026-10-08
7k7k,最热游戏,73,王子与公主私奔,https://www.7k7k.com/flash/67153.htm,,,,,,,,2026-10-08
7k7k,最热游戏,74,维京传奇,http://web.7k7k.com/games/W02366/pt/pt-W02366gw.html,,,,,,,,2026-10-08
7k7k,最热游戏,75,二战前线3无敌版,https://www.7k7k.com/flash/28079.htm,,,,,,,,2026-10-08
7k7k,最热游戏,76,橡皮糖探险,https://www.7k7k.com/flash/40313.htm,,,,,,,,2026-10-08
7k7k,最热游戏,77,飞行棋,https://www.7k7k.com/flash/155664.htm,,,,,,,,2026-10-08
7k7k,最热游戏,78,连连看3.1原版,https://www.7k7k.com/flash/102702.htm,,,,,,,,2026-10-08
7k7k,最热游戏,79,青蛙祖玛,https://www.7k7k.com/flash/16534.htm,,,,,,,,2026-10-08
7k7k,最热游戏,80,合金前线完美版,https://www.7k7k.com/flash/18021.htm,,,,,,,,2026-10-08
7k7k,最热游戏,81,小婴儿逃出系列3,https://www.7k7k.com/flash/78169.htm,,,,,,,,2026-10-08
7k7k,最热游戏,82,合金前线突击队无敌版,https://www.7k7k.com/flash/50160.htm,,,,,,,,2026-10-08
7k7k,最热游戏,83,大家来玩中国象棋,https://www.7k7k.com/flash/55804.htm,,,,,,,,2026-10-08
7k7k,最热游戏,84,神奇小妖怪,https://www.7k7k.com/flash/16238.htm,,,,,,,,2026-10-08
7k7k,最热游戏,85,闪翼双星,https://www.7k7k.com/flash/60073.htm,,,,,,,,2026-10-08
7k7k,最热游戏,86,植物大战僵尸,https://www.7k7k.com/flash/209118.htm,,,,,,,,2026-10-08
7k7k,最热游戏,87,烤彩虹甜甜圈中文版,https://www.7k7k.com/flash/139778.htm,,,,,,,,2026-10-08
7k7k,最热游戏,88,合成大西瓜,https://www.7k7k.com/flash/200830.htm,,,,,,,,2026-10-08
7k7k,最热游戏,89,一梦九霄,https://h5.7k7k.com/mb/mb2/75088515b33f1cabaf910f9c66e1e1e7.html?gid=d34e01969d7ca1f4ac111b4a53acfbaa&tid=96025&qs=1,,,,,,,,2026-10-08
7k7k,最热游戏,90,蝴蝶连连看,https://www.7k7k.com/flash/63970.htm,,,,,,,,2026-10-08
7k7k,最热游戏,91,7k7k逃跑吧少年,http://news.7k7k.com/games/tpbsn/?tagnew,,,,,,,,2026-10-08
7k7k,最热游戏,92,傲视神魔传,http://h5.7k7k.com/mb/mb2/92af0ed36e9d23fdbceeee6eebe82bee.html?gid=f955bc2fbaf42ae3f4942d8f9f0bdad3&tid=95931&qs=1,,,,,,,,2026-10-08
7k7k,最热游戏,93,双人旋转赛车选关版,https://www.7k7k.com/flash/95320.htm,,,,,,,,2026-10-08
7k7k,最热游戏,94,死神VS火影2.6,https://www.7k7k.com/flash/170561.htm,,,,,,,,2026-10-08
7k7k,最热游戏,95,勇闯冰火岛,https://www.7k7k.com/flash/43138.htm,,,,,,,,2026-10-08
7k7k,最热游戏,96,Q版泡泡堂2中文版,https://www.7k7k.com/flash/43613.htm,,,,,,,,2026-10-08
7k7k,最热游戏,97,冰娃与火娃6,https://www.7k7k.com/flash/203959.htm,,,,,,,,2026-10-08
7k7k,最热游戏,98,Q版泡泡堂6,https://www.7k7k.com/flash/118240.htm,,,,,,,,2026-10-08
7k7k,最热游戏,99,橡皮糖探险3,https://www.7k7k.com/flash/96781.htm,,,,,,,,2026-10-08
7k7k,最热游戏,100,蜗牛寻新房子3,https://www.7k7k.com/flash/104370.htm,,,,,,,,2026-10-08
7k7k,最热游戏,101,名枪之巴雷特,https://www.7k7k.com/flash/86683.htm,,,,,,,,2026-10-08
7k7k,最热游戏,102,火柴人打羽毛球3,https://www.7k7k.com/flash/181554.htm,,,,,,,,2026-10-08
7k7k,最热游戏,103,特种任务,https://www.7k7k.com/flash/15748.htm,,,,,,,,2026-10-08
7k7k,最热游戏,104,开心斗地主,https://www.7k7k.com/flash/45077.htm,,,,,,,,2026-10-08
7k7k,最热游戏,105,机器人大对战中文版,https://www.7k7k.com/flash/110525.htm,,,,,,,,2026-10-08
7k7k,最热游戏,106,疯狂摩托,https://www.7k7k.com/flash/15945.htm,,,,,,,,2026-10-08
7k7k,最热游戏,107,乐高游戏嘉年华2,https://www.7k7k.com/flash/108386.htm,,,,,,,,2026-10-08
7k7k,最热游戏,108,大鱼吃小鱼双人版,https://www.7k7k.com/flash/156497.htm,,,,,,,,2026-10-08
7k7k,最热游戏,109,黏黏小怪的冒险2,https://www.7k7k.com/flash/111802.htm,,,,,,,,2026-10-08
7k7k,最热游戏,110,森林冰火人无敌版,https://www.7k7k.com/flash/46117.htm,,,,,,,,2026-10-08
7k7k,最热游戏,111,老爹汉堡店中文版,https://www.7k7k.com/flash/51300.htm,,,,,,,,2026-10-08
7k7k,最热游戏,112,小小枪战,https://www.7k7k.com/flash/97680.htm,,,,,,,,2026-10-08
7k7k,最热游戏,113,森林冰火人3,https://www.7k7k.com/flash/84778.htm,,,,,,,,2026-10-08
7k7k,最热游戏,114,火柴人吃豆豆,https://www.7k7k.com/flash/158663.htm,,,,,,,,2026-10-08
7k7k,最热游戏,115,火柴人神器之战2,https://www.7k7k.com/flash/197891.htm,,,,,,,,2026-10-08
7k7k,最热游戏,116,皇家守卫军1.13无敌版,https://www.7k7k.com/flash/109182.htm,,,,,,,,2026-10-08
7k7k,最热游戏,117,二战前线2超级版,https://www.7k7k.com/flash/26993.htm,,,,,,,,2026-10-08
7k7k,最热游戏,118,二人麻将,https://www.7k7k.com/flash/16622.htm,,,,,,,,2026-10-08
7k7k,最热游戏,119,土豆兄弟,https://www.7k7k.com/flash/207004.htm,,,,,,,,2026-10-08
7k7k,最热游戏,120,贝蒂的手工沙画,https://www.7k7k.com/flash/146058.htm,,,,,,,,2026-10-08
7k7k,最热游戏,121,黄金矿工中文版,https://www.7k7k.com/flash/14594.htm,,,,,,,,2026-10-08
7k7k,最热游戏,122,冷冻双侠,https://www.7k7k.com/flash/16664.htm,,,,,,,,2026-10-08
7k7k,最热游戏,123,合金前线3无敌选关版,https://www.7k7k.com/flash/28079.htm,,,,,,,,2026-10-08
7k7k,最热游戏,124,海边钓鱼2,https://www.7k7k.com/flash/139018.htm,,,,,,,,2026-10-08
7k7k,最热游戏,125,黄金矿工双人版,https://www.7k7k.com/flash/15944.htm,,,,,,,,2026-10-08
7k7k,最热游戏,126,小青蛙喝水2,https://www.7k7k.com/flash/132403.htm,,,,,,,,2026-10-08
7k7k,最热游戏,127,Q版泡泡堂3,https://www.7k7k.com/flash/49245.htm,,,,,,,,2026-10-08
7k7k,最热游戏,128,合金前线突击队,https://www.7k7k.com/flash/53361.htm,,,,,,,,2026-10-08
7k7k,最热游戏,129,冰火战士,https://www.7k7k.com/flash/15895.htm,,,,,,,,2026-10-08
7k7k,最热游戏,130,7k7k天黑请闭眼,http://news.7k7k.com/ssol/?tag,,,,,,,,2026-10-08
7k7k,最热游戏,131,网络红人斗地主,https://www.7k7k.com/flash/48435.htm,,,,,,,,2026-10-08
7k7k,最热游戏,132,小球进洞4,https://www.7k7k.com/flash/83378.htm,,,,,,,,2026-10-08
7k7k,最热游戏,133,Q版泡泡堂,https://www.7k7k.com/flash/15742.htm,,,,,,,,2026-10-08
7k7k,最热游戏,134,智商球圣诞版,https://www.7k7k.com/flash/83523.htm,,,,,,,,2026-10-08
7k7k,最热游戏,135,森林冰火人4水晶庙,https://www.7k7k.com/flash/109455.htm,,,,,,,,2026-10-08
7k7k,最热游戏,136,节奏大师电脑版,https://www.7k7k.com/flash/126556.htm,,,,,,,,2026-10-08
7k7k,最热游戏,137,可爱泡泡龙,https://www.7k7k.com/flash/28608.htm,,,,,,,,2026-10-08
7k7k,最热游戏,138,农场水果连连看3,https://www.7k7k.com/flash/50109.htm,,,,,,,,2026-10-08
7k7k,最热游戏,139,越野摩托竞速赛,https://www.7k7k.com/flash/97495.htm,,,,,,,,2026-10-08
7k7k,最热游戏,140,森林冰火人中文无敌版,https://www.7k7k.com/flash/53584.htm,,,,,,,,2026-10-08
7k7k,最热游戏,141,小美洗发店,https://www.7k7k.com/flash/19271.htm,,,,,,,,2026-10-08
7k7k,最热游戏,142,双人贪食蛇大战,https://www.7k7k.com/flash/109813.htm,,,,,,,,2026-10-08
7k7k,最热游戏,143,极品飙车赛,https://www.7k7k.com/flash/40347.htm,,,,,,,,2026-10-08
7k7k,最热游戏,144,神奇的种子,https://www.7k7k.com/flash/129205.htm,,,,,,,,2026-10-08
7k7k,最热游戏,145,英勇消防员,https://www.7k7k.com/flash/126321.htm,,,,,,,,2026-10-08
7k7k,最热游戏,146,保卫萝卜电脑版,https://www.7k7k.com/flash/114196.htm,,,,,,,,2026-10-08
7k7k,最热游戏,147,7k7k弹弹堂3,http://news.7k7k.com/ddt3/,,,,,,,,2026-10-08
7k7k,最热游戏,148,冒险王精灵物语,https://www.7k7k.com/flash/53833.htm,,,,,,,,2026-10-08
7k7k,最热游戏,149,变形人竞赛,https://www.7k7k.com/flash/80447.htm,,,,,,,,2026-10-08
7k7k,最热游戏,150,色彩方块消消看,https://www.7k7k.com/flash/79305.htm,,,,,,,,2026-10-08
7k7k,最热游戏,151,找你妹电脑版,https://www.7k7k.com/flash/109784.htm,,,,,,,,2026-10-08
7k7k,最热游戏,152,3D真实台球,https://www.7k7k.com/flash/211039.htm,,,,,,,,2026-10-08
7k7k,最热游戏,153,动物园逃亡,https://www.7k7k.com/flash/109493.htm,,,,,,,,2026-10-08
7k7k,最热游戏,154,Q版泡泡堂中文版,https://www.7k7k.com/flash/40322.htm,,,,,,,,2026-10-08
7k7k,最热游戏,155,麻将移移看,https://www.7k7k.com/flash/75889.htm,,,,,,,,2026-10-08
7k7k,最热游戏,156,疯狂战车,https://www.7k7k.com/flash/26570.htm,,,,,,,,2026-10-08
7k7k,最热游戏,157,冒险王双人版,https://www.7k7k.com/flash/52654.htm,,,,,,,,2026-10-08
7k7k,最热游戏,158,皇家守卫军2英雄全开无敌版,https://www.7k7k.com/flash/123182.htm,,,,,,,,2026-10-08
7k7k,最热游戏,159,3D超级跑车,https://www.7k7k.com/flash/88793.htm,,,,,,,,2026-10-08
7k7k,最热游戏,160,阿sue做面膜,https://www.7k7k.com/flash/65029.htm,,,,,,,,2026-10-08
7k7k,最热游戏,161,我要当国王,https://www.7k7k.com/flash/142380.htm,,,,,,,,2026-10-08
7k7k,最热游戏,162,皇家守卫军1.081中文无敌版,https://www.7k7k.com/flash/92124.htm,,,,,,,,2026-10-08
7k7k,最热游戏,163,安全撤离,https://www.7k7k.com/flash/129047.htm,,,,,,,,2026-10-08
7k7k,最热游戏,164,养宠物狗狗,https://www.7k7k.com/flash/21431.htm,,,,,,,,2026-10-08
7k7k,最热游戏,165,阿Sue做蛋糕,https://www.7k7k.com/flash/11110.htm,,,,,,,,2026-10-08
7k7k,最热游戏,166,Q版泡泡堂4变态版,https://www.7k7k.com/flash/84416.htm,,,,,,,,2026-10-08
7k7k,最热游戏,167,豌豆兄弟大战僵尸,https://www.7k7k.com/flash/113467.htm,,,,,,,,2026-10-08
7k7k,最热游戏,168,森林冰火人双人迷宫,https://www.7k7k.com/flash/70042.htm,,,,,,,,2026-10-08
7k7k,最热游戏,169,救世英雄2中文无敌版,https://www.7k7k.com/flash/109905.htm,,,,,,,,2026-10-08
7k7k,最热游戏,170,2D极品桌球,https://www.7k7k.com/flash/99019.htm,,,,,,,,2026-10-08
7k7k,最热游戏,171,屁王兄弟中文版,https://www.7k7k.com/flash/61575.htm,,,,,,,,2026-10-08
7k7k,最热游戏,172,7k7k水果连连看,https://www.7k7k.com/flash/42393.htm,,,,,,,,2026-10-08
7k7k,最热游戏,173,植物大战僵尸之疯狂大叔无敌版,https://www.7k7k.com/flash/80486.htm,,,,,,,,2026-10-08
7k7k,最热游戏,174,冰火熊猫联网版,https://www.7k7k.com/flash/93734.htm,,,,,,,,2026-10-08
7k7k,最热游戏,175,炎龙传说2双龙版,https://www.7k7k.com/flash/21996.htm,,,,,,,,2026-10-08
7k7k,最热游戏,176,波克城市斗地主,https://www.7k7k.com/flash/85476.htm,,,,,,,,2026-10-08
7k7k,最热游戏,177,杂交植物大战僵尸,https://www.7k7k.com/flash/211570.htm,,,,,,,,2026-10-08
7k7k,最热游戏,178,狙击小日子无敌版,https://www.7k7k.com/flash/53098.htm,,,,,,,,2026-10-08
7k7k,最热游戏,179,死神VS火影3.01,https://www.7k7k.com/flash/211236.htm,,,,,,,,2026-10-08
7k7k,最热游戏,180,疯狂游戏厅完整版,https://www.7k7k.com/flash/123551.htm,,,,,,,,2026-10-08
7k7k,最热游戏,181,武士切水果,https://www.7k7k.com/flash/86871.htm,,,,,,,,2026-10-08
7k7k,最热游戏,182,冰娃与火娃,https://www.7k7k.com/flash/190905.htm,,,,,,,,2026-10-08
7k7k,最热游戏,183,7k7k生死狙击(移动),http://g.7k7k.com/games/W01996/?tag,,,,,,,,2026-10-08
7k7k,最热游戏,184,单机斗地主,https://www.7k7k.com/flash/110209.htm,,,,,,,,2026-10-08
7k7k,最热游戏,185,变形人竞赛2,https://www.7k7k.com/flash/109444.htm,,,,,,,,2026-10-08
7k7k,最热游戏,186,中国象棋,https://www.7k7k.com/flash/42994.htm,,,,,,,,2026-10-08
7k7k,最热游戏,187,植物大战僵尸之僵尸内战,https://www.7k7k.com/flash/79141.htm,,,,,,,,2026-10-08
7k7k,最热游戏,188,人造美女,https://www.7k7k.com/flash/6199.htm,,,,,,,,2026-10-08
7k7k,最热游戏,189,森林冰火人3中文版,https://www.7k7k.com/flash/84784.htm,,,,,,,,2026-10-08
7k7k,最热游戏,190,小婴儿逃出系列2,https://www.7k7k.com/flash/18849.htm,,,,,,,,2026-10-08
7k7k,最热游戏,191,中国传统麻将,https://www.7k7k.com/flash/24452.htm,,,,,,,,2026-10-08
7k7k,最热游戏,192,森林冰火人中文版,https://www.7k7k.com/flash/42855.htm,,,,,,,,2026-10-08
7k7k,最热游戏,193,公主与王子约会,https://www.7k7k.com/flash/13227.htm,,,,,,,,2026-10-08
7k7k,最热游戏,194,极限越野6,https://www.7k7k.com/flash/122876.htm,,,,,,,,2026-10-08
7k7k,最热游戏,195,保卫萝卜2电脑版,https://www.7k7k.com/flash/119447.htm,,,,,,,,2026-10-08
7k7k,最热游戏,196,7k7k迷你世界,http://news.7k7k.com/mnsj/?tag,,,,,,,,2026-10-08
7k7k,最热游戏,197,7k7k百战沙城,http://web.7k7k.com/games/W02188/pt/pt-bzscptw.html,,,,,,,,2026-10-08
7k7k,最热游戏,198,全民斗地主,https://www.7k7k.com/flash/207447.htm,,,,,,,,2026-10-08
7k7k,最热游戏,199,宠物连连看3.1无敌版H5,https://www.7k7k.com/flash/204608.htm,,,,,,,,2026-10-08
7k7k,最热游戏,200,挖地小子,https://www.7k7k.com/flash/16501.htm,,,,,,,,2026-10-08
7k7k,最热游戏,201,我爱做蛋糕,https://www.7k7k.com/flash/77046.htm,,,,,,,,2026-10-08
7k7k,最热游戏,202,制作柠檬蛋糕,https://www.7k7k.com/flash/95785.htm,,,,,,,,2026-10-08
7k7k,最热游戏,203,厕所没纸了,https://www.7k7k.com/flash/138579.htm,,,,,,,,2026-10-08
7k7k,最热游戏,204,五子连珠,https://www.7k7k.com/flash/15854.htm,,,,,,,,2026-10-08
7k7k,最热游戏,205,搞怪碰碰球,https://www.7k7k.com/flash/64907.htm,,,,,,,,2026-10-08
7k7k,最热游戏,206,7k7k三国群英传,http://web.7k7k.com/games/sgqyz/sgqyzw/sgqyzw-sgqyzrm.html,,,,,,,,2026-10-08
7k7k,最热游戏,207,阿sue美甲店,https://www.7k7k.com/flash/18284.htm,,,,,,,,2026-10-08
7k7k,最热游戏,208,皇家守卫军1.1中文版,https://www.7k7k.com/flash/99122.htm,,,,,,,,2026-10-08
7k7k,最热游戏,209,冰火三兄弟,https://www.7k7k.com/flash/157284.htm,,,,,,,,2026-10-08
7k7k,最热游戏,210,乐高警察抓小偷,https://www.7k7k.com/flash/94118.htm,,,,,,,,2026-10-08
kongregate,games_sorted_by_gameplays_page,1,Kuja,https://www.kongregate.com/en/games/filthsu/kuja,524500.0,,,4.2,5,,,2026-10-08
kongregate,games_sorted_by_gameplays_page,2,Crush The Castle 2,https://www.kongregate.com/en/games/ArmorGames/crush-the-castle-2,3300000.0,,,4.1,5,,,2026-10-08
kongregate,games_sorted_by_gameplays_page,3,The Journey Home,https://www.kongregate.com/en/games/Raius_/the-journey-home,392000.0,,,4.1,5,,,2026-10-08
kongregate,games_sorted_by_gameplays_page,4,Multitask,https://www.kongregate.com/en/games/IcyLime/multitask,4900000.0,,,4.1,5,,,2026-10-08
kongregate,games_sorted_by_gameplays_page,5,Accelerator,https://www.kongregate.com/en/games/TenebrousP/accelerator,1700000.0,,,4.1,5,,,2026-10-08
kongregate,games_sorted_by_gameplays_page,6,Burrito Bison: Launcha Libre,https://www.kongregate.com/en/games/JuicyBeast/burrito-bison-launcha-libre,5000000.0,,,4.0,5,,,2026-10-08
kongregate,games_sorted_by_gameplays_page,7,Gravitee Wars Online,https://www.kongregate.com/en/games/FunkyPear/gravitee-wars-online,2200000.0,,,4.4,5,,,2026-10-08
kongregate,games_sorted_by_gameplays_page,8,Rush Team Free FPS Multiplayers,https://www.kongregate.com/en/games/rokawar/rush-team-free-fps-multiplayers,9600000.0,,,4.3,5,,,2026-10-08
kongregate,games_sorted_by_gameplays_page,9,Hunters and Props,https://www.kongregate.com/en/games/Dimofan/hunters-and-props,3000000.0,,,4.3,5,,,2026-10-08
kongregate,games_sorted_by_gameplays_page,10,Age of Rivals,https://www.kongregate.com/en/games/RobotoGames/age-of-rivals,736200.0,,,4.2,5,,,2026-10-08
kongregate,games_sorted_by_gameplays_page,11,Cardinal Quest 2,https://www.kongregate.com/en/games/randomnine/cardinal-quest-2,1300000.0,,,4.2,5,,,2026-10-08
kongregate,games_sorted_by_gameplays_page,12,Paper Knight Quest,https://www.kongregate.com/en/games/ferx_zero/paper-knight-quest,557700.0,,,4.1,5,,,2026-10-08
kongregate,games_sorted_by_gameplays_page,13,Hellgate 1993,https://www.kongregate.com/en/games/breymantech/hellgate-1993,38.0,,,5.0,5,,,2026-10-08
kongregate,games_sorted_by_gameplays_page,14,surviv.io,https://www.kongregate.com/en/games/Monumental/surviv,197200.0,,,4.4,5,,,2026-10-08
kongregate,games_sorted_by_gameplays_page,15,Blockade3D,https://www.kongregate.com/en/games/blockadeboss/blockade3d,673200.0,,,4.3,5,,,2026-10-08
kongregate,games_sorted_by_gameplays_page,16,Around The Core,https://www.kongregate.com/en/games/draftentropy/around-the-core,1800.0,,,4.3,5,,,2026-10-08
kongregate,games_sorted_by_gameplays_page,17,Balloon in a Wasteland,https://www.kongregate.com/en/games/ArmorGames/balloon-in-a-wasteland,1800000.0,,,4.2,5,,,2026-10-08
kongregate,games_sorted_by_gameplays_page,18,Sift Heads World Act 1,https://www.kongregate.com/en/games/WebCypher/sift-heads-world-act-1,620100.0,,,4.2,5,,,2026-10-08
kongregate,games_sorted_by_gameplays_page,19,Bit Heroes,https://www.kongregate.com/en/games/Juppiomenz/bit-heroes,23600000.0,,,4.5,5,,,2026-10-08
kongregate,games_sorted_by_gameplays_page,20,Aground,https://www.kongregate.com/en/games/terra0nova/aground,1900000.0,,,4.4,5,,,2026-10-08
kongregate,games_sorted_by_gameplays_page,21,missed messages.,https://www.kongregate.com/en/games/zephybite/missed-messages,119400.0,,,4.3,5,,,2026-10-08
kongregate,games_sorted_by_gameplays_page,22,Medieval Cop - The Princess and The Grump,https://www.kongregate.com/en/games/VasantJ/medieval-cop-the-princess-and-the-grump,138000.0,,,4.3,5,,,2026-10-08
kongregate,games_sorted_by_gameplays_page,23,Three Goblets,https://www.kongregate.com/en/games/adventale/three-goblets,438300.0,,,4.3,5,,,2026-10-08
kongregate,games_sorted_by_gameplays_page,24,Medieval Cop,https://www.kongregate.com/en/games/VasantJ/medieval-cop,159000.0,,,4.2,5,,,2026-10-08
kongregate,games_sorted_by_gameplays_page,25,Retro Bowl,https://www.kongregate.com/en/games/siread/retro-bowl,7700000.0,,,4.6,5,,,2026-10-08
kongregate,games_sorted_by_gameplays_page,26,Wonderputt,https://www.kongregate.com/en/games/dampgnat/wonderputt,3800000.0,,,4.1,5,,,2026-10-08
kongregate,games_sorted_by_gameplays_page,27,DuckLife3: Evolution,https://www.kongregate.com/en/games/WixGames/ducklife3-evolution,2400000.0,,,4.1,5,,,2026-10-08
kongregate,games_sorted_by_gameplays_page,28,Solipskier,https://www.kongregate.com/en/games/Mikengreg/solipskier,2900000.0,,,4.1,5,,,2026-10-08
kongregate,games_sorted_by_gameplays_page,29,TrackRacing Online TRO,https://www.kongregate.com/en/games/SoulKey/trackracing-online-tro,445500.0,,,4.1,5,,,2026-10-08
kongregate,games_sorted_by_gameplays_page,30,Dolphin Olympics 2,https://www.kongregate.com/en/games/arawkins/dolphin-olympics-2,13100000.0,,,4.1,5,,,2026-10-08
kongregate,games_sorted_by_gameplays_page,31,The King's League: Odyssey,https://www.kongregate.com/en/games/kurechii/the-kings-league-odyssey,5200000.0,,,4.5,5,,,2026-10-08
kongregate,games_sorted_by_gameplays_page,32,Cursed Treasure 2 Remastered,https://www.kongregate.com/en/games/IriySoft/cursed-treasure-2-remastered,2100000.0,,,4.4,5,,,2026-10-08
kongregate,games_sorted_by_gameplays_page,33,Cursed Treasure,https://www.kongregate.com/en/games/IriySoft/cursed-treasure,528700.0,,,4.4,5,,,2026-10-08
kongregate,games_sorted_by_gameplays_page,34,"Gragyriss, Captor of Princesses",https://www.kongregate.com/en/games/snowroadgames/gragyriss-captor-of-princesses,1100000.0,,,4.4,5,,,2026-10-08
kongregate,games_sorted_by_gameplays_page,35,Cursed Treasure: Level Pack!,https://www.kongregate.com/en/games/IriySoft/cursed-treasure-level-pack,5100000.0,,,4.3,5,,,2026-10-08
kongregate,games_sorted_by_gameplays_page,36,Creeper World 3: Abraxis,https://www.kongregate.com/en/games/whiteboardwar/creeper-world-3-abraxis,2700000.0,,,4.3,5,,,2026-10-08
kongregate,games_sorted_by_gameplays_page,37,UnpuzzleX,https://www.kongregate.com/en/games/KekGames/unpuzzlex,364800.0,,,4.5,5,,,2026-10-08
kongregate,games_sorted_by_gameplays_page,38,Escape Game - Computer Office Escape,https://www.kongregate.com/en/games/masasgames/escape-game-computer-office-escape,525100.0,,,4.5,5,,,2026-10-08
kongregate,games_sorted_by_gameplays_page,39,Medieval Chronicles 9 (Part 2),https://www.kongregate.com/en/games/VasantJ/medieval-chronicles-9-part-2,68200.0,,,4.3,5,,,2026-10-08
kongregate,games_sorted_by_gameplays_page,40,Medieval Chronicles 8 (Part 2),https://www.kongregate.com/en/games/VasantJ/medieval-chronicles-8-part-2,78100.0,,,4.3,5,,,2026-10-08
kongregate,games_sorted_by_gameplays_page,41,There is no game,https://www.kongregate.com/en/games/KaMiZoTo_Creator/there-is-no-game,1400000.0,,,4.3,5,,,2026-10-08
kongregate,games_sorted_by_gameplays_page,42,Maze Evolution HTML,https://www.kongregate.com/en/games/Amogoose_/maze-evolution-html,232.0,,,4.3,5,,,2026-10-08
kongregate,games_sorted_by_gameplays_page,43,Music Catch,https://www.kongregate.com/en/games/Reflexive/music-catch,2600000.0,,,4.2,5,,,2026-10-08
kongregate,games_sorted_by_gameplays_page,44,Kongregate Avatar Creator CONTEST,https://www.kongregate.com/en/games/Lionga/kongregate-avatar-creator-contest,724400.0,,,4.2,5,,,2026-10-08
kongregate,games_sorted_by_gameplays_page,45,Epic Combo!,https://www.kongregate.com/en/games/ArmorGames/epic-combo,2600000.0,,,4.2,5,,,2026-10-08
kongregate,games_sorted_by_gameplays_page,46,ChatChat,https://www.kongregate.com/en/games/TerryCavanagh_B/chatchat,2500000.0,,,4.2,5,,,2026-10-08
kongregate,games_sorted_by_gameplays_page,47,Achievement Unlocked 2,https://www.kongregate.com/en/games/ArmorGames/achievement-unlocked-2,2100000.0,,,4.2,5,,,2026-10-08
kongregate,games_sorted_by_gameplays_page,48,Skincraft,https://www.kongregate.com/en/games/theswain/skincraft,2300000.0,,,4.2,5,,,2026-10-08
kongregate,games_sorted_by_gameplays_page,49,Epic Battle Fantasy 4 Walkthrough,https://www.kongregate.com/en/games/kupo707/epic-battle-fantasy-4-walkthrough,1200000.0,,,4.2,5,,,2026-10-08
kongregate,games_sorted_by_gameplays_page,50,MARDEK RPG Walkthrough,https://www.kongregate.com/en/games/Pseudolonewolf/mardek-rpg-walkthrough,654900.0,,,4.2,5,,,2026-10-08
kongregate,games_sorted_by_gameplays_page,51,Epic Battle Fantasy 3 Walkthrough,https://www.kongregate.com/en/games/kupo707/epic-battle-fantasy-3-walkthrough,1800000.0,,,4.1,5,,,2026-10-08
kongregate,games_sorted_by_gameplays_page,52,RPG Shooter: Starwish Extras,https://www.kongregate.com/en/games/xdanond/rpg-shooter-starwish-extras,145300.0,,,4.1,5,,,2026-10-08
kongregate,games_sorted_by_gameplays_page,53,The Programmer RPG,https://www.kongregate.com/en/games/GregoryCarlson/the-programmer-rpg,208900.0,,,4.1,5,,,2026-10-08
kongregate,games_sorted_by_gameplays_page,54,Shootorial #3,https://www.kongregate.com/en/games/Kongregate/shootorial-3,181600.0,,,4.0,5,,,2026-10-08
kongregate,games_sorted_by_gameplays_page,55,Incremancer,https://www.kongregate.com/en/games/JamesG466/incremancer,2400000.0,,,4.5,5,,,2026-10-08
kongregate,games_sorted_by_gameplays_page,56,The Perfect Tower,https://www.kongregate.com/en/games/XmmmX99/the-perfect-tower,6000000.0,,,4.4,5,,,2026-10-08
kongregate,games_sorted_by_gameplays_page,57,Trimps,https://www.kongregate.com/en/games/GreenSatellite/trimps,11600000.0,,,4.3,5,,,2026-10-08
kongregate,games_sorted_by_gameplays_page,58,Reactor idle,https://www.kongregate.com/en/games/Baldurans/reactor-idle,8000000.0,,,4.3,5,,,2026-10-08
kongregate,games_sorted_by_gameplays_page,59,Factory idle,https://www.kongregate.com/en/games/Baldurans/factory-idle,4099999.9999999995,,,4.3,5,,,2026-10-08
kongregate,games_sorted_by_gameplays_page,60,Birb,https://www.kongregate.com/en/games/hwonze/birb,32100.0,,,4.3,5,,,2026-10-08
armorgames,recent_popular,1,Interlocked: Puzzle Islands,https://armorgames.com/interlocked-puzzle-islands-game/19701,4302.0,,,7.9,10,,,2026-10-08
armorgames,recent_popular,2,How Hungry?,https://armorgames.com/how-hungry-game/19729,7789.0,,,7.7,10,,,2026-10-08
armorgames,recent_popular,3,Idle Wizard,https://armorgames.com/idle-wizard-game/19722,18414.0,,,7.2,10,,,2026-10-08
armorgames,recent_popular,4,Planet Flipper,https://armorgames.com/planet-flipper-game/19715,7356.0,,,2.2,10,,,2026-10-08
armorgames,recent_popular,5,Scorching Light,https://armorgames.com/scorching-light-game/19726,9978.0,,,8.0,10,,,2026-10-08
armorgames,recent_popular,6,Grazed - Incremental Arcade,https://armorgames.com/grazed-incremental-arcade-game/19723,8237.0,,,3.6,10,,,2026-10-08
armorgames,recent_popular,7,One Bullet Factory,https://armorgames.com/one-bullet-factory-game/19725,18022.0,,,6.8,10,,,2026-10-08
armorgames,recent_popular,8,"Cheese, Please!",https://armorgames.com/cheese-please-game/19724,17499.0,,,8.2,10,,,2026-10-08
armorgames,recent_popular,9,Frogs Aren't Fresh,https://armorgames.com/frogs-arent-fresh-game/19721,10213.0,,,7.1,10,,,2026-10-08
armorgames,recent_popular,10,Monster Flipper,https://armorgames.com/monster-flipper-game/19680,13732.0,,,4.3,10,,,2026-10-08
armorgames,recent_popular,11,Laser Nodes,https://armorgames.com/laser-nodes-game/19714,9944.0,,,5.9,10,,,2026-10-08
armorgames,recent_popular,12,The Crow's Path,https://armorgames.com/the-crows-path-game/19719,21502.0,,,9.5,10,,,2026-10-08
armorgames,recent_popular,13,Path of Ice,https://armorgames.com/path-of-ice-game/19716,10439.0,,,8.2,10,,,2026-10-08
armorgames,recent_popular,14,Pinata Smash: Incremental Circus,https://armorgames.com/pinata-smash-incremental-circus-game/19717,12571.0,,,4.7,10,,,2026-10-08
armorgames,recent_popular,15,Bouncy Egg,https://armorgames.com/bouncy-egg-game/19713,12718.0,,,6.0,10,,,2026-10-08
armorgames,recent_popular,16,Rick Henderson: Eternal Arena DEMO,https://armorgames.com/rick-henderson-eternal-arena-demo-game/19712,9480.0,,,5.4,10,,,2026-10-08
armorgames,recent_popular,17,Cosmic Ship,https://armorgames.com/cosmic-ship-game/19711,10526.0,,,5.2,10,,,2026-10-08
armorgames,recent_popular,18,Spreader,https://armorgames.com/spreader-game/19710,28923.0,,,7.4,10,,,2026-10-08
armorgames,recent_popular,19,Photomites!,https://armorgames.com/photomites-game/19709,15487.0,,,8.3,10,,,2026-10-08
armorgames,recent_popular,20,Club Soko Demo,https://armorgames.com/club-soko-demo-game/19704,5908.0,,,7.3,10,,,2026-10-08
armorgames,recent_popular,21,DON'T FLIP THE DOOM CARD,https://armorgames.com/dont-flip-the-doom-card-game/19707,14879.0,,,8.0,10,,,2026-10-08
armorgames,recent_popular,22,Patterned,https://armorgames.com/patterned-game/19708,10436.0,,,7.4,10,,,2026-10-08
armorgames,recent_popular,23,Gongffelof,https://armorgames.com/gongffelof-game/19706,7500.0,,,5.8,10,,,2026-10-08
armorgames,recent_popular,24,SLORL,https://armorgames.com/slorl-game/19703,9838.0,,,7.1,10,,,2026-10-08
armorgames,recent_popular,25,Planet No More,https://armorgames.com/planet-no-more-game/19702,19145.0,,,8.0,10,,,2026-10-08
armorgames,recent_popular,26,Pegote,https://armorgames.com/pegote-game/19698,12411.0,,,6.9,10,,,2026-10-08
armorgames,recent_popular,27,Boxo Boxi,https://armorgames.com/boxo-boxi-game/19699,10855.0,,,8.4,10,,,2026-10-08
armorgames,recent_popular,28,Parcel Master,https://armorgames.com/parcel-master-game/19697,14504.0,,,7.9,10,,,2026-10-08
armorgames,recent_popular,29,Lander 3D,https://armorgames.com/lander-3d-game/19689,9142.0,,,3.4,10,,,2026-10-08
armorgames,recent_popular,30,Cakefoot,https://armorgames.com/cakefoot-game/19694,9779.0,,,4.8,10,,,2026-10-08
coolmathgames,curated_known_titles_by_votes,1,Run 3,https://www.coolmathgames.com/0-run-3,,7885574.0,,4.7,5,"
                    Oct 10, 2017
                  ",,2026-10-08
coolmathgames,curated_known_titles_by_votes,2,Play Tiny Fishing,https://www.coolmathgames.com/0-tiny-fishing,,3627492.0,,4.8,5,"
                    Sep 22, 2020
                  ",,2026-10-08
coolmathgames,curated_known_titles_by_votes,3,Slice Master,https://www.coolmathgames.com/0-slice-master,,3264330.0,,4.6,5,"
                    Sep 19, 2023
                  ",,2026-10-08
coolmathgames,curated_known_titles_by_votes,4,Papa's Freezeria,https://www.coolmathgames.com/0-papas-freezeria,,2384059.0,,4.7,5,"
                    Mar 05, 2012
                  ",,2026-10-08
coolmathgames,curated_known_titles_by_votes,5,Chess,https://www.coolmathgames.com/0-chess,,2201943.0,,4.5,5,"
                    Apr 04, 2017
                  ",,2026-10-08
coolmathgames,curated_known_titles_by_votes,6,Play Penalty Kick Online Multiplayer,https://www.coolmathgames.com/0-penalty-kick-online,,1998684.0,,4.6,5,"
                    Nov 05, 2020
                  ",,2026-10-08
coolmathgames,curated_known_titles_by_votes,7,Run,https://www.coolmathgames.com/0-run,,1589298.0,,4.6,5,"
                    Jul 25, 2012
                  ",,2026-10-08
coolmathgames,curated_known_titles_by_votes,8,Moto X3M Winter,https://www.coolmathgames.com/0-moto-x3m-winter,,1484285.0,,4.8,5,"
                    Dec 20, 2017
                  ",,2026-10-08
coolmathgames,curated_known_titles_by_votes,9,Moto X3M Pool Party,https://www.coolmathgames.com/0-moto-x3m-pool-party,,1382904.0,,4.8,5,"
                    May 09, 2019
                  ",,2026-10-08
coolmathgames,curated_known_titles_by_votes,10,powerline.io,https://www.coolmathgames.com/0-powerline-io,,1106641.0,,4.7,5,"
                    Sep 09, 2019
                  ",,2026-10-08
coolmathgames,curated_known_titles_by_votes,11,Awesome Tanks 2,https://www.coolmathgames.com/0-awesome-tanks-2,,1025931.0,,4.8,5,"
                    Nov 02, 2017
                  ",,2026-10-08
coolmathgames,curated_known_titles_by_votes,12,OvO – Play Online at Coolmath Games,https://www.coolmathgames.com/0-ovo,,994029.0,,4.7,5,"
                    Oct 10, 2019
                  ",,2026-10-08
coolmathgames,curated_known_titles_by_votes,13,Moto X3M Spooky Land,https://www.coolmathgames.com/0-moto-x3m-spooky-land,,991671.0,,4.8,5,"
                    Oct 29, 2019
                  ",,2026-10-08
coolmathgames,curated_known_titles_by_votes,14,Papa's Scooperia,https://www.coolmathgames.com/0-papas-scooperia,,984279.0,,4.8,5,"
                    Aug 16, 2018
                  ",,2026-10-08
coolmathgames,curated_known_titles_by_votes,15,Hexanaut.io – Play Online at Coolmath Games,https://www.coolmathgames.com/0-hexanaut-io,,935679.0,,4.7,5,"
                    Mar 22, 2022
                  ",,2026-10-08
coolmathgames,curated_known_titles_by_votes,16,Play 8 Ball Pool Online: Multiplayer Pool Game,https://www.coolmathgames.com/0-8-ball-pool,,891223.0,,4.6,5,"
                    Sep 26, 2019
                  ",,2026-10-08
coolmathgames,curated_known_titles_by_votes,17,Idle Breakout,https://www.coolmathgames.com/0-idle-breakout,,845424.0,,4.8,5,"
                    May 02, 2019
                  ",,2026-10-08
coolmathgames,curated_known_titles_by_votes,18,Hangman,https://www.coolmathgames.com/0-hangman,,790874.0,,4.5,5,"
                    Nov 28, 2017
                  ",,2026-10-08
coolmathgames,curated_known_titles_by_votes,19,Copter Royale: Play This Battle Royale at Coolmath Games,https://www.coolmathgames.com/0-copter-royale,,772702.0,,4.7,5,"
                    May 20, 2019
                  ",,2026-10-08
coolmathgames,curated_known_titles_by_votes,20,Clicker Heroes,https://www.coolmathgames.com/0-clicker-heroes,,772506.0,,4.8,5,"
                    May 19, 2016
                  ",,2026-10-08
coolmathgames,curated_known_titles_by_votes,21,Defly.io Online,https://www.coolmathgames.com/0-defly-io,,769274.0,,4.7,5,"
                    Oct 16, 2018
                  ",,2026-10-08
coolmathgames,curated_known_titles_by_votes,22,Snake Game,https://www.coolmathgames.com/0-snake,,767979.0,,4.4,5,"
                    Nov 07, 2016
                  ",,2026-10-08
coolmathgames,curated_known_titles_by_votes,23,Suika,https://www.coolmathgames.com/0-suika-watermelon-game,,735062.0,,4.7,5,"
                    Jan 16, 2024
                  ",,2026-10-08
coolmathgames,curated_known_titles_by_votes,24,There Is No Game,https://www.coolmathgames.com/0-there-is-no-game,,720178.0,,4.8,5,"
                    Feb 09, 2017
                  ",,2026-10-08
coolmathgames,curated_known_titles_by_votes,25,Papa's Pizzeria,https://www.coolmathgames.com/0-papas-pizzeria,,718270.0,,4.5,5,"
                    Oct 10, 2011
                  ",,2026-10-08
coolmathgames,curated_known_titles_by_votes,26,Run 2,https://www.coolmathgames.com/0-run-2,,705648.0,,4.5,5,"
                    Apr 19, 2012
                  ",,2026-10-08
coolmathgames,curated_known_titles_by_votes,27,Jelly Truck,https://www.coolmathgames.com/0-jelly-truck,,693427.0,,4.5,5,"
                    Jan 08, 2015
                  ",,2026-10-08
coolmathgames,curated_known_titles_by_votes,28,Bob the Robber,https://www.coolmathgames.com/0-bob-the-robber,,625744.0,,4.7,5,"
                    Sep 30, 2016
                  ",,2026-10-08
coolmathgames,curated_known_titles_by_votes,29,Jacksmith,https://www.coolmathgames.com/0-jacksmith,,594989.0,,4.8,5,"
                    Mar 16, 2016
                  ",,2026-10-08
coolmathgames,curated_known_titles_by_votes,30,Duck Life 4,https://www.coolmathgames.com/0-duck-life-4,,577579.0,,4.8,5,"
                    Apr 07, 2014
                  ",,2026-10-08
coolmathgames,curated_known_titles_by_votes,31,Papa's Burgeria,https://www.coolmathgames.com/0-papas-burgeria,,552484.0,,4.7,5,"
                    Jul 16, 2012
                  ",,2026-10-08
coolmathgames,curated_known_titles_by_votes,32,IQ Ball,https://www.coolmathgames.com/0-iq-ball,,538860.0,,4.5,5,"
                    Aug 21, 2011
                  ",,2026-10-08
coolmathgames,curated_known_titles_by_votes,33,Bloxorz,https://www.coolmathgames.com/0-bloxorz,,513584.0,,4.5,5,"
                    Jan 01, 1999
                  ",,2026-10-08
coolmathgames,curated_known_titles_by_votes,34,Candy Jump,https://www.coolmathgames.com/0-candy-jump,,492512.0,,4.5,5,"
                    Dec 11, 2018
                  ",,2026-10-08
coolmathgames,curated_known_titles_by_votes,35,Retro Ping Pong,https://www.coolmathgames.com/0-retro-ping-pong,,464453.0,,4.5,5,"
                    Sep 03, 2019
                  ",,2026-10-08
coolmathgames,curated_known_titles_by_votes,36,Raft Wars,https://www.coolmathgames.com/0-raft-wars,,433264.0,,4.6,5,"
                    Mar 09, 2017
                  ",,2026-10-08
coolmathgames,curated_known_titles_by_votes,37,Awesome Tanks,https://www.coolmathgames.com/0-awesome-tanks,,427854.0,,4.7,5,"
                    Mar 16, 2017
                  ",,2026-10-08
coolmathgames,curated_known_titles_by_votes,38,Trace: Online Escape Room at Coolmath Games,https://www.coolmathgames.com/0-trace,,406438.0,,4.7,5,"
                    Dec 07, 2022
                  ",,2026-10-08
coolmathgames,curated_known_titles_by_votes,39,Duck Life,https://www.coolmathgames.com/0-duck-life,,398763.0,,4.7,5,"
                    Dec 31, 1998
                  ",,2026-10-08
coolmathgames,curated_known_titles_by_votes,40,Johnny Upgrade,https://www.coolmathgames.com/0-johnny-upgrade,,397098.0,,4.5,5,"
                    May 02, 2013
                  ",,2026-10-08
coolmathgames,curated_known_titles_by_votes,41,60 Second Burger Run,https://www.coolmathgames.com/0-60-second-burger-run,,364640.0,,4.1,5,"
                    Jun 17, 2013
                  ",,2026-10-08
coolmathgames,curated_known_titles_by_votes,42,Basket and Ball,https://www.coolmathgames.com/0-basket-and-ball,,359205.0,,4.4,5,"
                    May 04, 2017
                  ",,2026-10-08
coolmathgames,curated_known_titles_by_votes,43,Play Checkers Online Game,https://www.coolmathgames.com/0-checkers,,352972.0,,4.6,5,"
                    Aug 03, 2016
                  ",,2026-10-08
coolmathgames,curated_known_titles_by_votes,44,Learn to Fly 2,https://www.coolmathgames.com/0-learn-to-fly-2,,342022.0,,4.8,5,"
                    May 18, 2017
                  ",,2026-10-08
coolmathgames,curated_known_titles_by_votes,45,World's Hardest Game,https://www.coolmathgames.com/0-worlds-hardest-game,,335638.0,,4.1,5,"
                    Nov 04, 2011
                  ",,2026-10-08
coolmathgames,curated_known_titles_by_votes,46,Big Tower Tiny Square,https://www.coolmathgames.com/0-big-tower-tiny-square,,335258.0,,4.5,5,"
                    Aug 24, 2017
                  ",,2026-10-08
coolmathgames,curated_known_titles_by_votes,47,Parking Fury,https://www.coolmathgames.com/0-parking-fury,,291532.0,,4.5,5,"
                    May 26, 2016
                  ",,2026-10-08
coolmathgames,curated_known_titles_by_votes,48,Play Curve Ball 3D: Curve and Score,https://www.coolmathgames.com/0-curve-ball-3d,,287980.0,,4.7,5,"
                    Mar 17, 2022
                  ",,2026-10-08
coolmathgames,curated_known_titles_by_votes,49,Cookie Clicker,https://www.coolmathgames.com/0-cookie-clicker,,272565.0,,4.9,5,"
                    Oct 06, 2025
                  ",,2026-10-08
coolmathgames,curated_known_titles_by_votes,50,Drift Boss – Play the Free Online Driving Game,https://www.coolmathgames.com/0-drift-boss,,271716.0,,4.7,5,"
                    Sep 30, 2025
                  ",,2026-10-08
coolmathgames,curated_known_titles_by_votes,51,Learn to Fly,https://www.coolmathgames.com/0-learn-to-fly,,266366.0,,4.8,5,"
                    Feb 23, 2017
                  ",,2026-10-08
coolmathgames,curated_known_titles_by_votes,52,Dinosaur Game,https://www.coolmathgames.com/0-dinosaur-game,,257445.0,,4.7,5,"
                    Oct 17, 2023
                  ",,2026-10-08
coolmathgames,curated_known_titles_by_votes,53,Play Crazy Eights on Coolmath Games,https://www.coolmathgames.com/0-crazy-eights,,239782.0,,4.7,5,"
                    Sep 27, 2018
                  ",,2026-10-08
coolmathgames,curated_known_titles_by_votes,54,Eggy Car,https://www.coolmathgames.com/0-eggy-car,,236752.0,,4.5,5,"
                    Oct 10, 2023
                  ",,2026-10-08
coolmathgames,curated_known_titles_by_votes,55,Lemonade Stand,https://www.coolmathgames.com/0-lemonade-stand,,224478.0,,4.4,5,"
                    Dec 31, 1998
                  ",,2026-10-08
coolmathgames,curated_known_titles_by_votes,56,Raft Wars 2,https://www.coolmathgames.com/0-raft-wars-2,,215597.0,,4.7,5,"
                    Sep 21, 2017
                  ",,2026-10-08
coolmathgames,curated_known_titles_by_votes,57,Handulum+,https://www.coolmathgames.com/0-handulum,,211480.0,,4.5,5,"
                    Apr 18, 2019
                  ",,2026-10-08
coolmathgames,curated_known_titles_by_votes,58,Play Billiards Online,https://www.coolmathgames.com/0-billiards,,205814.0,,4.7,5,"
                    Jul 26, 2021
                  ",,2026-10-08
coolmathgames,curated_known_titles_by_votes,59,Duck Life 3: Evolution,https://www.coolmathgames.com/0-duck-life-3-evolution,,202950.0,,4.8,5,"
                    Mar 20, 2014
                  ",,2026-10-08
coolmathgames,curated_known_titles_by_votes,60,Grindcraft,https://www.coolmathgames.com/0-grindcraft,,200357.0,,4.5,5,"
                    Jan 09, 2023
                  ",,2026-10-08
coolmathgames,curated_known_titles_by_votes,61,Idle Startup Tycoon,https://www.coolmathgames.com/0-idle-startup-tycoon,,198071.0,,4.8,5,"
                    May 24, 2022
                  ",,2026-10-08
coolmathgames,curated_known_titles_by_votes,62,Idle Dice,https://www.coolmathgames.com/0-idle-dice,,193407.0,,4.8,5,"
                    Nov 05, 2019
                  ",,2026-10-08
coolmathgames,curated_known_titles_by_votes,63,Tag Game,https://www.coolmathgames.com/0-tag-game,,191996.0,,4.7,5,"
                    Dec 03, 2024
                  ",,2026-10-08
coolmathgames,curated_known_titles_by_votes,64,Play Darts,https://www.coolmathgames.com/0-darts,,187160.0,,4.1,5,"
                    May 07, 2020
                  ",,2026-10-08
coolmathgames,curated_known_titles_by_votes,65,2048,https://www.coolmathgames.com/0-2048,,167249.0,,4.5,5,"
                    Jun 26, 2014
                  ",,2026-10-08
coolmathgames,curated_known_titles_by_votes,66,Red Ball 4,https://www.coolmathgames.com/0-red-ball-4,,156712.0,,4.7,5,"
                    Feb 21, 2013
                  ",,2026-10-08
coolmathgames,curated_known_titles_by_votes,67,Learn to Fly 3,https://www.coolmathgames.com/0-learn-to-fly-3,,156353.0,,4.7,5,"
                    Jan 18, 2018
                  ",,2026-10-08
coolmathgames,curated_known_titles_by_votes,68,Play Duck Life 2: World Champion,https://www.coolmathgames.com/0-duck-life-2-world-champion,,155023.0,,4.8,5,"
                    Jan 16, 2014
                  ",,2026-10-08
coolmathgames,curated_known_titles_by_votes,69,Cannon Basketball,https://www.coolmathgames.com/0-cannon-basketball,,143710.0,,4.5,5,"
                    Jan 18, 2016
                  ",,2026-10-08
coolmathgames,curated_known_titles_by_votes,70,Coffee Shop Game,https://www.coolmathgames.com/0-coffee-shop,,138490.0,,4.3,5,"
                    Dec 31, 1998
                  ",,2026-10-08
coolmathgames,curated_known_titles_by_votes,71,B,https://www.coolmathgames.com/0-b-cubed,,120131.0,,4.4,5,"
                    Jan 01, 1999
                  ",,2026-10-08
coolmathgames,curated_known_titles_by_votes,72,Learn to Fly Idle,https://www.coolmathgames.com/0-learn-to-fly-idle,,103599.0,,4.6,5,"
                    Oct 12, 2017
                  ",,2026-10-08
coolmathgames,curated_known_titles_by_votes,73,Vex 7,https://www.coolmathgames.com/0-vex-7,,97232.0,,4.6,5,"
                    Feb 16, 2023
                  ",,2026-10-08
coolmathgames,curated_known_titles_by_votes,74,Four In A Row Online,https://www.coolmathgames.com/0-four-in-a-row,,89444.0,,4.5,5,"
                    Nov 30, 2021
                  ",,2026-10-08
coolmathgames,curated_known_titles_by_votes,75,Burrito Bison,https://www.coolmathgames.com/0-burrito-bison,,87344.0,,4.7,5,"
                    Apr 20, 2017
                  ",,2026-10-08
coolmathgames,curated_known_titles_by_votes,76,Sticky Ninja Missions,https://www.coolmathgames.com/0-sticky-ninja-missions,,80976.0,,4.5,5,"
                    Oct 06, 2016
                  ",,2026-10-08
coolmathgames,curated_known_titles_by_votes,77,Catch the Candy,https://www.coolmathgames.com/0-catch-the-candy,,76226.0,,4.4,5,"
                    Dec 30, 2014
                  ",,2026-10-08
coolmathgames,curated_known_titles_by_votes,78,"Sugar, Sugar",https://www.coolmathgames.com/0-sugar-sugar,,67936.0,,4.6,5,"
                    Sep 11, 2011
                  ",,2026-10-08
coolmathgames,curated_known_titles_by_votes,79,World's Hardest Game 2,https://www.coolmathgames.com/0-worlds-hardest-game-2,,66422.0,,4.0,5,"
                    Dec 31, 1998
                  ",,2026-10-08
coolmathgames,curated_known_titles_by_votes,80,Cut the Rope,https://www.coolmathgames.com/0-cut-the-rope,,65338.0,,4.4,5,"
                    Apr 04, 2023
                  ",,2026-10-08
coolmathgames,curated_known_titles_by_votes,81,Vex 3,https://www.coolmathgames.com/0-vex-3,,46377.0,,4.5,5,"
                    Sep 14, 2023
                  ",,2026-10-08
coolmathgames,curated_known_titles_by_votes,82,Wheely,https://www.coolmathgames.com/0-wheely,,44807.0,,4.6,5,"
                    May 19, 2013
                  ",,2026-10-08
coolmathgames,curated_known_titles_by_votes,83,Slope Tunnel,https://www.coolmathgames.com/0-slope-tunnel,,42358.0,,4.4,5,"
                    Dec 06, 2023
                  ",,2026-10-08
coolmathgames,curated_known_titles_by_votes,84,Solitaire,https://www.coolmathgames.com/0-solitaire,,41618.0,,4.5,5,"
                    Oct 19, 2016
                  ",,2026-10-08
coolmathgames,curated_known_titles_by_votes,85,Atari Breakout – Play Online at Coolmath Games,https://www.coolmathgames.com/0-atari-breakout,,33356.0,,4.4,5,"
                    Nov 16, 2022
                  ",,2026-10-08
coolmathgames,curated_known_titles_by_votes,86,Zombie Launcher,https://www.coolmathgames.com/0-zombie-launcher,,30414.0,,4.1,5,"
                    Mar 30, 2014
                  ",,2026-10-08
coolmathgames,curated_known_titles_by_votes,87,Zombie Launcher 2,https://www.coolmathgames.com/0-zombie-launcher-2,,27343.0,,4.0,5,"
                    Jan 14, 2016
                  ",,2026-10-08
coolmathgames,curated_known_titles_by_votes,88,Wheely 2,https://www.coolmathgames.com/0-wheely-2,,25948.0,,4.6,5,"
                    Apr 24, 2014
                  ",,2026-10-08
coolmathgames,curated_known_titles_by_votes,89,Mancala,https://www.coolmathgames.com/0-mancala,,23607.0,,4.1,5,"
                    Dec 31, 1998
                  ",,2026-10-08
coolmathgames,curated_known_titles_by_votes,90,Play Factory Balls,https://www.coolmathgames.com/0-factory-balls,,23158.0,,4.3,5,"
                    Sep 05, 2011
                  ",,2026-10-08
coolmathgames,curated_known_titles_by_votes,91,Minesweeper,https://www.coolmathgames.com/0-minesweeper,,7911.0,,4.1,5,"
                    Mar 15, 2017
                  ",,2026-10-08
coolmathgames,curated_known_titles_by_votes,92,Civiballs,https://www.coolmathgames.com/0-civiballs,,4558.0,,4.2,5,"
                    Dec 31, 1998
                  ",,2026-10-08
coolmathgames,curated_known_titles_by_votes,93,Snowman Skiing Game,https://www.coolmathgames.com/0-snowman-skiing,,1021.0,,3.5,5,"
                    Jan 01, 1999
                  ",,2026-10-08
coolmathgames,curated_known_titles_by_votes,94,Push the Box,https://www.coolmathgames.com/0-push-the-box,,548.0,,4.6,5,"
                    Apr 10, 2023
                  ",,2026-10-08
itch.io,top_rated_web,1,The Freak Circus,https://garula.itch.io/the-freak-circus,,11223,,4.9,5,,,2026-10-08
itch.io,top_rated_web,2,Adventures With Anxiety!,https://ncase.itch.io/anxiety,,7492,,4.9,5,,,2026-10-08
itch.io,top_rated_web,3,Serenitrove,https://alfredncy.itch.io/serenitrove,,3871,,4.9,5,,,2026-10-08
itch.io,top_rated_web,4,Friday Night Funkin',https://ninja-muffin24.itch.io/funkin,,12412,,4.7,5,,,2026-10-08
itch.io,top_rated_web,5,We Become What We Behold,https://ncase.itch.io/wbwwb,,,,,5,,,2026-10-08
itch.io,top_rated_web,6,"goodbye, doggy",https://picogram.itch.io/goodbye-doggy,,5286,,4.8,5,,,2026-10-08
itch.io,top_rated_web,7,Six Cats Under,https://teambeanloop.itch.io/six-cats-under,,7593,,4.8,5,,,2026-10-08
itch.io,top_rated_web,8,Sort the Court!,https://graebor.itch.io/sort-the-court,,11066,,4.7,5,,,2026-10-08
itch.io,top_rated_web,9,last seen online,https://qwook.itch.io/last-seen-online,,4198,,4.8,5,,,2026-10-08
itch.io,top_rated_web,10,A Tale of Crowns,https://qeresi.itch.io/a-tale-of-crowns,,2963,,4.9,5,,,2026-10-08
itch.io,top_rated_web,11,Lookouts,https://paranoidhawk.itch.io/lookouts,,2553,,4.9,5,,,2026-10-08
itch.io,top_rated_web,12,Dating Killmulator 2,https://coolom-games.itch.io/dating-killmulator-2,,1350,,5.0,5,,,2026-10-08
itch.io,top_rated_web,13,Dragonsweeper,https://danielben.itch.io/dragonsweeper,,2182,,4.9,5,,,2026-10-08
itch.io,top_rated_web,14,Wayfarer,https://idrellegames.itch.io/wayfarer,,1999,,4.9,5,,,2026-10-08
itch.io,top_rated_web,15,"Flesh, Blood, & Concrete",https://waxwing0.itch.io/fbc,,3056,,4.8,5,,,2026-10-08
itch.io,top_rated_web,16,Moss Moss,https://noelcody.itch.io/moss-moss,,1578,,4.9,5,,,2026-10-08
itch.io,top_rated_web,17,purrgatory,https://nivrad00.itch.io/purrgatory,,1651,,4.9,5,,,2026-10-08
itch.io,top_rated_web,18,Type Help,https://william-rous.itch.io/type-help,,1253,,4.9,5,,,2026-10-08
itch.io,top_rated_web,19,Dating Killmulator,https://coolom-games.itch.io/datingkillmulator,,,,,5,,,2026-10-08
itch.io,top_rated_web,20,The Archives of Trevosa,https://jamwitch.itch.io/trevosa,,1512,,4.9,5,,,2026-10-08
itch.io,top_rated_web,21,Backpack Hero,https://thejaspel.itch.io/backpack-hero,,2207,,4.8,5,,,2026-10-08
itch.io,top_rated_web,22,When Twilight Strikes,https://evertides.itch.io/when-twilight-strikes,,1570,,4.9,5,,,2026-10-08
itch.io,top_rated_web,23,Peggy's Post,https://digitarium.itch.io/peggys-post,,1723,,4.8,5,,,2026-10-08
itch.io,top_rated_web,24,Scout: An Apocalypse Story,https://anya-writes.itch.io/scout-an-apocalypse-story,,1724,,4.8,5,,,2026-10-08
itch.io,top_rated_web,25,Exhibit of Sorrows,https://adayofjoy.itch.io/exhibit-of-sorrows,,2486,,4.8,5,,,2026-10-08
itch.io,top_rated_web,26,irori,https://pomepomelo.itch.io/irori,,2555,,4.8,5,,,2026-10-08
itch.io,top_rated_web,27,Vampire Survivors,https://poncle.itch.io/vampire-survivors,,1657,,4.8,5,,,2026-10-08
itch.io,top_rated_web,28,b-e-e-t-l-e,https://paulandviv.itch.io/b-e-e-t-l-e,,2702,,4.7,5,,,2026-10-08
itch.io,top_rated_web,29,Speaker,https://speakergame.itch.io/speaker,,1300,,4.9,5,,,2026-10-08
itch.io,top_rated_web,30,Dominion of Darkness,https://adeptus7.itch.io/dominion,,1747,,4.8,5,,,2026-10-08
itch.io,top_rated_web,31,Horse Magnifier: Jam Edition,https://sketbordcat.itch.io/horse-magnifier,,1207,,4.9,5,,,2026-10-08
itch.io,top_rated_web,32,The Ratchelor: A Rat Dating Sim,https://algorat.itch.io/the-ratchelor-a-rat-dating-sim,,1379,,4.9,5,,,2026-10-08
itch.io,top_rated_web,33,Die in the Dungeon CLASSIC,https://alarts.itch.io/die-in-the-dungeon,,2743,,4.7,5,,,2026-10-08
itch.io,top_rated_web,34,novena,https://haraiva.itch.io/novena,,1527,,4.8,5,,,2026-10-08
itch.io,top_rated_web,35,her tears were my light,https://nomnomnami.itch.io/her-tears-were-my-light,,1452,,4.8,5,,,2026-10-08
itch.io,top_rated_web,36,Coming Out Simulator 2014,https://ncase.itch.io/coming-out-simulator-2014,,2964,,4.7,5,,,2026-10-08
itch.io,popular_web,1,Toss Office,https://ravenous-den.itch.io/toss-office,,78,,4.5,5,,,2026-10-08
itch.io,popular_web,2,The Freak Circus,https://garula.itch.io/the-freak-circus,,11223,,4.9,5,,,2026-10-08
itch.io,popular_web,3,Alpine,https://oddly-shaped-pixels.itch.io/alpine,,82,,4.8,5,,,2026-10-08
itch.io,popular_web,4,sweet instincts,https://3005jin.itch.io/sweet-instincts,,,,,5,,,2026-10-08
itch.io,popular_web,5,"Yes, Comrade.",https://hugimugi7.itch.io/yes-comrade,,46,,4.4,5,,,2026-10-08
itch.io,popular_web,6,Rulehouse,https://dalichrome.itch.io/house-rules,,70,,4.7,5,,,2026-10-08
itch.io,popular_web,7,OVERD0SE,https://mookichuu.itch.io/overdose,,491,,4.6,5,,,2026-10-08
itch.io,popular_web,8,Quackyard,https://hugimugi7.itch.io/quackyard,,25,,3.8,5,,,2026-10-08
itch.io,popular_web,9,Alien Crab in the Extamaze,https://jebouin.itch.io/alien-crab-3,,16,,4.9,5,,,2026-10-08
itch.io,popular_web,10,Bite Your Tongue,https://try-froggery.itch.io/bite-your-tongue,,41,,4.8,5,,,2026-10-08
itch.io,popular_web,11,Knee Deep! [DEMO],https://comfortkuma.itch.io/knee-deep,,1762,,4.7,5,,,2026-10-08
itch.io,popular_web,12,Dating Killmulator,https://coolom-games.itch.io/datingkillmulator,,,,,5,,,2026-10-08
itch.io,popular_web,13,Lookouts,https://paranoidhawk.itch.io/lookouts,,2553,,4.9,5,,,2026-10-08
itch.io,popular_web,14,FNaF: DAYBREAK,https://snowyrey.itch.io/fnaf-daybreak,,273,,4.9,5,,,2026-10-08
itch.io,popular_web,15,The Commander Can't Communicate,https://futotori.itch.io/the-commander-cant-communicate,,3,,5.0,5,,,2026-10-08
itch.io,popular_web,16,Fear Me [Jeff the Killer's Dating Sim],https://neesacomplex.itch.io/fear-me-jeff-the-killers-dating-sim,,1370,,4.7,5,,,2026-10-08
itch.io,popular_web,17,How to Date an Entity (and stay alive),https://sfour-s4.itch.io/how-to-date-an-entity,,1519,,4.6,5,,,2026-10-08
itch.io,popular_web,18,Open Doctrines,https://pr1nted.itch.io/open-doctrines,,7,,3.7,5,,,2026-10-08
itch.io,popular_web,19,Dating Killmulator 2,https://coolom-games.itch.io/dating-killmulator-2,,1350,,5.0,5,,,2026-10-08
itch.io,popular_web,20,Friday Night Funkin',https://ninja-muffin24.itch.io/funkin,,12412,,4.7,5,,,2026-10-08
itch.io,popular_web,21,Before the Darkness,https://khywae.itch.io/before-the-darkness,,557,,4.8,5,,,2026-10-08
itch.io,popular_web,22,Gentle Fall [Demo],https://isattt.itch.io/gentle-fall,,790,,4.7,5,,,2026-10-08
itch.io,popular_web,23,My Own Sweet Dionaea,https://ossuario.itch.io/my-own-sweet-dionaea,,143,,4.7,5,,,2026-10-08
itch.io,popular_web,24,Peggy's Post,https://digitarium.itch.io/peggys-post,,1723,,4.8,5,,,2026-10-08
itch.io,popular_web,25,Trapped with Jester,https://ant-san.itch.io/jester,,3931,,4.5,5,,,2026-10-08
itch.io,popular_web,26,Sort the Court!,https://graebor.itch.io/sort-the-court,,11066,,4.7,5,,,2026-10-08
itch.io,popular_web,27,Fear Assessment,https://alexander-wiseman.itch.io/fear-assessment,,437,,4.4,5,,,2026-10-08
itch.io,popular_web,28,Maybe... I'll go to the beach (demo),https://bilgetbd.itch.io/maybe-ill-go-to-the-beach,,16,,4.7,5,,,2026-10-08
itch.io,popular_web,29,last seen online,https://qwook.itch.io/last-seen-online,,4198,,4.8,5,,,2026-10-08
itch.io,popular_web,30,We Become What We Behold,https://ncase.itch.io/wbwwb,,,,,5,,,2026-10-08
itch.io,popular_web,31,The Margot Collapse,https://funday-games.itch.io/the-margot-collapse,,246,,4.6,5,,,2026-10-08
itch.io,popular_web,32,"Flesh, Blood, & Concrete",https://waxwing0.itch.io/fbc,,3056,,4.8,5,,,2026-10-08
itch.io,popular_web,33,PolyTrack,https://kodub.itch.io/polytrack,,685,,4.7,5,,,2026-10-08
itch.io,popular_web,34,Six Cats Under,https://teambeanloop.itch.io/six-cats-under,,7593,,4.8,5,,,2026-10-08
itch.io,popular_web,35,KittyToy,https://rakqoi.itch.io/kittytoy,,824,,4.8,5,,,2026-10-08
itch.io,popular_web,36,A Dance of Fire and Ice,https://fizzd.itch.io/a-dance-of-fire-and-ice,,1155,,4.7,5,,,2026-10-08
itch.io,top_rated_web_p2,1,Frogfall,https://kultisti.itch.io/frogfall,,1257,,4.9,5,,,2026-10-08
itch.io,top_rated_web_p2,2,The Roottrees are Dead,https://jjohnstongames.itch.io/the-roottrees-are-dead,,1030,,4.9,5,,,2026-10-08
itch.io,top_rated_web_p2,3,"Welcome, Dear Human [Demo]",https://ronkad.itch.io/welcome-dear-human,,,,,5,,,2026-10-08
itch.io,top_rated_web_p2,4,Going Live!,https://jennyvipham.itch.io/going-live,,3900,,4.7,5,,,2026-10-08
itch.io,top_rated_web_p2,5,Cantata,https://firfireweed.itch.io/cantata,,,,,5,,,2026-10-08
itch.io,top_rated_web_p2,6,Waterworks!,https://scriptwelder.itch.io/waterworks,,1372,,4.8,5,,,2026-10-08
itch.io,top_rated_web_p2,7,UNDER A STAR CALLED SUN,https://haraiva.itch.io/under-a-star-called-sun,,,,,5,,,2026-10-08
itch.io,top_rated_web_p2,8,Platformer Toolkit,https://gmtk.itch.io/platformer-toolkit,,992,,4.9,5,,,2026-10-08
itch.io,top_rated_web_p2,9,Devil Express,https://bad-pet.itch.io/devil-express,,,,,5,,,2026-10-08
itch.io,top_rated_web_p2,10,Soul Void,https://kadabura.itch.io/soul-void,,1114,,4.9,5,,,2026-10-08
itch.io,top_rated_web_p2,11,Goodnight Meowmie,https://ddrkirbyisq.itch.io/goodnight-meowmie,,1218,,4.8,5,,,2026-10-08
itch.io,top_rated_web_p2,12,God-Cursed: Demo,https://wings-of-ink.itch.io/god-cursed,,919,,4.9,5,,,2026-10-08
itch.io,top_rated_web_p2,13,answer these 10 questions and i'll tell you what kind of lover you are,https://frannym.itch.io/10questions,,2262,,4.7,5,,,2026-10-08
itch.io,top_rated_web_p2,14,intertwine,https://crescence-studio.itch.io/intertwine,,1528,,4.8,5,,,2026-10-08
itch.io,top_rated_web_p2,15,Syrup and the Ultimate Sweet,https://nomnomnami.itch.io/syrup-and-the-ultimate-sweet,,,,,5,,,2026-10-08
itch.io,top_rated_web_p2,16,NSMB - Mario Vs Luigi Online,https://ipodtouch0218.itch.io/nsmb-mariovsluigi,,1074,,4.8,5,,,2026-10-08
itch.io,top_rated_web_p2,17,Dungeons & Degenerate Gamblers,https://purplemosscollectors.itch.io/dndg,,1218,,4.8,5,,,2026-10-08
itch.io,top_rated_web_p2,18,CHAINSAW DANCE DEMO,https://benedique.itch.io/chainsaw-dance,,1675,,4.7,5,,,2026-10-08
itch.io,top_rated_web_p2,19,Lo-Fi Room,https://bearmask.itch.io/lofi-room,,1691,,4.7,5,,,2026-10-08
itch.io,top_rated_web_p2,20,Contract Demon,https://nomnomnami.itch.io/contract-demon,,1900,,4.7,5,,,2026-10-08
itch.io,top_rated_web_p2,21,CaptchaWare,https://paperhatprojects.itch.io/captchaware,,846,,4.9,5,,,2026-10-08
itch.io,top_rated_web_p2,22,"Cupid's Kiss: a short, romance comedy",https://marysuegames.itch.io/cupids-kiss,,2511,,4.7,5,,,2026-10-08
itch.io,top_rated_web_p2,23,Raide,https://kultisti.itch.io/raide,,854,,4.9,5,,,2026-10-08
itch.io,top_rated_web_p2,24,TRACE,https://colorbomb.itch.io/trace,,977,,4.8,5,,,2026-10-08
itch.io,top_rated_web_p2,25,Kill the Ice Age Baby Adventure: The Game,https://kypello.itch.io/kill-the-ice-age-baby-adventure-the-game,,1061,,4.8,5,,,2026-10-08
itch.io,top_rated_web_p2,26,Nothing to Say,https://celia14.itch.io/nothing-to-say,,2108,,4.7,5,,,2026-10-08
itch.io,top_rated_web_p2,27,Silver Thread : Episode I,https://spicaze.itch.io/silver-thread,,1010,,4.8,5,,,2026-10-08
itch.io,top_rated_web_p2,28,SNAGGEMON - A Grunt Dating Sim,https://reecebridger.itch.io/snaggemon-a-grunt-dating-sim,,988,,4.8,5,,,2026-10-08
itch.io,top_rated_web_p2,29,Shogun Showdown - Alpha,https://roboatino.itch.io/shogunshowdown,,1104,,4.8,5,,,2026-10-08
itch.io,top_rated_web_p2,30,what body?,https://bun-tired.itch.io/what-body,,2328,,4.7,5,,,2026-10-08
itch.io,top_rated_web_p2,31,Off Day,https://viv-url.itch.io/off-day,,969,,4.8,5,,,2026-10-08
itch.io,top_rated_web_p2,32,P.E. Noire,https://picogram.itch.io/pe-noire,,1647,,4.7,5,,,2026-10-08
itch.io,top_rated_web_p2,33,Blackout,https://freshgames.itch.io/blackout,,1353,,4.8,5,,,2026-10-08
itch.io,top_rated_web_p2,34,George and the Printer,https://sixrobin.itch.io/georgeandtheprinter,,1609,,4.7,5,,,2026-10-08
itch.io,top_rated_web_p2,35,Knee Deep! [DEMO],https://comfortkuma.itch.io/knee-deep,,1762,,4.7,5,,,2026-10-08
itch.io,top_rated_web_p2,36,Pack,https://plasmastarfish.itch.io/pack,,1313,,4.8,5,,,2026-10-08
friv,front_or_popular_page,1,Instagram,https://www.friv.com/,,,,,,,,2026-10-08
friv,front_or_popular_page,2,"+ games[i][0].replace(/ /g, '-') +",https://www.friv.com/,,,,,,,,2026-10-08
lagged,front_or_popular_page,1,Stealth Silent Squid,https://lagged.com/,,,,,,,,2026-10-08
lagged,front_or_popular_page,2,Airport Clash 3D,https://lagged.com/,,,,,,,,2026-10-08
lagged,front_or_popular_page,3,Roblox,https://lagged.com/,,,,,,,,2026-10-08
lagged,front_or_popular_page,4,Draw This 2,https://lagged.com/,,,,,,,,2026-10-08
lagged,front_or_popular_page,5,Going Balls,https://lagged.com/,,,,,,,,2026-10-08
lagged,front_or_popular_page,6,Dino Dash,https://lagged.com/,,,,,,,,2026-10-08
lagged,front_or_popular_page,7,Magic Piano Tiles,https://lagged.com/,,,,,,,,2026-10-08
lagged,front_or_popular_page,8,Stick Maze,https://lagged.com/,,,,,,,,2026-10-08
lagged,front_or_popular_page,9,Cat Escape,https://lagged.com/,,,,,,,,2026-10-08
lagged,front_or_popular_page,10,Traffic Run,https://lagged.com/,,,,,,,,2026-10-08
lagged,front_or_popular_page,11,Deep Drill Run,https://lagged.com/,,,,,,,,2026-10-08
lagged,front_or_popular_page,12,Jewel Coloring: Crystal Sorting,https://lagged.com/,,,,,,,,2026-10-08
lagged,front_or_popular_page,13,Obby Knife Duels,https://lagged.com/,,,,,,,,2026-10-08
lagged,front_or_popular_page,14,Ball Shooter 2048,https://lagged.com/,,,,,,,,2026-10-08
lagged,front_or_popular_page,15,Royal Smash,https://lagged.com/,,,,,,,,2026-10-08
lagged,front_or_popular_page,16,Dig Gold Miner,https://lagged.com/,,,,,,,,2026-10-08
lagged,front_or_popular_page,17,Attack & Dash,https://lagged.com/,,,,,,,,2026-10-08
lagged,front_or_popular_page,18,Steal Memerot: Zoo Tycoon,https://lagged.com/,,,,,,,,2026-10-08
lagged,front_or_popular_page,19,Feed the Pick Me Girl,https://lagged.com/,,,,,,,,2026-10-08
lagged,front_or_popular_page,20,Island Cleaner Simulator,https://lagged.com/,,,,,,,,2026-10-08
lagged,front_or_popular_page,21,Robby Mini Games,https://lagged.com/,,,,,,,,2026-10-08
lagged,front_or_popular_page,22,Domino Peak,https://lagged.com/,,,,,,,,2026-10-08
lagged,front_or_popular_page,23,Bike Obby Draw Pencil,https://lagged.com/,,,,,,,,2026-10-08
lagged,front_or_popular_page,24,Draw an Obby,https://lagged.com/,,,,,,,,2026-10-08
lagged,front_or_popular_page,25,Cop Simulator: My Prison 3D,https://lagged.com/,,,,,,,,2026-10-08
lagged,front_or_popular_page,26,Arrows: Relax Game,https://lagged.com/,,,,,,,,2026-10-08
lagged,front_or_popular_page,27,Poppy Playtime Remake,https://lagged.com/,,,,,,,,2026-10-08
lagged,front_or_popular_page,28,Patty on Wheels,https://lagged.com/,,,,,,,,2026-10-08
lagged,front_or_popular_page,29,Color Shape Sort,https://lagged.com/,,,,,,,,2026-10-08
lagged,front_or_popular_page,30,Water Flow,https://lagged.com/,,,,,,,,2026-10-08
lagged,front_or_popular_page,31,Shape Dudes,https://lagged.com/,,,,,,,,2026-10-08
lagged,front_or_popular_page,32,Jetpack Racing League,https://lagged.com/,,,,,,,,2026-10-08
lagged,front_or_popular_page,33,Farm: Clear the Jam,https://lagged.com/,,,,,,,,2026-10-08
lagged,front_or_popular_page,34,Bestie’s Y2K Butterfly Trends,https://lagged.com/,,,,,,,,2026-10-08
lagged,front_or_popular_page,35,Moto Extreme: Halloween Land,https://lagged.com/,,,,,,,,2026-10-08
lagged,front_or_popular_page,36,Murder Mystery 2 Online,https://lagged.com/,,,,,,,,2026-10-08
lagged,front_or_popular_page,37,Elastic Man,https://lagged.com/,,,,,,,,2026-10-08
lagged,front_or_popular_page,38,Barry Prison: Parkour Escape,https://lagged.com/,,,,,,,,2026-10-08
lagged,front_or_popular_page,39,Ragdoll Playground,https://lagged.com/,,,,,,,,2026-10-08
lagged,front_or_popular_page,40,Save the Doge 2,https://lagged.com/,,,,,,,,2026-10-08
lagged,front_or_popular_page,41,Blob Opera,https://lagged.com/,,,,,,,,2026-10-08
lagged,front_or_popular_page,42,Sprunki,https://lagged.com/,,,,,,,,2026-10-08
lagged,front_or_popular_page,43,Stair Race 3D,https://lagged.com/,,,,,,,,2026-10-08
lagged,front_or_popular_page,44,Hide the Evidence,https://lagged.com/,,,,,,,,2026-10-08
lagged,front_or_popular_page,45,Ice Cream Stack Run,https://lagged.com/,,,,,,,,2026-10-08
lagged,front_or_popular_page,46,Skateboard Surf,https://lagged.com/,,,,,,,,2026-10-08
lagged,front_or_popular_page,47,Cube Frenzy,https://lagged.com/,,,,,,,,2026-10-08
lagged,front_or_popular_page,48,Choir,https://lagged.com/,,,,,,,,2026-10-08
lagged,front_or_popular_page,49,Bikini for Love,https://lagged.com/,,,,,,,,2026-10-08
lagged,front_or_popular_page,50,Thief Puzzle,https://lagged.com/,,,,,,,,2026-10-08
lagged,front_or_popular_page,51,Sandwich Runner,https://lagged.com/,,,,,,,,2026-10-08
lagged,front_or_popular_page,52,Helix Jump,https://lagged.com/,,,,,,,,2026-10-08
lagged,front_or_popular_page,53,Toilet Race,https://lagged.com/,,,,,,,,2026-10-08
lagged,front_or_popular_page,54,Cat Disco,https://lagged.com/,,,,,,,,2026-10-08
lagged,front_or_popular_page,55,Om Nom Run,https://lagged.com/,,,,,,,,2026-10-08
lagged,front_or_popular_page,56,Lemon Opera,https://lagged.com/,,,,,,,,2026-10-08
lagged,front_or_popular_page,57,Suika Game: Watermelon,https://lagged.com/,,,,,,,,2026-10-08
lagged,front_or_popular_page,58,TB World,https://lagged.com/,,,,,,,,2026-10-08
lagged,front_or_popular_page,59,Tall Man Runner,https://lagged.com/,,,,,,,,2026-10-08
lagged,front_or_popular_page,60,Scary Neighbor Online,https://lagged.com/,,,,,,,,2026-10-08
lagged,front_or_popular_page,61,Draw to Save,https://lagged.com/,,,,,,,,2026-10-08
lagged,front_or_popular_page,62,Tiles Hop,https://lagged.com/,,,,,,,,2026-10-08
lagged,front_or_popular_page,63,Troll Thief,https://lagged.com/,,,,,,,,2026-10-08
lagged,front_or_popular_page,64,Master of Numbers,https://lagged.com/,,,,,,,,2026-10-08
lagged,front_or_popular_page,65,Draw the Ways,https://lagged.com/,,,,,,,,2026-10-08
lagged,front_or_popular_page,66,Fireboy and Watergirl,https://lagged.com/,,,,,,,,2026-10-08
lagged,front_or_popular_page,67,UNO Online,https://lagged.com/,,,,,,,,2026-10-08
lagged,front_or_popular_page,68,Counter Craft 2 Zombies,https://lagged.com/,,,,,,,,2026-10-08
lagged,front_or_popular_page,69,Puzzle Games,https://lagged.com/,,,,,,,,2026-10-08
lagged,front_or_popular_page,70,Two Player Games,https://lagged.com/,,,,,,,,2026-10-08
lagged,front_or_popular_page,71,Music Games,https://lagged.com/,,,,,,,,2026-10-08
lagged,front_or_popular_page,72,Dress Up Games,https://lagged.com/,,,,,,,,2026-10-08
lagged,front_or_popular_page,73,Racing Games,https://lagged.com/,,,,,,,,2026-10-08
lagged,front_or_popular_page,74,Animal Games,https://lagged.com/,,,,,,,,2026-10-08
lagged,front_or_popular_page,75,Arcade Games,https://lagged.com/,,,,,,,,2026-10-08
lagged,front_or_popular_page,76,Car Games,https://lagged.com/,,,,,,,,2026-10-08
lagged,front_or_popular_page,77,Football Games,https://lagged.com/,,,,,,,,2026-10-08
lagged,front_or_popular_page,78,Funny Games,https://lagged.com/,,,,,,,,2026-10-08
lagged,front_or_popular_page,79,Girl Games,https://lagged.com/,,,,,,,,2026-10-08
lagged,front_or_popular_page,80,Solitaire Games,https://lagged.com/,,,,,,,,2026-10-08
lagged,front_or_popular_page,81,Weird Games,https://lagged.com/,,,,,,,,2026-10-08
miniplay,front_or_popular_page,1,Miniplay,https://www.miniplay.com/,,,,,,,,2026-10-08
miniplay,front_or_popular_page,2,Mini Turbo Karts,https://www.miniplay.com/,,,,,,,,2026-10-08
miniplay,front_or_popular_page,3,Find Nemo: Fishdoms Story,https://www.miniplay.com/,,,,,,,,2026-10-08
miniplay,front_or_popular_page,4,Shoot the Bubbles,https://www.miniplay.com/,,,,,,,,2026-10-08
miniplay,front_or_popular_page,5,SKIP-PO,https://www.miniplay.com/,,,,,,,,2026-10-08
miniplay,front_or_popular_page,6,Sand Tetris,https://www.miniplay.com/,,,,,,,,2026-10-08
miniplay,front_or_popular_page,7,Bottle Logic,https://www.miniplay.com/,,,,,,,,2026-10-08
miniplay,front_or_popular_page,8,Crazy Marble League,https://www.miniplay.com/,,,,,,,,2026-10-08
miniplay,front_or_popular_page,9,Trail,https://www.miniplay.com/,,,,,,,,2026-10-08
miniplay,front_or_popular_page,10,Splash Sliders,https://www.miniplay.com/,,,,,,,,2026-10-08
miniplay,front_or_popular_page,11,BounceMasters,https://www.miniplay.com/,,,,,,,,2026-10-08
miniplay,front_or_popular_page,12,Bottle Jump 3D,https://www.miniplay.com/,,,,,,,,2026-10-08
miniplay,front_or_popular_page,13,Ride Your Pet!,https://www.miniplay.com/,,,,,,,,2026-10-08
miniplay,front_or_popular_page,14,DBZ vs Marvel vs Capcom,https://www.miniplay.com/,,,,,,,,2026-10-08
miniplay,front_or_popular_page,15,MessCraft,https://www.miniplay.com/,,,,,,,,2026-10-08
miniplay,front_or_popular_page,16,Loopix,https://www.miniplay.com/,,,,,,,,2026-10-08
miniplay,front_or_popular_page,17,Copy Cats,https://www.miniplay.com/,,,,,,,,2026-10-08
miniplay,front_or_popular_page,18,Friday Night Funkin' 2 Players,https://www.miniplay.com/,,,,,,,,2026-10-08
miniplay,front_or_popular_page,19,Steal a Dino Egg,https://www.miniplay.com/,,,,,,,,2026-10-08
miniplay,front_or_popular_page,20,Lumberjack Simulator 3D,https://www.miniplay.com/,,,,,,,,2026-10-08
miniplay,front_or_popular_page,21,Crime Wars: Open World,https://www.miniplay.com/,,,,,,,,2026-10-08
miniplay,front_or_popular_page,22,Catch a Brainrot from Bosses,https://www.miniplay.com/,,,,,,,,2026-10-08
miniplay,front_or_popular_page,23,Merge & Fight,https://www.miniplay.com/,,,,,,,,2026-10-08
miniplay,front_or_popular_page,24,Backrooms Craft,https://www.miniplay.com/,,,,,,,,2026-10-08
miniplay,front_or_popular_page,25,ZIP,https://www.miniplay.com/,,,,,,,,2026-10-08
miniplay,front_or_popular_page,26,Sudoku Easy,https://www.miniplay.com/,,,,,,,,2026-10-08
miniplay,front_or_popular_page,27,Car Eats Car 3D,https://www.miniplay.com/,,,,,,,,2026-10-08
miniplay,front_or_popular_page,28,Vex 10,https://www.miniplay.com/,,,,,,,,2026-10-08
miniplay,front_or_popular_page,29,Pets and Paints: Logic Puzzle,https://www.miniplay.com/,,,,,,,,2026-10-08
miniplay,front_or_popular_page,30,Roller Coaster: Obby Race,https://www.miniplay.com/,,,,,,,,2026-10-08
miniplay,front_or_popular_page,31,Crossy Road,https://www.miniplay.com/,,,,,,,,2026-10-08
miniplay,front_or_popular_page,32,Commando Force 2,https://www.miniplay.com/,,,,,,,,2026-10-08
miniplay,front_or_popular_page,33,Bowmasters,https://www.miniplay.com/,,,,,,,,2026-10-08
miniplay,front_or_popular_page,34,Monsters' Wheels 2,https://www.miniplay.com/,,,,,,,,2026-10-08
miniplay,front_or_popular_page,35,Pizza Now!,https://www.miniplay.com/,,,,,,,,2026-10-08
miniplay,front_or_popular_page,36,Ocean Bubbles,https://www.miniplay.com/,,,,,,,,2026-10-08
miniplay,front_or_popular_page,37,Bloxd.io,https://www.miniplay.com/,,,,,,,,2026-10-08
miniplay,front_or_popular_page,38,RIVALS [Roblox],https://www.miniplay.com/,,,,,,,,2026-10-08
miniplay,front_or_popular_page,39,UNO Online,https://www.miniplay.com/,,,,,,,,2026-10-08
miniplay,front_or_popular_page,40,Minecraft,https://www.miniplay.com/,,,,,,,,2026-10-08
miniplay,front_or_popular_page,41,Meccha Chameleon,https://www.miniplay.com/,,,,,,,,2026-10-08
miniplay,front_or_popular_page,42,Steal a Brainrot Online,https://www.miniplay.com/,,,,,,,,2026-10-08
miniplay,front_or_popular_page,43,Let's fish,https://www.miniplay.com/,,,,,,,,2026-10-08
miniplay,front_or_popular_page,44,Steal an Egg,https://www.miniplay.com/,,,,,,,,2026-10-08
miniplay,front_or_popular_page,45,Bloxity.io,https://www.miniplay.com/,,,,,,,,2026-10-08
miniplay,front_or_popular_page,46,Slither.io,https://www.miniplay.com/,,,,,,,,2026-10-08
miniplay,front_or_popular_page,47,Rummikub,https://www.miniplay.com/,,,,,,,,2026-10-08
miniplay,front_or_popular_page,48,Free Fire,https://www.miniplay.com/,,,,,,,,2026-10-08
miniplay,front_or_popular_page,49,Brawl Stars,https://www.miniplay.com/,,,,,,,,2026-10-08
miniplay,front_or_popular_page,50,Animal Hospital: Online,https://www.miniplay.com/,,,,,,,,2026-10-08
miniplay,front_or_popular_page,51,Google Popcorn,https://www.miniplay.com/,,,,,,,,2026-10-08
miniplay,front_or_popular_page,52,Veck.io,https://www.miniplay.com/,,,,,,,,2026-10-08
miniplay,front_or_popular_page,53,MineFun.io,https://www.miniplay.com/,,,,,,,,2026-10-08
miniplay,front_or_popular_page,54,BedWars: Bloxd.io,https://www.miniplay.com/,,,,,,,,2026-10-08
miniplay,front_or_popular_page,55,Turball.io,https://www.miniplay.com/,,,,,,,,2026-10-08
miniplay,front_or_popular_page,56,Plants Vs Zombies,https://www.miniplay.com/,,,,,,,,2026-10-08
miniplay,front_or_popular_page,57,Plants vs Zombies: Fusion,https://www.miniplay.com/,,,,,,,,2026-10-08
miniplay,front_or_popular_page,58,Super Mario Bros.,https://www.miniplay.com/,,,,,,,,2026-10-08
miniplay,front_or_popular_page,59,Super Mario World Online,https://www.miniplay.com/,,,,,,,,2026-10-08
miniplay,front_or_popular_page,60,Pacman,https://www.miniplay.com/,,,,,,,,2026-10-08
miniplay,front_or_popular_page,61,Super Mario 64,https://www.miniplay.com/,,,,,,,,2026-10-08
miniplay,front_or_popular_page,62,Google Snake,https://www.miniplay.com/,,,,,,,,2026-10-08
miniplay,front_or_popular_page,63,Plants vs Zombies 2 Gardendless,https://www.miniplay.com/,,,,,,,,2026-10-08
miniplay,front_or_popular_page,64,Tekken 3,https://www.miniplay.com/,,,,,,,,2026-10-08
miniplay,front_or_popular_page,65,Pokemon Quetzal,https://www.miniplay.com/,,,,,,,,2026-10-08
miniplay,front_or_popular_page,66,Sonic 3 & Knuckles: The Challenges,https://www.miniplay.com/,,,,,,,,2026-10-08
miniplay,front_or_popular_page,67,Sonic,https://www.miniplay.com/,,,,,,,,2026-10-08
miniplay,front_or_popular_page,68,Balatro,https://www.miniplay.com/,,,,,,,,2026-10-08
miniplay,front_or_popular_page,69,Monopoly,https://www.miniplay.com/,,,,,,,,2026-10-08
miniplay,front_or_popular_page,70,Dominoes Classic,https://www.miniplay.com/,,,,,,,,2026-10-08
miniplay,front_or_popular_page,71,Governor of Poker,https://www.miniplay.com/,,,,,,,,2026-10-08
miniplay,front_or_popular_page,72,Governor of Poker 3,https://www.miniplay.com/,,,,,,,,2026-10-08
miniplay,front_or_popular_page,73,Chinese Solitaire,https://www.miniplay.com/,,,,,,,,2026-10-08
miniplay,front_or_popular_page,74,Governor of Poker 2,https://www.miniplay.com/,,,,,,,,2026-10-08
miniplay,front_or_popular_page,75,2 Player Battle,https://www.miniplay.com/,,,,,,,,2026-10-08
miniplay,front_or_popular_page,76,Poker Texas Hold,https://www.miniplay.com/,,,,,,,,2026-10-08
miniplay,front_or_popular_page,77,Ludo Hero,https://www.miniplay.com/,,,,,,,,2026-10-08
miniplay,front_or_popular_page,78,Mario Party,https://www.miniplay.com/,,,,,,,,2026-10-08
miniplay,front_or_popular_page,79,UNO!™,https://www.miniplay.com/,,,,,,,,2026-10-08
miniplay,front_or_popular_page,80,FireBoy and WaterGirl: The Forest Temple,https://www.miniplay.com/,,,,,,,,2026-10-08
miniplay,front_or_popular_page,81,Cuphead,https://www.miniplay.com/,,,,,,,,2026-10-08
miniplay,front_or_popular_page,82,Level Devil 2,https://www.miniplay.com/,,,,,,,,2026-10-08
miniplay,front_or_popular_page,83,Bad Ice-Cream,https://www.miniplay.com/,,,,,,,,2026-10-08
miniplay,front_or_popular_page,84,Sports Heads: Football Championship,https://www.miniplay.com/,,,,,,,,2026-10-08
miniplay,front_or_popular_page,85,Crazy Zombie 9: The Last Heroes,https://www.miniplay.com/,,,,,,,,2026-10-08
miniplay,front_or_popular_page,86,Super Mario Bros. Mini,https://www.miniplay.com/,,,,,,,,2026-10-08
miniplay,front_or_popular_page,87,Geometry Vibes,https://www.miniplay.com/,,,,,,,,2026-10-08
miniplay,front_or_popular_page,88,Marvel vs Capcom: Clash of Super Heroes,https://www.miniplay.com/,,,,,,,,2026-10-08
miniplay,front_or_popular_page,89,Cars 3D,https://www.miniplay.com/,,,,,,,,2026-10-08
miniplay,front_or_popular_page,90,Superfighters,https://www.miniplay.com/,,,,,,,,2026-10-08
miniplay,front_or_popular_page,91,"2, 3, 4, Player Games",https://www.miniplay.com/,,,,,,,,2026-10-08
miniplay,front_or_popular_page,92,Friday Night Funkin',https://www.miniplay.com/,,,,,,,,2026-10-08
miniplay,front_or_popular_page,93,Garry's Mod,https://www.miniplay.com/,,,,,,,,2026-10-08
miniplay,front_or_popular_page,94,FNF Character Test Playground Remake,https://www.miniplay.com/,,,,,,,,2026-10-08
miniplay,front_or_popular_page,95,Friday Night Funkin': Sonic the Hedgehog,https://www.miniplay.com/,,,,,,,,2026-10-08
miniplay,front_or_popular_page,96,Friday Night Funkin' vs Sonic.EXE,https://www.miniplay.com/,,,,,,,,2026-10-08
miniplay,front_or_popular_page,97,Friday Night Funkin': The Tricky Mod,https://www.miniplay.com/,,,,,,,,2026-10-08
miniplay,front_or_popular_page,98,Friday Night Funkin vs Impostor Among Us,https://www.miniplay.com/,,,,,,,,2026-10-08
miniplay,front_or_popular_page,99,Friday Night Funkin' HD,https://www.miniplay.com/,,,,,,,,2026-10-08
miniplay,front_or_popular_page,100,Friday Night Funkin': Crossed Out,https://www.miniplay.com/,,,,,,,,2026-10-08
miniplay,front_or_popular_page,101,Friday Night Funkin' vs Huggy Wuggy,https://www.miniplay.com/,,,,,,,,2026-10-08
miniplay,front_or_popular_page,102,Friday Night Funkin' Slendytubbies Mod vs TinkyWinky,https://www.miniplay.com/,,,,,,,,2026-10-08
miniplay,front_or_popular_page,103,Friday Night Funkin' Smoke 'Em Out Struggle!,https://www.miniplay.com/,,,,,,,,2026-10-08
miniplay,front_or_popular_page,104,Hot Dog Bush,https://www.miniplay.com/,,,,,,,,2026-10-08
miniplay,front_or_popular_page,105,Penguin Diner,https://www.miniplay.com/,,,,,,,,2026-10-08
miniplay,front_or_popular_page,106,Spongebob Restaurant,https://www.miniplay.com/,,,,,,,,2026-10-08
miniplay,front_or_popular_page,107,Papa's Freezeria,https://www.miniplay.com/,,,,,,,,2026-10-08
miniplay,front_or_popular_page,108,Cooking Rage,https://www.miniplay.com/,,,,,,,,2026-10-08
miniplay,front_or_popular_page,109,Cooking Mama,https://www.miniplay.com/,,,,,,,,2026-10-08
miniplay,front_or_popular_page,110,Penguin Diner 2,https://www.miniplay.com/,,,,,,,,2026-10-08
miniplay,front_or_popular_page,111,Papa's Pizzeria,https://www.miniplay.com/,,,,,,,,2026-10-08
miniplay,front_or_popular_page,112,Burger Restaurant 3,https://www.miniplay.com/,,,,,,,,2026-10-08
miniplay,front_or_popular_page,113,Scary Shawarma Kiosk: the ANOMALY,https://www.miniplay.com/,,,,,,,,2026-10-08
miniplay,front_or_popular_page,114,Haunt the House,https://www.miniplay.com/,,,,,,,,2026-10-08
miniplay,front_or_popular_page,115,Café Panic,https://www.miniplay.com/,,,,,,,,2026-10-08
miniplay,front_or_popular_page,116,Firestone Idle RPG,https://www.miniplay.com/,,,,,,,,2026-10-08
miniplay,front_or_popular_page,117,Grand Theft Auto: Vice City,https://www.miniplay.com/,,,,,,,,2026-10-08
miniplay,front_or_popular_page,118,Melon Sandbox,https://www.miniplay.com/,,,,,,,,2026-10-08
miniplay,front_or_popular_page,119,Hollow Knight,https://www.miniplay.com/,,,,,,,,2026-10-08
miniplay,front_or_popular_page,120,Hero Zero,https://www.miniplay.com/,,,,,,,,2026-10-08
miniplay,front_or_popular_page,121,Sonic Mania Plus,https://www.miniplay.com/,,,,,,,,2026-10-08
miniplay,front_or_popular_page,122,Archer vs Monsters,https://www.miniplay.com/,,,,,,,,2026-10-08
miniplay,front_or_popular_page,123,PokéRogue,https://www.miniplay.com/,,,,,,,,2026-10-08
miniplay,front_or_popular_page,124,FIFA 99,https://www.miniplay.com/,,,,,,,,2026-10-08
miniplay,front_or_popular_page,125,FIFA 2000: Major League Soccer,https://www.miniplay.com/,,,,,,,,2026-10-08
miniplay,front_or_popular_page,126,Goalkeeper Premier,https://www.miniplay.com/,,,,,,,,2026-10-08
miniplay,front_or_popular_page,127,Toon Cup 2021,https://www.miniplay.com/,,,,,,,,2026-10-08
miniplay,front_or_popular_page,128,Free Kick Classic,https://www.miniplay.com/,,,,,,,,2026-10-08
miniplay,front_or_popular_page,129,GoalHeads.io,https://www.miniplay.com/,,,,,,,,2026-10-08
miniplay,front_or_popular_page,130,FIFA: Road to World Cup 98,https://www.miniplay.com/,,,,,,,,2026-10-08
miniplay,front_or_popular_page,131,Football 2026 World Cup,https://www.miniplay.com/,,,,,,,,2026-10-08
miniplay,front_or_popular_page,132,Granny,https://www.miniplay.com/,,,,,,,,2026-10-08
miniplay,front_or_popular_page,133,Five Nights at Freddy's,https://www.miniplay.com/,,,,,,,,2026-10-08
miniplay,front_or_popular_page,134,Five nights at Freddy's 2,https://www.miniplay.com/,,,,,,,,2026-10-08
miniplay,front_or_popular_page,135,Five Nights at Epstein's,https://www.miniplay.com/,,,,,,,,2026-10-08
miniplay,front_or_popular_page,136,Granny: Chapter Two,https://www.miniplay.com/,,,,,,,,2026-10-08
miniplay,front_or_popular_page,137,Five nights at Freddy's 4,https://www.miniplay.com/,,,,,,,,2026-10-08
miniplay,front_or_popular_page,138,Ultimate Custom Night,https://www.miniplay.com/,,,,,,,,2026-10-08
miniplay,front_or_popular_page,139,Baldi's Basics in Education and Learning,https://www.miniplay.com/,,,,,,,,2026-10-08
miniplay,front_or_popular_page,140,Poppy Playtime,https://www.miniplay.com/,,,,,,,,2026-10-08
miniplay,front_or_popular_page,141,Granny 4,https://www.miniplay.com/,,,,,,,,2026-10-08
miniplay,front_or_popular_page,142,The Baby in Yellow,https://www.miniplay.com/,,,,,,,,2026-10-08
miniplay,front_or_popular_page,143,Pokémon Ruby Version,https://www.miniplay.com/,,,,,,,,2026-10-08
miniplay,front_or_popular_page,144,Pokémon: Let's Go Pikachu,https://www.miniplay.com/,,,,,,,,2026-10-08
miniplay,front_or_popular_page,145,Pokémon Sapphire,https://www.miniplay.com/,,,,,,,,2026-10-08
miniplay,front_or_popular_page,146,Pokémon Mega,https://www.miniplay.com/,,,,,,,,2026-10-08
miniplay,front_or_popular_page,147,Pokémon Unbound,https://www.miniplay.com/,,,,,,,,2026-10-08
miniplay,front_or_popular_page,148,Pokémon Go,https://www.miniplay.com/,,,,,,,,2026-10-08
miniplay,front_or_popular_page,149,Pokémon Emerald Version,https://www.miniplay.com/,,,,,,,,2026-10-08
miniplay,front_or_popular_page,150,Pokémon FireRed Version,https://www.miniplay.com/,,,,,,,,2026-10-08
miniplay,front_or_popular_page,151,Pokémon Overlord,https://www.miniplay.com/,,,,,,,,2026-10-08
miniplay,front_or_popular_page,152,Dynamons World,https://www.miniplay.com/,,,,,,,,2026-10-08
miniplay,front_or_popular_page,153,Incredibox Sprunki,https://www.miniplay.com/,,,,,,,,2026-10-08
miniplay,front_or_popular_page,154,Toca Boca World,https://www.miniplay.com/,,,,,,,,2026-10-08
miniplay,front_or_popular_page,155,Toca Life World,https://www.miniplay.com/,,,,,,,,2026-10-08
miniplay,front_or_popular_page,156,Super Bear Adventure,https://www.miniplay.com/,,,,,,,,2026-10-08
miniplay,front_or_popular_page,157,Sonic Classic Heroes,https://www.miniplay.com/,,,,,,,,2026-10-08
miniplay,front_or_popular_page,158,Sonic Mania,https://www.miniplay.com/,,,,,,,,2026-10-08
miniplay,front_or_popular_page,159,Sonic CD,https://www.miniplay.com/,,,,,,,,2026-10-08
miniplay,front_or_popular_page,160,Sonic: The Hedgehog Sega,https://www.miniplay.com/,,,,,,,,2026-10-08
miniplay,front_or_popular_page,161,Sonic 3 Rebuilt,https://www.miniplay.com/,,,,,,,,2026-10-08
miniplay,front_or_popular_page,162,White Sonic in Sonic 3 & Knuckles,https://www.miniplay.com/,,,,,,,,2026-10-08
miniplay,front_or_popular_page,163,Sonic 2 Heroes,https://www.miniplay.com/,,,,,,,,2026-10-08
miniplay,front_or_popular_page,164,Sonic the Hedgehog 4,https://www.miniplay.com/,,,,,,,,2026-10-08
miniplay,front_or_popular_page,165,Sonic Advance 3,https://www.miniplay.com/,,,,,,,,2026-10-08
miniplay,front_or_popular_page,166,Super Mario Kart,https://www.miniplay.com/,,,,,,,,2026-10-08
miniplay,front_or_popular_page,167,Mario Kart 64,https://www.miniplay.com/,,,,,,,,2026-10-08
miniplay,front_or_popular_page,168,Crash Team Racing,https://www.miniplay.com/,,,,,,,,2026-10-08
miniplay,front_or_popular_page,169,+1 Speed Keyboard Lucky Escape,https://www.miniplay.com/,,,,,,,,2026-10-08
miniplay,front_or_popular_page,170,Formula Speed,https://www.miniplay.com/,,,,,,,,2026-10-08
miniplay,front_or_popular_page,171,Top Gear,https://www.miniplay.com/,,,,,,,,2026-10-08
miniplay,front_or_popular_page,172,BeamNG.drive,https://www.miniplay.com/,,,,,,,,2026-10-08
miniplay,front_or_popular_page,173,Hot Wheels: Race Off Multiplayer,https://www.miniplay.com/,,,,,,,,2026-10-08
miniplay,front_or_popular_page,174,MX Offroad Mountain Bike,https://www.miniplay.com/,,,,,,,,2026-10-08
miniplay,front_or_popular_page,175,Roblox,https://www.miniplay.com/,,,,,,,,2026-10-08
miniplay,front_or_popular_page,176,Among Us,https://www.miniplay.com/,,,,,,,,2026-10-08
miniplay,front_or_popular_page,177,Wordle,https://www.miniplay.com/,,,,,,,,2026-10-08
miniplay,front_or_popular_page,178,Mini Sudoku,https://www.miniplay.com/,,,,,,,,2026-10-08
miniplay,front_or_popular_page,179,Snake.io,https://www.miniplay.com/,,,,,,,,2026-10-08
addictinggames,front_or_popular_page,1,Most Addicting,https://www.addictinggames.com/,,,,,,,,2026-10-08
addictinggames,front_or_popular_page,2,Indie Spotlight,https://www.addictinggames.com/,,,,,,,,2026-10-08
addictinggames,front_or_popular_page,3,Trending,https://www.addictinggames.com/,,,,,,,,2026-10-08
addictinggames,front_or_popular_page,4,Top 100,https://www.addictinggames.com/,,,,,,,,2026-10-08
addictinggames,front_or_popular_page,5,Your Favorites,https://www.addictinggames.com/,,,,,,,,2026-10-08
addictinggames,front_or_popular_page,6,Played Games,https://www.addictinggames.com/,,,,,,,,2026-10-08
addictinggames,front_or_popular_page,7,See more,https://www.addictinggames.com/,,,,,,,,2026-10-08
addictinggames,front_or_popular_page,8,Contact Us,https://www.addictinggames.com/,,,,,,,,2026-10-08
addictinggames,front_or_popular_page,9,Advertising,https://www.addictinggames.com/,,,,,,,,2026-10-08
addictinggames,front_or_popular_page,10,Adventure games,https://www.addictinggames.com/,,,,,,,,2026-10-08
addictinggames,front_or_popular_page,11,Arcade games,https://www.addictinggames.com/,,,,,,,,2026-10-08
addictinggames,front_or_popular_page,12,Arena games,https://www.addictinggames.com/,,,,,,,,2026-10-08
addictinggames,front_or_popular_page,13,Avoider games,https://www.addictinggames.com/,,,,,,,,2026-10-08
addictinggames,front_or_popular_page,14,Balance games,https://www.addictinggames.com/,,,,,,,,2026-10-08
addictinggames,front_or_popular_page,15,Block games,https://www.addictinggames.com/,,,,,,,,2026-10-08
addictinggames,front_or_popular_page,16,Bloody games,https://www.addictinggames.com/,,,,,,,,2026-10-08
addictinggames,front_or_popular_page,17,Brain Teasers games,https://www.addictinggames.com/,,,,,,,,2026-10-08
addictinggames,front_or_popular_page,18,Brainrot games,https://www.addictinggames.com/,,,,,,,,2026-10-08
addictinggames,front_or_popular_page,19,Card games,https://www.addictinggames.com/,,,,,,,,2026-10-08
addictinggames,front_or_popular_page,20,Celebrity games,https://www.addictinggames.com/,,,,,,,,2026-10-08
addictinggames,front_or_popular_page,21,Classic games,https://www.addictinggames.com/,,,,,,,,2026-10-08
addictinggames,front_or_popular_page,22,Clicker games,https://www.addictinggames.com/,,,,,,,,2026-10-08
addictinggames,front_or_popular_page,23,Controller Supported games,https://www.addictinggames.com/,,,,,,,,2026-10-08
addictinggames,front_or_popular_page,24,Cute games,https://www.addictinggames.com/,,,,,,,,2026-10-08
addictinggames,front_or_popular_page,25,Daily games,https://www.addictinggames.com/,,,,,,,,2026-10-08
addictinggames,front_or_popular_page,26,Demo games,https://www.addictinggames.com/,,,,,,,,2026-10-08
addictinggames,front_or_popular_page,27,Dress Up games,https://www.addictinggames.com/,,,,,,,,2026-10-08
addictinggames,front_or_popular_page,28,Easy games,https://www.addictinggames.com/,,,,,,,,2026-10-08
addictinggames,front_or_popular_page,29,Educational games,https://www.addictinggames.com/,,,,,,,,2026-10-08
addictinggames,front_or_popular_page,30,Embeddable games,https://www.addictinggames.com/,,,,,,,,2026-10-08
addictinggames,front_or_popular_page,31,Escape games,https://www.addictinggames.com/,,,,,,,,2026-10-08
addictinggames,front_or_popular_page,32,Fighting games,https://www.addictinggames.com/,,,,,,,,2026-10-08
addictinggames,front_or_popular_page,33,First Person games,https://www.addictinggames.com/,,,,,,,,2026-10-08
addictinggames,front_or_popular_page,34,First Person Shooter games,https://www.addictinggames.com/,,,,,,,,2026-10-08
addictinggames,front_or_popular_page,35,Flash games,https://www.addictinggames.com/,,,,,,,,2026-10-08
addictinggames,front_or_popular_page,36,Flying games,https://www.addictinggames.com/,,,,,,,,2026-10-08
addictinggames,front_or_popular_page,37,Free For All games,https://www.addictinggames.com/,,,,,,,,2026-10-08
addictinggames,front_or_popular_page,38,Gross games,https://www.addictinggames.com/,,,,,,,,2026-10-08
addictinggames,front_or_popular_page,39,Hard games,https://www.addictinggames.com/,,,,,,,,2026-10-08
addictinggames,front_or_popular_page,40,High Scores games,https://www.addictinggames.com/,,,,,,,,2026-10-08
addictinggames,front_or_popular_page,41,HTML5 games,https://www.addictinggames.com/,,,,,,,,2026-10-08
addictinggames,front_or_popular_page,42,Idle games,https://www.addictinggames.com/,,,,,,,,2026-10-08
addictinggames,front_or_popular_page,43,Incremental games,https://www.addictinggames.com/,,,,,,,,2026-10-08
addictinggames,front_or_popular_page,44,Indie Spotlight games,https://www.addictinggames.com/,,,,,,,,2026-10-08
addictinggames,front_or_popular_page,45,Instant games,https://www.addictinggames.com/,,,,,,,,2026-10-08
addictinggames,front_or_popular_page,46,IO games,https://www.addictinggames.com/,,,,,,,,2026-10-08
addictinggames,front_or_popular_page,47,Jewel games,https://www.addictinggames.com/,,,,,,,,2026-10-08
addictinggames,front_or_popular_page,48,Mahjong games,https://www.addictinggames.com/,,,,,,,,2026-10-08
addictinggames,front_or_popular_page,49,Make Your Own games,https://www.addictinggames.com/,,,,,,,,2026-10-08
addictinggames,front_or_popular_page,50,Match 3 games,https://www.addictinggames.com/,,,,,,,,2026-10-08
addictinggames,front_or_popular_page,51,Mobile games,https://www.addictinggames.com/,,,,,,,,2026-10-08
addictinggames,front_or_popular_page,52,Motorsports games,https://www.addictinggames.com/,,,,,,,,2026-10-08
addictinggames,front_or_popular_page,53,Multiplayer games,https://www.addictinggames.com/,,,,,,,,2026-10-08
addictinggames,front_or_popular_page,54,Mystery games,https://www.addictinggames.com/,,,,,,,,2026-10-08
addictinggames,front_or_popular_page,55,Obstacle games,https://www.addictinggames.com/,,,,,,,,2026-10-08
addictinggames,front_or_popular_page,56,Physics games,https://www.addictinggames.com/,,,,,,,,2026-10-08
addictinggames,front_or_popular_page,57,Platform games,https://www.addictinggames.com/,,,,,,,,2026-10-08
addictinggames,front_or_popular_page,58,Political games,https://www.addictinggames.com/,,,,,,,,2026-10-08
addictinggames,front_or_popular_page,59,Racing games,https://www.addictinggames.com/,,,,,,,,2026-10-08
addictinggames,front_or_popular_page,60,Random games,https://www.addictinggames.com/,,,,,,,,2026-10-08
addictinggames,front_or_popular_page,61,Roguelite games,https://www.addictinggames.com/,,,,,,,,2026-10-08
addictinggames,front_or_popular_page,62,Runner games,https://www.addictinggames.com/,,,,,,,,2026-10-08
addictinggames,front_or_popular_page,63,Scary games,https://www.addictinggames.com/,,,,,,,,2026-10-08
addictinggames,front_or_popular_page,64,Seasonal games,https://www.addictinggames.com/,,,,,,,,2026-10-08
addictinggames,front_or_popular_page,65,Shooter games,https://www.addictinggames.com/,,,,,,,,2026-10-08
addictinggames,front_or_popular_page,66,Stacking games,https://www.addictinggames.com/,,,,,,,,2026-10-08
addictinggames,front_or_popular_page,67,Stick Figure games,https://www.addictinggames.com/,,,,,,,,2026-10-08
addictinggames,front_or_popular_page,68,Strategy games,https://www.addictinggames.com/,,,,,,,,2026-10-08
addictinggames,front_or_popular_page,69,Survival games,https://www.addictinggames.com/,,,,,,,,2026-10-08
addictinggames,front_or_popular_page,70,Survivorslike games,https://www.addictinggames.com/,,,,,,,,2026-10-08
addictinggames,front_or_popular_page,71,Tank games,https://www.addictinggames.com/,,,,,,,,2026-10-08
addictinggames,front_or_popular_page,72,Team games,https://www.addictinggames.com/,,,,,,,,2026-10-08
addictinggames,front_or_popular_page,73,Teens games,https://www.addictinggames.com/,,,,,,,,2026-10-08
addictinggames,front_or_popular_page,74,Tower Defense games,https://www.addictinggames.com/,,,,,,,,2026-10-08
addictinggames,front_or_popular_page,75,Two-Player games,https://www.addictinggames.com/,,,,,,,,2026-10-08
addictinggames,front_or_popular_page,76,Tycoon games,https://www.addictinggames.com/,,,,,,,,2026-10-08
addictinggames,front_or_popular_page,77,War games,https://www.addictinggames.com/,,,,,,,,2026-10-08
addictinggames,front_or_popular_page,78,Word games,https://www.addictinggames.com/,,,,,,,,2026-10-08
addictinggames,front_or_popular_page,79,Nelly Jellies: Cozy Merge,https://www.addictinggames.com/,,,,,,,,2026-10-08
addictinggames,front_or_popular_page,80,Cute,https://www.addictinggames.com/,,,,,,,,2026-10-08
addictinggames,front_or_popular_page,81,High Scores,https://www.addictinggames.com/,,,,,,,,2026-10-08
addictinggames,front_or_popular_page,82,HTML5,https://www.addictinggames.com/,,,,,,,,2026-10-08
addictinggames,front_or_popular_page,83,Mobile,https://www.addictinggames.com/,,,,,,,,2026-10-08
addictinggames,front_or_popular_page,84,Physics,https://www.addictinggames.com/,,,,,,,,2026-10-08
addictinggames,front_or_popular_page,85,Strategy,https://www.addictinggames.com/,,,,,,,,2026-10-08
addictinggames,front_or_popular_page,86,Arcade,https://www.addictinggames.com/,,,,,,,,2026-10-08
addictinggames,front_or_popular_page,87,Orbs of Mycenae Demo,https://www.addictinggames.com/,,,,,,,,2026-10-08
addictinggames,front_or_popular_page,88,Demo,https://www.addictinggames.com/,,,,,,,,2026-10-08
addictinggames,front_or_popular_page,89,Mobu Demo,https://www.addictinggames.com/,,,,,,,,2026-10-08
addictinggames,front_or_popular_page,90,Controller Supported,https://www.addictinggames.com/,,,,,,,,2026-10-08
addictinggames,front_or_popular_page,91,Roguelite,https://www.addictinggames.com/,,,,,,,,2026-10-08
addictinggames,front_or_popular_page,92,Shooter,https://www.addictinggames.com/,,,,,,,,2026-10-08
addictinggames,front_or_popular_page,93,Arena,https://www.addictinggames.com/,,,,,,,,2026-10-08
addictinggames,front_or_popular_page,94,Avoider,https://www.addictinggames.com/,,,,,,,,2026-10-08
twoplayergames,front_or_popular_page,1,Basket Random,https://www.twoplayergames.org/,,,,,,,,2026-10-08
twoplayergames,front_or_popular_page,2,Fire and Water,https://www.twoplayergames.org/,,,,,,,,2026-10-08
twoplayergames,front_or_popular_page,3,Soccer Random,https://www.twoplayergames.org/,,,,,,,,2026-10-08
twoplayergames,front_or_popular_page,4,Flip Duel,https://www.twoplayergames.org/,,,,,,,,2026-10-08
twoplayergames,front_or_popular_page,5,Geometry Vibes,https://www.twoplayergames.org/,,,,,,,,2026-10-08
twoplayergames,front_or_popular_page,6,Boxing Random,https://www.twoplayergames.org/,,,,,,,,2026-10-08
twoplayergames,front_or_popular_page,7,Getaway Shootout,https://www.twoplayergames.org/,,,,,,,,2026-10-08
twoplayergames,front_or_popular_page,8,Basketball Stars 2026,https://www.twoplayergames.org/,,,,,,,,2026-10-08
twoplayergames,front_or_popular_page,9,MX OffRoad Mountain Bike,https://www.twoplayergames.org/,,,,,,,,2026-10-08
twoplayergames,front_or_popular_page,10,Volley Random,https://www.twoplayergames.org/,,,,,,,,2026-10-08
twoplayergames,front_or_popular_page,11,Two Ball 3D,https://www.twoplayergames.org/,,,,,,,,2026-10-08
twoplayergames,front_or_popular_page,12,G-Switch 3,https://www.twoplayergames.org/,,,,,,,,2026-10-08
twoplayergames,front_or_popular_page,13,Steal Animal Eggs Online,https://www.twoplayergames.org/,,,,,,,,2026-10-08
twoplayergames,front_or_popular_page,14,Fish Eat Getting Big,https://www.twoplayergames.org/,,,,,,,,2026-10-08
twoplayergames,front_or_popular_page,15,House of Hazards,https://www.twoplayergames.org/,,,,,,,,2026-10-08
twoplayergames,front_or_popular_page,16,Stickman Kombat 2D,https://www.twoplayergames.org/,,,,,,,,2026-10-08
twoplayergames,front_or_popular_page,17,Geometry Vibes 2 Online,https://www.twoplayergames.org/,,,,,,,,2026-10-08
twoplayergames,front_or_popular_page,18,Rooftop Snipers,https://www.twoplayergames.org/,,,,,,,,2026-10-08
twoplayergames,front_or_popular_page,19,MX OffRoad Master,https://www.twoplayergames.org/,,,,,,,,2026-10-08
twoplayergames,front_or_popular_page,20,World Cup Soccer Caps,https://www.twoplayergames.org/,,,,,,,,2026-10-08
twoplayergames,front_or_popular_page,21,Pico Park Scratch,https://www.twoplayergames.org/,,,,,,,,2026-10-08
twoplayergames,front_or_popular_page,22,Kick Lucky Blocks Online,https://www.twoplayergames.org/,,,,,,,,2026-10-08
twoplayergames,front_or_popular_page,23,Fireboy and Watergirl in The Forest Temple,https://www.twoplayergames.org/,,,,,,,,2026-10-08
twoplayergames,front_or_popular_page,24,Grand Extreme Racing,https://www.twoplayergames.org/,,,,,,,,2026-10-08
twoplayergames,front_or_popular_page,25,Super Fighters,https://www.twoplayergames.org/,,,,,,,,2026-10-08
twoplayergames,front_or_popular_page,26,Gun Mayhem 2 More Mayhem,https://www.twoplayergames.org/,,,,,,,,2026-10-08
twoplayergames,front_or_popular_page,27,Boxhead 2Play,https://www.twoplayergames.org/,,,,,,,,2026-10-08
twoplayergames,front_or_popular_page,28,Lucky Brainrot Blocks Online,https://www.twoplayergames.org/,,,,,,,,2026-10-08
twoplayergames,front_or_popular_page,29,Italian Brainrot Obby Parkour,https://www.twoplayergames.org/,,,,,,,,2026-10-08
twoplayergames,front_or_popular_page,30,Paint or Hunt,https://www.twoplayergames.org/,,,,,,,,2026-10-08
twoplayergames,front_or_popular_page,31,Football Legends 2026,https://www.twoplayergames.org/,,,,,,,,2026-10-08
twoplayergames,front_or_popular_page,32,Fireboy and Watergirl 7: And Friends,https://www.twoplayergames.org/,,,,,,,,2026-10-08
twoplayergames,front_or_popular_page,33,+1 Speed Keyboard Lucky Escape,https://www.twoplayergames.org/,,,,,,,,2026-10-08
twoplayergames,front_or_popular_page,34,Get on Top,https://www.twoplayergames.org/,,,,,,,,2026-10-08
twoplayergames,front_or_popular_page,35,MechaStick Fighter,https://www.twoplayergames.org/,,,,,,,,2026-10-08
twoplayergames,front_or_popular_page,36,Summer Rider 3D,https://www.twoplayergames.org/,,,,,,,,2026-10-08
twoplayergames,front_or_popular_page,37,Gun Mayhem Redux,https://www.twoplayergames.org/,,,,,,,,2026-10-08
twoplayergames,front_or_popular_page,38,Hook A Brainrot,https://www.twoplayergames.org/,,,,,,,,2026-10-08
twoplayergames,front_or_popular_page,39,Tag Run,https://www.twoplayergames.org/,,,,,,,,2026-10-08
twoplayergames,front_or_popular_page,40,Tennis Masters 2026,https://www.twoplayergames.org/,,,,,,,,2026-10-08
twoplayergames,front_or_popular_page,41,Tsunami Brainrots Online,https://www.twoplayergames.org/,,,,,,,,2026-10-08
twoplayergames,front_or_popular_page,42,Sniper for Brainrots,https://www.twoplayergames.org/,,,,,,,,2026-10-08
twoplayergames,front_or_popular_page,43,Ultimate Flying Car,https://www.twoplayergames.org/,,,,,,,,2026-10-08
twoplayergames,front_or_popular_page,44,Geometry Vibes X-Ball,https://www.twoplayergames.org/,,,,,,,,2026-10-08
twoplayergames,front_or_popular_page,45,Stick Arena: Battle,https://www.twoplayergames.org/,,,,,,,,2026-10-08
twoplayergames,front_or_popular_page,46,Gun Mayhem,https://www.twoplayergames.org/,,,,,,,,2026-10-08
twoplayergames,front_or_popular_page,47,Brainrots Lava Survive Online,https://www.twoplayergames.org/,,,,,,,,2026-10-08
twoplayergames,front_or_popular_page,48,Sports Heads Football 2,https://www.twoplayergames.org/,,,,,,,,2026-10-08
twoplayergames,front_or_popular_page,49,2P Dino Run,https://www.twoplayergames.org/,,,,,,,,2026-10-08
twoplayergames,front_or_popular_page,50,Night City Racing,https://www.twoplayergames.org/,,,,,,,,2026-10-08
twoplayergames,front_or_popular_page,51,Hockey Bros,https://www.twoplayergames.org/,,,,,,,,2026-10-08
twoplayergames,front_or_popular_page,52,Retro Sports Champion,https://www.twoplayergames.org/,,,,,,,,2026-10-08
twoplayergames,front_or_popular_page,53,MiniBattles 2-6 Players,https://www.twoplayergames.org/,,,,,,,,2026-10-08
twoplayergames,front_or_popular_page,54,Tank Trouble,https://www.twoplayergames.org/,,,,,,,,2026-10-08
twoplayergames,front_or_popular_page,55,Grand City Racing,https://www.twoplayergames.org/,,,,,,,,2026-10-08
twoplayergames,front_or_popular_page,56,Soccer Bros,https://www.twoplayergames.org/,,,,,,,,2026-10-08
twoplayergames,front_or_popular_page,57,2-3-4 Player Games,https://www.twoplayergames.org/,,,,,,,,2026-10-08
twoplayergames,front_or_popular_page,58,Fireboy and Watergirl 3 in The Ice Temple,https://www.twoplayergames.org/,,,,,,,,2026-10-08
twoplayergames,front_or_popular_page,59,Fireboy and Watergirl 2 in The Light Temple,https://www.twoplayergames.org/,,,,,,,,2026-10-08
twoplayergames,front_or_popular_page,60,Fireboy and Watergirl 6: Fairy Tales,https://www.twoplayergames.org/,,,,,,,,2026-10-08
twoplayergames,front_or_popular_page,61,Wrestle Bros,https://www.twoplayergames.org/,,,,,,,,2026-10-08
twoplayergames,front_or_popular_page,62,Stickman Battle Fighting,https://www.twoplayergames.org/,,,,,,,,2026-10-08
twoplayergames,front_or_popular_page,63,Football Bros,https://www.twoplayergames.org/,,,,,,,,2026-10-08
twoplayergames,front_or_popular_page,64,Football Legends 2021,https://www.twoplayergames.org/,,,,,,,,2026-10-08
twoplayergames,front_or_popular_page,65,Stick War: Infinity Duel,https://www.twoplayergames.org/,,,,,,,,2026-10-08
twoplayergames,front_or_popular_page,66,Fireboy and Watergirl 4 The Crystal Temple,https://www.twoplayergames.org/,,,,,,,,2026-10-08
twoplayergames,front_or_popular_page,67,Two Punk Racing,https://www.twoplayergames.org/,,,,,,,,2026-10-08
twoplayergames,front_or_popular_page,68,Stickman Battle 1-4 Players,https://www.twoplayergames.org/,,,,,,,,2026-10-08
twoplayergames,front_or_popular_page,69,Drunken Boxing,https://www.twoplayergames.org/,,,,,,,,2026-10-08
twoplayergames,front_or_popular_page,70,Janissary Battles,https://www.twoplayergames.org/,,,,,,,,2026-10-08
twoplayergames,front_or_popular_page,71,Ninja Obby Parkour,https://www.twoplayergames.org/,,,,,,,,2026-10-08
twoplayergames,front_or_popular_page,72,Snow Rush 3D,https://www.twoplayergames.org/,,,,,,,,2026-10-08
twoplayergames,front_or_popular_page,73,Ragdoll Football,https://www.twoplayergames.org/,,,,,,,,2026-10-08
twoplayergames,front_or_popular_page,74,Hangman,https://www.twoplayergames.org/,,,,,,,,2026-10-08
twoplayergames,front_or_popular_page,75,Super Smash Flash 2,https://www.twoplayergames.org/,,,,,,,,2026-10-08
twoplayergames,front_or_popular_page,76,Obby on a Bike,https://www.twoplayergames.org/,,,,,,,,2026-10-08
twoplayergames,front_or_popular_page,77,GoalHeads io,https://www.twoplayergames.org/,,,,,,,,2026-10-08
twoplayergames,front_or_popular_page,78,Float for Brainrots,https://www.twoplayergames.org/,,,,,,,,2026-10-08
twoplayergames,front_or_popular_page,79,Mini Putt 4,https://www.twoplayergames.org/,,,,,,,,2026-10-08
twoplayergames,front_or_popular_page,80,Fireboy and Watergirl 5: Elements,https://www.twoplayergames.org/,,,,,,,,2026-10-08
twoplayergames,front_or_popular_page,81,Cat,https://www.twoplayergames.org/,,,,,,,,2026-10-08
twoplayergames,front_or_popular_page,82,Dragon Fist 3,https://www.twoplayergames.org/,,,,,,,,2026-10-08
twoplayergames,front_or_popular_page,83,Italian Brainrot Bike Rush,https://www.twoplayergames.org/,,,,,,,,2026-10-08
twoplayergames,front_or_popular_page,84,Steal Car Duel,https://www.twoplayergames.org/,,,,,,,,2026-10-08
twoplayergames,front_or_popular_page,85,Cool SuperCars Stunts,https://www.twoplayergames.org/,,,,,,,,2026-10-08
twoplayergames,front_or_popular_page,86,Two Player Gold Miner,https://www.twoplayergames.org/,,,,,,,,2026-10-08
twoplayergames,front_or_popular_page,87,Multiplayer Drift,https://www.twoplayergames.org/,,,,,,,,2026-10-08
twoplayergames,front_or_popular_page,88,Fish Eat Fish,https://www.twoplayergames.org/,,,,,,,,2026-10-08
twoplayergames,front_or_popular_page,89,Double Bike Battle,https://www.twoplayergames.org/,,,,,,,,2026-10-08
twoplayergames,front_or_popular_page,90,Grand Cyber City,https://www.twoplayergames.org/,,,,,,,,2026-10-08
twoplayergames,front_or_popular_page,91,Dragon Ball Z Battle,https://www.twoplayergames.org/,,,,,,,,2026-10-08
twoplayergames,front_or_popular_page,92,Dino Game,https://www.twoplayergames.org/,,,,,,,,2026-10-08
twoplayergames,front_or_popular_page,93,Bad Ice-Cream,https://www.twoplayergames.org/,,,,,,,,2026-10-08
twoplayergames,front_or_popular_page,94,UNO Online,https://www.twoplayergames.org/,,,,,,,,2026-10-08
twoplayergames,front_or_popular_page,95,Baseball Bros,https://www.twoplayergames.org/,,,,,,,,2026-10-08
twoplayergames,front_or_popular_page,96,Euro Soccer Cup,https://www.twoplayergames.org/,,,,,,,,2026-10-08
twoplayergames,front_or_popular_page,97,City Bike Stunt 2,https://www.twoplayergames.org/,,,,,,,,2026-10-08
twoplayergames,front_or_popular_page,98,Bleach vs Naruto,https://www.twoplayergames.org/,,,,,,,,2026-10-08
twoplayergames,front_or_popular_page,99,Collect Brainrot Arena,https://www.twoplayergames.org/,,,,,,,,2026-10-08
twoplayergames,front_or_popular_page,100,Obby Tower Parkour Climb,https://www.twoplayergames.org/,,,,,,,,2026-10-08
twoplayergames,front_or_popular_page,101,Snake 2048.io,https://www.twoplayergames.org/,,,,,,,,2026-10-08
twoplayergames,front_or_popular_page,102,Tube Jumpers,https://www.twoplayergames.org/,,,,,,,,2026-10-08
twoplayergames,front_or_popular_page,103,Dragon Ball Fierce Fighting 2.9,https://www.twoplayergames.org/,,,,,,,,2026-10-08
twoplayergames,front_or_popular_page,104,Janissary Tower,https://www.twoplayergames.org/,,,,,,,,2026-10-08
twoplayergames,front_or_popular_page,105,Obby Highest Jump Ever,https://www.twoplayergames.org/,,,,,,,,2026-10-08
twoplayergames,front_or_popular_page,106,PikWip,https://www.twoplayergames.org/,,,,,,,,2026-10-08
twoplayergames,front_or_popular_page,107,Escape the Alien Prison,https://www.twoplayergames.org/,,,,,,,,2026-10-08
twoplayergames,front_or_popular_page,108,Soccer Physics World Cup,https://www.twoplayergames.org/,,,,,,,,2026-10-08
twoplayergames,front_or_popular_page,109,2048 Duel,https://www.twoplayergames.org/,,,,,,,,2026-10-08
twoplayergames,front_or_popular_page,110,Pogo Masters,https://www.twoplayergames.org/,,,,,,,,2026-10-08
twoplayergames,front_or_popular_page,111,Retakes io,https://www.twoplayergames.org/,,,,,,,,2026-10-08
twoplayergames,front_or_popular_page,112,Cart Ride OBBY,https://www.twoplayergames.org/,,,,,,,,2026-10-08
twoplayergames,front_or_popular_page,113,Vex 10,https://www.twoplayergames.org/,,,,,,,,2026-10-08
twoplayergames,front_or_popular_page,114,Grazing Giraffe,https://www.twoplayergames.org/,,,,,,,,2026-10-08
twoplayergames,front_or_popular_page,115,Escape For Tsunami +1 Speed,https://www.twoplayergames.org/,,,,,,,,2026-10-08
twoplayergames,front_or_popular_page,116,Steal Lucky Blocks,https://www.twoplayergames.org/,,,,,,,,2026-10-08
twoplayergames,front_or_popular_page,117,Obby Mini Games,https://www.twoplayergames.org/,,,,,,,,2026-10-08
twoplayergames,front_or_popular_page,118,Math Obby,https://www.twoplayergames.org/,,,,,,,,2026-10-08
twoplayergames,front_or_popular_page,119,Last War: Survival,https://www.twoplayergames.org/,,,,,,,,2026-10-08
twoplayergames,front_or_popular_page,120,Super Bear Adventure,https://www.twoplayergames.org/,,,,,,,,2026-10-08
twoplayergames,front_or_popular_page,121,Choir,https://www.twoplayergames.org/,,,,,,,,2026-10-08
twoplayergames,front_or_popular_page,122,Lazy Bear,https://www.twoplayergames.org/,,,,,,,,2026-10-08
twoplayergames,front_or_popular_page,123,The MachinEGG,https://www.twoplayergames.org/,,,,,,,,2026-10-08
twoplayergames,front_or_popular_page,124,Run for Brainrots,https://www.twoplayergames.org/,,,,,,,,2026-10-08
twoplayergames,front_or_popular_page,125,Cuphead,https://www.twoplayergames.org/,,,,,,,,2026-10-08
twoplayergames,front_or_popular_page,126,Richup io,https://www.twoplayergames.org/,,,,,,,,2026-10-08
twoplayergames,front_or_popular_page,127,Epic Escape from Barrys Prison,https://www.twoplayergames.org/,,,,,,,,2026-10-08
twoplayergames,front_or_popular_page,128,WorldGuessr,https://www.twoplayergames.org/,,,,,,,,2026-10-08
twoplayergames,front_or_popular_page,129,Eaglercraft,https://www.twoplayergames.org/,,,,,,,,2026-10-08
twoplayergames,front_or_popular_page,130,Punch the Annoying Boss,https://www.twoplayergames.org/,,,,,,,,2026-10-08
twoplayergames,front_or_popular_page,131,Mineland,https://www.twoplayergames.org/,,,,,,,,2026-10-08
iogames.space,front_or_popular_page,1,iogames.space,https://iogames.space/,,,,,,,,2026-10-08
iogames.space,front_or_popular_page,2,Pop Safari,https://iogames.space/,,,,,,,,2026-10-08
iogames.space,front_or_popular_page,3,Turret Tumblers!,https://iogames.space/,,,,,,,,2026-10-08
iogames.space,front_or_popular_page,4,Bubble Shoot Merge Box 2048,https://iogames.space/,,,,,,,,2026-10-08
iogames.space,front_or_popular_page,5,Wasted Lands,https://iogames.space/,,,,,,,,2026-10-08
iogames.space,front_or_popular_page,6,Salmonz.io,https://iogames.space/,,,,,,,,2026-10-08
iogames.space,front_or_popular_page,7,Strike Tactics,https://iogames.space/,,,,,,,,2026-10-08
iogames.space,front_or_popular_page,8,LittleBigSnake.io,https://iogames.space/,,,,,,,,2026-10-08
iogames.space,front_or_popular_page,9,Cocky.io,https://iogames.space/,,,,,,,,2026-10-08
iogames.space,front_or_popular_page,10,Crash Gambling Sites,https://iogames.space/,,,,,,,,2026-10-08
iogames.space,front_or_popular_page,11,Mega Moolah,https://iogames.space/,,,,,,,,2026-10-08
iogames.space,front_or_popular_page,12,A Night With Cleo,https://iogames.space/,,,,,,,,2026-10-08
iogames.space,front_or_popular_page,13,Cash Bandits 3,https://iogames.space/,,,,,,,,2026-10-08
iogames.space,front_or_popular_page,14,Immortal Romance,https://iogames.space/,,,,,,,,2026-10-08
iogames.space,front_or_popular_page,15,Starburst,https://iogames.space/,,,,,,,,2026-10-08
playgama,front_or_popular_page,1,Playgama AI,https://playgama.com/,,,,,,,,2026-10-08
playgama,front_or_popular_page,2,Emerland Solitaire,https://playgama.com/,,,,,,,,2026-10-08
playgama,front_or_popular_page,3,Extreme Car Driving Simulator,https://playgama.com/,,,,,,,,2026-10-08
playgama,front_or_popular_page,4,Rebound Rascals,https://playgama.com/,,,,,,,,2026-10-08
playgama,front_or_popular_page,5,Deadly Descent,https://playgama.com/,,,,,,,,2026-10-08
playgama,front_or_popular_page,6,Bubble Blast,https://playgama.com/,,,,,,,,2026-10-08
playgama,front_or_popular_page,7,Zombie Space Episode II,https://playgama.com/,,,,,,,,2026-10-08
playgama,front_or_popular_page,8,Mystery Dumpling Go: Merge IO,https://playgama.com/,,,,,,,,2026-10-08
playgama,front_or_popular_page,9,+1 Speed Keyboard Escape: Obby,https://playgama.com/,,,,,,,,2026-10-08
playgama,front_or_popular_page,10,Popping Candies,https://playgama.com/,,,,,,,,2026-10-08
playgama,front_or_popular_page,11,Defender: Tanks Merge,https://playgama.com/,,,,,,,,2026-10-08
playgama,front_or_popular_page,12,Commando Force 2,https://playgama.com/,,,,,,,,2026-10-08
playgama,front_or_popular_page,13,Draw Crash Race,https://playgama.com/,,,,,,,,2026-10-08
playgama,front_or_popular_page,14,FRAGEN,https://playgama.com/,,,,,,,,2026-10-08
playgama,front_or_popular_page,15,RIVALS FPS: Online Shooter,https://playgama.com/,,,,,,,,2026-10-08
playgama,front_or_popular_page,16,Driver Club: Highway Racing,https://playgama.com/,,,,,,,,2026-10-08
playgama,front_or_popular_page,17,Fashion Princess - Dress Up for Girls,https://playgama.com/,,,,,,,,2026-10-08
playgama,front_or_popular_page,18,Fruit Merge: Juicy Drop Game,https://playgama.com/,,,,,,,,2026-10-08
playgama,front_or_popular_page,19,Wild Horse Simulator Racing Games,https://playgama.com/,,,,,,,,2026-10-08
playgama,front_or_popular_page,20,Ball Eating Simulator,https://playgama.com/,,,,,,,,2026-10-08
playgama,front_or_popular_page,21,Bottle Jump 3D,https://playgama.com/,,,,,,,,2026-10-08
playgama,front_or_popular_page,22,MR RACER - Car Racing,https://playgama.com/,,,,,,,,2026-10-08
playgama,front_or_popular_page,23,Piece of Cake: Merge & Bake,https://playgama.com/,,,,,,,,2026-10-08
playgama,front_or_popular_page,24,Snake 2048,https://playgama.com/,,,,,,,,2026-10-08
playgama,front_or_popular_page,25,Crazy Vikings Life,https://playgama.com/,,,,,,,,2026-10-08
playgama,front_or_popular_page,26,Paper Doll Makeover & Dress Up,https://playgama.com/,,,,,,,,2026-10-08
playgama,front_or_popular_page,27,Sprunki Sandbox: Ragdoll Playground Mode,https://playgama.com/,,,,,,,,2026-10-08
playgama,front_or_popular_page,28,+1 Brick Escape: Obby,https://playgama.com/,,,,,,,,2026-10-08
playgama,front_or_popular_page,29,Rise of the Dead,https://playgama.com/,,,,,,,,2026-10-08
playgama,front_or_popular_page,30,Car Smash Simulator: Crash & Tune,https://playgama.com/,,,,,,,,2026-10-08
playgama,front_or_popular_page,31,Car Crush: Realistic Destruction,https://playgama.com/,,,,,,,,2026-10-08
playgama,front_or_popular_page,32,Expand.io,https://playgama.com/,,,,,,,,2026-10-08
playgama,front_or_popular_page,33,Abyss: Ragdoll Descent,https://playgama.com/,,,,,,,,2026-10-08
playgama,front_or_popular_page,34,Moto Escape: Keyboard +1 Speed,https://playgama.com/,,,,,,,,2026-10-08
playgama,front_or_popular_page,35,Steal an Egg!,https://playgama.com/,,,,,,,,2026-10-08
playgama,front_or_popular_page,36,Pregnant Mom Simulator,https://playgama.com/,,,,,,,,2026-10-08
playgama,front_or_popular_page,37,Obby Escape: Gym Arm Wrestling,https://playgama.com/,,,,,,,,2026-10-08
playgama,front_or_popular_page,38,Dangerous Fellows,https://playgama.com/,,,,,,,,2026-10-08
playgama,front_or_popular_page,39,Vector Parkour Run,https://playgama.com/,,,,,,,,2026-10-08
playgama,front_or_popular_page,40,Obby: Survive Lava for Brainrots!,https://playgama.com/,,,,,,,,2026-10-08
playgama,front_or_popular_page,41,Aura Edit Arena Obby,https://playgama.com/,,,,,,,,2026-10-08
playgama,front_or_popular_page,42,Secret Hall: Hidden Objects,https://playgama.com/,,,,,,,,2026-10-08
playgama,front_or_popular_page,43,Obby: +1 Speed Keyboard Escape,https://playgama.com/,,,,,,,,2026-10-08
playgama,front_or_popular_page,44,Break The Noob Completely!,https://playgama.com/,,,,,,,,2026-10-08
playgama,front_or_popular_page,45,Obby: +1 Laser to Break Walls,https://playgama.com/,,,,,,,,2026-10-08
playgama,front_or_popular_page,46,Robby: Double jump for brainrots,https://playgama.com/,,,,,,,,2026-10-08
playgama,front_or_popular_page,47,Idol Livestream: Doll Dress Up,https://playgama.com/,,,,,,,,2026-10-08
playgama,front_or_popular_page,48,Hidden Object: My Hotel,https://playgama.com/,,,,,,,,2026-10-08
playgama,front_or_popular_page,49,Merge & Fight,https://playgama.com/,,,,,,,,2026-10-08
playgama,front_or_popular_page,50,Mahjong Classic,https://playgama.com/,,,,,,,,2026-10-08
playgama,front_or_popular_page,51,Bubble Pop Legend,https://playgama.com/,,,,,,,,2026-10-08
playgama,front_or_popular_page,52,Nuts Puzzle: Sort By Color,https://playgama.com/,,,,,,,,2026-10-08
playgama,front_or_popular_page,53,Pregnant Mother Simulator,https://playgama.com/,,,,,,,,2026-10-08
playgama,front_or_popular_page,54,Master Chess,https://playgama.com/,,,,,,,,2026-10-08
playgama,front_or_popular_page,55,Break a Lucky Egg Brainrots,https://playgama.com/,,,,,,,,2026-10-08
playgama,front_or_popular_page,56,Elemental Monsters: Merge,https://playgama.com/,,,,,,,,2026-10-08
playgama,front_or_popular_page,57,PVZ Fusion Cheats,https://playgama.com/,,,,,,,,2026-10-08
playgama,front_or_popular_page,58,Hidden Object: Street Of Secrets,https://playgama.com/,,,,,,,,2026-10-08
playgama,front_or_popular_page,59,Good Sort Master: Triple Match,https://playgama.com/,,,,,,,,2026-10-08
playgama,front_or_popular_page,60,TB World,https://playgama.com/,,,,,,,,2026-10-08
playgama,front_or_popular_page,61,Hedgies,https://playgama.com/,,,,,,,,2026-10-08
playgama,front_or_popular_page,62,Millionaire Life,https://playgama.com/,,,,,,,,2026-10-08
playgama,front_or_popular_page,63,Word Finder,https://playgama.com/,,,,,,,,2026-10-08
playgama,front_or_popular_page,64,Find the Frog - Hidden Objects,https://playgama.com/,,,,,,,,2026-10-08
playgama,front_or_popular_page,65,Arrow Puzzle,https://playgama.com/,,,,,,,,2026-10-08
playgama,front_or_popular_page,66,My Town Home: Family Playhouse,https://playgama.com/,,,,,,,,2026-10-08
playgama,front_or_popular_page,67,Cozy Garden,https://playgama.com/,,,,,,,,2026-10-08
playgama,front_or_popular_page,68,Hero vs Traps,https://playgama.com/,,,,,,,,2026-10-08
playgama,front_or_popular_page,69,Wrist Survivor,https://playgama.com/,,,,,,,,2026-10-08
playgama,front_or_popular_page,70,Next Gen 4x4 Offroad Simulator,https://playgama.com/,,,,,,,,2026-10-08
playgama,front_or_popular_page,71,+1 Speed Keyboard Lucky Escape,https://playgama.com/,,,,,,,,2026-10-08
playgama,front_or_popular_page,72,Bone Throne,https://playgama.com/,,,,,,,,2026-10-08
playgama,front_or_popular_page,73,Lucky Dice,https://playgama.com/,,,,,,,,2026-10-08
playgama,front_or_popular_page,74,Tactical Move,https://playgama.com/,,,,,,,,2026-10-08
playgama,front_or_popular_page,75,Island Cleaner Simulator,https://playgama.com/,,,,,,,,2026-10-08
playgama,front_or_popular_page,76,Penguin Homerun,https://playgama.com/,,,,,,,,2026-10-08
playgama,front_or_popular_page,77,Car Inserter,https://playgama.com/,,,,,,,,2026-10-08
playgama,front_or_popular_page,78,Jade Toss: Arrow Challenge,https://playgama.com/,,,,,,,,2026-10-08
playgama,front_or_popular_page,79,Tidy Bot,https://playgama.com/,,,,,,,,2026-10-08
playgama,front_or_popular_page,80,Chop or Grow,https://playgama.com/,,,,,,,,2026-10-08
playgama,front_or_popular_page,81,Connect Tracks,https://playgama.com/,,,,,,,,2026-10-08
playgama,front_or_popular_page,82,Mahjong Lines,https://playgama.com/,,,,,,,,2026-10-08
playgama,front_or_popular_page,83,Kong Island,https://playgama.com/,,,,,,,,2026-10-08
playgama,front_or_popular_page,84,Golf Orbit,https://playgama.com/,,,,,,,,2026-10-08
playgama,front_or_popular_page,85,Mahjong Unlimited,https://playgama.com/,,,,,,,,2026-10-08
playgama,front_or_popular_page,86,Word Cross,https://playgama.com/,,,,,,,,2026-10-08
playgama,front_or_popular_page,87,Mahjong 3,https://playgama.com/,,,,,,,,2026-10-08
playgama,front_or_popular_page,88,Bubble Shooter Classic,https://playgama.com/,,,,,,,,2026-10-08
playgama,front_or_popular_page,89,My Fun Park,https://playgama.com/,,,,,,,,2026-10-08
playgama,front_or_popular_page,90,Cozy Coloring,https://playgama.com/,,,,,,,,2026-10-08
playgama,front_or_popular_page,91,Bubble Word Jam,https://playgama.com/,,,,,,,,2026-10-08
playgama,front_or_popular_page,92,Hazmob FPS: Online Shooter,https://playgama.com/,,,,,,,,2026-10-08
playgama,front_or_popular_page,93,Merge Defense: Army Behind the Wall,https://playgama.com/,,,,,,,,2026-10-08
playgama,front_or_popular_page,94,Hero Wars,https://playgama.com/,,,,,,,,2026-10-08
playgama,front_or_popular_page,95,Deck Beasts,https://playgama.com/,,,,,,,,2026-10-08
playgama,front_or_popular_page,96,Booblyc TD: Card Tower Defense,https://playgama.com/,,,,,,,,2026-10-08
playgama,front_or_popular_page,97,Pirate Raid,https://playgama.com/,,,,,,,,2026-10-08
playgama,front_or_popular_page,98,Hero Defense King,https://playgama.com/,,,,,,,,2026-10-08
playgama,front_or_popular_page,99,Playground Man Mod! Web of Destruction!,https://playgama.com/,,,,,,,,2026-10-08
playgama,front_or_popular_page,100,Epic Sword Battle! Fight in the Ragdoll Arena!,https://playgama.com/,,,,,,,,2026-10-08
playgama,front_or_popular_page,101,Orc Breach,https://playgama.com/,,,,,,,,2026-10-08
playgama,front_or_popular_page,102,Block Zero,https://playgama.com/,,,,,,,,2026-10-08
playgama,front_or_popular_page,103,Gorbo the Orc: Crown Quest,https://playgama.com/,,,,,,,,2026-10-08
playgama,front_or_popular_page,104,Candy Crush Saga,https://playgama.com/,,,,,,,,2026-10-08
playgama,front_or_popular_page,105,"Oh, Snack!",https://playgama.com/,,,,,,,,2026-10-08
playgama,front_or_popular_page,106,Looking For Aliens,https://playgama.com/,,,,,,,,2026-10-08
playgama,front_or_popular_page,107,Trivia Runner,https://playgama.com/,,,,,,,,2026-10-08
playgama,front_or_popular_page,108,Arrowscape: Arrow Puzzle,https://playgama.com/,,,,,,,,2026-10-08
playgama,front_or_popular_page,109,Smash the Piggy!,https://playgama.com/,,,,,,,,2026-10-08
playgama,front_or_popular_page,110,Bubble Shooter: Tap & Pop,https://playgama.com/,,,,,,,,2026-10-08
playgama,front_or_popular_page,111,Furniture Master: Idle Tycoon,https://playgama.com/,,,,,,,,2026-10-08
playgama,front_or_popular_page,112,Bublix: Bubble Hit,https://playgama.com/,,,,,,,,2026-10-08
playgama,front_or_popular_page,113,Geometry Arrow 2,https://playgama.com/,,,,,,,,2026-10-08
playgama,front_or_popular_page,114,MegaZuma,https://playgama.com/,,,,,,,,2026-10-08
playgama,front_or_popular_page,115,Paws & Paths,https://playgama.com/,,,,,,,,2026-10-08
playgama,front_or_popular_page,116,Arrows,https://playgama.com/,,,,,,,,2026-10-08
playgama,front_or_popular_page,117,Vampire Hotel: Tile Match,https://playgama.com/,,,,,,,,2026-10-08
playgama,front_or_popular_page,118,Jewel Coloring: Crystal Sorting,https://playgama.com/,,,,,,,,2026-10-08
playgama,front_or_popular_page,119,Favorite Puzzles,https://playgama.com/,,,,,,,,2026-10-08
playgama,front_or_popular_page,120,Blockibo: Color Blocks,https://playgama.com/,,,,,,,,2026-10-08
playgama,front_or_popular_page,121,Arrow Exit Puzzle,https://playgama.com/,,,,,,,,2026-10-08
playgama,front_or_popular_page,122,Mahjong Puzzle: Tile Match,https://playgama.com/,,,,,,,,2026-10-08
playgama,front_or_popular_page,123,Sudoku Online,https://playgama.com/,,,,,,,,2026-10-08
playgama,front_or_popular_page,124,Arrow Cube 3D,https://playgama.com/,,,,,,,,2026-10-08
playgama,front_or_popular_page,125,Car Destruction King,https://playgama.com/,,,,,,,,2026-10-08
playgama,front_or_popular_page,126,BMG: Ragdoll Car Race,https://playgama.com/,,,,,,,,2026-10-08
playgama,front_or_popular_page,127,Extreme Car Driving Stunts,https://playgama.com/,,,,,,,,2026-10-08
playgama,front_or_popular_page,128,Mega Ramp Stunt,https://playgama.com/,,,,,,,,2026-10-08
playgama,front_or_popular_page,129,TRAFFIC Rush Online,https://playgama.com/,,,,,,,,2026-10-08
playgama,front_or_popular_page,130,Obby: Supercar Race on Keyboard,https://playgama.com/,,,,,,,,2026-10-08
playgama,front_or_popular_page,131,Backflip Rooftops Survivor,https://playgama.com/,,,,,,,,2026-10-08
playgama,front_or_popular_page,132,Real War: Not Fake,https://playgama.com/,,,,,,,,2026-10-08
playgama,front_or_popular_page,133,Special Ops: GO,https://playgama.com/,,,,,,,,2026-10-08
playgama,front_or_popular_page,134,Sniper for Brainrots,https://playgama.com/,,,,,,,,2026-10-08
playgama,front_or_popular_page,135,Sorter: Ragdoll Playground Shooter,https://playgama.com/,,,,,,,,2026-10-08
playgama,front_or_popular_page,136,Tank Stars,https://playgama.com/,,,,,,,,2026-10-08
playgama,front_or_popular_page,137,Clown Fiesta,https://playgama.com/,,,,,,,,2026-10-08
playgama,front_or_popular_page,138,Slime Heroes,https://playgama.com/,,,,,,,,2026-10-08
playgama,front_or_popular_page,139,Chess Tactics,https://playgama.com/,,,,,,,,2026-10-08
playgama,front_or_popular_page,140,Sniper Attack2,https://playgama.com/,,,,,,,,2026-10-08
playgama,front_or_popular_page,141,Steal An Egg - Grow Animals,https://playgama.com/,,,,,,,,2026-10-08
playgama,front_or_popular_page,142,Obby: +1 Pickaxe Swing Escape,https://playgama.com/,,,,,,,,2026-10-08
playgama,front_or_popular_page,143,Sprunki World Online RP - Play with Friends!,https://playgama.com/,,,,,,,,2026-10-08
playgama,front_or_popular_page,144,Obby: +1 Digging Power per Click,https://playgama.com/,,,,,,,,2026-10-08
playgama,front_or_popular_page,145,+1 Speed: Escape Prison,https://playgama.com/,,,,,,,,2026-10-08
playgama,front_or_popular_page,146,Obby: Chameleon - Paint & Hide,https://playgama.com/,,,,,,,,2026-10-08
playgama,front_or_popular_page,147,Fiorella - Flower Shop,https://playgama.com/,,,,,,,,2026-10-08
playgama,front_or_popular_page,148,Cooking Marina - cooking games,https://playgama.com/,,,,,,,,2026-10-08
playgama,front_or_popular_page,149,ChatSim - Texting Love Story & Chat Romance,https://playgama.com/,,,,,,,,2026-10-08
playgama,front_or_popular_page,150,Cooking Tasty: Restaurant Game,https://playgama.com/,,,,,,,,2026-10-08
playgama,front_or_popular_page,151,Wild Love,https://playgama.com/,,,,,,,,2026-10-08
playgama,front_or_popular_page,152,ASMR Girl: Livestream Mukbang,https://playgama.com/,,,,,,,,2026-10-08
playgama,front_or_popular_page,153,Dress Up 3D,https://playgama.com/,,,,,,,,2026-10-08
playgama,front_or_popular_page,154,Animal Hair Salon,https://playgama.com/,,,,,,,,2026-10-08
playgama,front_or_popular_page,155,Soccer Random,https://playgama.com/,,,,,,,,2026-10-08
playgama,front_or_popular_page,156,Playground Man! Ragdoll Show!,https://playgama.com/,,,,,,,,2026-10-08
playgama,front_or_popular_page,157,Playground Shooter! Shotgun vs. Ragdolls!,https://playgama.com/,,,,,,,,2026-10-08
playgama,front_or_popular_page,158,Merge Fruit Characters,https://playgama.com/,,,,,,,,2026-10-08
playgama,front_or_popular_page,159,Say Cheese!,https://playgama.com/,,,,,,,,2026-10-08
playgama,front_or_popular_page,160,Break Stick Completely,https://playgama.com/,,,,,,,,2026-10-08
playgama,front_or_popular_page,161,Last Play: Ragdoll Sandbox,https://playgama.com/,,,,,,,,2026-10-08
playgama,front_or_popular_page,162,Fun Ragdoll Challenge! Mini Games Collection!,https://playgama.com/,,,,,,,,2026-10-08
playgama,front_or_popular_page,163,Sprunki Action Playground: Ragdoll Sandbox,https://playgama.com/,,,,,,,,2026-10-08
playgama,front_or_popular_page,164,Ragdoll Soccer,https://playgama.com/,,,,,,,,2026-10-08
playgama,front_or_popular_page,165,Baby Brainrots - Multiplayer with Friends!,https://playgama.com/,,,,,,,,2026-10-08
playgama,front_or_popular_page,166,Dismount Ragdoll,https://playgama.com/,,,,,,,,2026-10-08
playgama,front_or_popular_page,167,Italian Brainrot Find the Difference,https://playgama.com/,,,,,,,,2026-10-08
playgama,front_or_popular_page,168,TELETEXT: Bug Survivor,https://playgama.com/,,,,,,,,2026-10-08
playgama,front_or_popular_page,169,Night Shift,https://playgama.com/,,,,,,,,2026-10-08
playgama,front_or_popular_page,170,Imposter 3D online horror,https://playgama.com/,,,,,,,,2026-10-08
playgama,front_or_popular_page,171,The Tall Man,https://playgama.com/,,,,,,,,2026-10-08
playgama,front_or_popular_page,172,5 Nights at Tung Tung Hotel - Horror 3D,https://playgama.com/,,,,,,,,2026-10-08
playgama,front_or_popular_page,173,Last Route,https://playgama.com/,,,,,,,,2026-10-08
playgama,front_or_popular_page,174,Dream Reaper Defense,https://playgama.com/,,,,,,,,2026-10-08
playgama,front_or_popular_page,175,The Dream Trapper: Escape Game,https://playgama.com/,,,,,,,,2026-10-08
playgama,front_or_popular_page,176,Five Nights in the Digital Circus,https://playgama.com/,,,,,,,,2026-10-08
playgama,front_or_popular_page,177,DON'T EAT THAT CANDY!,https://playgama.com/,,,,,,,,2026-10-08
playgama,front_or_popular_page,178,Schoolboy Runaway: room escape,https://playgama.com/,,,,,,,,2026-10-08
playgama,front_or_popular_page,179,99 Nights in the Forest. Horror Multiplayer,https://playgama.com/,,,,,,,,2026-10-08
playgama,front_or_popular_page,180,Scary Rooms: Idle Horror,https://playgama.com/,,,,,,,,2026-10-08
playgama,front_or_popular_page,181,Kubz.io,https://playgama.com/,,,,,,,,2026-10-08
playgama,front_or_popular_page,182,Skyblock 3D: Survival,https://playgama.com/,,,,,,,,2026-10-08
playgama,front_or_popular_page,183,Noob Fuse,https://playgama.com/,,,,,,,,2026-10-08
playgama,front_or_popular_page,184,Mine Mining Islands: Skyblock Village!,https://playgama.com/,,,,,,,,2026-10-08
playgama,front_or_popular_page,185,Mine Fight! Cut Mob Army!,https://playgama.com/,,,,,,,,2026-10-08
playgama,front_or_popular_page,186,Sprunki Craft - Sandbox 3D,https://playgama.com/,,,,,,,,2026-10-08
playgama,front_or_popular_page,187,Backrooms Craft,https://playgama.com/,,,,,,,,2026-10-08
playgama,front_or_popular_page,188,Island Expander,https://playgama.com/,,,,,,,,2026-10-08
playgama,front_or_popular_page,189,SlitherCraft.Io,https://playgama.com/,,,,,,,,2026-10-08
playgama,front_or_popular_page,190,Trap Craft,https://playgama.com/,,,,,,,,2026-10-08
playgama,front_or_popular_page,191,99 Nights in the Forest with Noob and Pro!,https://playgama.com/,,,,,,,,2026-10-08
playgama,front_or_popular_page,192,Voxel Terraform,https://playgama.com/,,,,,,,,2026-10-08
playgama,front_or_popular_page,193,Nubik Mine-Dig Connect and Craft,https://playgama.com/,,,,,,,,2026-10-08
playgama,front_or_popular_page,194,Block Battle - Noob vs Pro,https://playgama.com/,,,,,,,,2026-10-08
playgama,front_or_popular_page,195,Eat Blobs Simulator,https://playgama.com/,,,,,,,,2026-10-08
playgama,front_or_popular_page,196,Slither Classic,https://playgama.com/,,,,,,,,2026-10-08
playgama,front_or_popular_page,197,morphz.io,https://playgama.com/,,,,,,,,2026-10-08
playgama,front_or_popular_page,198,Age Arena,https://playgama.com/,,,,,,,,2026-10-08
playgama,front_or_popular_page,199,2048 Ball Arena,https://playgama.com/,,,,,,,,2026-10-08
playgama,front_or_popular_page,200,ArrowsOut.io,https://playgama.com/,,,,,,,,2026-10-08
playgama,front_or_popular_page,201,Tall io,https://playgama.com/,,,,,,,,2026-10-08
playgama,front_or_popular_page,202,Hole Feast,https://playgama.com/,,,,,,,,2026-10-08
playgama,front_or_popular_page,203,Snake 2077: Glitch War,https://playgama.com/,,,,,,,,2026-10-08
playgama,front_or_popular_page,204,Sworded io - Spin and Rub,https://playgama.com/,,,,,,,,2026-10-08
playgama,front_or_popular_page,205,Sandbox City,https://playgama.com/,,,,,,,,2026-10-08
playgama,front_or_popular_page,206,Crime and Vice City Police,https://playgama.com/,,,,,,,,2026-10-08
playgama,front_or_popular_page,207,Gangsta Island: Crime City,https://playgama.com/,,,,,,,,2026-10-08
playgama,front_or_popular_page,208,Grand Shift Auto,https://playgama.com/,,,,,,,,2026-10-08
playgama,front_or_popular_page,209,Police Car Simulator Game Criminal Case,https://playgama.com/,,,,,,,,2026-10-08
playgama,front_or_popular_page,210,Bank Heist: Judgment Day,https://playgama.com/,,,,,,,,2026-10-08
playgama,front_or_popular_page,211,Grand Father Auto 6,https://playgama.com/,,,,,,,,2026-10-08
playgama,front_or_popular_page,212,Mafia Wars,https://playgama.com/,,,,,,,,2026-10-08
playgama,front_or_popular_page,213,Granny and Verity,https://playgama.com/,,,,,,,,2026-10-08
playgama,front_or_popular_page,214,Criminal Russia 3D,https://playgama.com/,,,,,,,,2026-10-08
playgama,front_or_popular_page,215,Granny in Space,https://playgama.com/,,,,,,,,2026-10-08
playgama,front_or_popular_page,216,Police Chase: Cops vs Criminals,https://playgama.com/,,,,,,,,2026-10-08
playgama,front_or_popular_page,217,Brookhaven RP,https://playgama.com/,,,,,,,,2026-10-08
playgama,front_or_popular_page,218,Journey beyond horizons,https://playgama.com/,,,,,,,,2026-10-08
playgama,front_or_popular_page,219,Basket Random,https://playgama.com/,,,,,,,,2026-10-08
playgama,front_or_popular_page,220,Basketball Stars,https://playgama.com/,,,,,,,,2026-10-08
playgama,front_or_popular_page,221,Block Blast Master,https://playgama.com/,,,,,,,,2026-10-08
playgama,front_or_popular_page,222,Block Blast 2048,https://playgama.com/,,,,,,,,2026-10-08
playgama,front_or_popular_page,223,Moto X3M,https://playgama.com/,,,,,,,,2026-10-08
playgama,front_or_popular_page,224,Snow Rush 3D,https://playgama.com/,,,,,,,,2026-10-08
playgama,front_or_popular_page,225,Solar Smash,https://playgama.com/,,,,,,,,2026-10-08
playgama,front_or_popular_page,226,Escape Tsunami for Brainrots,https://playgama.com/,,,,,,,,2026-10-08
playgama,front_or_popular_page,227,Eggy Car,https://playgama.com/,,,,,,,,2026-10-08
playgama,front_or_popular_page,228,Italian Brainrot Hunting 3D,https://playgama.com/,,,,,,,,2026-10-08
playgama,front_or_popular_page,229,Moto X3M Spooky Land,https://playgama.com/,,,,,,,,2026-10-08
playgama,front_or_popular_page,230,BeamNG Drive Challenge,https://playgama.com/,,,,,,,,2026-10-08
playgama,front_or_popular_page,231,Garten Of BanBan 1 Escape,https://playgama.com/,,,,,,,,2026-10-08
playgama,front_or_popular_page,232,Neon Ball Slope,https://playgama.com/,,,,,,,,2026-10-08
playgama,front_or_popular_page,233,Prop Hunt Together,https://playgama.com/,,,,,,,,2026-10-08
playgama,front_or_popular_page,234,Cool Tuning - Paint the Car,https://playgama.com/,,,,,,,,2026-10-08
playgama,front_or_popular_page,235,Chainsaw 3D,https://playgama.com/,,,,,,,,2026-10-08
playgama,front_or_popular_page,236,+1 Speed Keyboard Run!,https://playgama.com/,,,,,,,,2026-10-08
playgama,front_or_popular_page,237,Sprunki Five Nights at Freddy's,https://playgama.com/,,,,,,,,2026-10-08
playgama,front_or_popular_page,238,Wheelchair parkour: No limits,https://playgama.com/,,,,,,,,2026-10-08
playgama,front_or_popular_page,239,Math Meteors,https://playgama.com/,,,,,,,,2026-10-08
playgama,front_or_popular_page,240,Makeup Mini Games: ASMR Skincare,https://playgama.com/,,,,,,,,2026-10-08
playgama,front_or_popular_page,241,Vials: ASMR Sand Sort Puzzle,https://playgama.com/,,,,,,,,2026-10-08
playgama,front_or_popular_page,242,Standards Calculator Quiz,https://playgama.com/,,,,,,,,2026-10-08
playgama,front_or_popular_page,243,Animal Merge,https://playgama.com/,,,,,,,,2026-10-08
playgama,front_or_popular_page,244,Word Pieces,https://playgama.com/,,,,,,,,2026-10-08
playgama,front_or_popular_page,245,Jigsaw Cards: Daily Puzzles,https://playgama.com/,,,,,,,,2026-10-08
playgama,front_or_popular_page,246,Solitaire Crime Stories,https://playgama.com/,,,,,,,,2026-10-08
playgama,front_or_popular_page,247,Obby - Jump for Animals,https://playgama.com/,,,,,,,,2026-10-08
playgama,front_or_popular_page,248,Labubu Tic Tac Toe,https://playgama.com/,,,,,,,,2026-10-08
playgama,front_or_popular_page,249,Mike Hidden Object World,https://playgama.com/,,,,,,,,2026-10-08
playgama,front_or_popular_page,250,Cat simulator,https://playgama.com/,,,,,,,,2026-10-08
playgama,front_or_popular_page,251,Playgama Android,https://playgama.com/,,,,,,,,2026-10-08
agame,front_or_popular_page,1,Your zone to play free online games,https://www.agame.com/games/popular,,,,,,,,2026-10-08
agame,front_or_popular_page,2,Mahjong Connect Classic,https://www.agame.com/games/popular,,,,,,,,2026-10-08
agame,front_or_popular_page,3,MahJongCon,https://www.agame.com/games/popular,,,,,,,,2026-10-08
agame,front_or_popular_page,4,1001 Arabian Nights,https://www.agame.com/games/popular,,,,,,,,2026-10-08
agame,front_or_popular_page,5,Kris Mahjong: Classic,https://www.agame.com/games/popular,,,,,,,,2026-10-08
agame,front_or_popular_page,6,Mahjong Link,https://www.agame.com/games/popular,,,,,,,,2026-10-08
agame,front_or_popular_page,7,Treasures of the Mystic Sea,https://www.agame.com/games/popular,,,,,,,,2026-10-08
agame,front_or_popular_page,8,Bubble Shooter Classic,https://www.agame.com/games/popular,,,,,,,,2026-10-08
agame,front_or_popular_page,9,Cake Sorting Deluxe,https://www.agame.com/games/popular,,,,,,,,2026-10-08
agame,front_or_popular_page,10,Solitaire Collection,https://www.agame.com/games/popular,,,,,,,,2026-10-08
agame,front_or_popular_page,11,Mahjong Shanghai,https://www.agame.com/games/popular,,,,,,,,2026-10-08
agame,front_or_popular_page,12,Bubble Shooter: Candy Wheel,https://www.agame.com/games/popular,,,,,,,,2026-10-08
agame,front_or_popular_page,13,Fruit Match,https://www.agame.com/games/popular,,,,,,,,2026-10-08
agame,front_or_popular_page,14,Skydom,https://www.agame.com/games/popular,,,,,,,,2026-10-08
agame,front_or_popular_page,15,Harvest Honors,https://www.agame.com/games/popular,,,,,,,,2026-10-08
agame,front_or_popular_page,16,ArmedForces.io,https://www.agame.com/games/popular,,,,,,,,2026-10-08
agame,front_or_popular_page,17,Farm Merge Valley,https://www.agame.com/games/popular,,,,,,,,2026-10-08
agame,front_or_popular_page,18,Let's Fish!,https://www.agame.com/games/popular,,,,,,,,2026-10-08
agame,front_or_popular_page,19,Fireboy & Watergirl 7: and Friends,https://www.agame.com/games/popular,,,,,,,,2026-10-08
agame,front_or_popular_page,20,Commando Force 2,https://www.agame.com/games/popular,,,,,,,,2026-10-08
agame,front_or_popular_page,21,Skribbl.io,https://www.agame.com/games/popular,,,,,,,,2026-10-08
agame,front_or_popular_page,22,Fun Race 3D,https://www.agame.com/games/popular,,,,,,,,2026-10-08
agame,front_or_popular_page,23,Pool Clash: 8 Ball Billiards Snooker,https://www.agame.com/games/popular,,,,,,,,2026-10-08
agame,front_or_popular_page,24,Vegas World,https://www.agame.com/games/popular,,,,,,,,2026-10-08
agame,front_or_popular_page,25,Match Arena Multiplayer,https://www.agame.com/games/popular,,,,,,,,2026-10-08
agame,front_or_popular_page,26,Rummy World,https://www.agame.com/games/popular,,,,,,,,2026-10-08
agame,front_or_popular_page,27,Sniper Combat,https://www.agame.com/games/popular,,,,,,,,2026-10-08
agame,front_or_popular_page,28,AZ Tank Game,https://www.agame.com/games/popular,,,,,,,,2026-10-08
agame,front_or_popular_page,29,Apple Shooter,https://www.agame.com/games/popular,,,,,,,,2026-10-08
agame,front_or_popular_page,30,Roller Coaster: Obby Race,https://www.agame.com/games/popular,,,,,,,,2026-10-08
agame,front_or_popular_page,31,Bomb It,https://www.agame.com/games/popular,,,,,,,,2026-10-08
agame,front_or_popular_page,32,Uphill Rush 7: Waterpark,https://www.agame.com/games/popular,,,,,,,,2026-10-08
agame,front_or_popular_page,33,Wormate.io,https://www.agame.com/games/popular,,,,,,,,2026-10-08
agame,front_or_popular_page,34,Car Parking City Duel,https://www.agame.com/games/popular,,,,,,,,2026-10-08
agame,front_or_popular_page,35,Miami Crime Simulator 3D,https://www.agame.com/games/popular,,,,,,,,2026-10-08
agame,front_or_popular_page,36,Forge of Empires,https://www.agame.com/games/popular,,,,,,,,2026-10-08
agame,front_or_popular_page,37,Monsters' Wheels 2,https://www.agame.com/games/popular,,,,,,,,2026-10-08
agame,front_or_popular_page,38,Xcross Madness,https://www.agame.com/games/popular,,,,,,,,2026-10-08
agame,front_or_popular_page,39,Moto X3m 3,https://www.agame.com/games/popular,,,,,,,,2026-10-08
agame,front_or_popular_page,40,Moto X3M: Bike Racing,https://www.agame.com/games/popular,,,,,,,,2026-10-08
agame,front_or_popular_page,41,Going Balls,https://www.agame.com/games/popular,,,,,,,,2026-10-08
agame,front_or_popular_page,42,Horse Racing,https://www.agame.com/games/popular,,,,,,,,2026-10-08
agame,front_or_popular_page,43,Moto X3m 2,https://www.agame.com/games/popular,,,,,,,,2026-10-08
agame,front_or_popular_page,44,Traffic Tour,https://www.agame.com/games/popular,,,,,,,,2026-10-08
agame,front_or_popular_page,45,Moto Trials Off Road 2,https://www.agame.com/games/popular,,,,,,,,2026-10-08
agame,front_or_popular_page,46,GT Traffic Racer,https://www.agame.com/games/popular,,,,,,,,2026-10-08
agame,front_or_popular_page,47,Boeing Flight Simulator,https://www.agame.com/games/popular,,,,,,,,2026-10-08
agame,front_or_popular_page,48,Piece of Cake: Merge and Bake,https://www.agame.com/games/popular,,,,,,,,2026-10-08
agame,front_or_popular_page,49,Merge Haven,https://www.agame.com/games/popular,,,,,,,,2026-10-08
agame,front_or_popular_page,50,Castle Craft: Merge Quest,https://www.agame.com/games/popular,,,,,,,,2026-10-08
agame,front_or_popular_page,51,Chrome Dino,https://www.agame.com/games/popular,,,,,,,,2026-10-08
agame,front_or_popular_page,52,Merge Lagoon,https://www.agame.com/games/popular,,,,,,,,2026-10-08
agame,front_or_popular_page,53,Vex 10,https://www.agame.com/games/popular,,,,,,,,2026-10-08
agame,front_or_popular_page,54,Vega Mix 2: Mystery of Island,https://www.agame.com/games/popular,,,,,,,,2026-10-08
agame,front_or_popular_page,55,Vex 5,https://www.agame.com/games/popular,,,,,,,,2026-10-08
agame,front_or_popular_page,56,My Castle: Merge and Story,https://www.agame.com/games/popular,,,,,,,,2026-10-08
agame,front_or_popular_page,57,Sprinter,https://www.agame.com/games/popular,,,,,,,,2026-10-08
agame,front_or_popular_page,58,Pool Club,https://www.agame.com/games/popular,,,,,,,,2026-10-08
agame,front_or_popular_page,59,Table Tennis Pro,https://www.agame.com/games/popular,,,,,,,,2026-10-08
agame,front_or_popular_page,60,Carrom With Buddies,https://www.agame.com/games/popular,,,,,,,,2026-10-08
agame,front_or_popular_page,61,8 Ball Pool,https://www.agame.com/games/popular,,,,,,,,2026-10-08
agame,front_or_popular_page,62,Penalty Shooters 2: Football Game,https://www.agame.com/games/popular,,,,,,,,2026-10-08
agame,front_or_popular_page,63,Become a Referee,https://www.agame.com/games/popular,,,,,,,,2026-10-08
agame,front_or_popular_page,64,World Cup 2026 Soccer Game,https://www.agame.com/games/popular,,,,,,,,2026-10-08
agame,front_or_popular_page,65,Tennis Masters 2026,https://www.agame.com/games/popular,,,,,,,,2026-10-08
agame,front_or_popular_page,66,Archery,https://www.agame.com/games/popular,,,,,,,,2026-10-08
agame,front_or_popular_page,67,Tiles of the Unexpected,https://www.agame.com/games/popular,,,,,,,,2026-10-08
agame,front_or_popular_page,68,Bubble Shooter,https://www.agame.com/games/popular,,,,,,,,2026-10-08
agame,front_or_popular_page,69,Magic Piano Tiles,https://www.agame.com/games/popular,,,,,,,,2026-10-08
agame,front_or_popular_page,70,Bubble Shooter Extreme,https://www.agame.com/games/popular,,,,,,,,2026-10-08
agame,front_or_popular_page,71,Block Champ,https://www.agame.com/games/popular,,,,,,,,2026-10-08
agame,front_or_popular_page,72,Flip Duel,https://www.agame.com/games/popular,,,,,,,,2026-10-08
agame,front_or_popular_page,73,Patterns Link,https://www.agame.com/games/popular,,,,,,,,2026-10-08
agame,front_or_popular_page,74,Goodgame Empire,https://www.agame.com/games/popular,,,,,,,,2026-10-08
agame,front_or_popular_page,75,Charm Farm,https://www.agame.com/games/popular,,,,,,,,2026-10-08
agame,front_or_popular_page,76,Goodgame Big Farm,https://www.agame.com/games/popular,,,,,,,,2026-10-08
agame,front_or_popular_page,77,Family Relics,https://www.agame.com/games/popular,,,,,,,,2026-10-08
agame,front_or_popular_page,78,Call of War,https://www.agame.com/games/popular,,,,,,,,2026-10-08
agame,front_or_popular_page,79,Conflict Of Nations,https://www.agame.com/games/popular,,,,,,,,2026-10-08
agame,front_or_popular_page,80,Jackpot,https://www.agame.com/games/popular,,,,,,,,2026-10-08
agame,front_or_popular_page,81,Solitaire Social,https://www.agame.com/games/popular,,,,,,,,2026-10-08
agame,front_or_popular_page,82,Lady Popular,https://www.agame.com/games/popular,,,,,,,,2026-10-08
agame,front_or_popular_page,83,Pet Connect,https://www.agame.com/games/popular,,,,,,,,2026-10-08
agame,front_or_popular_page,84,Mahjong King,https://www.agame.com/games/popular,,,,,,,,2026-10-08
agame,front_or_popular_page,85,Penalty Shootout: Euro Cup 2016,https://www.agame.com/games/popular,,,,,,,,2026-10-08
agame,front_or_popular_page,86,Bubble Game 3: Deluxe,https://www.agame.com/games/popular,,,,,,,,2026-10-08
agame,front_or_popular_page,87,Color Screw Rescue Puzzle,https://www.agame.com/games/popular,,,,,,,,2026-10-08
agame,front_or_popular_page,88,Farm Triple Match 2,https://www.agame.com/games/popular,,,,,,,,2026-10-08
agame,front_or_popular_page,89,My Free Zoo,https://www.agame.com/games/popular,,,,,,,,2026-10-08
agame,front_or_popular_page,90,Car Eats Car 3D,https://www.agame.com/games/popular,,,,,,,,2026-10-08
agame,front_or_popular_page,91,Park Fever,https://www.agame.com/games/popular,,,,,,,,2026-10-08
agame,front_or_popular_page,92,Cop Simulator: My Prison 3D,https://www.agame.com/games/popular,,,,,,,,2026-10-08
agame,front_or_popular_page,93,Blankets,https://www.agame.com/games/popular,,,,,,,,2026-10-08
agame,front_or_popular_page,94,Train Station 2,https://www.agame.com/games/popular,,,,,,,,2026-10-08
agame,front_or_popular_page,95,Farmerama,https://www.agame.com/games/popular,,,,,,,,2026-10-08
agame,front_or_popular_page,96,Jewel Shuffle,https://www.agame.com/games/popular,,,,,,,,2026-10-08
agame,front_or_popular_page,97,Kings and Queens: Solitaire TriPeaks,https://www.agame.com/games/popular,,,,,,,,2026-10-08
agame,front_or_popular_page,98,Word Wipe,https://www.agame.com/games/popular,,,,,,,,2026-10-08
agame,front_or_popular_page,99,Arkadium: Bubble Shooter,https://www.agame.com/games/popular,,,,,,,,2026-10-08
agame,front_or_popular_page,100,Mahjong Dimension: 470 Seconds,https://www.agame.com/games/popular,,,,,,,,2026-10-08
agame,front_or_popular_page,101,Dominoes Deluxe,https://www.agame.com/games/popular,,,,,,,,2026-10-08
agame,front_or_popular_page,102,Classic Spider Solitaire,https://www.agame.com/games/popular,,,,,,,,2026-10-08
agame,front_or_popular_page,103,Back to Candyland 4: Lollipop Garden,https://www.agame.com/games/popular,,,,,,,,2026-10-08
agame,front_or_popular_page,104,Paint.io,https://www.agame.com/games/popular,,,,,,,,2026-10-08
agame,front_or_popular_page,105,Farm Connect 2,https://www.agame.com/games/popular,,,,,,,,2026-10-08
agame,front_or_popular_page,106,Train Driver Simulator,https://www.agame.com/games/popular,,,,,,,,2026-10-08
agame,front_or_popular_page,107,Klondike Solitaire Card Game,https://www.agame.com/games/popular,,,,,,,,2026-10-08
agame,front_or_popular_page,108,Butterfly Kyodai Classic,https://www.agame.com/games/popular,,,,,,,,2026-10-08
agame,front_or_popular_page,109,Bob the Robber 2,https://www.agame.com/games/popular,,,,,,,,2026-10-08
agame,front_or_popular_page,110,Hearts: Classic,https://www.agame.com/games/popular,,,,,,,,2026-10-08
agame,front_or_popular_page,111,Jewel Burst,https://www.agame.com/games/popular,,,,,,,,2026-10-08
agame,front_or_popular_page,112,Mahjong: Age of Alchemy,https://www.agame.com/games/popular,,,,,,,,2026-10-08
agame,front_or_popular_page,113,Deer Hunter,https://www.agame.com/games/popular,,,,,,,,2026-10-08
agame,front_or_popular_page,114,Puzzle Games,https://www.agame.com/games/popular,,,,,,,,2026-10-08
agame,front_or_popular_page,115,Action Games,https://www.agame.com/games/popular,,,,,,,,2026-10-08
agame,front_or_popular_page,116,Y8 Games,https://www.agame.com/games/popular,,,,,,,,2026-10-08
agame,front_or_popular_page,117,Asteroids Games,https://www.agame.com/games/popular,,,,,,,,2026-10-08
agame,front_or_popular_page,118,First-Person Shooter Games,https://www.agame.com/games/popular,,,,,,,,2026-10-08
agame,front_or_popular_page,119,2 Player Games,https://www.agame.com/games/popular,,,,,,,,2026-10-08
agame,front_or_popular_page,120,Social Games,https://www.agame.com/games/popular,,,,,,,,2026-10-08
agame,front_or_popular_page,121,Adventure Games,https://www.agame.com/games/popular,,,,,,,,2026-10-08
agame,front_or_popular_page,122,Sports Games,https://www.agame.com/games/popular,,,,,,,,2026-10-08
agame,front_or_popular_page,123,Multiplayer Games,https://www.agame.com/games/popular,,,,,,,,2026-10-08
agame,front_or_popular_page,124,Racing Games,https://www.agame.com/games/popular,,,,,,,,2026-10-08
agame,front_or_popular_page,125,Bike Games,https://www.agame.com/games/popular,,,,,,,,2026-10-08
agame,front_or_popular_page,126,Sniper Games,https://www.agame.com/games/popular,,,,,,,,2026-10-08
agame,front_or_popular_page,127,Fireboy And Watergirl Games,https://www.agame.com/games/popular,,,,,,,,2026-10-08
agame,front_or_popular_page,128,Brain Games,https://www.agame.com/games/popular,,,,,,,,2026-10-08
agame,front_or_popular_page,129,2048 Games,https://www.agame.com/games/popular,,,,,,,,2026-10-08
agame,front_or_popular_page,130,Skill Games,https://www.agame.com/games/popular,,,,,,,,2026-10-08
agame,front_or_popular_page,131,.io Games,https://www.agame.com/games/popular,,,,,,,,2026-10-08
agame,front_or_popular_page,132,Fun Online Games,https://www.agame.com/games/popular,,,,,,,,2026-10-08
agame,front_or_popular_page,133,Soccer Games,https://www.agame.com/games/popular,,,,,,,,2026-10-08
agame,front_or_popular_page,134,Colored Blocks Games,https://www.agame.com/games/popular,,,,,,,,2026-10-08
agame,front_or_popular_page,135,Spilgames,https://www.agame.com/games/popular,,,,,,,,2026-10-08
1001games,front_or_popular_page,1,1001games.com,https://www.1001games.com/,,,,,,,,2026-10-08
1001games,front_or_popular_page,2,<%= item.title %>,https://www.1001games.com/,,,,,,,,2026-10-08
pacogames,front_or_popular_page,1,PacoGames,https://www.pacogames.com/,,,,,,,,2026-10-08
pacogames,front_or_popular_page,2,Car Games,https://www.pacogames.com/,,,,,,,,2026-10-08
pacogames,front_or_popular_page,3,IO Games,https://www.pacogames.com/,,,,,,,,2026-10-08
pacogames,front_or_popular_page,4,Crazy games,https://www.pacogames.com/,,,,,,,,2026-10-08
pacogames,front_or_popular_page,5,Mahjong Games,https://www.pacogames.com/,,,,,,,,2026-10-08
pacogames,front_or_popular_page,6,Shooting Games,https://www.pacogames.com/,,,,,,,,2026-10-08
pacogames,front_or_popular_page,7,Flash Games,https://www.pacogames.com/,,,,,,,,2026-10-08
pacogames,front_or_popular_page,8,Puzzle Games,https://www.pacogames.com/,,,,,,,,2026-10-08
pacogames,front_or_popular_page,9,2 Player Games,https://www.pacogames.com/,,,,,,,,2026-10-08
pacogames,front_or_popular_page,10,Clicker Games,https://www.pacogames.com/,,,,,,,,2026-10-08
pacogames,front_or_popular_page,11,Fighting Games,https://www.pacogames.com/,,,,,,,,2026-10-08
pacogames,front_or_popular_page,12,Artillery Vs Tanks,https://www.pacogames.com/,,,,,,,,2026-10-08
pacogames,front_or_popular_page,13,Dead Paradise,https://www.pacogames.com/,,,,,,,,2026-10-08
pacogames,front_or_popular_page,14,Stickman Dismount Simulator,https://www.pacogames.com/,,,,,,,,2026-10-08
pacogames,front_or_popular_page,15,Apocalypse Shelter,https://www.pacogames.com/,,,,,,,,2026-10-08
pacogames,front_or_popular_page,16,Vex Try To Fly,https://www.pacogames.com/,,,,,,,,2026-10-08
pacogames,front_or_popular_page,17,Pong,https://www.pacogames.com/,,,,,,,,2026-10-08
pacogames,front_or_popular_page,18,Tetris,https://www.pacogames.com/,,,,,,,,2026-10-08
pacogames,front_or_popular_page,19,Arkanoid,https://www.pacogames.com/,,,,,,,,2026-10-08
pacogames,front_or_popular_page,20,Snake,https://www.pacogames.com/,,,,,,,,2026-10-08
pacogames,front_or_popular_page,21,Block Fit,https://www.pacogames.com/,,,,,,,,2026-10-08
pacogames,front_or_popular_page,22,Merge Garden,https://www.pacogames.com/,,,,,,,,2026-10-08
pacogames,front_or_popular_page,23,Twin Tiles,https://www.pacogames.com/,,,,,,,,2026-10-08
pacogames,front_or_popular_page,24,Rock Crawling,https://www.pacogames.com/,,,,,,,,2026-10-08
pacogames,front_or_popular_page,25,Plane Chase,https://www.pacogames.com/,,,,,,,,2026-10-08
pacogames,front_or_popular_page,26,Lost Adventure,https://www.pacogames.com/,,,,,,,,2026-10-08
pacogames,front_or_popular_page,27,Vex 9,https://www.pacogames.com/,,,,,,,,2026-10-08
pacogames,front_or_popular_page,28,Brainrot Click to Hatch,https://www.pacogames.com/,,,,,,,,2026-10-08
pacogames,front_or_popular_page,29,Labubu Shooter,https://www.pacogames.com/,,,,,,,,2026-10-08
pacogames,front_or_popular_page,30,Zombie Road: Shooter with Destruction,https://www.pacogames.com/,,,,,,,,2026-10-08
pacogames,front_or_popular_page,31,Next Drive 2,https://www.pacogames.com/,,,,,,,,2026-10-08
pacogames,front_or_popular_page,32,Evo F4,https://www.pacogames.com/,,,,,,,,2026-10-08
pacogames,front_or_popular_page,33,RealDerby - Royal battle on the car,https://www.pacogames.com/,,,,,,,,2026-10-08
pacogames,front_or_popular_page,34,Xtreme Motorbikes,https://www.pacogames.com/,,,,,,,,2026-10-08
pacogames,front_or_popular_page,35,Bubble Tower 3D,https://www.pacogames.com/,,,,,,,,2026-10-08
pacogames,front_or_popular_page,36,Wheely 4 Time Travel,https://www.pacogames.com/,,,,,,,,2026-10-08
pacogames,front_or_popular_page,37,Paper Minecraft,https://www.pacogames.com/,,,,,,,,2026-10-08
pacogames,front_or_popular_page,38,MX Offroad Master,https://www.pacogames.com/,,,,,,,,2026-10-08
pacogames,front_or_popular_page,39,Next Drive,https://www.pacogames.com/,,,,,,,,2026-10-08
pacogames,front_or_popular_page,40,War Machine,https://www.pacogames.com/,,,,,,,,2026-10-08
pacogames,front_or_popular_page,41,Mahjong Dark Dimensions,https://www.pacogames.com/,,,,,,,,2026-10-08
pacogames,front_or_popular_page,42,Car Crash Test,https://www.pacogames.com/,,,,,,,,2026-10-08
pacogames,front_or_popular_page,43,Battle for the Galaxy,https://www.pacogames.com/,,,,,,,,2026-10-08
pacogames,front_or_popular_page,44,Moto X3M Bike Race Game,https://www.pacogames.com/,,,,,,,,2026-10-08
pacogames,front_or_popular_page,45,Toy Defense,https://www.pacogames.com/,,,,,,,,2026-10-08
pacogames,front_or_popular_page,46,Snail Bob,https://www.pacogames.com/,,,,,,,,2026-10-08
pacogames,front_or_popular_page,47,Grand Cyber City,https://www.pacogames.com/,,,,,,,,2026-10-08
pacogames,front_or_popular_page,48,Taming.io,https://www.pacogames.com/,,,,,,,,2026-10-08
pacogames,front_or_popular_page,49,Tiles of the Unexpected,https://www.pacogames.com/,,,,,,,,2026-10-08
pacogames,front_or_popular_page,50,Tom and Jerry Puzzle Escape,https://www.pacogames.com/,,,,,,,,2026-10-08
pacogames,front_or_popular_page,51,Douchebag Workout,https://www.pacogames.com/,,,,,,,,2026-10-08
pacogames,front_or_popular_page,52,Goodgame Empire,https://www.pacogames.com/,,,,,,,,2026-10-08
pacogames,front_or_popular_page,53,Mahjong Connect Classic,https://www.pacogames.com/,,,,,,,,2026-10-08
pacogames,front_or_popular_page,54,Fire City Truck Rescue Driving Simulator,https://www.pacogames.com/,,,,,,,,2026-10-08
pacogames,front_or_popular_page,55,Xtreme Drift 2 Online,https://www.pacogames.com/,,,,,,,,2026-10-08
pacogames,front_or_popular_page,56,Amazing Strange Rope Police - Vice Spider Vegas,https://www.pacogames.com/,,,,,,,,2026-10-08
pacogames,front_or_popular_page,57,SpaceTown,https://www.pacogames.com/,,,,,,,,2026-10-08
pacogames,front_or_popular_page,58,Short Life 2,https://www.pacogames.com/,,,,,,,,2026-10-08
pacogames,front_or_popular_page,59,Police Pursuit 2,https://www.pacogames.com/,,,,,,,,2026-10-08
pacogames,front_or_popular_page,60,Fireboy and Watergirl 4 Crystal Temple,https://www.pacogames.com/,,,,,,,,2026-10-08
pacogames,front_or_popular_page,61,Masked Shooters Assault,https://www.pacogames.com/,,,,,,,,2026-10-08
pacogames,front_or_popular_page,62,ZombsRoyale.io,https://www.pacogames.com/,,,,,,,,2026-10-08
pacogames,front_or_popular_page,63,Zombie Derby,https://www.pacogames.com/,,,,,,,,2026-10-08
pacogames,front_or_popular_page,64,Smarty Bubbles,https://www.pacogames.com/,,,,,,,,2026-10-08
pacogames,front_or_popular_page,65,Mahjong Cards,https://www.pacogames.com/,,,,,,,,2026-10-08
pacogames,front_or_popular_page,66,Lipuzz,https://www.pacogames.com/,,,,,,,,2026-10-08
pacogames,front_or_popular_page,67,Wheely 3,https://www.pacogames.com/,,,,,,,,2026-10-08
pacogames,front_or_popular_page,68,Big Farm,https://www.pacogames.com/,,,,,,,,2026-10-08
pacogames,front_or_popular_page,69,Mini Farm,https://www.pacogames.com/,,,,,,,,2026-10-08
pacogames,front_or_popular_page,70,Pixel Warfare,https://www.pacogames.com/,,,,,,,,2026-10-08
pacogames,front_or_popular_page,71,Pixel Warfare 5,https://www.pacogames.com/,,,,,,,,2026-10-08
pacogames,front_or_popular_page,72,City Rider 3D,https://www.pacogames.com/,,,,,,,,2026-10-08
pacogames,front_or_popular_page,73,Madalin Stunt Cars 2,https://www.pacogames.com/,,,,,,,,2026-10-08
pacogames,front_or_popular_page,74,Bullet Force Multiplayer,https://www.pacogames.com/,,,,,,,,2026-10-08
pacogames,front_or_popular_page,75,Free Flight Sim,https://www.pacogames.com/,,,,,,,,2026-10-08
pacogames,front_or_popular_page,76,The Farmer 3D,https://www.pacogames.com/,,,,,,,,2026-10-08
pacogames,front_or_popular_page,77,Cars Thief,https://www.pacogames.com/,,,,,,,,2026-10-08
pacogames,front_or_popular_page,78,Scrap Metal 3: Infernal Trap,https://www.pacogames.com/,,,,,,,,2026-10-08
pacogames,front_or_popular_page,79,Crossout,https://www.pacogames.com/,,,,,,,,2026-10-08
pacogames,front_or_popular_page,80,Pixel Warfare 4 WebGL,https://www.pacogames.com/,,,,,,,,2026-10-08
pacogames,front_or_popular_page,81,Evo-F,https://www.pacogames.com/,,,,,,,,2026-10-08
pacogames,front_or_popular_page,82,Scrap Metal 2,https://www.pacogames.com/,,,,,,,,2026-10-08
pacogames,front_or_popular_page,83,World Of Tanks,https://www.pacogames.com/,,,,,,,,2026-10-08
pacogames,front_or_popular_page,84,Offroader V5,https://www.pacogames.com/,,,,,,,,2026-10-08
pacogames,front_or_popular_page,85,War Of Soldiers,https://www.pacogames.com/,,,,,,,,2026-10-08
pacogames,front_or_popular_page,86,Grand Shift Auto,https://www.pacogames.com/,,,,,,,,2026-10-08
pacogames,front_or_popular_page,87,Army Force Strike,https://www.pacogames.com/,,,,,,,,2026-10-08
pacogames,front_or_popular_page,88,Scrap Metal,https://www.pacogames.com/,,,,,,,,2026-10-08
pacogames,front_or_popular_page,89,Scrap GL,https://www.pacogames.com/,,,,,,,,2026-10-08
pacogames,front_or_popular_page,90,CS Portable,https://www.pacogames.com/,,,,,,,,2026-10-08
pacogames,front_or_popular_page,91,City Rider,https://www.pacogames.com/,,,,,,,,2026-10-08
pacogames,front_or_popular_page,92,Adventure City,https://www.pacogames.com/,,,,,,,,2026-10-08
pacogames,front_or_popular_page,93,Ultimate SWAT,https://www.pacogames.com/,,,,,,,,2026-10-08
pacogames,front_or_popular_page,94,Pixel Gun: Apocalypse,https://www.pacogames.com/,,,,,,,,2026-10-08
pacogames,front_or_popular_page,95,Racing Games,https://www.pacogames.com/,,,,,,,,2026-10-08
pacogames,front_or_popular_page,96,Simulator Games,https://www.pacogames.com/,,,,,,,,2026-10-08
pacogames,front_or_popular_page,97,Battle Royale Games,https://www.pacogames.com/,,,,,,,,2026-10-08
pacogames,front_or_popular_page,98,Monster Truck Games,https://www.pacogames.com/,,,,,,,,2026-10-08
pacogames,front_or_popular_page,99,Scary Games,https://www.pacogames.com/,,,,,,,,2026-10-08
pacogames,front_or_popular_page,100,Tower Defense Games,https://www.pacogames.com/,,,,,,,,2026-10-08
pacogames,front_or_popular_page,101,Dress Up Games,https://www.pacogames.com/,,,,,,,,2026-10-08
pacogames,front_or_popular_page,102,Tank Games,https://www.pacogames.com/,,,,,,,,2026-10-08
pacogames,front_or_popular_page,103,Zombie Games,https://www.pacogames.com/,,,,,,,,2026-10-08
pacogames,front_or_popular_page,104,Army Games,https://www.pacogames.com/,,,,,,,,2026-10-08
pacogames,front_or_popular_page,105,Sniper Games,https://www.pacogames.com/,,,,,,,,2026-10-08
pacogames,front_or_popular_page,106,Survival Games,https://www.pacogames.com/,,,,,,,,2026-10-08
pacogames,front_or_popular_page,107,Gun Games,https://www.pacogames.com/,,,,,,,,2026-10-08
pacogames,front_or_popular_page,108,Killing Games,https://www.pacogames.com/,,,,,,,,2026-10-08
pacogames,front_or_popular_page,109,Barbie Games,https://www.pacogames.com/,,,,,,,,2026-10-08
pacogames,front_or_popular_page,110,Parking Games,https://www.pacogames.com/,,,,,,,,2026-10-08
pacogames,front_or_popular_page,111,Motorcycle Games,https://www.pacogames.com/,,,,,,,,2026-10-08
pacogames,front_or_popular_page,112,Gta Games,https://www.pacogames.com/,,,,,,,,2026-10-08
pacogames,front_or_popular_page,113,Makeover Games,https://www.pacogames.com/,,,,,,,,2026-10-08
pacogames,front_or_popular_page,114,FPS Games,https://www.pacogames.com/,,,,,,,,2026-10-08
pacogames,front_or_popular_page,115,Arcade Games,https://www.pacogames.com/,,,,,,,,2026-10-08
pacogames,front_or_popular_page,116,Games Like Minecraft,https://www.pacogames.com/,,,,,,,,2026-10-08
pacogames,front_or_popular_page,117,Ball Games,https://www.pacogames.com/,,,,,,,,2026-10-08
pacogames,front_or_popular_page,118,Animal Games,https://www.pacogames.com/,,,,,,,,2026-10-08
pacogames,front_or_popular_page,119,Adventure Games,https://www.pacogames.com/,,,,,,,,2026-10-08
pacogames,front_or_popular_page,120,Board Games,https://www.pacogames.com/,,,,,,,,2026-10-08
pacogames,front_or_popular_page,121,Cool Math Games,https://www.pacogames.com/,,,,,,,,2026-10-08
pacogames,front_or_popular_page,122,Upgrade Games,https://www.pacogames.com/,,,,,,,,2026-10-08
pacogames,front_or_popular_page,123,Business Games,https://www.pacogames.com/,,,,,,,,2026-10-08
pacogames,front_or_popular_page,124,Cooking Games,https://www.pacogames.com/,,,,,,,,2026-10-08
pacogames,front_or_popular_page,125,Card Games,https://www.pacogames.com/,,,,,,,,2026-10-08
pacogames,front_or_popular_page,126,Taxi Games,https://www.pacogames.com/,,,,,,,,2026-10-08
pacogames,front_or_popular_page,127,Boy Games,https://www.pacogames.com/,,,,,,,,2026-10-08
pacogames,front_or_popular_page,128,Robot Games,https://www.pacogames.com/,,,,,,,,2026-10-08
pacogames,front_or_popular_page,129,Truck Games,https://www.pacogames.com/,,,,,,,,2026-10-08
pacogames,front_or_popular_page,130,Skill Games,https://www.pacogames.com/,,,,,,,,2026-10-08
pacogames,front_or_popular_page,131,Police Chase Turn Based Game,https://www.pacogames.com/,,,,,,,,2026-10-08
pacogames,front_or_popular_page,132,Evo-F2,https://www.pacogames.com/,,,,,,,,2026-10-08
pacogames,front_or_popular_page,133,Scrap Metal 4,https://www.pacogames.com/,,,,,,,,2026-10-08
pacogames,front_or_popular_page,134,Derby Crash 2,https://www.pacogames.com/,,,,,,,,2026-10-08
pacogames,front_or_popular_page,135,3D Solitaire,https://www.pacogames.com/,,,,,,,,2026-10-08
pacogames,front_or_popular_page,136,"Solitaire - Play Klondike, Spider & FreeCell",https://www.pacogames.com/,,,,,,,,2026-10-08
pacogames,front_or_popular_page,137,4 Colors Multiplayer,https://www.pacogames.com/,,,,,,,,2026-10-08
pacogames,front_or_popular_page,138,4 Colors Classic,https://www.pacogames.com/,,,,,,,,2026-10-08
pacogames,front_or_popular_page,139,4 Colors Multiplayer: Monument Edition,https://www.pacogames.com/,,,,,,,,2026-10-08
pacogames,front_or_popular_page,140,Sports Heads Cards: Squad Swap,https://www.pacogames.com/,,,,,,,,2026-10-08
pacogames,front_or_popular_page,141,Uno,https://www.pacogames.com/,,,,,,,,2026-10-08
pacogames,front_or_popular_page,142,Vex 4,https://www.pacogames.com/,,,,,,,,2026-10-08
pacogames,front_or_popular_page,143,Crazy Moto Stunts,https://www.pacogames.com/,,,,,,,,2026-10-08
pacogames,front_or_popular_page,144,Burnin Rubber Crash N Burn,https://www.pacogames.com/,,,,,,,,2026-10-08
pacogames,front_or_popular_page,145,Dinosaurs Jurassic Survival World,https://www.pacogames.com/,,,,,,,,2026-10-08
pacogames,front_or_popular_page,146,Crazy Pixel Apocalypse 3,https://www.pacogames.com/,,,,,,,,2026-10-08
pacogames,front_or_popular_page,147,"Trust Me, I got this!",https://www.pacogames.com/,,,,,,,,2026-10-08
kizi,front_or_popular_page,1,Top Games,https://kizi.com/,,,,,,,,2026-10-08
kizi,front_or_popular_page,2,Favorite Games,https://kizi.com/,,,,,,,,2026-10-08
kizi,front_or_popular_page,3,PC Games,https://kizi.com/,,,,,,,,2026-10-08
kizi,front_or_popular_page,4,Puzzle,https://kizi.com/,,,,,,,,2026-10-08
kizi,front_or_popular_page,5,Girls,https://kizi.com/,,,,,,,,2026-10-08
kizi,front_or_popular_page,6,Action,https://kizi.com/,,,,,,,,2026-10-08
kizi,front_or_popular_page,7,Dress Up,https://kizi.com/,,,,,,,,2026-10-08
kizi,front_or_popular_page,8,2 Player,https://kizi.com/,,,,,,,,2026-10-08
kizi,front_or_popular_page,9,Gun,https://kizi.com/,,,,,,,,2026-10-08
kizi,front_or_popular_page,10,Airplane,https://kizi.com/,,,,,,,,2026-10-08
kizi,front_or_popular_page,11,Kids,https://kizi.com/,,,,,,,,2026-10-08
kizi,front_or_popular_page,12,Bob The Robber,https://kizi.com/,,,,,,,,2026-10-08
kizi,front_or_popular_page,13,Racing,https://kizi.com/,,,,,,,,2026-10-08
kizi,front_or_popular_page,14,Skill,https://kizi.com/,,,,,,,,2026-10-08
kizi,front_or_popular_page,15,Wheely,https://kizi.com/,,,,,,,,2026-10-08
kizi,front_or_popular_page,16,Snail Bob,https://kizi.com/,,,,,,,,2026-10-08
kizi,front_or_popular_page,17,Make Over,https://kizi.com/,,,,,,,,2026-10-08
kizi,front_or_popular_page,18,Car,https://kizi.com/,,,,,,,,2026-10-08
kizi,front_or_popular_page,19,Multiplayer,https://kizi.com/,,,,,,,,2026-10-08
kizi,front_or_popular_page,20,Parking,https://kizi.com/,,,,,,,,2026-10-08
kizi,front_or_popular_page,21,Dynamons,https://kizi.com/,,,,,,,,2026-10-08
kizi,front_or_popular_page,22,Fireboy and Watergirl,https://kizi.com/,,,,,,,,2026-10-08
kizi,front_or_popular_page,23,Bomb It,https://kizi.com/,,,,,,,,2026-10-08
kizi,front_or_popular_page,24,Adventure,https://kizi.com/,,,,,,,,2026-10-08
kizi,front_or_popular_page,25,Ball,https://kizi.com/,,,,,,,,2026-10-08
kizi,front_or_popular_page,26,Strategy,https://kizi.com/,,,,,,,,2026-10-08
kizi,front_or_popular_page,27,Shooting,https://kizi.com/,,,,,,,,2026-10-08
kizi,front_or_popular_page,28,Driving,https://kizi.com/,,,,,,,,2026-10-08
kizi,front_or_popular_page,29,Cooking,https://kizi.com/,,,,,,,,2026-10-08
kizi,front_or_popular_page,30,Bike,https://kizi.com/,,,,,,,,2026-10-08
kizi,front_or_popular_page,31,Food,https://kizi.com/,,,,,,,,2026-10-08
kizi,front_or_popular_page,32,Stickman,https://kizi.com/,,,,,,,,2026-10-08
kizi,front_or_popular_page,33,Moto X3M,https://kizi.com/,,,,,,,,2026-10-08
kizi,front_or_popular_page,34,3 Pandas,https://kizi.com/,,,,,,,,2026-10-08
kizi,front_or_popular_page,35,Fighting,https://kizi.com/,,,,,,,,2026-10-08
kizi,front_or_popular_page,36,Kizi The Alien,https://kizi.com/,,,,,,,,2026-10-08
kizi,front_or_popular_page,37,Motorcycle,https://kizi.com/,,,,,,,,2026-10-08
kizi,front_or_popular_page,38,Management,https://kizi.com/,,,,,,,,2026-10-08
kizi,front_or_popular_page,39,Papa Louie,https://kizi.com/,,,,,,,,2026-10-08
kizi,front_or_popular_page,40,Animal,https://kizi.com/,,,,,,,,2026-10-08
kizi,front_or_popular_page,41,Simulation,https://kizi.com/,,,,,,,,2026-10-08
kizi,front_or_popular_page,42,Running,https://kizi.com/,,,,,,,,2026-10-08
kizi,front_or_popular_page,43,Tower Defense,https://kizi.com/,,,,,,,,2026-10-08
kizi,front_or_popular_page,44,Football,https://kizi.com/,,,,,,,,2026-10-08
kizi,front_or_popular_page,45,Sports,https://kizi.com/,,,,,,,,2026-10-08
kizi,front_or_popular_page,46,Barbie,https://kizi.com/,,,,,,,,2026-10-08
kizi,front_or_popular_page,47,Skateboard,https://kizi.com/,,,,,,,,2026-10-08
kizi,front_or_popular_page,48,Zombie,https://kizi.com/,,,,,,,,2026-10-08
kizi,front_or_popular_page,49,Money Movers,https://kizi.com/,,,,,,,,2026-10-08
kizi,front_or_popular_page,50,Truck,https://kizi.com/,,,,,,,,2026-10-08
kizi,front_or_popular_page,51,Halloween,https://kizi.com/,,,,,,,,2026-10-08
kizi,front_or_popular_page,52,Bubble Shooter,https://kizi.com/,,,,,,,,2026-10-08
kizi,front_or_popular_page,53,War,https://kizi.com/,,,,,,,,2026-10-08
kizi,front_or_popular_page,54,Coloring,https://kizi.com/,,,,,,,,2026-10-08
kizi,front_or_popular_page,55,Fishing,https://kizi.com/,,,,,,,,2026-10-08
kizi,front_or_popular_page,56,Christmas,https://kizi.com/,,,,,,,,2026-10-08
kizi,front_or_popular_page,57,Cat,https://kizi.com/,,,,,,,,2026-10-08
kizi,front_or_popular_page,58,Mahjong,https://kizi.com/,,,,,,,,2026-10-08
kizi,front_or_popular_page,59,Alien,https://kizi.com/,,,,,,,,2026-10-08
kizi,front_or_popular_page,60,Shark,https://kizi.com/,,,,,,,,2026-10-08
kizi,front_or_popular_page,61,Dinosaur,https://kizi.com/,,,,,,,,2026-10-08
kizi,front_or_popular_page,62,Baby,https://kizi.com/,,,,,,,,2026-10-08
kizi,front_or_popular_page,63,Princess Juliet,https://kizi.com/,,,,,,,,2026-10-08
kizi,front_or_popular_page,64,Monster,https://kizi.com/,,,,,,,,2026-10-08
kizi,front_or_popular_page,65,Horror,https://kizi.com/,,,,,,,,2026-10-08
kizi,front_or_popular_page,66,Basketball,https://kizi.com/,,,,,,,,2026-10-08
kizi,front_or_popular_page,67,Building,https://kizi.com/,,,,,,,,2026-10-08
kizi,front_or_popular_page,68,Love Test,https://kizi.com/,,,,,,,,2026-10-08
kizi,front_or_popular_page,69,Hunting,https://kizi.com/,,,,,,,,2026-10-08
kizi,front_or_popular_page,70,Sniper,https://kizi.com/,,,,,,,,2026-10-08
kizi,front_or_popular_page,71,Dirt Bike,https://kizi.com/,,,,,,,,2026-10-08
kizi,front_or_popular_page,72,Word,https://kizi.com/,,,,,,,,2026-10-08
kizi,front_or_popular_page,73,Card,https://kizi.com/,,,,,,,,2026-10-08
kizi,front_or_popular_page,74,Army,https://kizi.com/,,,,,,,,2026-10-08
kizi,front_or_popular_page,75,Math,https://kizi.com/,,,,,,,,2026-10-08
kizi,front_or_popular_page,76,Ninja,https://kizi.com/,,,,,,,,2026-10-08
kizi,front_or_popular_page,77,Board,https://kizi.com/,,,,,,,,2026-10-08
kizi,front_or_popular_page,78,Golf,https://kizi.com/,,,,,,,,2026-10-08
kizi,front_or_popular_page,79,Dog,https://kizi.com/,,,,,,,,2026-10-08
kizi,front_or_popular_page,80,Hidden Object,https://kizi.com/,,,,,,,,2026-10-08
kizi,front_or_popular_page,81,Scary,https://kizi.com/,,,,,,,,2026-10-08
kizi,front_or_popular_page,82,Snake,https://kizi.com/,,,,,,,,2026-10-08
kizi,front_or_popular_page,83,Boxing,https://kizi.com/,,,,,,,,2026-10-08
kizi,front_or_popular_page,84,Bejeweled,https://kizi.com/,,,,,,,,2026-10-08
kizi,front_or_popular_page,85,Bowling,https://kizi.com/,,,,,,,,2026-10-08
kizi,front_or_popular_page,86,American Football,https://kizi.com/,,,,,,,,2026-10-08
kizi,front_or_popular_page,87,Papa,https://kizi.com/,,,,,,,,2026-10-08
kizi,front_or_popular_page,88,Horse,https://kizi.com/,,,,,,,,2026-10-08
kizi,front_or_popular_page,89,Drawing,https://kizi.com/,,,,,,,,2026-10-08
kizi,front_or_popular_page,90,Social,https://kizi.com/,,,,,,,,2026-10-08
kizi,front_or_popular_page,91,Monster Truck,https://kizi.com/,,,,,,,,2026-10-08
kizi,front_or_popular_page,92,Typing,https://kizi.com/,,,,,,,,2026-10-08
kizi,front_or_popular_page,93,Solitaire,https://kizi.com/,,,,,,,,2026-10-08
kizi,front_or_popular_page,94,Baseball,https://kizi.com/,,,,,,,,2026-10-08
kizi,front_or_popular_page,95,Duck Life,https://kizi.com/,,,,,,,,2026-10-08
kizi,front_or_popular_page,96,Pool,https://kizi.com/,,,,,,,,2026-10-08
kizi,front_or_popular_page,97,Police,https://kizi.com/,,,,,,,,2026-10-08
kizi,front_or_popular_page,98,Fancy Pants,https://kizi.com/,,,,,,,,2026-10-08
kizi,front_or_popular_page,99,Strikeforce Kitty,https://kizi.com/,,,,,,,,2026-10-08
kizi,front_or_popular_page,100,Dragon,https://kizi.com/,,,,,,,,2026-10-08
kizi,front_or_popular_page,101,Search,https://kizi.com/,,,,,,,,2026-10-08
kizi,front_or_popular_page,102,Login / Signup,https://kizi.com/,,,,,,,,2026-10-08
kizi,front_or_popular_page,103,Flip Duel,https://kizi.com/,,,,,,,,2026-10-08
kizi,front_or_popular_page,104,Fireboy and Watergirl 7: and Friends,https://kizi.com/,,,,,,,,2026-10-08
kizi,front_or_popular_page,105,Train Station 2,https://kizi.com/,,,,,,,,2026-10-08
kizi,front_or_popular_page,106,Source of Flip Duel Game Image,https://kizi.com/,,,,,,,,2026-10-08
kizi,front_or_popular_page,107,Source of Fireboy and Watergirl 7: and Friends Game Image,https://kizi.com/,,,,,,,,2026-10-08
kizi,front_or_popular_page,108,Source of Train Station 2 Game Image,https://kizi.com/,,,,,,,,2026-10-08
kizi,front_or_popular_page,109,Money Movers 1,https://kizi.com/,,,,,,,,2026-10-08
kizi,front_or_popular_page,110,Fireboy and Watergirl 2 - The Light Temple,https://kizi.com/,,,,,,,,2026-10-08
kizi,front_or_popular_page,111,Money Movers 3,https://kizi.com/,,,,,,,,2026-10-08
kizi,front_or_popular_page,112,Fireboy and Watergirl 3 - The Ice Temple,https://kizi.com/,,,,,,,,2026-10-08
kizi,front_or_popular_page,113,Adam & Eve 7,https://kizi.com/,,,,,,,,2026-10-08
kizi,front_or_popular_page,114,Money Movers 2,https://kizi.com/,,,,,,,,2026-10-08
kizi,front_or_popular_page,115,460 Plays,https://kizi.com/,,,,,,,,2026-10-08
kizi,front_or_popular_page,116,Cursed Gift,https://kizi.com/,,,,,,,,2026-10-08
kizi,front_or_popular_page,117,289 Plays,https://kizi.com/,,,,,,,,2026-10-08
kizi,front_or_popular_page,118,478 Plays,https://kizi.com/,,,,,,,,2026-10-08
kizi,front_or_popular_page,119,K-Pop Halloween Dress Up,https://kizi.com/,,,,,,,,2026-10-08
kizi,front_or_popular_page,120,416 Plays,https://kizi.com/,,,,,,,,2026-10-08
kizi,front_or_popular_page,121,Farm Blast 2,https://kizi.com/,,,,,,,,2026-10-08
kizi,front_or_popular_page,122,434 Plays,https://kizi.com/,,,,,,,,2026-10-08
kizi,front_or_popular_page,123,ZipZap,https://kizi.com/,,,,,,,,2026-10-08
kizi,front_or_popular_page,124,602 Plays,https://kizi.com/,,,,,,,,2026-10-08
kizi,front_or_popular_page,125,Heist Crew,https://kizi.com/,,,,,,,,2026-10-08
kizi,front_or_popular_page,126,738 Plays,https://kizi.com/,,,,,,,,2026-10-08
kizi,front_or_popular_page,127,Ninja Platformer Rage,https://kizi.com/,,,,,,,,2026-10-08
kizi,front_or_popular_page,128,390 Plays,https://kizi.com/,,,,,,,,2026-10-08
kizi,front_or_popular_page,129,Jewels Blitz 7,https://kizi.com/,,,,,,,,2026-10-08
kizi,front_or_popular_page,130,1549 Plays,https://kizi.com/,,,,,,,,2026-10-08
kizi,front_or_popular_page,131,Movie Night Glam Dress Up,https://kizi.com/,,,,,,,,2026-10-08
kizi,front_or_popular_page,132,913 Plays,https://kizi.com/,,,,,,,,2026-10-08
kizi,front_or_popular_page,133,Spooky Block Blast,https://kizi.com/,,,,,,,,2026-10-08
kizi,front_or_popular_page,134,960 Plays,https://kizi.com/,,,,,,,,2026-10-08
kizi,front_or_popular_page,135,Bubble Shooter Fruits,https://kizi.com/,,,,,,,,2026-10-08
kizi,front_or_popular_page,136,530 Plays,https://kizi.com/,,,,,,,,2026-10-08
kizi,front_or_popular_page,137,Farm Triple Match 2,https://kizi.com/,,,,,,,,2026-10-08
kizi,front_or_popular_page,138,1358 Plays,https://kizi.com/,,,,,,,,2026-10-08
kizi,front_or_popular_page,139,Sea Survivor,https://kizi.com/,,,,,,,,2026-10-08
kizi,front_or_popular_page,140,727 Plays,https://kizi.com/,,,,,,,,2026-10-08
kizi,front_or_popular_page,141,Pharaoh Runner: Ancient Escape,https://kizi.com/,,,,,,,,2026-10-08
kizi,front_or_popular_page,142,1366 Plays,https://kizi.com/,,,,,,,,2026-10-08
kizi,front_or_popular_page,143,Galaxy Tank Battle,https://kizi.com/,,,,,,,,2026-10-08
kizi,front_or_popular_page,144,2241 Plays,https://kizi.com/,,,,,,,,2026-10-08
kizi,front_or_popular_page,145,Vex 10,https://kizi.com/,,,,,,,,2026-10-08
kizi,front_or_popular_page,146,826 Plays,https://kizi.com/,,,,,,,,2026-10-08
kizi,front_or_popular_page,147,Lumen Ruin Runner,https://kizi.com/,,,,,,,,2026-10-08
kizi,front_or_popular_page,148,987 Plays,https://kizi.com/,,,,,,,,2026-10-08
kizi,front_or_popular_page,149,Scraps!,https://kizi.com/,,,,,,,,2026-10-08
kizi,front_or_popular_page,150,2119 Plays,https://kizi.com/,,,,,,,,2026-10-08
kizi,front_or_popular_page,151,Void Tapper Clicker,https://kizi.com/,,,,,,,,2026-10-08
kizi,front_or_popular_page,152,1517 Plays,https://kizi.com/,,,,,,,,2026-10-08
kizi,front_or_popular_page,153,Supermarket Management Simulator,https://kizi.com/,,,,,,,,2026-10-08
kizi,front_or_popular_page,154,1935 Plays,https://kizi.com/,,,,,,,,2026-10-08
kizi,front_or_popular_page,155,Hotpot Loop Sort,https://kizi.com/,,,,,,,,2026-10-08
kizi,front_or_popular_page,156,2151 Plays,https://kizi.com/,,,,,,,,2026-10-08
kizi,front_or_popular_page,157,Chainline,https://kizi.com/,,,,,,,,2026-10-08
kizi,front_or_popular_page,158,2792 Plays,https://kizi.com/,,,,,,,,2026-10-08
kizi,front_or_popular_page,159,Needle in a Haystack,https://kizi.com/,,,,,,,,2026-10-08
kizi,front_or_popular_page,160,1826 Plays,https://kizi.com/,,,,,,,,2026-10-08
kizi,front_or_popular_page,161,Goose Rescue: Screw Sort,https://kizi.com/,,,,,,,,2026-10-08
kizi,front_or_popular_page,162,3698 Plays,https://kizi.com/,,,,,,,,2026-10-08
kizi,front_or_popular_page,163,3D Supermarket Tycoon,https://kizi.com/,,,,,,,,2026-10-08
kizi,front_or_popular_page,164,1205 Plays,https://kizi.com/,,,,,,,,2026-10-08
kizi,front_or_popular_page,165,Bubble Rush 2,https://kizi.com/,,,,,,,,2026-10-08
kizi,front_or_popular_page,166,2805 Plays,https://kizi.com/,,,,,,,,2026-10-08
kizi,front_or_popular_page,167,Landing Hero,https://kizi.com/,,,,,,,,2026-10-08
kizi,front_or_popular_page,168,3785 Plays,https://kizi.com/,,,,,,,,2026-10-08
kizi,front_or_popular_page,169,Bestie Sleepover Party,https://kizi.com/,,,,,,,,2026-10-08
kizi,front_or_popular_page,170,1778 Plays,https://kizi.com/,,,,,,,,2026-10-08
kizi,front_or_popular_page,171,Coloring: Mosaic By Symbols,https://kizi.com/,,,,,,,,2026-10-08
kizi,front_or_popular_page,172,3659 Plays,https://kizi.com/,,,,,,,,2026-10-08
kizi,front_or_popular_page,173,Sweep Maze,https://kizi.com/,,,,,,,,2026-10-08
kizi,front_or_popular_page,174,1661 Plays,https://kizi.com/,,,,,,,,2026-10-08
kizi,front_or_popular_page,175,Save My Human,https://kizi.com/,,,,,,,,2026-10-08
kizi,front_or_popular_page,176,1145 Plays,https://kizi.com/,,,,,,,,2026-10-08
kizi,front_or_popular_page,177,Solitaire Witch,https://kizi.com/,,,,,,,,2026-10-08
kizi,front_or_popular_page,178,1770 Plays,https://kizi.com/,,,,,,,,2026-10-08
kizi,front_or_popular_page,179,Stack Bounce 3D,https://kizi.com/,,,,,,,,2026-10-08
kizi,front_or_popular_page,180,1384 Plays,https://kizi.com/,,,,,,,,2026-10-08
kizi,front_or_popular_page,181,Ram Rush,https://kizi.com/,,,,,,,,2026-10-08
kizi,front_or_popular_page,182,3179 Plays,https://kizi.com/,,,,,,,,2026-10-08
kizi,front_or_popular_page,183,Acox,https://kizi.com/,,,,,,,,2026-10-08
kizi,front_or_popular_page,184,3501 Plays,https://kizi.com/,,,,,,,,2026-10-08
kizi,front_or_popular_page,185,Autumn Onet Connect,https://kizi.com/,,,,,,,,2026-10-08
kizi,front_or_popular_page,186,1823 Plays,https://kizi.com/,,,,,,,,2026-10-08
kizi,front_or_popular_page,187,Bug Barrow Wars,https://kizi.com/,,,,,,,,2026-10-08
kizi,front_or_popular_page,188,4534 Plays,https://kizi.com/,,,,,,,,2026-10-08
kizi,front_or_popular_page,189,Yarn Art Loop,https://kizi.com/,,,,,,,,2026-10-08
kizi,front_or_popular_page,190,3717 Plays,https://kizi.com/,,,,,,,,2026-10-08
kizi,front_or_popular_page,191,Shadows of the Forest: Reign of Triduja,https://kizi.com/,,,,,,,,2026-10-08
kizi,front_or_popular_page,192,4134 Plays,https://kizi.com/,,,,,,,,2026-10-08
kizi,front_or_popular_page,193,Barbee Fashion Influencer,https://kizi.com/,,,,,,,,2026-10-08
kizi,front_or_popular_page,194,1728 Plays,https://kizi.com/,,,,,,,,2026-10-08
kizi,front_or_popular_page,195,Cannon Smash Fest,https://kizi.com/,,,,,,,,2026-10-08
kizi,front_or_popular_page,196,3008 Plays,https://kizi.com/,,,,,,,,2026-10-08
kizi,front_or_popular_page,197,Stickman Warrior Superhero Fight,https://kizi.com/,,,,,,,,2026-10-08
kizi,front_or_popular_page,198,1872 Plays,https://kizi.com/,,,,,,,,2026-10-08
kizi,front_or_popular_page,199,Ocean Bubble Sort,https://kizi.com/,,,,,,,,2026-10-08
kizi,front_or_popular_page,200,1313 Plays,https://kizi.com/,,,,,,,,2026-10-08
kizi,front_or_popular_page,201,Hexa Associations,https://kizi.com/,,,,,,,,2026-10-08
kizi,front_or_popular_page,202,Fireboy and Watergirl 1 - The Forest Temple,https://kizi.com/,,,,,,,,2026-10-08
kizi,front_or_popular_page,203,Fireboy and Watergirl 4 - The Crystal Temple,https://kizi.com/,,,,,,,,2026-10-08
kizi,front_or_popular_page,204,Bob the Robber 2,https://kizi.com/,,,,,,,,2026-10-08
kizi,front_or_popular_page,205,Moto X3M 1,https://kizi.com/,,,,,,,,2026-10-08
kizi,front_or_popular_page,206,Bob The Robber 1,https://kizi.com/,,,,,,,,2026-10-08
kizi,front_or_popular_page,207,Kizi,https://kizi.com/,,,,,,,,2026-10-08
kizi,front_or_popular_page,208,Fireboy & Watergirl,https://kizi.com/,,,,,,,,2026-10-08
kizi,front_or_popular_page,209,284479 Plays,https://kizi.com/,,,,,,,,2026-10-08
kizi,front_or_popular_page,210,Star Stable,https://kizi.com/,,,,,,,,2026-10-08
kizi,front_or_popular_page,211,194180 Plays,https://kizi.com/,,,,,,,,2026-10-08
kizi,front_or_popular_page,212,Puzzle Blocks Classic,https://kizi.com/,,,,,,,,2026-10-08
kizi,front_or_popular_page,213,181558 Plays,https://kizi.com/,,,,,,,,2026-10-08
kizi,front_or_popular_page,214,Bubble Shooter Billiard Pool,https://kizi.com/,,,,,,,,2026-10-08
kizi,front_or_popular_page,215,83420 Plays,https://kizi.com/,,,,,,,,2026-10-08
kizi,front_or_popular_page,216,Kings and Queens Match 2,https://kizi.com/,,,,,,,,2026-10-08
kizi,front_or_popular_page,217,130340 Plays,https://kizi.com/,,,,,,,,2026-10-08
kizi,front_or_popular_page,218,Wonders of Egypt Match,https://kizi.com/,,,,,,,,2026-10-08
kizi,front_or_popular_page,219,66642 Plays,https://kizi.com/,,,,,,,,2026-10-08
kizi,front_or_popular_page,220,Wild West Match 2: The Gold Rush,https://kizi.com/,,,,,,,,2026-10-08
kizi,front_or_popular_page,221,273345 Plays,https://kizi.com/,,,,,,,,2026-10-08
kizi,front_or_popular_page,222,Mustang City Driver,https://kizi.com/,,,,,,,,2026-10-08
kizi,front_or_popular_page,223,177767 Plays,https://kizi.com/,,,,,,,,2026-10-08
kizi,front_or_popular_page,224,Citymix Solitaire,https://kizi.com/,,,,,,,,2026-10-08
kizi,front_or_popular_page,225,587682 Plays,https://kizi.com/,,,,,,,,2026-10-08
kizi,front_or_popular_page,226,Machine City Balls,https://kizi.com/,,,,,,,,2026-10-08
kizi,front_or_popular_page,227,828705 Plays,https://kizi.com/,,,,,,,,2026-10-08
kizi,front_or_popular_page,228,DOP Stickman Jailbreak,https://kizi.com/,,,,,,,,2026-10-08
kizi,front_or_popular_page,229,445895 Plays,https://kizi.com/,,,,,,,,2026-10-08
kizi,front_or_popular_page,230,Dynamons 5,https://kizi.com/,,,,,,,,2026-10-08
kizi,front_or_popular_page,231,625787 Plays,https://kizi.com/,,,,,,,,2026-10-08
kizi,front_or_popular_page,232,Save the Baby: Home Rush,https://kizi.com/,,,,,,,,2026-10-08
kizi,front_or_popular_page,233,382807 Plays,https://kizi.com/,,,,,,,,2026-10-08
kizi,front_or_popular_page,234,Skibidi Laboratory,https://kizi.com/,,,,,,,,2026-10-08
kizi,front_or_popular_page,235,606178 Plays,https://kizi.com/,,,,,,,,2026-10-08
kizi,front_or_popular_page,236,Park Me,https://kizi.com/,,,,,,,,2026-10-08
kizi,front_or_popular_page,237,707077 Plays,https://kizi.com/,,,,,,,,2026-10-08
kizi,front_or_popular_page,238,Protect My Dog,https://kizi.com/,,,,,,,,2026-10-08
kizi,front_or_popular_page,239,352726 Plays,https://kizi.com/,,,,,,,,2026-10-08
kizi,front_or_popular_page,240,State.io - Conquer the World,https://kizi.com/,,,,,,,,2026-10-08
kizi,front_or_popular_page,241,207653 Plays,https://kizi.com/,,,,,,,,2026-10-08
kizi,front_or_popular_page,242,Om Nom Bounce,https://kizi.com/,,,,,,,,2026-10-08
kizi,front_or_popular_page,243,1398222 Plays,https://kizi.com/,,,,,,,,2026-10-08
kizi,front_or_popular_page,244,Traffic Jam 3D,https://kizi.com/,,,,,,,,2026-10-08
kizi,front_or_popular_page,245,125155 Plays,https://kizi.com/,,,,,,,,2026-10-08
kizi,front_or_popular_page,246,Jewels Blitz 3,https://kizi.com/,,,,,,,,2026-10-08
kizi,front_or_popular_page,247,1460871 Plays,https://kizi.com/,,,,,,,,2026-10-08
kizi,front_or_popular_page,248,Going Balls,https://kizi.com/,,,,,,,,2026-10-08
kizi,front_or_popular_page,249,1085118 Plays,https://kizi.com/,,,,,,,,2026-10-08
kizi,front_or_popular_page,250,Goodgame Big Farm,https://kizi.com/,,,,,,,,2026-10-08
kizi,front_or_popular_page,251,2150949 Plays,https://kizi.com/,,,,,,,,2026-10-08
kizi,front_or_popular_page,252,My Dolphin Show,https://kizi.com/,,,,,,,,2026-10-08
kizi,front_or_popular_page,253,18926006 Plays,https://kizi.com/,,,,,,,,2026-10-08
kizi,front_or_popular_page,254,8922459 Plays,https://kizi.com/,,,,,,,,2026-10-08
kizi,front_or_popular_page,255,3210184 Plays,https://kizi.com/,,,,,,,,2026-10-08
kizi,front_or_popular_page,256,Snail Bob 1: Finding Home,https://kizi.com/,,,,,,,,2026-10-08
kizi,front_or_popular_page,257,8788816 Plays,https://kizi.com/,,,,,,,,2026-10-08
kizi,front_or_popular_page,258,Vex 4,https://kizi.com/,,,,,,,,2026-10-08
kizi,front_or_popular_page,259,5583353 Plays,https://kizi.com/,,,,,,,,2026-10-08
kizi,front_or_popular_page,260,11253524 Plays,https://kizi.com/,,,,,,,,2026-10-08
kizi,front_or_popular_page,261,358658 Plays,https://kizi.com/,,,,,,,,2026-10-08
kizi,front_or_popular_page,262,Real Flight Simulator 3D,https://kizi.com/,,,,,,,,2026-10-08
kizi,front_or_popular_page,263,4577888 Plays,https://kizi.com/,,,,,,,,2026-10-08
kizi,front_or_popular_page,264,Hole.io,https://kizi.com/,,,,,,,,2026-10-08
kizi,front_or_popular_page,265,30449 Plays,https://kizi.com/,,,,,,,,2026-10-08
kizi,front_or_popular_page,266,Bubble Shooter Candy Wheel Level Pack,https://kizi.com/,,,,,,,,2026-10-08
kizi,front_or_popular_page,267,4156590 Plays,https://kizi.com/,,,,,,,,2026-10-08
kizi,front_or_popular_page,268,Motorbike Simulator,https://kizi.com/,,,,,,,,2026-10-08
kizi,front_or_popular_page,269,75766 Plays,https://kizi.com/,,,,,,,,2026-10-08
kizi,front_or_popular_page,270,6211497 Plays,https://kizi.com/,,,,,,,,2026-10-08
kizi,front_or_popular_page,271,20892 Plays,https://kizi.com/,,,,,,,,2026-10-08
kizi,front_or_popular_page,272,Summer Triple Mahjong,https://kizi.com/,,,,,,,,2026-10-08
kizi,front_or_popular_page,273,8669011 Plays,https://kizi.com/,,,,,,,,2026-10-08
kizi,front_or_popular_page,274,PAPER.IO 2,https://kizi.com/,,,,,,,,2026-10-08
kizi,front_or_popular_page,275,431676 Plays,https://kizi.com/,,,,,,,,2026-10-08
kizi,front_or_popular_page,276,ArmedForces.io,https://kizi.com/,,,,,,,,2026-10-08
kizi,front_or_popular_page,277,463229 Plays,https://kizi.com/,,,,,,,,2026-10-08
kizi,front_or_popular_page,278,Smash Hit,https://kizi.com/,,,,,,,,2026-10-08
kizi,front_or_popular_page,279,100916 Plays,https://kizi.com/,,,,,,,,2026-10-08
kizi,front_or_popular_page,280,Contract Deer Hunter,https://kizi.com/,,,,,,,,2026-10-08
kizi,front_or_popular_page,281,3136137 Plays,https://kizi.com/,,,,,,,,2026-10-08
kizi,front_or_popular_page,282,81358 Plays,https://kizi.com/,,,,,,,,2026-10-08
kizi,front_or_popular_page,283,ASMR Girl Livestream Mukbang,https://kizi.com/,,,,,,,,2026-10-08
kizi,front_or_popular_page,284,2694361 Plays,https://kizi.com/,,,,,,,,2026-10-08
kizi,front_or_popular_page,285,Bob the Robber 3,https://kizi.com/,,,,,,,,2026-10-08
kizi,front_or_popular_page,286,1820484 Plays,https://kizi.com/,,,,,,,,2026-10-08
kizi,front_or_popular_page,287,Bob The Robber 4,https://kizi.com/,,,,,,,,2026-10-08
kizi,front_or_popular_page,288,2269194 Plays,https://kizi.com/,,,,,,,,2026-10-08
kizi,front_or_popular_page,289,Bomb It 6,https://kizi.com/,,,,,,,,2026-10-08
kizi,front_or_popular_page,290,1694983 Plays,https://kizi.com/,,,,,,,,2026-10-08
kizi,front_or_popular_page,291,PUBG Pixel,https://kizi.com/,,,,,,,,2026-10-08
kizi,front_or_popular_page,292,24412 Plays,https://kizi.com/,,,,,,,,2026-10-08
kizi,front_or_popular_page,293,Supermarket Sort N Match,https://kizi.com/,,,,,,,,2026-10-08
kizi,front_or_popular_page,294,1794583 Plays,https://kizi.com/,,,,,,,,2026-10-08
kizi,front_or_popular_page,295,Wheely 2,https://kizi.com/,,,,,,,,2026-10-08
kizi,front_or_popular_page,296,388628 Plays,https://kizi.com/,,,,,,,,2026-10-08
kizi,front_or_popular_page,297,DIY Makeup Salon - Spa Makeover Studio,https://kizi.com/,,,,,,,,2026-10-08
kizi,front_or_popular_page,298,3370785 Plays,https://kizi.com/,,,,,,,,2026-10-08
kizi,front_or_popular_page,299,4947734 Plays,https://kizi.com/,,,,,,,,2026-10-08
kizi,front_or_popular_page,300,Dynamons World,https://kizi.com/,,,,,,,,2026-10-08
kizi,front_or_popular_page,301,929511 Plays,https://kizi.com/,,,,,,,,2026-10-08
kizi,front_or_popular_page,302,Super Stacker 2,https://kizi.com/,,,,,,,,2026-10-08
kizi,front_or_popular_page,303,10025518 Plays,https://kizi.com/,,,,,,,,2026-10-08
kizi,front_or_popular_page,304,Fireboy and Watergirl 5: Elements,https://kizi.com/,,,,,,,,2026-10-08
kizi,front_or_popular_page,305,898674 Plays,https://kizi.com/,,,,,,,,2026-10-08
kizi,front_or_popular_page,306,Bomb It 7,https://kizi.com/,,,,,,,,2026-10-08
kizi,front_or_popular_page,307,527281 Plays,https://kizi.com/,,,,,,,,2026-10-08
kizi,front_or_popular_page,308,Boeing Flight Simulator 3D,https://kizi.com/,,,,,,,,2026-10-08
kizi,front_or_popular_page,309,3142450 Plays,https://kizi.com/,,,,,,,,2026-10-08
kizi,front_or_popular_page,310,Impostor,https://kizi.com/,,,,,,,,2026-10-08
kizi,front_or_popular_page,311,2053474 Plays,https://kizi.com/,,,,,,,,2026-10-08
kizi,front_or_popular_page,312,Penguin Diner,https://kizi.com/,,,,,,,,2026-10-08
kizi,front_or_popular_page,313,4820956 Plays,https://kizi.com/,,,,,,,,2026-10-08
kizi,front_or_popular_page,314,10495 Plays,https://kizi.com/,,,,,,,,2026-10-08
kizi,front_or_popular_page,315,Halloween Tiles Mahjong,https://kizi.com/,,,,,,,,2026-10-08
kizi,front_or_popular_page,316,Next,https://kizi.com/,,,,,,,,2026-10-08
kizi,front_or_popular_page,317,Last Page,https://kizi.com/,,,,,,,,2026-10-08
kizi,front_or_popular_page,318,Follow Us On Instagram,https://kizi.com/,,,,,,,,2026-10-08
kizi,front_or_popular_page,319,kizi Notification,https://kizi.com/,,,,,,,,2026-10-08
